# Blender 4.2.9 LTS
# www.blender.org
o subject
v 0.184335 0.435629 0.263131
v 0.178754 0.438115 0.269803
v 0.179213 0.426072 0.264305
v 0.190637 0.432874 0.255361
v 0.187518 0.446018 0.262373
v 0.181543 0.447311 0.269138
v 0.174239 0.429675 0.270835
v 0.184846 0.422073 0.256685
v 0.194249 0.444594 0.254506
v -0.184335 0.435629 0.263131
v -0.179213 0.426072 0.264305
v -0.178754 0.438115 0.269803
v -0.187518 0.446018 0.262373
v -0.190637 0.432874 0.255361
v -0.184846 0.422073 0.256685
v -0.174239 0.429675 0.270835
v -0.181543 0.447311 0.269138
v -0.194249 0.444594 0.254506
v 0.208333 0.425765 0.227649
v 0.202884 0.427829 0.237426
v 0.200785 0.411724 0.229268
v 0.213513 0.423884 0.217549
v 0.213043 0.440999 0.226625
v 0.207275 0.442025 0.236435
v 0.195854 0.414734 0.238981
v 0.205486 0.408977 0.219211
v 0.218513 0.440076 0.216505
v -0.208333 0.425765 0.227649
v -0.200785 0.411724 0.229268
v -0.202884 0.427829 0.237426
v -0.213043 0.440999 0.226625
v -0.213513 0.423884 0.217549
v -0.205486 0.408977 0.219211
v -0.195854 0.414734 0.238981
v -0.207275 0.442025 0.236435
v -0.218513 0.440076 0.216505
v 0.163748 0.381934 0.236917
v 0.161456 0.386932 0.246196
v 0.148224 0.377249 0.239958
v 0.165949 0.377386 0.227227
v 0.178081 0.389409 0.234015
v 0.174755 0.393910 0.243475
v 0.147063 0.382558 0.249037
v 0.149345 0.372421 0.230449
v 0.181268 0.385310 0.224165
v -0.163748 0.381934 0.236917
v -0.148224 0.377249 0.239958
v -0.161456 0.386932 0.246196
v -0.178081 0.389409 0.234015
v -0.165949 0.377386 0.227227
v -0.149345 0.372421 0.230449
v -0.147063 0.382558 0.249037
v -0.174755 0.393910 0.243475
v -0.181268 0.385310 0.224165
v 0.153882 0.405865 0.269620
v 0.151655 0.411876 0.275537
v 0.143279 0.402699 0.271704
v 0.156423 0.399179 0.262697
v 0.163698 0.410924 0.267630
v 0.160433 0.416328 0.273771
v 0.142178 0.409092 0.277394
v 0.144540 0.395584 0.265045
v 0.167417 0.404918 0.260446
v -0.153882 0.405865 0.269620
v -0.143279 0.402699 0.271704
v -0.151655 0.411876 0.275537
v -0.163698 0.410924 0.267630
v -0.156423 0.399179 0.262697
v -0.144540 0.395584 0.265045
v -0.142178 0.409092 0.277394
v -0.160433 0.416328 0.273771
v -0.167417 0.404918 0.260446
v 0.111071 0.405865 0.277577
v 0.113580 0.411876 0.282706
v 0.101505 0.410924 0.279103
v 0.108247 0.399179 0.271575
v 0.121469 0.402699 0.275775
v 0.122776 0.409092 0.281064
v 0.105140 0.416328 0.284102
v 0.097411 0.404918 0.273255
v 0.120001 0.395584 0.269585
v -0.111071 0.405865 0.277577
v -0.101505 0.410924 0.279103
v -0.113580 0.411876 0.282706
v -0.121469 0.402699 0.275775
v -0.108247 0.399179 0.271575
v -0.097411 0.404918 0.273255
v -0.105140 0.416328 0.284102
v -0.122776 0.409092 0.281064
v -0.120001 0.395584 0.269585
v 0.100473 0.381934 0.248385
v 0.102835 0.386932 0.256874
v 0.086148 0.389409 0.250588
v 0.098248 0.377386 0.239439
v 0.115990 0.377249 0.245818
v 0.117203 0.382558 0.254495
v 0.089568 0.393910 0.258898
v 0.082928 0.385310 0.241824
v 0.114852 0.372421 0.236687
v -0.100473 0.381934 0.248385
v -0.086148 0.389409 0.250588
v -0.102835 0.386932 0.256874
v -0.115990 0.377249 0.245818
v -0.098248 0.377386 0.239439
v -0.082928 0.385310 0.241824
v -0.089568 0.393910 0.258898
v -0.117203 0.382558 0.254495
v -0.114852 0.372421 0.236687
v 0.055909 0.425765 0.254276
v 0.061494 0.427829 0.262117
v 0.051200 0.440999 0.254650
v 0.050684 0.423884 0.246021
v 0.063455 0.411724 0.253535
v 0.068515 0.414734 0.261513
v 0.057105 0.442025 0.262396
v 0.045684 0.440076 0.246503
v 0.058710 0.408977 0.245127
v -0.055909 0.425765 0.254276
v -0.051200 0.440999 0.254650
v -0.061494 0.427829 0.262117
v -0.063455 0.411724 0.253535
v -0.050684 0.423884 0.246021
v -0.045684 0.440076 0.246503
v -0.057105 0.442025 0.262396
v -0.068515 0.414734 0.261513
v -0.058710 0.408977 0.245127
v 0.081285 0.435629 0.281315
v 0.087340 0.438115 0.286118
v 0.078118 0.446018 0.281436
v 0.074463 0.432874 0.275729
v 0.086345 0.426072 0.280960
v 0.091792 0.429675 0.285800
v 0.084557 0.447311 0.286224
v 0.070865 0.444594 0.275881
v 0.080211 0.422073 0.275319
v -0.081285 0.435629 0.281315
v -0.078118 0.446018 0.281436
v -0.087340 0.438115 0.286118
v -0.086345 0.426072 0.280960
v -0.074463 0.432874 0.275729
v -0.070865 0.444594 0.275881
v -0.084557 0.447311 0.286224
v -0.091792 0.429675 0.285800
v -0.080211 0.422073 0.275319
v 0.081285 0.478419 0.281315
v 0.087340 0.476194 0.286118
v 0.086345 0.488237 0.280960
v 0.074463 0.480961 0.275729
v 0.078118 0.467817 0.281436
v 0.084557 0.466713 0.286224
v 0.091792 0.484980 0.285800
v 0.080211 0.491952 0.275319
v 0.070865 0.469087 0.275881
v -0.081285 0.478419 0.281315
v -0.086345 0.488237 0.280960
v -0.087340 0.476194 0.286118
v -0.078118 0.467817 0.281436
v -0.074463 0.480961 0.275729
v -0.080211 0.491952 0.275319
v -0.091792 0.484980 0.285800
v -0.084557 0.466713 0.286224
v -0.070865 0.469087 0.275881
v 0.055909 0.488307 0.254276
v 0.061494 0.486006 0.262117
v 0.063455 0.502616 0.253535
v 0.050684 0.490519 0.246021
v 0.051200 0.472854 0.254650
v 0.057105 0.471656 0.262396
v 0.068515 0.499291 0.261513
v 0.058710 0.505804 0.245127
v 0.045684 0.474018 0.246503
v -0.055909 0.488307 0.254276
v -0.063455 0.502616 0.253535
v -0.061494 0.486006 0.262117
v -0.051200 0.472854 0.254650
v -0.050684 0.490519 0.246021
v -0.058710 0.505804 0.245127
v -0.068515 0.499291 0.261513
v -0.057105 0.471656 0.262396
v -0.045684 0.474018 0.246503
v 0.100473 0.532869 0.248385
v 0.102835 0.527419 0.256874
v 0.115990 0.537579 0.245818
v 0.098248 0.538049 0.239439
v 0.086148 0.525321 0.250588
v 0.089568 0.520390 0.258898
v 0.117203 0.531811 0.254495
v 0.114852 0.543048 0.236687
v 0.082928 0.530022 0.241824
v -0.100473 0.532869 0.248385
v -0.115990 0.537579 0.245818
v -0.102835 0.527419 0.256874
v -0.086148 0.525321 0.250588
v -0.098248 0.538049 0.239439
v -0.114852 0.543048 0.236687
v -0.117203 0.531811 0.254495
v -0.089568 0.520390 0.258898
v -0.082928 0.530022 0.241824
v 0.111071 0.508893 0.277577
v 0.113580 0.503378 0.282706
v 0.121469 0.512082 0.275775
v 0.108247 0.515172 0.271575
v 0.101505 0.503763 0.279103
v 0.105140 0.498832 0.284102
v 0.122776 0.506194 0.281064
v 0.120001 0.518784 0.269585
v 0.097411 0.509381 0.273255
v -0.111071 0.508893 0.277577
v -0.121469 0.512082 0.275775
v -0.113580 0.503378 0.282706
v -0.101505 0.503763 0.279103
v -0.108247 0.515172 0.271575
v -0.120001 0.518784 0.269585
v -0.122776 0.506194 0.281064
v -0.105140 0.498832 0.284102
v -0.097411 0.509381 0.273255
v 0.153882 0.508893 0.269620
v 0.151655 0.503378 0.275537
v 0.163698 0.503763 0.267630
v 0.156423 0.515172 0.262697
v 0.143279 0.512082 0.271704
v 0.142178 0.506194 0.277394
v 0.160433 0.498832 0.273771
v 0.167417 0.509381 0.260446
v 0.144540 0.518784 0.265045
v -0.153882 0.508893 0.269620
v -0.163698 0.503763 0.267630
v -0.151655 0.503378 0.275537
v -0.143279 0.512082 0.271704
v -0.156423 0.515172 0.262697
v -0.167417 0.509381 0.260446
v -0.160433 0.498832 0.273771
v -0.142178 0.506194 0.277394
v -0.144540 0.518784 0.265045
v 0.163748 0.532869 0.236917
v 0.161456 0.527419 0.246196
v 0.178081 0.525321 0.234015
v 0.165949 0.538049 0.227227
v 0.148224 0.537579 0.239958
v 0.147063 0.531811 0.249037
v 0.174755 0.520390 0.243475
v 0.181268 0.530022 0.224165
v 0.149345 0.543048 0.230449
v -0.163748 0.532869 0.236917
v -0.178081 0.525321 0.234015
v -0.161456 0.527419 0.246196
v -0.148224 0.537579 0.239958
v -0.165949 0.538049 0.227227
v -0.181268 0.530022 0.224165
v -0.174755 0.520390 0.243475
v -0.147063 0.531811 0.249037
v -0.149345 0.543048 0.230449
v 0.208333 0.488307 0.227649
v 0.202884 0.486006 0.237426
v 0.213043 0.472854 0.226625
v 0.213513 0.490519 0.217549
v 0.200785 0.502616 0.229268
v 0.195854 0.499291 0.238980
v 0.207275 0.471656 0.236435
v 0.218513 0.474018 0.216505
v 0.205486 0.505804 0.219211
v -0.208333 0.488307 0.227649
v -0.213043 0.472854 0.226625
v -0.202884 0.486006 0.237426
v -0.200785 0.502616 0.229268
v -0.213513 0.490519 0.217549
v -0.218513 0.474018 0.216505
v -0.207275 0.471656 0.236435
v -0.195854 0.499291 0.238980
v -0.205486 0.505804 0.219211
v 0.184335 0.478419 0.263131
v 0.178754 0.476194 0.269803
v 0.187518 0.467817 0.262373
v 0.190637 0.480961 0.255361
v 0.179213 0.488237 0.264305
v 0.174239 0.484980 0.270835
v 0.181543 0.466713 0.269138
v 0.194249 0.469087 0.254506
v 0.184846 0.491952 0.256685
v -0.184335 0.478419 0.263131
v -0.187518 0.467817 0.262373
v -0.178754 0.476194 0.269803
v -0.179213 0.488237 0.264305
v -0.190637 0.480961 0.255361
v -0.194249 0.469087 0.254506
v -0.181543 0.466713 0.269138
v -0.174239 0.484980 0.270835
v -0.184846 0.491952 0.256685
v 0.171020 0.473226 0.281711
v 0.172275 0.473682 0.278954
v 0.167389 0.480624 0.282573
v 0.169770 0.472745 0.283928
v 0.173173 0.465252 0.281196
v 0.174572 0.465475 0.278403
v 0.168506 0.481310 0.279825
v 0.166220 0.479850 0.284806
v 0.171728 0.465020 0.283472
v -0.171020 0.473226 0.281711
v -0.167389 0.480624 0.282573
v -0.172275 0.473682 0.278954
v -0.173173 0.465252 0.281196
v -0.169770 0.472745 0.283928
v -0.166220 0.479850 0.284806
v -0.168506 0.481310 0.279825
v -0.174572 0.465475 0.278403
v -0.171728 0.465020 0.283472
v 0.148668 0.496251 0.286736
v 0.149132 0.497255 0.283977
v 0.140717 0.498603 0.288436
v 0.148180 0.495220 0.288963
v 0.155999 0.492374 0.285145
v 0.156718 0.493328 0.282394
v 0.140940 0.499680 0.285650
v 0.140485 0.497433 0.290692
v 0.155197 0.491348 0.287390
v -0.148668 0.496251 0.286736
v -0.140717 0.498603 0.288436
v -0.149132 0.497255 0.283977
v -0.155999 0.492374 0.285145
v -0.148180 0.495220 0.288963
v -0.140485 0.497433 0.290692
v -0.140940 0.499680 0.285650
v -0.156718 0.493328 0.282394
v -0.155197 0.491348 0.287390
v 0.116980 0.496251 0.293169
v 0.116469 0.497255 0.290424
v 0.110070 0.492374 0.294382
v 0.117434 0.495220 0.295356
v 0.124552 0.498603 0.291735
v 0.124289 0.499680 0.288953
v 0.109314 0.493328 0.291671
v 0.110801 0.491348 0.296529
v 0.124767 0.497433 0.293979
v -0.116980 0.496251 0.293169
v -0.110070 0.492374 0.294382
v -0.116469 0.497255 0.290424
v -0.124552 0.498603 0.291735
v -0.117434 0.495220 0.295356
v -0.110801 0.491348 0.296529
v -0.109314 0.493328 0.291671
v -0.124289 0.499680 0.288953
v -0.124767 0.497433 0.293979
v 0.095294 0.473226 0.296118
v 0.094186 0.473682 0.293468
v 0.092985 0.465252 0.296212
v 0.096274 0.472745 0.298191
v 0.099035 0.480624 0.295846
v 0.097985 0.481310 0.293184
v 0.091804 0.465475 0.293563
v 0.094097 0.465020 0.298287
v 0.100006 0.479850 0.297936
v -0.095294 0.473226 0.296118
v -0.092985 0.465252 0.296212
v -0.094186 0.473682 0.293468
v -0.099035 0.480624 0.295846
v -0.096274 0.472745 0.298191
v -0.094097 0.465020 0.298287
v -0.091804 0.465475 0.293563
v -0.097985 0.481310 0.293184
v -0.100006 0.479850 0.297936
v 0.095294 0.441515 0.296118
v 0.094186 0.441005 0.293468
v 0.099035 0.434605 0.295846
v 0.096274 0.441970 0.298191
v 0.092985 0.449088 0.296212
v 0.091804 0.448825 0.293563
v 0.097985 0.433849 0.293184
v 0.100006 0.435336 0.297936
v 0.094097 0.449303 0.298287
v -0.095294 0.441515 0.296118
v -0.099035 0.434605 0.295846
v -0.094186 0.441005 0.293468
v -0.092985 0.449088 0.296212
v -0.096274 0.441970 0.298191
v -0.100006 0.435336 0.297936
v -0.097985 0.433849 0.293184
v -0.091804 0.448825 0.293563
v -0.094097 0.449303 0.298287
v 0.116980 0.419830 0.293169
v 0.116469 0.418722 0.290424
v 0.124552 0.417520 0.291735
v 0.117434 0.420810 0.295356
v 0.110070 0.423570 0.294382
v 0.109314 0.422520 0.291671
v 0.124289 0.416339 0.288953
v 0.124767 0.418633 0.293979
v 0.110801 0.424542 0.296529
v -0.116980 0.419830 0.293169
v -0.124552 0.417520 0.291735
v -0.116469 0.418722 0.290424
v -0.110070 0.423570 0.294382
v -0.117434 0.420810 0.295356
v -0.124767 0.418633 0.293979
v -0.124289 0.416339 0.288953
v -0.109314 0.422520 0.291671
v -0.110801 0.424542 0.296529
v 0.148668 0.419830 0.286736
v 0.149132 0.418722 0.283977
v 0.155999 0.423570 0.285145
v 0.148180 0.420810 0.288963
v 0.140717 0.417520 0.288436
v 0.140940 0.416339 0.285650
v 0.156718 0.422520 0.282394
v 0.155197 0.424542 0.287390
v 0.140485 0.418633 0.290692
v -0.148668 0.419830 0.286736
v -0.155999 0.423570 0.285145
v -0.149132 0.418722 0.283977
v -0.140717 0.417520 0.288436
v -0.148180 0.420810 0.288963
v -0.155197 0.424542 0.287390
v -0.156718 0.422520 0.282394
v -0.140940 0.416339 0.285650
v -0.140485 0.418633 0.290692
v 0.171020 0.441515 0.281711
v 0.172275 0.441005 0.278954
v 0.173173 0.449088 0.281196
v 0.169770 0.441970 0.283928
v 0.167389 0.434605 0.282573
v 0.168506 0.433849 0.279825
v 0.174572 0.448825 0.278403
v 0.171728 0.449303 0.283472
v 0.166220 0.435336 0.284806
v -0.171020 0.441515 0.281711
v -0.173173 0.449088 0.281196
v -0.172275 0.441005 0.278954
v -0.167389 0.434605 0.282573
v -0.169770 0.441970 0.283928
v -0.171728 0.449303 0.283472
v -0.174572 0.448825 0.278403
v -0.168506 0.433849 0.279825
v -0.166220 0.435336 0.284806
v 0.158952 0.446138 0.290938
v 0.155060 0.443542 0.292413
v 0.163337 0.444408 0.288755
v 0.157855 0.450725 0.291717
v 0.149994 0.449719 0.294801
v 0.160059 0.439311 0.289683
v 0.164389 0.450434 0.288609
v -0.158952 0.446138 0.290938
v -0.163337 0.444408 0.288755
v -0.155060 0.443542 0.292413
v -0.157855 0.450725 0.291717
v -0.164389 0.450434 0.288609
v -0.160059 0.439311 0.289683
v -0.149994 0.449719 0.294801
v 0.143597 0.430821 0.294710
v 0.145470 0.426627 0.293129
v 0.146280 0.434773 0.294588
v 0.138784 0.431683 0.296377
v 0.139170 0.425329 0.294713
v 0.150809 0.430107 0.291961
v 0.139781 0.439506 0.297308
v -0.143597 0.430821 0.294710
v -0.146280 0.434773 0.294588
v -0.145470 0.426627 0.293129
v -0.138784 0.431683 0.296377
v -0.139781 0.439506 0.297308
v -0.150809 0.430107 0.291961
v -0.139170 0.425329 0.294713
v 0.121600 0.430821 0.299422
v 0.119001 0.434773 0.300393
v 0.119873 0.426627 0.298609
v 0.126185 0.431683 0.299094
v 0.125165 0.439506 0.300427
v 0.114776 0.430107 0.299587
v 0.125899 0.425329 0.297572
v -0.121600 0.430821 0.299422
v -0.119873 0.426627 0.298609
v -0.119001 0.434773 0.300393
v -0.126185 0.431683 0.299094
v -0.125899 0.425329 0.297572
v -0.114776 0.430107 0.299587
v -0.125165 0.439506 0.300427
v 0.106284 0.446138 0.301452
v 0.107143 0.450725 0.301719
v 0.102091 0.444408 0.300928
v 0.110233 0.443542 0.301525
v 0.114952 0.449719 0.301834
v 0.100794 0.450434 0.301039
v 0.105572 0.439311 0.300749
v -0.106284 0.446138 0.301452
v -0.102091 0.444408 0.300928
v -0.107143 0.450725 0.301719
v -0.110233 0.443542 0.301525
v -0.105572 0.439311 0.300749
v -0.100794 0.450434 0.301039
v -0.114952 0.449719 0.301834
v 0.106284 0.468183 0.301452
v 0.110233 0.470930 0.301525
v 0.102091 0.470039 0.300928
v 0.107143 0.463339 0.301719
v 0.114952 0.464397 0.301834
v 0.105572 0.475478 0.300749
v 0.100794 0.463705 0.301039
v -0.106284 0.468183 0.301452
v -0.102091 0.470039 0.300928
v -0.110233 0.470930 0.301525
v -0.107143 0.463339 0.301719
v -0.100794 0.463705 0.301039
v -0.105572 0.475478 0.300749
v -0.114952 0.464397 0.301834
v 0.121600 0.484390 0.299422
v 0.126185 0.483414 0.299094
v 0.119873 0.488890 0.298609
v 0.119001 0.480226 0.300393
v 0.125165 0.475161 0.300427
v 0.125899 0.490186 0.297572
v 0.114776 0.485263 0.299587
v -0.121600 0.484390 0.299422
v -0.119873 0.488890 0.298609
v -0.126185 0.483414 0.299094
v -0.119001 0.480226 0.300393
v -0.114776 0.485263 0.299587
v -0.125899 0.490186 0.297572
v -0.125165 0.475161 0.300427
v 0.143597 0.484390 0.294710
v 0.146280 0.480226 0.294588
v 0.145470 0.488890 0.293129
v 0.138784 0.483414 0.296377
v 0.139781 0.475161 0.297308
v 0.150809 0.485263 0.291961
v 0.139170 0.490186 0.294713
v -0.143597 0.484390 0.294710
v -0.145470 0.488890 0.293129
v -0.146280 0.480226 0.294588
v -0.138784 0.483414 0.296377
v -0.139170 0.490186 0.294713
v -0.150809 0.485263 0.291961
v -0.139781 0.475161 0.297308
v 0.158952 0.468183 0.290938
v 0.157855 0.463339 0.291717
v 0.163337 0.470039 0.288755
v 0.155060 0.470930 0.292413
v 0.149994 0.464397 0.294801
v 0.164389 0.463705 0.288609
v 0.160059 0.475478 0.289683
v -0.158952 0.468183 0.290938
v -0.163337 0.470039 0.288755
v -0.157855 0.463339 0.291717
v -0.155060 0.470930 0.292413
v -0.160059 0.475478 0.289683
v -0.164389 0.463705 0.288609
v -0.149994 0.464397 0.294801
v 0.031591 0.006632 0.218159
v 0.046495 0.008004 0.216892
v 0.030144 0.010182 0.224825
v 0.015973 0.005682 0.219063
v 0.032371 0.003870 0.210763
v 0.047840 0.005321 0.209178
v 0.044205 0.011513 0.223913
v 0.015274 0.009265 0.225495
v 0.016329 0.002867 0.211873
v -0.031591 0.006632 0.218159
v -0.030144 0.010182 0.224825
v -0.046495 0.008004 0.216892
v -0.032371 0.003870 0.210763
v -0.015973 0.005682 0.219063
v -0.015274 0.009265 0.225495
v -0.044205 0.011513 0.223913
v -0.047840 0.005321 0.209178
v -0.016329 0.002867 0.211873
v 0.083639 0.013523 0.212740
v 0.092930 0.016389 0.211893
v 0.077937 0.016979 0.221298
v 0.072743 0.011375 0.213991
v 0.087965 0.011151 0.203577
v 0.098351 0.014104 0.202160
v 0.086047 0.019941 0.221023
v 0.068285 0.014815 0.221987
v 0.075911 0.008898 0.205371
v -0.083639 0.013523 0.212740
v -0.077937 0.016979 0.221298
v -0.092930 0.016389 0.211893
v -0.087965 0.011151 0.203577
v -0.072743 0.011375 0.213991
v -0.068285 0.014815 0.221987
v -0.086047 0.019941 0.221023
v -0.098351 0.014104 0.202160
v -0.075911 0.008898 0.205371
v 0.110518 0.032189 0.213472
v 0.113232 0.040458 0.215258
v 0.101559 0.036619 0.224053
v 0.106335 0.025505 0.212225
v 0.117412 0.030032 0.202146
v 0.120081 0.038552 0.203548
v 0.104062 0.044984 0.226126
v 0.097790 0.029619 0.222399
v 0.113075 0.023278 0.201380
v -0.110518 0.032189 0.213472
v -0.101559 0.036619 0.224053
v -0.113232 0.040458 0.215258
v -0.117412 0.030032 0.202146
v -0.106335 0.025505 0.212225
v -0.097790 0.029619 0.222399
v -0.104062 0.044984 0.226126
v -0.120081 0.038552 0.203548
v -0.113075 0.023278 0.201380
v 0.114154 0.076044 0.222449
v 0.112567 0.091933 0.224911
v 0.104991 0.078147 0.233247
v 0.114895 0.062256 0.219902
v 0.120591 0.076776 0.210419
v 0.118911 0.093753 0.212916
v 0.103489 0.092755 0.235552
v 0.105667 0.065579 0.230850
v 0.121457 0.061852 0.207859
v -0.114154 0.076044 0.222449
v -0.104991 0.078147 0.233247
v -0.112567 0.091933 0.224911
v -0.120591 0.076776 0.210419
v -0.114895 0.062256 0.219902
v -0.105667 0.065579 0.230850
v -0.103489 0.092755 0.235552
v -0.118911 0.093753 0.212916
v -0.121457 0.061852 0.207859
v 0.104218 0.152054 0.230205
v 0.100665 0.173253 0.231088
v 0.095275 0.150947 0.241085
v 0.107465 0.130542 0.228878
v 0.110561 0.154912 0.217827
v 0.107021 0.175787 0.218455
v 0.091804 0.172163 0.242248
v 0.098489 0.129679 0.239542
v 0.113774 0.133474 0.216723
v -0.104218 0.152054 0.230205
v -0.095275 0.150947 0.241085
v -0.100665 0.173253 0.231088
v -0.110561 0.154912 0.217827
v -0.107465 0.130542 0.228878
v -0.098489 0.129679 0.239542
v -0.091804 0.172163 0.242248
v -0.107021 0.175787 0.218455
v -0.113774 0.133474 0.216723
v 0.110688 0.321821 0.234103
v 0.114844 0.315356 0.219320
v 0.132098 0.327634 0.227952
v 0.106369 0.330195 0.248259
v 0.091637 0.316036 0.239719
v 0.096861 0.309628 0.223328
v 0.135561 0.321256 0.214705
v 0.128635 0.335624 0.240425
v 0.085115 0.324709 0.256303
v -0.110688 0.321821 0.234103
v -0.132098 0.327634 0.227952
v -0.114844 0.315356 0.219320
v -0.091637 0.316036 0.239719
v -0.106369 0.330195 0.248259
v -0.128635 0.335624 0.240425
v -0.135561 0.321256 0.214705
v -0.096861 0.309628 0.223328
v -0.085115 0.324709 0.256303
v 0.194831 0.350639 0.214873
v 0.197038 0.344611 0.204838
v 0.213436 0.360960 0.211933
v 0.191589 0.357594 0.224257
v 0.175053 0.341704 0.218125
v 0.177576 0.335567 0.207320
v 0.215566 0.355095 0.202321
v 0.209959 0.367570 0.220840
v 0.171842 0.348971 0.228316
v -0.194831 0.350639 0.214873
v -0.213436 0.360960 0.211933
v -0.197038 0.344611 0.204838
v -0.175053 0.341704 0.218125
v -0.191589 0.357594 0.224257
v -0.209959 0.367570 0.220840
v -0.215566 0.355095 0.202321
v -0.177576 0.335567 0.207320
v -0.171842 0.348971 0.228316
v 0.261479 0.400993 0.200766
v 0.265556 0.396381 0.190289
v 0.273826 0.417328 0.198336
v 0.255591 0.405873 0.210634
v 0.246999 0.386118 0.204606
v 0.250104 0.380918 0.194661
v 0.278955 0.413530 0.187425
v 0.266857 0.421224 0.208685
v 0.242157 0.391743 0.213868
v -0.261479 0.400993 0.200766
v -0.273826 0.417328 0.198336
v -0.265556 0.396381 0.190289
v -0.246999 0.386118 0.204606
v -0.255591 0.405873 0.210634
v -0.266857 0.421224 0.208685
v -0.278955 0.413530 0.187425
v -0.250104 0.380918 0.194661
v -0.242157 0.391743 0.213868
v 0.294061 0.473245 0.208583
v 0.301149 0.473424 0.198998
v 0.294822 0.490911 0.216150
v 0.285101 0.472484 0.217185
v 0.290327 0.454171 0.202281
v 0.297072 0.452838 0.191828
v 0.301888 0.492548 0.207481
v 0.285892 0.488477 0.223557
v 0.281718 0.455166 0.211987
v -0.294061 0.473245 0.208583
v -0.294822 0.490911 0.216150
v -0.301149 0.473424 0.198998
v -0.290327 0.454171 0.202281
v -0.285101 0.472484 0.217185
v -0.285892 0.488477 0.223557
v -0.301888 0.492548 0.207481
v -0.297072 0.452838 0.191828
v -0.281718 0.455166 0.211987
v 0.279481 0.524519 0.235871
v 0.284178 0.528655 0.227860
v 0.268414 0.531355 0.241139
v 0.273152 0.519378 0.241927
v 0.287540 0.516494 0.230208
v 0.293311 0.520160 0.222388
v 0.272075 0.535698 0.232742
v 0.263280 0.526009 0.247431
v 0.280021 0.511824 0.236263
v -0.279481 0.524519 0.235871
v -0.268414 0.531355 0.241139
v -0.284178 0.528655 0.227860
v -0.287540 0.516494 0.230208
v -0.273152 0.519378 0.241927
v -0.263280 0.526009 0.247431
v -0.272075 0.535698 0.232742
v -0.293311 0.520160 0.222388
v -0.280021 0.511824 0.236263
v 0.218031 0.557693 0.257835
v 0.220763 0.561900 0.248524
v 0.198437 0.568863 0.263540
v 0.214519 0.552136 0.264766
v 0.237075 0.547420 0.252044
v 0.239738 0.551706 0.242925
v 0.201336 0.573103 0.254128
v 0.195017 0.563047 0.270514
v 0.233374 0.541970 0.258853
v -0.218031 0.557693 0.257835
v -0.198437 0.568863 0.263540
v -0.220763 0.561900 0.248524
v -0.237075 0.547420 0.252044
v -0.214519 0.552136 0.264766
v -0.195017 0.563047 0.270514
v -0.201336 0.573103 0.254128
v -0.239738 0.551706 0.242925
v -0.233374 0.541970 0.258853
v 0.147391 0.602824 0.278038
v 0.149548 0.608650 0.268720
v 0.133225 0.611729 0.281772
v 0.145317 0.594727 0.284745
v 0.162695 0.592106 0.273757
v 0.165375 0.597183 0.264357
v 0.134678 0.618305 0.272567
v 0.132007 0.602710 0.288311
v 0.159929 0.584971 0.280605
v -0.147391 0.602824 0.278038
v -0.133225 0.611729 0.281772
v -0.149548 0.608650 0.268720
v -0.162695 0.592106 0.273757
v -0.145317 0.594727 0.284745
v -0.132007 0.602710 0.288311
v -0.134678 0.618305 0.272567
v -0.165375 0.597183 0.264357
v -0.159929 0.584971 0.280605
v 0.093843 0.619279 0.289691
v 0.092821 0.626685 0.280875
v 0.081690 0.614235 0.291186
v 0.095548 0.609347 0.295764
v 0.106588 0.620467 0.287608
v 0.106378 0.627892 0.278667
v 0.079970 0.621390 0.282474
v 0.084236 0.604694 0.297163
v 0.107330 0.610462 0.293815
v -0.093843 0.619279 0.289691
v -0.081690 0.614235 0.291186
v -0.092821 0.626685 0.280875
v -0.106588 0.620467 0.287608
v -0.095548 0.609347 0.295764
v -0.084236 0.604694 0.297163
v -0.079970 0.621390 0.282474
v -0.106378 0.627892 0.278667
v -0.107330 0.610462 0.293815
v 0.050061 0.576756 0.292051
v 0.047550 0.582296 0.283458
v 0.040968 0.560917 0.291370
v 0.053711 0.569738 0.298032
v 0.059788 0.592126 0.292321
v 0.057312 0.598273 0.283713
v 0.038586 0.565925 0.282807
v 0.044560 0.554767 0.297381
v 0.063320 0.584146 0.298264
v -0.050061 0.576756 0.292051
v -0.040968 0.560917 0.291370
v -0.047550 0.582296 0.283458
v -0.059788 0.592126 0.292321
v -0.053711 0.569738 0.298032
v -0.044560 0.554767 0.297381
v -0.038586 0.565925 0.282807
v -0.057312 0.598273 0.283713
v -0.063320 0.584146 0.298264
v 0.016099 0.526756 0.288107
v 0.014692 0.531573 0.279923
v 0.008050 0.521414 0.287270
v 0.018697 0.520955 0.293912
v 0.024146 0.535059 0.289225
v 0.022303 0.539643 0.280880
v 0.007293 0.526788 0.279206
v 0.009495 0.514233 0.293023
v 0.027314 0.529724 0.295134
v -0.016099 0.526756 0.288107
v -0.008050 0.521414 0.287270
v -0.014692 0.531573 0.279923
v -0.024146 0.535059 0.289225
v -0.018697 0.520955 0.293912
v -0.009495 0.514233 0.293023
v -0.007293 0.526788 0.279206
v -0.022303 0.539643 0.280880
v -0.027314 0.529724 0.295134
v 0.067617 0.546678 0.295101
v 0.072365 0.539614 0.290097
v 0.076258 0.556069 0.294646
v 0.062793 0.554211 0.299144
v 0.059267 0.536380 0.295191
v 0.064536 0.531077 0.290524
v 0.080532 0.547153 0.289343
v 0.071851 0.565523 0.298998
v 0.054009 0.542108 0.298895
v -0.067617 0.546678 0.295101
v -0.076258 0.556069 0.294646
v -0.072365 0.539614 0.290097
v -0.059267 0.536380 0.295191
v -0.062793 0.554211 0.299144
v -0.071851 0.565523 0.298998
v -0.080532 0.547153 0.289343
v -0.064536 0.531077 0.290524
v -0.054009 0.542108 0.298895
v 0.102841 0.571845 0.291455
v 0.105421 0.559589 0.285751
v 0.112040 0.572492 0.289781
v 0.100226 0.584819 0.296200
v 0.093882 0.568980 0.292811
v 0.097090 0.557336 0.287141
v 0.113969 0.560065 0.284148
v 0.110174 0.585648 0.294457
v 0.090565 0.581302 0.297530
v -0.102841 0.571845 0.291455
v -0.112040 0.572492 0.289781
v -0.105421 0.559589 0.285751
v -0.093882 0.568980 0.292811
v -0.100226 0.584819 0.296200
v -0.110174 0.585648 0.294457
v -0.113969 0.560065 0.284148
v -0.097090 0.557336 0.287141
v -0.090565 0.581302 0.297530
v 0.142501 0.562635 0.282600
v 0.154769 0.556278 0.279235
v 0.142806 0.573937 0.286579
v 0.131591 0.567665 0.285413
v 0.142545 0.551840 0.277793
v 0.154081 0.546523 0.274803
v 0.155846 0.566441 0.282898
v 0.131181 0.579914 0.289687
v 0.132270 0.556029 0.280250
v -0.142501 0.562635 0.282600
v -0.142806 0.573937 0.286579
v -0.154769 0.556278 0.279235
v -0.142545 0.551840 0.277793
v -0.131591 0.567665 0.285413
v -0.131181 0.579914 0.289687
v -0.155846 0.566441 0.282898
v -0.154081 0.546523 0.274803
v -0.132270 0.556029 0.280250
v 0.202257 0.532458 0.265241
v 0.218564 0.524185 0.259896
v 0.206389 0.539086 0.268058
v 0.185178 0.540832 0.270451
v 0.198317 0.526206 0.261693
v 0.213399 0.518853 0.256674
v 0.223833 0.529953 0.262384
v 0.188183 0.548552 0.273542
v 0.182472 0.533451 0.266638
v -0.202257 0.532458 0.265241
v -0.206389 0.539086 0.268058
v -0.218564 0.524185 0.259896
v -0.198317 0.526206 0.261693
v -0.185178 0.540832 0.270451
v -0.188183 0.548552 0.273542
v -0.223833 0.529953 0.262384
v -0.213399 0.518853 0.256674
v -0.182472 0.533451 0.266638
v 0.249799 0.502880 0.245784
v 0.254143 0.495679 0.241930
v 0.257833 0.508174 0.246537
v 0.242805 0.509553 0.250035
v 0.242051 0.498112 0.244465
v 0.245953 0.490794 0.241526
v 0.262775 0.501045 0.241812
v 0.250070 0.514725 0.251514
v 0.235690 0.504910 0.247913
v -0.249799 0.502880 0.245784
v -0.257833 0.508174 0.246537
v -0.254143 0.495679 0.241930
v -0.242051 0.498112 0.244465
v -0.242805 0.509553 0.250035
v -0.250070 0.514725 0.251514
v -0.262775 0.501045 0.241812
v -0.245953 0.490794 0.241526
v -0.235690 0.504910 0.247913
v 0.256204 0.464981 0.232608
v 0.253229 0.452216 0.230758
v 0.265539 0.468207 0.229167
v 0.257182 0.476827 0.235245
v 0.247532 0.461754 0.235185
v 0.244543 0.450063 0.234187
v 0.262545 0.454157 0.226298
v 0.266444 0.481185 0.232960
v 0.248568 0.472676 0.236847
v -0.256204 0.464981 0.232608
v -0.265539 0.468207 0.229167
v -0.253229 0.452216 0.230758
v -0.247532 0.461754 0.235185
v -0.257182 0.476827 0.235245
v -0.266444 0.481185 0.232960
v -0.262545 0.454157 0.226298
v -0.244543 0.450063 0.234187
v -0.248568 0.472676 0.236847
v 0.230443 0.413436 0.231829
v 0.218811 0.401656 0.234076
v 0.239537 0.412306 0.226252
v 0.240294 0.426014 0.230369
v 0.221678 0.413989 0.236449
v 0.210279 0.402935 0.238694
v 0.227572 0.399770 0.228637
v 0.249519 0.425719 0.224830
v 0.231516 0.425800 0.234829
v -0.230443 0.413436 0.231829
v -0.239537 0.412306 0.226252
v -0.218811 0.401656 0.234076
v -0.221678 0.413989 0.236449
v -0.240294 0.426014 0.230369
v -0.249519 0.425719 0.224830
v -0.227572 0.399770 0.228637
v -0.210279 0.402935 0.238694
v -0.231516 0.425800 0.234829
v 0.176394 0.374277 0.243618
v 0.159983 0.368453 0.247999
v 0.182048 0.369795 0.238682
v 0.191635 0.381841 0.239981
v 0.170991 0.378160 0.247692
v 0.156282 0.373534 0.251594
v 0.164045 0.362777 0.243361
v 0.198675 0.378350 0.234875
v 0.184777 0.384725 0.244335
v -0.176394 0.374277 0.243618
v -0.182048 0.369795 0.238682
v -0.159983 0.368453 0.247999
v -0.170991 0.378160 0.247692
v -0.191635 0.381841 0.239981
v -0.198675 0.378350 0.234875
v -0.164045 0.362777 0.243361
v -0.156282 0.373534 0.251594
v -0.184777 0.384725 0.244335
v 0.104275 0.362451 0.266668
v 0.085880 0.364008 0.272898
v 0.102974 0.351248 0.264760
v 0.123438 0.362559 0.259856
v 0.106160 0.372613 0.267077
v 0.089889 0.376068 0.271879
v 0.081904 0.349798 0.273136
v 0.124140 0.353650 0.256571
v 0.123395 0.370827 0.261593
v -0.104275 0.362451 0.266668
v -0.102974 0.351248 0.264760
v -0.085880 0.364008 0.272898
v -0.106160 0.372613 0.267077
v -0.123438 0.362559 0.259856
v -0.124140 0.353650 0.256571
v -0.081904 0.349798 0.273136
v -0.089889 0.376068 0.271879
v -0.123395 0.370827 0.261593
v 0.047271 0.382357 0.277055
v 0.056383 0.393440 0.276187
v 0.039392 0.391440 0.275200
v 0.037802 0.369725 0.277977
v 0.057087 0.374156 0.278139
v 0.064708 0.386709 0.276420
v 0.050190 0.400928 0.275330
v 0.027200 0.380545 0.275037
v 0.049155 0.359201 0.280017
v -0.047271 0.382357 0.277055
v -0.039392 0.391440 0.275200
v -0.056383 0.393440 0.276187
v -0.057087 0.374156 0.278139
v -0.037802 0.369725 0.277977
v -0.027200 0.380545 0.275037
v -0.050190 0.400928 0.275330
v -0.064708 0.386709 0.276420
v -0.049155 0.359201 0.280017
v 0.037289 0.506862 0.292979
v 0.043970 0.516221 0.294113
v 0.029579 0.510612 0.295942
v 0.031431 0.497602 0.291547
v 0.045042 0.503717 0.289260
v 0.050684 0.512913 0.290111
v 0.037497 0.520000 0.297198
v 0.021558 0.501665 0.294674
v 0.040501 0.494383 0.288059
v -0.037289 0.506862 0.292979
v -0.029579 0.510612 0.295942
v -0.043970 0.516221 0.294113
v -0.045042 0.503717 0.289260
v -0.031431 0.497602 0.291547
v -0.021558 0.501665 0.294674
v -0.037497 0.520000 0.297198
v -0.050684 0.512913 0.290111
v -0.040501 0.494383 0.288059
v 0.024167 0.466748 0.284677
v 0.024860 0.477581 0.287327
v 0.012361 0.468201 0.286307
v 0.024336 0.455868 0.282007
v 0.034862 0.465248 0.282982
v 0.035455 0.475119 0.284848
v 0.012797 0.480475 0.289812
v 0.012430 0.456313 0.282967
v 0.035192 0.455361 0.281052
v -0.024167 0.466748 0.284677
v -0.012361 0.468201 0.286307
v -0.024860 0.477581 0.287327
v -0.034862 0.465248 0.282982
v -0.024336 0.455868 0.282007
v -0.012430 0.456313 0.282967
v -0.012797 0.480475 0.289812
v -0.035455 0.475119 0.284848
v -0.035192 0.455361 0.281052
v 0.027576 0.423156 0.275035
v 0.029840 0.412092 0.273812
v 0.039440 0.426622 0.275844
v 0.026067 0.434093 0.276996
v 0.014173 0.420021 0.274506
v 0.015457 0.406093 0.272882
v 0.042072 0.417624 0.274872
v 0.037531 0.435959 0.277337
v 0.013347 0.432645 0.276913
v -0.027576 0.423156 0.275035
v -0.039440 0.426622 0.275844
v -0.029840 0.412092 0.273812
v -0.014173 0.420021 0.274506
v -0.026067 0.434093 0.276996
v -0.037531 0.435959 0.277337
v -0.042072 0.417624 0.274872
v -0.015457 0.406093 0.272882
v -0.013347 0.432645 0.276913
v 0.020991 0.023026 0.241797
v 0.017321 0.027133 0.246033
v 0.010641 0.022223 0.241773
v 0.024674 0.018645 0.236681
v 0.030757 0.024335 0.241905
v 0.025479 0.028449 0.246388
v 0.008761 0.026374 0.245838
v 0.012522 0.017797 0.236870
v 0.036086 0.019952 0.236481
v -0.020991 0.023026 0.241797
v -0.010641 0.022223 0.241773
v -0.017321 0.027133 0.246033
v -0.030757 0.024335 0.241905
v -0.024674 0.018645 0.236681
v -0.012522 0.017797 0.236870
v -0.008761 0.026374 0.245838
v -0.025479 0.028449 0.246388
v -0.036086 0.019952 0.236481
v 0.053919 0.031412 0.243245
v 0.045624 0.036324 0.248656
v 0.047373 0.028383 0.242570
v 0.062629 0.026256 0.236687
v 0.059275 0.035527 0.244241
v 0.050420 0.040891 0.249908
v 0.039790 0.032898 0.247672
v 0.055213 0.023622 0.236389
v 0.068709 0.029894 0.237352
v -0.053919 0.031412 0.243245
v -0.047373 0.028383 0.242570
v -0.045624 0.036324 0.248656
v -0.059275 0.035527 0.244241
v -0.062629 0.026256 0.236687
v -0.055213 0.023622 0.236389
v -0.039790 0.032898 0.247672
v -0.050420 0.040891 0.249908
v -0.068709 0.029894 0.237352
v 0.068223 0.056640 0.249582
v 0.057457 0.063162 0.255480
v 0.066373 0.048267 0.247463
v 0.079715 0.049554 0.242274
v 0.069101 0.065596 0.251805
v 0.057077 0.072367 0.257771
v 0.056429 0.054468 0.253348
v 0.077149 0.041590 0.240196
v 0.081357 0.058332 0.244519
v -0.068223 0.056640 0.249582
v -0.066373 0.048267 0.247463
v -0.057457 0.063162 0.255480
v -0.069101 0.065596 0.251805
v -0.079715 0.049554 0.242274
v -0.077149 0.041590 0.240196
v -0.056429 0.054468 0.253348
v -0.057077 0.072367 0.257771
v -0.081357 0.058332 0.244519
v 0.061621 0.151805 0.262622
v 0.058673 0.172390 0.263970
v 0.049967 0.152481 0.266426
v 0.064472 0.132012 0.261086
v 0.073316 0.151234 0.257299
v 0.070155 0.172072 0.258715
v 0.047301 0.172794 0.267648
v 0.052576 0.133165 0.265056
v 0.076335 0.130917 0.255642
v -0.061621 0.151805 0.262622
v -0.049967 0.152481 0.266426
v -0.058673 0.172390 0.263970
v -0.073316 0.151234 0.257299
v -0.064472 0.132012 0.261086
v -0.052576 0.133165 0.265056
v -0.047301 0.172794 0.267648
v -0.070155 0.172072 0.258715
v -0.076335 0.130917 0.255642
v 0.069334 0.091030 0.256844
v 0.069571 0.082487 0.255475
v 0.081942 0.086472 0.250493
v 0.068463 0.101373 0.258162
v 0.056551 0.095094 0.261767
v 0.056435 0.087962 0.260936
v 0.082413 0.076541 0.248693
v 0.080784 0.098214 0.252202
v 0.056016 0.104222 0.262671
v -0.069334 0.091030 0.256844
v -0.081942 0.086472 0.250493
v -0.069571 0.082487 0.255475
v -0.056551 0.095094 0.261767
v -0.068463 0.101373 0.258162
v -0.080784 0.098214 0.252202
v -0.082413 0.076541 0.248693
v -0.056435 0.087962 0.260936
v -0.056016 0.104222 0.262671
v 0.015740 0.222789 0.272944
v 0.015955 0.234290 0.273182
v 0.007775 0.221746 0.273152
v 0.015816 0.208786 0.272980
v 0.024088 0.224082 0.272322
v 0.024372 0.236741 0.272587
v 0.007889 0.232617 0.273381
v 0.007797 0.208216 0.273197
v 0.024275 0.209397 0.272326
v -0.015740 0.222789 0.272944
v -0.007775 0.221746 0.273152
v -0.015955 0.234290 0.273182
v -0.024088 0.224082 0.272322
v -0.015816 0.208786 0.272980
v -0.007797 0.208216 0.273197
v -0.007889 0.232617 0.273381
v -0.024372 0.236741 0.272587
v -0.024275 0.209397 0.272326
v 0.018552 0.153930 0.271247
v 0.028340 0.153605 0.270486
v 0.017295 0.173502 0.272223
v 0.009173 0.154115 0.271500
v 0.019806 0.135272 0.270176
v 0.030147 0.134862 0.269368
v 0.026523 0.173391 0.271500
v 0.008531 0.173540 0.272464
v 0.009816 0.135469 0.270446
v -0.018552 0.153930 0.271247
v -0.017295 0.173502 0.272223
v -0.028340 0.153605 0.270486
v -0.019806 0.135272 0.270176
v -0.009173 0.154115 0.271500
v -0.008531 0.173540 0.272464
v -0.026523 0.173391 0.271500
v -0.030147 0.134862 0.269368
v -0.009816 0.135469 0.270446
v 0.021301 0.098826 0.268300
v 0.021012 0.092924 0.268005
v 0.032401 0.098993 0.267305
v 0.021262 0.107304 0.268662
v 0.010561 0.098162 0.268628
v 0.010412 0.091918 0.268313
v 0.031988 0.093237 0.267037
v 0.032302 0.107204 0.267716
v 0.010549 0.107032 0.268978
v -0.021301 0.098826 0.268300
v -0.032401 0.098993 0.267305
v -0.021012 0.092924 0.268005
v -0.010561 0.098162 0.268628
v -0.021262 0.107304 0.268662
v -0.032302 0.107204 0.267716
v -0.031988 0.093237 0.267037
v -0.010412 0.091918 0.268313
v -0.010549 0.107032 0.268978
v 0.040695 0.270366 0.280981
v 0.043502 0.276051 0.281631
v 0.040524 0.271309 0.284679
v 0.036532 0.265047 0.280212
v 0.041391 0.269192 0.277210
v 0.044044 0.275354 0.277842
v 0.043368 0.276650 0.285410
v 0.036350 0.266479 0.283793
v 0.037307 0.262978 0.276531
v -0.040695 0.270366 0.280981
v -0.040524 0.271309 0.284679
v -0.043502 0.276051 0.281631
v -0.041391 0.269192 0.277210
v -0.036532 0.265047 0.280212
v -0.036350 0.266479 0.283793
v -0.043368 0.276650 0.285410
v -0.044044 0.275354 0.277842
v -0.037307 0.262978 0.276531
v 0.043374 0.296410 0.281285
v 0.040424 0.303004 0.280625
v 0.043437 0.296674 0.284768
v 0.044867 0.289295 0.281792
v 0.043460 0.296221 0.278338
v 0.040306 0.302978 0.278059
v 0.040661 0.303264 0.283919
v 0.044836 0.289584 0.285455
v 0.045099 0.288977 0.278438
v -0.043374 0.296410 0.281285
v -0.043437 0.296674 0.284768
v -0.040424 0.303004 0.280625
v -0.043460 0.296221 0.278338
v -0.044867 0.289295 0.281792
v -0.044836 0.289584 0.285455
v -0.040661 0.303264 0.283919
v -0.040306 0.302978 0.278059
v -0.045099 0.288977 0.278438
v 0.023454 0.313907 0.279356
v 0.016619 0.313930 0.279406
v 0.025018 0.313949 0.282526
v 0.030138 0.312074 0.279559
v 0.021784 0.314854 0.276852
v 0.013669 0.314888 0.276622
v 0.018863 0.313963 0.282681
v 0.031121 0.312209 0.282681
v 0.029252 0.312702 0.277234
v -0.023454 0.313907 0.279356
v -0.025018 0.313949 0.282526
v -0.016619 0.313930 0.279406
v -0.021784 0.314854 0.276852
v -0.030138 0.312074 0.279559
v -0.031121 0.312209 0.282681
v -0.018863 0.313963 0.282681
v -0.013669 0.314888 0.276622
v -0.029252 0.312702 0.277234
v 0.003896 0.305128 0.281473
v 0.001789 0.302301 0.282297
v 0.005438 0.305392 0.284770
v 0.006642 0.308862 0.280553
v 0.002030 0.305084 0.279088
v 0.000917 0.302978 0.280445
v 0.002569 0.302290 0.285467
v 0.008910 0.309101 0.283919
v 0.003532 0.309017 0.277769
v -0.003896 0.305128 0.281473
v -0.005438 0.305392 0.284770
v -0.001789 0.302301 0.282297
v -0.002030 0.305084 0.279088
v -0.006642 0.308862 0.280553
v -0.008910 0.309101 0.283919
v -0.002569 0.302290 0.285467
v -0.000917 0.302978 0.280445
v -0.003532 0.309017 0.277769
v 0.016569 0.251827 0.279108
v 0.016448 0.248497 0.276255
v 0.024251 0.255575 0.279226
v 0.016667 0.253902 0.282268
v 0.008405 0.249255 0.279069
v 0.008256 0.246010 0.276317
v 0.024510 0.252290 0.276072
v 0.024241 0.257626 0.282508
v 0.008485 0.251285 0.282188
v -0.016569 0.251827 0.279108
v -0.024251 0.255575 0.279226
v -0.016448 0.248497 0.276255
v -0.008405 0.249255 0.279069
v -0.016667 0.253902 0.282268
v -0.024241 0.257626 0.282508
v -0.024510 0.252290 0.276072
v -0.008256 0.246010 0.276317
v -0.008485 0.251285 0.282188
v 0.015870 0.259892 0.290632
v 0.016300 0.257514 0.288162
v 0.022946 0.263118 0.290920
v 0.015487 0.262697 0.292881
v 0.008107 0.257506 0.290536
v 0.008302 0.254954 0.288059
v 0.023690 0.261066 0.288471
v 0.022042 0.265259 0.293038
v 0.007981 0.260665 0.292829
v -0.015870 0.259892 0.290632
v -0.022946 0.263118 0.290920
v -0.016300 0.257514 0.288162
v -0.008107 0.257506 0.290536
v -0.015487 0.262697 0.292881
v -0.022042 0.265259 0.293038
v -0.023690 0.261066 0.288471
v -0.008302 0.254954 0.288059
v -0.007981 0.260665 0.292829
v 0.008408 0.303299 0.294696
v 0.004208 0.300037 0.295578
v 0.009813 0.301435 0.297176
v 0.012591 0.306973 0.293650
v 0.007491 0.304658 0.291731
v 0.003670 0.301556 0.292531
v 0.005091 0.297591 0.298252
v 0.013796 0.305129 0.295988
v 0.011616 0.308367 0.290753
v -0.008408 0.303299 0.294696
v -0.009813 0.301435 0.297176
v -0.004208 0.300037 0.295578
v -0.007491 0.304658 0.291731
v -0.012591 0.306973 0.293650
v -0.013796 0.305129 0.295988
v -0.005091 0.297591 0.298252
v -0.003670 0.301556 0.292531
v -0.011616 0.308367 0.290753
v 0.026801 0.311556 0.292099
v 0.021845 0.311594 0.292240
v 0.026399 0.309063 0.294684
v 0.031510 0.309961 0.292240
v 0.026772 0.313226 0.289154
v 0.021386 0.313229 0.289331
v 0.021961 0.309211 0.294704
v 0.030614 0.307692 0.294704
v 0.031947 0.311521 0.289331
v -0.026801 0.311556 0.292099
v -0.026399 0.309063 0.294684
v -0.021845 0.311594 0.292240
v -0.026772 0.313226 0.289154
v -0.031510 0.309961 0.292240
v -0.030614 0.307692 0.294704
v -0.021961 0.309211 0.294704
v -0.021386 0.313229 0.289331
v -0.031947 0.311521 0.289331
v 0.040796 0.295764 0.294655
v 0.038712 0.301774 0.293650
v 0.038195 0.295183 0.297073
v 0.041820 0.289361 0.295415
v 0.042427 0.296364 0.291717
v 0.040019 0.302760 0.290753
v 0.036668 0.300582 0.295988
v 0.038873 0.289240 0.297840
v 0.043643 0.289584 0.292473
v -0.040796 0.295764 0.294655
v -0.038195 0.295183 0.297073
v -0.038712 0.301774 0.293650
v -0.042427 0.296364 0.291717
v -0.041820 0.289361 0.295415
v -0.038873 0.289240 0.297840
v -0.036668 0.300582 0.295988
v -0.040019 0.302760 0.290753
v -0.043643 0.289584 0.292473
v 0.037723 0.274045 0.293953
v 0.040306 0.278284 0.295048
v 0.034894 0.274794 0.296129
v 0.033989 0.270285 0.292675
v 0.039446 0.273132 0.291272
v 0.042175 0.277750 0.292244
v 0.037221 0.278783 0.297335
v 0.031720 0.271314 0.294735
v 0.035433 0.269001 0.290123
v -0.037723 0.274045 0.293953
v -0.034894 0.274794 0.296129
v -0.040306 0.278284 0.295048
v -0.039446 0.273132 0.291272
v -0.033989 0.270285 0.292675
v -0.031720 0.271314 0.294735
v -0.037221 0.278783 0.297335
v -0.042175 0.277750 0.292244
v -0.035433 0.269001 0.290123
v 0.023383 0.296590 0.300266
v 0.021701 0.291202 0.301182
v 0.029263 0.295539 0.299906
v 0.024679 0.301495 0.298812
v 0.017438 0.297892 0.299997
v 0.014081 0.292821 0.301095
v 0.028690 0.290066 0.300730
v 0.029467 0.300445 0.298557
v 0.019896 0.302330 0.298557
v -0.023383 0.296590 0.300266
v -0.029263 0.295539 0.299906
v -0.021701 0.291202 0.301182
v -0.017438 0.297892 0.299997
v -0.024679 0.301495 0.298812
v -0.029467 0.300445 0.298557
v -0.028690 0.290066 0.300730
v -0.014081 0.292821 0.301095
v -0.019896 0.302330 0.298557
v 0.017252 0.274867 0.299061
v 0.008876 0.274644 0.299207
v 0.016152 0.270162 0.297147
v 0.024631 0.275150 0.298629
v 0.018502 0.280091 0.300551
v 0.009541 0.280849 0.300728
v 0.008348 0.269196 0.297232
v 0.022868 0.271176 0.296891
v 0.026305 0.279608 0.300042
v -0.017252 0.274867 0.299061
v -0.016152 0.270162 0.297147
v -0.008876 0.274644 0.299207
v -0.018502 0.280091 0.300551
v -0.024631 0.275150 0.298629
v -0.022868 0.271176 0.296891
v -0.008348 0.269196 0.297232
v -0.009541 0.280849 0.300728
v -0.026305 0.279608 0.300042
v 0.021628 0.333258 0.276696
v 0.020431 0.324268 0.275671
v 0.031183 0.326047 0.278618
v 0.024478 0.344280 0.277793
v 0.011065 0.338419 0.274617
v 0.010504 0.326676 0.274375
v 0.029206 0.319490 0.276959
v 0.035532 0.334158 0.280292
v 0.012476 0.352978 0.274762
v -0.021628 0.333258 0.276696
v -0.031183 0.326047 0.278618
v -0.020431 0.324268 0.275671
v -0.011065 0.338419 0.274617
v -0.024478 0.344280 0.277793
v -0.035532 0.334158 0.280292
v -0.029206 0.319490 0.276959
v -0.010504 0.326676 0.274375
v -0.012476 0.352978 0.274762
v 0.048313 0.298080 0.274869
v 0.045661 0.297127 0.275666
v 0.050839 0.288699 0.271724
v 0.052185 0.298824 0.272463
v 0.044577 0.307849 0.277735
v 0.041912 0.305363 0.277050
v 0.047897 0.288747 0.273897
v 0.054731 0.288346 0.267888
v 0.049246 0.310719 0.277402
v -0.048313 0.298080 0.274869
v -0.050839 0.288699 0.271724
v -0.045661 0.297127 0.275666
v -0.044577 0.307849 0.277735
v -0.052185 0.298824 0.272463
v -0.054731 0.288346 0.267888
v -0.047897 0.288747 0.273897
v -0.041912 0.305363 0.277050
v -0.049246 0.310719 0.277402
v 0.052400 0.264912 0.266028
v 0.047170 0.266395 0.270055
v 0.051754 0.257109 0.265534
v 0.058450 0.263486 0.260644
v 0.052673 0.272312 0.267091
v 0.048493 0.273473 0.270916
v 0.044967 0.258803 0.269513
v 0.058940 0.255596 0.260171
v 0.057804 0.271100 0.261880
v -0.052400 0.264912 0.266028
v -0.051754 0.257109 0.265534
v -0.047170 0.266395 0.270055
v -0.052673 0.272312 0.267091
v -0.058450 0.263486 0.260644
v -0.058940 0.255596 0.260171
v -0.044967 0.258803 0.269513
v -0.048493 0.273473 0.270916
v -0.057804 0.271100 0.261880
v 0.052438 0.224337 0.265471
v 0.042515 0.224942 0.268905
v 0.053914 0.209371 0.265380
v 0.062431 0.223638 0.260346
v 0.051536 0.237237 0.265431
v 0.042261 0.238393 0.269009
v 0.043402 0.209717 0.268840
v 0.064559 0.208949 0.260229
v 0.060774 0.236149 0.260263
v -0.052438 0.224337 0.265471
v -0.053914 0.209371 0.265380
v -0.042515 0.224942 0.268905
v -0.051536 0.237237 0.265431
v -0.062431 0.223638 0.260346
v -0.064559 0.208949 0.260229
v -0.043402 0.209717 0.268840
v -0.042261 0.238393 0.269009
v -0.060774 0.236149 0.260263
v 0.089377 0.223293 0.231209
v 0.095324 0.224550 0.218030
v 0.085884 0.235008 0.230776
v 0.081421 0.222882 0.243111
v 0.093108 0.209351 0.231513
v 0.099269 0.211013 0.218455
v 0.091586 0.235896 0.217537
v 0.078388 0.234865 0.242833
v 0.084740 0.208674 0.243212
v -0.089377 0.223293 0.231209
v -0.085884 0.235008 0.230776
v -0.095324 0.224550 0.218030
v -0.093108 0.209351 0.231513
v -0.081421 0.222882 0.243111
v -0.078388 0.234865 0.242833
v -0.091586 0.235896 0.217537
v -0.099269 0.211013 0.218455
v -0.084740 0.208674 0.243212
v 0.077994 0.260799 0.230392
v 0.083095 0.260834 0.217239
v 0.075842 0.267984 0.231340
v 0.071740 0.261307 0.242699
v 0.080231 0.253286 0.230156
v 0.085486 0.253601 0.216987
v 0.080853 0.267625 0.218042
v 0.069868 0.268807 0.243854
v 0.073617 0.253578 0.242375
v -0.077994 0.260799 0.230392
v -0.075842 0.267984 0.231340
v -0.083095 0.260834 0.217239
v -0.080231 0.253286 0.230156
v -0.071740 0.261307 0.242699
v -0.069868 0.268807 0.243854
v -0.080853 0.267625 0.218042
v -0.085486 0.253601 0.216987
v -0.073617 0.253578 0.242375
v 0.069436 0.292360 0.239861
v 0.070882 0.301267 0.242632
v 0.063262 0.295808 0.254735
v 0.070865 0.283636 0.236421
v 0.074770 0.289323 0.224271
v 0.076725 0.296694 0.225851
v 0.063328 0.307187 0.259559
v 0.065143 0.285685 0.250046
v 0.075945 0.281798 0.221895
v -0.069436 0.292360 0.239861
v -0.063262 0.295808 0.254735
v -0.070882 0.301267 0.242632
v -0.074770 0.289323 0.224271
v -0.070865 0.283636 0.236421
v -0.065143 0.285685 0.250046
v -0.063328 0.307187 0.259559
v -0.076725 0.296694 0.225851
v -0.075945 0.281798 0.221895
v 0.018628 0.083770 0.265926
v 0.019533 0.085895 0.267030
v 0.009552 0.082326 0.265859
v 0.017966 0.082226 0.264038
v 0.026754 0.084511 0.265760
v 0.028823 0.086494 0.266532
v 0.009861 0.084488 0.267120
v 0.009265 0.080841 0.263864
v 0.025537 0.082986 0.264059
v -0.018628 0.083770 0.265926
v -0.009552 0.082326 0.265859
v -0.019533 0.085895 0.267030
v -0.026754 0.084511 0.265760
v -0.017966 0.082226 0.264038
v -0.009265 0.080841 0.263864
v -0.009861 0.084488 0.267120
v -0.028823 0.086494 0.266532
v -0.025537 0.082986 0.264059
v 0.038795 0.071883 0.262542
v 0.042527 0.070857 0.262005
v 0.037051 0.078594 0.264064
v 0.036651 0.072055 0.261490
v 0.038732 0.064364 0.260808
v 0.042439 0.062632 0.260091
v 0.040703 0.078834 0.263918
v 0.035031 0.077986 0.262820
v 0.036533 0.065155 0.259862
v -0.038795 0.071883 0.262542
v -0.037051 0.078594 0.264064
v -0.042527 0.070857 0.262005
v -0.038732 0.064364 0.260808
v -0.036651 0.072055 0.261490
v -0.035031 0.077986 0.262820
v -0.040703 0.078834 0.263918
v -0.042439 0.062632 0.260091
v -0.036533 0.065155 0.259862
v 0.030381 0.045886 0.255450
v 0.033641 0.043651 0.254859
v 0.034249 0.050901 0.257161
v 0.028395 0.047516 0.254486
v 0.025815 0.041917 0.253927
v 0.028782 0.039733 0.253452
v 0.037714 0.048688 0.256467
v 0.032130 0.052404 0.256238
v 0.024023 0.043586 0.252924
v -0.030381 0.045886 0.255450
v -0.034249 0.050901 0.257161
v -0.033641 0.043651 0.254859
v -0.025815 0.041917 0.253927
v -0.028395 0.047516 0.254486
v -0.032130 0.052404 0.256238
v -0.037714 0.048688 0.256467
v -0.028782 0.039733 0.253452
v -0.024023 0.043586 0.252924
v 0.010542 0.035498 0.251223
v 0.011954 0.033406 0.250848
v 0.015736 0.036826 0.251795
v 0.009710 0.037173 0.250304
v 0.005286 0.034808 0.250917
v 0.006009 0.032704 0.250516
v 0.017774 0.034733 0.251434
v 0.014529 0.038494 0.250814
v 0.004862 0.036487 0.250058
v -0.010542 0.035498 0.251223
v -0.015736 0.036826 0.251795
v -0.011954 0.033406 0.250848
v -0.005286 0.034808 0.250917
v -0.009710 0.037173 0.250304
v -0.014529 0.038494 0.250814
v -0.017774 0.034733 0.251434
v -0.006009 0.032704 0.250516
v -0.004862 0.036487 0.250058
v 0.008979 0.041985 0.240997
v 0.008987 0.040097 0.244777
v 0.013442 0.043244 0.241279
v 0.009317 0.044732 0.237580
v 0.004495 0.041309 0.240895
v 0.004495 0.039423 0.244645
v 0.013474 0.041384 0.245127
v 0.013875 0.045959 0.237807
v 0.004678 0.044033 0.237490
v -0.008979 0.041985 0.240997
v -0.013442 0.043244 0.241279
v -0.008987 0.040097 0.244777
v -0.004495 0.041309 0.240895
v -0.009317 0.044732 0.237580
v -0.013875 0.045959 0.237807
v -0.013474 0.041384 0.245127
v -0.004495 0.039423 0.244645
v -0.004678 0.044033 0.237490
v 0.026329 0.051388 0.243942
v 0.026595 0.050004 0.248260
v 0.029802 0.055588 0.245472
v 0.026430 0.053220 0.239962
v 0.022260 0.047912 0.242720
v 0.022418 0.046292 0.246870
v 0.030204 0.054513 0.249863
v 0.029559 0.056883 0.241588
v 0.022590 0.050179 0.238893
v -0.026329 0.051388 0.243942
v -0.029802 0.055588 0.245472
v -0.026595 0.050004 0.248260
v -0.022260 0.047912 0.242720
v -0.026430 0.053220 0.239962
v -0.029559 0.056883 0.241588
v -0.030204 0.054513 0.249863
v -0.022418 0.046292 0.246870
v -0.022590 0.050179 0.238893
v 0.034327 0.071405 0.250120
v 0.034851 0.071722 0.254885
v 0.032924 0.075974 0.251377
v 0.033654 0.070606 0.245343
v 0.034067 0.065988 0.248683
v 0.034607 0.065797 0.253302
v 0.033426 0.076748 0.256169
v 0.032222 0.074546 0.246426
v 0.033412 0.065919 0.244386
v -0.034327 0.071405 0.250120
v -0.032924 0.075974 0.251377
v -0.034851 0.071722 0.254885
v -0.034067 0.065988 0.248683
v -0.033654 0.070606 0.245343
v -0.032222 0.074546 0.246426
v -0.033426 0.076748 0.256169
v -0.034607 0.065797 0.253302
v -0.033412 0.065919 0.244386
v 0.016977 0.078760 0.252306
v 0.017243 0.080082 0.257078
v 0.008761 0.077522 0.252018
v 0.016541 0.076579 0.247353
v 0.024106 0.079551 0.252459
v 0.024482 0.080830 0.257224
v 0.008898 0.078823 0.256800
v 0.008531 0.075360 0.247076
v 0.023507 0.077436 0.247496
v -0.016977 0.078760 0.252306
v -0.008761 0.077522 0.252018
v -0.017243 0.080082 0.257078
v -0.024106 0.079551 0.252459
v -0.016541 0.076579 0.247353
v -0.008531 0.075360 0.247076
v -0.008898 0.078823 0.256800
v -0.024482 0.080830 0.257224
v -0.023507 0.077436 0.247496
v 0.012898 0.061090 0.236266
v 0.006605 0.060109 0.236091
v 0.011358 0.054525 0.234962
v 0.018565 0.062199 0.236424
v 0.014454 0.067554 0.238944
v 0.007430 0.066462 0.238728
v 0.005779 0.053665 0.234829
v 0.016535 0.055683 0.235131
v 0.020663 0.068583 0.239087
v -0.012898 0.061090 0.236266
v -0.011358 0.054525 0.234962
v -0.006605 0.060109 0.236091
v -0.014454 0.067554 0.238944
v -0.018565 0.062199 0.236424
v -0.016535 0.055683 0.235131
v -0.005779 0.053665 0.234829
v -0.007430 0.066462 0.238728
v -0.020663 0.068583 0.239087
v 0.028578 0.062973 0.236637
v 0.026775 0.063220 0.236291
v 0.027967 0.059698 0.236090
v 0.030650 0.065916 0.238008
v 0.029011 0.068079 0.238506
v 0.024883 0.058068 0.235422
v 0.030476 0.062433 0.237888
v -0.028578 0.062973 0.236637
v -0.027967 0.059698 0.236090
v -0.026775 0.063220 0.236291
v -0.030650 0.065916 0.238008
v -0.030476 0.062433 0.237888
v -0.024883 0.058068 0.235422
v -0.029011 0.068079 0.238506
v 0.061126 0.433901 0.280183
v 0.056205 0.432183 0.278584
v 0.063446 0.427766 0.279605
v 0.064550 0.435194 0.281396
v 0.059281 0.440483 0.280835
v 0.054181 0.439307 0.279401
v 0.058722 0.425513 0.277899
v 0.066634 0.429343 0.280915
v 0.062953 0.441463 0.281947
v -0.061126 0.433901 0.280183
v -0.063446 0.427766 0.279605
v -0.056205 0.432183 0.278584
v -0.059281 0.440483 0.280835
v -0.064550 0.435194 0.281396
v -0.066634 0.429343 0.280915
v -0.058722 0.425513 0.277899
v -0.054181 0.439307 0.279401
v -0.062953 0.441463 0.281947
v 0.056947 0.462814 0.282554
v 0.051294 0.463196 0.281892
v 0.057136 0.454977 0.282050
v 0.061322 0.462729 0.283260
v 0.057452 0.470947 0.283010
v 0.051693 0.471816 0.282646
v 0.051658 0.454856 0.281098
v 0.061302 0.455269 0.282910
v 0.061979 0.470451 0.283552
v -0.056947 0.462814 0.282554
v -0.057136 0.454977 0.282050
v -0.051294 0.463196 0.281892
v -0.057452 0.470947 0.283010
v -0.061322 0.462729 0.283260
v -0.061302 0.455269 0.282910
v -0.051658 0.454856 0.281098
v -0.051693 0.471816 0.282646
v -0.061979 0.470451 0.283552
v 0.063848 0.496202 0.284158
v 0.058550 0.498465 0.284547
v 0.060857 0.487815 0.283847
v 0.068274 0.494231 0.284226
v 0.067709 0.504193 0.284283
v 0.062793 0.506951 0.284836
v 0.055270 0.489613 0.284022
v 0.065419 0.486368 0.284057
v 0.071909 0.501699 0.284252
v -0.063848 0.496202 0.284158
v -0.060857 0.487815 0.283847
v -0.058550 0.498465 0.284547
v -0.067709 0.504193 0.284283
v -0.068274 0.494231 0.284226
v -0.065419 0.486368 0.284057
v -0.055270 0.489613 0.284022
v -0.062793 0.506951 0.284836
v -0.071909 0.501699 0.284252
v 0.073583 0.411888 0.278695
v 0.069753 0.408186 0.277024
v 0.079408 0.407014 0.278036
v 0.076197 0.414118 0.280353
v 0.069386 0.416850 0.278974
v 0.065189 0.413587 0.277257
v 0.076037 0.402946 0.276374
v 0.081793 0.409448 0.279837
v 0.072184 0.418885 0.280502
v -0.073583 0.411888 0.278695
v -0.079408 0.407014 0.278036
v -0.069753 0.408186 0.277024
v -0.069386 0.416850 0.278974
v -0.076197 0.414118 0.280353
v -0.081793 0.409448 0.279837
v -0.076037 0.402946 0.276374
v -0.065189 0.413587 0.277257
v -0.072184 0.418885 0.280502
v 0.111114 0.391952 0.271376
v 0.109784 0.387417 0.269061
v 0.124680 0.388188 0.268043
v 0.112215 0.395229 0.273671
v 0.098374 0.396797 0.274367
v 0.096264 0.392305 0.272383
v 0.124175 0.383716 0.265354
v 0.125207 0.391720 0.270514
v 0.100003 0.399770 0.276489
v -0.111114 0.391952 0.271376
v -0.124680 0.388188 0.268043
v -0.109784 0.387417 0.269061
v -0.098374 0.396797 0.274367
v -0.112215 0.395229 0.273671
v -0.125207 0.391720 0.270514
v -0.124175 0.383716 0.265354
v -0.096264 0.392305 0.272383
v -0.100003 0.399770 0.276489
v 0.161580 0.389290 0.258805
v 0.163457 0.385568 0.255226
v 0.172382 0.393947 0.256075
v 0.160459 0.392806 0.261759
v 0.150251 0.386629 0.261645
v 0.151374 0.382569 0.258290
v 0.174962 0.390642 0.252362
v 0.170742 0.397189 0.259116
v 0.149654 0.390298 0.264460
v -0.161580 0.389290 0.258805
v -0.172382 0.393947 0.256075
v -0.163457 0.385568 0.255226
v -0.150251 0.386629 0.261645
v -0.160459 0.392806 0.261759
v -0.170742 0.397189 0.259116
v -0.174962 0.390642 0.252362
v -0.151374 0.382569 0.258290
v -0.149654 0.390298 0.264460
v 0.203965 0.417462 0.247907
v 0.208261 0.415800 0.244419
v 0.213034 0.427250 0.245634
v 0.200708 0.419352 0.250720
v 0.193733 0.408361 0.250559
v 0.197528 0.406100 0.246904
v 0.217756 0.426212 0.242352
v 0.209282 0.428597 0.248280
v 0.191015 0.410766 0.253520
v -0.203965 0.417462 0.247907
v -0.213034 0.427250 0.245634
v -0.208261 0.415800 0.244419
v -0.193733 0.408361 0.250559
v -0.200708 0.419352 0.250720
v -0.209282 0.428597 0.248280
v -0.217756 0.426212 0.242352
v -0.197528 0.406100 0.246904
v -0.191015 0.410766 0.253520
v 0.227780 0.456696 0.242998
v 0.233279 0.457465 0.240253
v 0.228735 0.465764 0.243364
v 0.223111 0.456510 0.245385
v 0.225086 0.447157 0.243146
v 0.230415 0.447357 0.240242
v 0.234303 0.467034 0.240792
v 0.223983 0.465142 0.245711
v 0.220611 0.447449 0.245574
v -0.227780 0.456696 0.242998
v -0.228735 0.465764 0.243364
v -0.233279 0.457465 0.240253
v -0.225086 0.447157 0.243146
v -0.223111 0.456510 0.245385
v -0.223983 0.465142 0.245711
v -0.234303 0.467034 0.240792
v -0.230415 0.447357 0.240242
v -0.220611 0.447449 0.245574
v 0.223943 0.488928 0.246338
v 0.229013 0.491129 0.244545
v 0.219026 0.495415 0.248423
v 0.219596 0.487285 0.248355
v 0.226878 0.481898 0.244980
v 0.232239 0.483868 0.242902
v 0.223673 0.497846 0.246858
v 0.215038 0.493488 0.250344
v 0.222285 0.480554 0.247133
v -0.223943 0.488928 0.246338
v -0.219026 0.495415 0.248423
v -0.229013 0.491129 0.244545
v -0.226878 0.481898 0.244980
v -0.219596 0.487285 0.248355
v -0.215038 0.493488 0.250344
v -0.223673 0.497846 0.246858
v -0.232239 0.483868 0.242902
v -0.222285 0.480554 0.247133
v 0.189135 0.512577 0.260788
v 0.191723 0.516173 0.259136
v 0.176226 0.517555 0.265627
v 0.186867 0.509731 0.263032
v 0.201310 0.507203 0.255854
v 0.204684 0.510322 0.254335
v 0.178023 0.521663 0.263886
v 0.174618 0.514381 0.268003
v 0.198389 0.504680 0.257912
v -0.189135 0.512577 0.260788
v -0.176226 0.517555 0.265627
v -0.191723 0.516173 0.259136
v -0.201310 0.507203 0.255854
v -0.186867 0.509731 0.263032
v -0.174618 0.514381 0.268003
v -0.178023 0.521663 0.263886
v -0.204684 0.510322 0.254335
v -0.198389 0.504680 0.257912
v 0.142834 0.529624 0.273862
v 0.142820 0.535110 0.273011
v 0.134045 0.532330 0.274837
v 0.142763 0.525541 0.275537
v 0.152638 0.526166 0.272289
v 0.153117 0.531249 0.270950
v 0.133600 0.538140 0.274516
v 0.134346 0.528015 0.276053
v 0.152142 0.522362 0.274378
v -0.142834 0.529624 0.273862
v -0.134045 0.532330 0.274837
v -0.142820 0.535110 0.273011
v -0.152638 0.526166 0.272289
v -0.142763 0.525541 0.275537
v -0.134346 0.528015 0.276053
v -0.133600 0.538140 0.274516
v -0.153117 0.531249 0.270950
v -0.152142 0.522362 0.274378
v 0.111505 0.534685 0.277961
v 0.109824 0.540807 0.278515
v 0.104667 0.533399 0.279283
v 0.112869 0.530094 0.278403
v 0.118576 0.534932 0.276718
v 0.117317 0.541076 0.277131
v 0.102548 0.539356 0.279894
v 0.106413 0.528875 0.279653
v 0.119576 0.530354 0.277291
v -0.111505 0.534685 0.277961
v -0.104667 0.533399 0.279283
v -0.109824 0.540807 0.278515
v -0.118576 0.534932 0.276718
v -0.112869 0.530094 0.278403
v -0.106413 0.528875 0.279653
v -0.102548 0.539356 0.279894
v -0.117317 0.541076 0.277131
v -0.119576 0.530354 0.277291
v 0.084369 0.523285 0.282828
v 0.080839 0.527849 0.283526
v 0.078087 0.517884 0.283629
v 0.087432 0.519467 0.282907
v 0.091055 0.527689 0.281795
v 0.088008 0.532843 0.282463
v 0.074076 0.521811 0.284332
v 0.081587 0.514450 0.283609
v 0.093662 0.523555 0.281993
v -0.084369 0.523285 0.282828
v -0.078087 0.517884 0.283629
v -0.080839 0.527849 0.283526
v -0.091055 0.527689 0.281795
v -0.087432 0.519467 0.282907
v -0.081587 0.514450 0.283609
v -0.074076 0.521811 0.284332
v -0.088008 0.532843 0.282463
v -0.093662 0.523555 0.281993
v 0.093959 0.511444 0.281568
v 0.092168 0.513664 0.282552
v 0.089129 0.507128 0.281648
v 0.095519 0.509496 0.280261
v 0.099062 0.515023 0.281302
v 0.097606 0.517408 0.282038
v 0.087045 0.509129 0.282876
v 0.090955 0.505391 0.280078
v 0.100312 0.512913 0.280261
v -0.093959 0.511444 0.281568
v -0.089129 0.507128 0.281648
v -0.092168 0.513664 0.282552
v -0.099062 0.515023 0.281302
v -0.095519 0.509496 0.280261
v -0.090955 0.505391 0.280078
v -0.087045 0.509129 0.282876
v -0.097606 0.517408 0.282038
v -0.100312 0.512913 0.280261
v 0.115311 0.520964 0.278787
v 0.114726 0.523546 0.279137
v 0.109727 0.519793 0.279846
v 0.115758 0.518658 0.278151
v 0.121216 0.521356 0.277810
v 0.120861 0.523887 0.278163
v 0.108889 0.522362 0.280250
v 0.110403 0.517500 0.279160
v 0.121457 0.519105 0.277142
v -0.115311 0.520964 0.278787
v -0.109727 0.519793 0.279846
v -0.114726 0.523546 0.279137
v -0.121216 0.521356 0.277810
v -0.115758 0.518658 0.278151
v -0.110403 0.517500 0.279160
v -0.108889 0.522362 0.280250
v -0.120861 0.523887 0.278163
v -0.121457 0.519105 0.277142
v 0.142029 0.518094 0.276778
v 0.142350 0.520048 0.277348
v 0.134449 0.519900 0.276996
v 0.141662 0.516457 0.275617
v 0.150434 0.515597 0.275878
v 0.151042 0.517317 0.276534
v 0.134529 0.522098 0.277475
v 0.134300 0.518005 0.276041
v 0.149803 0.514198 0.274528
v -0.142029 0.518094 0.276778
v -0.134449 0.519900 0.276996
v -0.142350 0.520048 0.277348
v -0.150434 0.515597 0.275878
v -0.141662 0.516457 0.275617
v -0.134300 0.518005 0.276041
v -0.134529 0.522098 0.277475
v -0.151042 0.517317 0.276534
v -0.149803 0.514198 0.274528
v 0.180948 0.504243 0.264487
v 0.182842 0.505695 0.265211
v 0.170272 0.508602 0.269605
v 0.179101 0.503017 0.263038
v 0.190938 0.499468 0.259193
v 0.193297 0.500919 0.259884
v 0.171682 0.510069 0.270342
v 0.168884 0.507409 0.268106
v 0.188653 0.498190 0.257832
v -0.180948 0.504243 0.264487
v -0.170272 0.508602 0.269605
v -0.182842 0.505695 0.265211
v -0.190938 0.499468 0.259193
v -0.179101 0.503017 0.263038
v -0.168884 0.507409 0.268106
v -0.171682 0.510069 0.270342
v -0.193297 0.500919 0.259884
v -0.188653 0.498190 0.257832
v 0.209177 0.483630 0.249643
v 0.212349 0.484762 0.250212
v 0.205283 0.489148 0.251522
v 0.206186 0.482549 0.248475
v 0.211463 0.477750 0.248587
v 0.214717 0.478627 0.249106
v 0.208296 0.490461 0.252133
v 0.202413 0.487915 0.250310
v 0.208422 0.476907 0.247466
v -0.209177 0.483630 0.249643
v -0.205283 0.489148 0.251522
v -0.212349 0.484762 0.250212
v -0.211463 0.477750 0.248587
v -0.206186 0.482549 0.248475
v -0.202413 0.487915 0.250310
v -0.208296 0.490461 0.252133
v -0.214717 0.478627 0.249106
v -0.208422 0.476907 0.247466
v 0.212249 0.457182 0.247304
v 0.215497 0.456889 0.247586
v 0.212943 0.464540 0.247498
v 0.209225 0.457517 0.246468
v 0.210174 0.449407 0.247612
v 0.213318 0.448687 0.247821
v 0.216231 0.464684 0.247867
v 0.209890 0.464431 0.246548
v 0.207230 0.450167 0.246870
v -0.212249 0.457182 0.247304
v -0.212943 0.464540 0.247498
v -0.215497 0.456889 0.247586
v -0.210174 0.449407 0.247612
v -0.209225 0.457517 0.246468
v -0.209890 0.464431 0.246548
v -0.216231 0.464684 0.247867
v -0.213318 0.448687 0.247821
v -0.207230 0.450167 0.246870
v 0.193286 0.424572 0.253061
v 0.195605 0.422987 0.253277
v 0.200599 0.432860 0.250536
v 0.191061 0.426063 0.252247
v 0.184967 0.416832 0.255906
v 0.186887 0.415078 0.256181
v 0.203273 0.431487 0.250711
v 0.198056 0.434205 0.249805
v 0.183103 0.418426 0.254988
v -0.193286 0.424572 0.253061
v -0.200599 0.432860 0.250536
v -0.195605 0.422987 0.253277
v -0.184967 0.416832 0.255906
v -0.191061 0.426063 0.252247
v -0.198056 0.434205 0.249805
v -0.203273 0.431487 0.250711
v -0.186887 0.415078 0.256181
v -0.183103 0.418426 0.254988
v 0.158243 0.400795 0.263865
v 0.158980 0.398574 0.264305
v 0.167331 0.404677 0.261387
v 0.157509 0.402751 0.262740
v 0.148608 0.398528 0.266346
v 0.148966 0.396215 0.266845
v 0.168448 0.402602 0.261777
v 0.166224 0.406501 0.260309
v 0.148244 0.400584 0.265171
v -0.158243 0.400795 0.263865
v -0.167331 0.404677 0.261387
v -0.158980 0.398574 0.264305
v -0.148608 0.398528 0.266346
v -0.157509 0.402751 0.262740
v -0.166224 0.406501 0.260309
v -0.168448 0.402602 0.261777
v -0.148966 0.396215 0.266845
v -0.148244 0.400584 0.265171
v 0.114783 0.402006 0.274689
v 0.114004 0.399976 0.275494
v 0.126580 0.399297 0.271850
v 0.115517 0.403898 0.273197
v 0.103629 0.405678 0.277162
v 0.102525 0.403852 0.278094
v 0.126170 0.397087 0.272532
v 0.126961 0.401318 0.270491
v 0.104669 0.407418 0.275537
v -0.114783 0.402006 0.274689
v -0.126580 0.399297 0.271850
v -0.114004 0.399976 0.275494
v -0.103629 0.405678 0.277162
v -0.115517 0.403898 0.273197
v -0.126961 0.401318 0.270491
v -0.126170 0.397087 0.272532
v -0.102525 0.403852 0.278094
v -0.104669 0.407418 0.275537
v 0.081438 0.418562 0.279848
v 0.079844 0.417087 0.281087
v 0.086738 0.414152 0.279742
v 0.082940 0.420031 0.277968
v 0.077651 0.423151 0.279587
v 0.075991 0.421729 0.280915
v 0.085233 0.412613 0.280892
v 0.088157 0.415674 0.277922
v 0.079213 0.424572 0.277647
v -0.081438 0.418562 0.279848
v -0.086738 0.414152 0.279742
v -0.079844 0.417087 0.281087
v -0.077651 0.423151 0.279587
v -0.082940 0.420031 0.277968
v -0.088157 0.415674 0.277922
v -0.085233 0.412613 0.280892
v -0.075991 0.421729 0.280915
v -0.079213 0.424572 0.277647
v 0.077175 0.490300 0.281591
v 0.074810 0.491307 0.283159
v 0.074297 0.483767 0.281508
v 0.079179 0.489475 0.279607
v 0.080655 0.496464 0.281625
v 0.078285 0.497846 0.283151
v 0.071978 0.484395 0.283094
v 0.076232 0.483283 0.279482
v 0.082699 0.495300 0.279711
v -0.077175 0.490300 0.281591
v -0.074297 0.483767 0.281508
v -0.074810 0.491307 0.283159
v -0.080655 0.496464 0.281625
v -0.079179 0.489475 0.279607
v -0.076232 0.483283 0.279482
v -0.071978 0.484395 0.283094
v -0.078285 0.497846 0.283151
v -0.082699 0.495300 0.279711
v 0.069836 0.463332 0.280790
v 0.067525 0.463050 0.282526
v 0.069587 0.456648 0.280430
v 0.071828 0.463663 0.278507
v 0.070639 0.470156 0.281107
v 0.068354 0.470131 0.282772
v 0.067265 0.456141 0.282222
v 0.071645 0.457184 0.278059
v 0.072562 0.470256 0.278931
v -0.069836 0.463332 0.280790
v -0.069587 0.456648 0.280430
v -0.067525 0.463050 0.282526
v -0.070639 0.470156 0.281107
v -0.071828 0.463663 0.278507
v -0.071645 0.457184 0.278059
v -0.067265 0.456141 0.282222
v -0.068354 0.470131 0.282772
v -0.072562 0.470256 0.278931
v 0.071368 0.438448 0.279390
v 0.069332 0.437361 0.281052
v 0.072869 0.433058 0.279232
v 0.073262 0.439537 0.277131
v 0.070366 0.444161 0.279685
v 0.068182 0.443252 0.281442
v 0.070991 0.431819 0.280777
v 0.074626 0.434296 0.277096
v 0.072379 0.445075 0.277325
v -0.071368 0.438448 0.279390
v -0.072869 0.433058 0.279232
v -0.069332 0.437361 0.281052
v -0.070366 0.444161 0.279685
v -0.073262 0.439537 0.277131
v -0.074626 0.434296 0.277096
v -0.070991 0.431819 0.280777
v -0.068182 0.443252 0.281442
v -0.072379 0.445075 0.277325
v 0.016261 0.535410 0.246986
v 0.015025 0.535598 0.258617
v 0.024929 0.542854 0.247451
v 0.017683 0.535447 0.235955
v 0.008023 0.531157 0.246571
v 0.007476 0.531100 0.258107
v 0.022716 0.543358 0.259323
v 0.028380 0.542328 0.235825
v 0.008470 0.531650 0.235724
v -0.016261 0.535410 0.246986
v -0.024929 0.542854 0.247451
v -0.015025 0.535598 0.258617
v -0.008023 0.531157 0.246571
v -0.017683 0.535447 0.235955
v -0.028380 0.542328 0.235825
v -0.022716 0.543358 0.259323
v -0.007476 0.531100 0.258107
v -0.008470 0.531650 0.235724
v 0.051128 0.584648 0.249699
v 0.047585 0.586000 0.261452
v 0.060268 0.600333 0.250198
v 0.057809 0.582788 0.238650
v 0.042374 0.568410 0.248896
v 0.038815 0.569457 0.260882
v 0.057220 0.602217 0.261650
v 0.065697 0.597248 0.240081
v 0.049035 0.567082 0.237109
v -0.051128 0.584648 0.249699
v -0.060268 0.600333 0.250198
v -0.047585 0.586000 0.261452
v -0.042374 0.568410 0.248896
v -0.057809 0.582788 0.238650
v -0.065697 0.597248 0.240081
v -0.057220 0.602217 0.261650
v -0.038815 0.569457 0.260882
v -0.049035 0.567082 0.237109
v 0.095336 0.627691 0.246900
v 0.093613 0.631008 0.258491
v 0.109123 0.628722 0.244753
v 0.097565 0.621382 0.236517
v 0.082284 0.622705 0.248787
v 0.080245 0.625702 0.260229
v 0.107800 0.632066 0.256146
v 0.110362 0.622613 0.235000
v 0.085237 0.617017 0.238797
v -0.095336 0.627691 0.246900
v -0.109123 0.628722 0.244753
v -0.093613 0.631008 0.258491
v -0.082284 0.622705 0.248787
v -0.097565 0.621382 0.236517
v -0.110362 0.622613 0.235000
v -0.107800 0.632066 0.256146
v -0.080245 0.625702 0.260229
v -0.085237 0.617017 0.238797
v 0.152154 0.608298 0.234691
v 0.152724 0.611265 0.245992
v 0.167769 0.596389 0.230107
v 0.148489 0.603549 0.224992
v 0.137480 0.618471 0.238722
v 0.137385 0.621562 0.249862
v 0.168770 0.599248 0.241652
v 0.163254 0.591780 0.219529
v 0.135498 0.613394 0.229633
v -0.152154 0.608298 0.234691
v -0.167769 0.596389 0.230107
v -0.152724 0.611265 0.245992
v -0.137480 0.618471 0.238722
v -0.148489 0.603549 0.224992
v -0.163254 0.591780 0.219529
v -0.168770 0.599248 0.241652
v -0.137385 0.621562 0.249862
v -0.135498 0.613394 0.229633
v 0.221588 0.562355 0.214045
v 0.222655 0.564147 0.226198
v 0.239600 0.552979 0.208713
v 0.219287 0.559545 0.201236
v 0.202892 0.572733 0.219592
v 0.203996 0.574983 0.231607
v 0.240976 0.554412 0.220909
v 0.237284 0.550674 0.195613
v 0.199535 0.569121 0.207328
v -0.221588 0.562355 0.214045
v -0.239600 0.552979 0.208713
v -0.222655 0.564147 0.226198
v -0.202892 0.572733 0.219592
v -0.219287 0.559545 0.201236
v -0.237284 0.550674 0.195613
v -0.240976 0.554412 0.220909
v -0.203996 0.574983 0.231607
v -0.199535 0.569121 0.207328
v 0.284095 0.530977 0.195864
v 0.286448 0.531808 0.207621
v 0.294103 0.522216 0.191247
v 0.280256 0.529443 0.183096
v 0.271363 0.537980 0.199838
v 0.273497 0.538954 0.211827
v 0.296568 0.522912 0.202710
v 0.289986 0.520952 0.178802
v 0.267969 0.536225 0.186806
v -0.284095 0.530977 0.195864
v -0.294103 0.522216 0.191247
v -0.286448 0.531808 0.207621
v -0.271363 0.537980 0.199838
v -0.280256 0.529443 0.183096
v -0.289986 0.520952 0.178802
v -0.296568 0.522912 0.202710
v -0.273497 0.538954 0.211827
v -0.267969 0.536225 0.186806
v 0.303575 0.472977 0.168699
v 0.305736 0.473046 0.179149
v 0.299403 0.451322 0.161295
v 0.300223 0.473304 0.156892
v 0.304079 0.493147 0.177223
v 0.306429 0.493465 0.187987
v 0.301338 0.451141 0.171555
v 0.296694 0.452254 0.149413
v 0.300214 0.492835 0.165317
v -0.303575 0.472977 0.168699
v -0.299403 0.451322 0.161295
v -0.305736 0.473046 0.179149
v -0.304079 0.493147 0.177223
v -0.300223 0.473304 0.156892
v -0.296694 0.452254 0.149413
v -0.301338 0.451141 0.171555
v -0.306429 0.493465 0.187987
v -0.300214 0.492835 0.165317
v 0.265747 0.392767 0.158866
v 0.267115 0.392092 0.169798
v 0.249605 0.377048 0.163179
v 0.264865 0.394412 0.145491
v 0.280035 0.410374 0.156238
v 0.281569 0.409815 0.166785
v 0.250792 0.376286 0.174433
v 0.249141 0.378625 0.149298
v 0.278622 0.411982 0.143496
v -0.265747 0.392767 0.158866
v -0.249605 0.377048 0.163179
v -0.267115 0.392092 0.169798
v -0.280035 0.410374 0.156238
v -0.264865 0.394412 0.145491
v -0.249141 0.378625 0.149298
v -0.250792 0.376286 0.174433
v -0.281569 0.409815 0.166785
v -0.278622 0.411982 0.143496
v 0.197905 0.340776 0.174758
v 0.198288 0.339829 0.185206
v 0.179638 0.331640 0.177722
v 0.197633 0.342050 0.161955
v 0.215411 0.351202 0.171595
v 0.216070 0.350279 0.182644
v 0.179870 0.330797 0.187368
v 0.178715 0.332568 0.166466
v 0.215337 0.352618 0.157875
v -0.197905 0.340776 0.174758
v -0.179638 0.331640 0.177722
v -0.198288 0.339829 0.185206
v -0.215411 0.351202 0.171595
v -0.197633 0.342050 0.161955
v -0.178715 0.332568 0.166466
v -0.179870 0.330797 0.187368
v -0.216070 0.350279 0.182644
v -0.215337 0.352618 0.157875
v 0.028385 0.176436 0.107280
v 0.014379 0.173436 0.106343
v 0.030381 0.185689 0.100678
v 0.041645 0.180641 0.109379
v 0.026652 0.164810 0.112980
v 0.013439 0.162187 0.111606
v 0.015457 0.182277 0.100185
v 0.044239 0.190465 0.102524
v 0.039412 0.168506 0.115356
v -0.028385 0.176436 0.107280
v -0.030381 0.185689 0.100678
v -0.014379 0.173436 0.106343
v -0.026652 0.164810 0.112980
v -0.041645 0.180641 0.109379
v -0.044239 0.190465 0.102524
v -0.015457 0.182277 0.100185
v -0.013439 0.162187 0.111606
v -0.039412 0.168506 0.115356
v 0.025192 0.114694 0.123757
v 0.012591 0.112358 0.122053
v 0.025012 0.133563 0.120926
v 0.037815 0.118000 0.126095
v 0.025806 0.094960 0.126854
v 0.012889 0.092537 0.125412
v 0.012522 0.131273 0.119129
v 0.037439 0.136811 0.123475
v 0.038781 0.098374 0.128795
v -0.025192 0.114694 0.123757
v -0.025012 0.133563 0.120926
v -0.012591 0.112358 0.122053
v -0.025806 0.094960 0.126854
v -0.037815 0.118000 0.126095
v -0.037439 0.136811 0.123475
v -0.012522 0.131273 0.119129
v -0.012889 0.092537 0.125412
v -0.038781 0.098374 0.128795
v 0.028641 0.040015 0.144382
v 0.014311 0.037749 0.144436
v 0.027641 0.056787 0.136934
v 0.043009 0.043190 0.144198
v 0.029633 0.025712 0.153030
v 0.014815 0.023645 0.153621
v 0.013806 0.054376 0.136420
v 0.041533 0.060166 0.137556
v 0.044457 0.028610 0.152084
v -0.028641 0.040015 0.144382
v -0.027641 0.056787 0.136934
v -0.014311 0.037749 0.144436
v -0.029633 0.025712 0.153030
v -0.043009 0.043190 0.144198
v -0.041533 0.060166 0.137556
v -0.013806 0.054376 0.136420
v -0.014815 0.023645 0.153621
v -0.044457 0.028610 0.152084
v 0.032079 0.003213 0.183013
v 0.032508 0.001714 0.193070
v 0.016088 0.001800 0.184398
v 0.031411 0.007284 0.172707
v 0.047877 0.005226 0.180967
v 0.048390 0.003486 0.191060
v 0.016329 0.000481 0.194443
v 0.015733 0.005664 0.173986
v 0.046980 0.009575 0.170798
v -0.032079 0.003213 0.183013
v -0.016088 0.001800 0.184398
v -0.032508 0.001714 0.193070
v -0.047877 0.005226 0.180967
v -0.031411 0.007284 0.172707
v -0.015733 0.005664 0.173986
v -0.016329 0.000481 0.194443
v -0.048390 0.003486 0.191060
v -0.046980 0.009575 0.170798
v 0.092346 0.013063 0.172975
v 0.092265 0.010555 0.183349
v 0.078505 0.010031 0.175680
v 0.091265 0.018122 0.163377
v 0.104016 0.017178 0.170679
v 0.103993 0.014287 0.181015
v 0.078663 0.007797 0.185969
v 0.077573 0.014941 0.165753
v 0.102183 0.022182 0.161892
v -0.092346 0.013063 0.172975
v -0.078505 0.010031 0.175680
v -0.092265 0.010555 0.183349
v -0.104016 0.017178 0.170679
v -0.091265 0.018122 0.163377
v -0.077573 0.014941 0.165753
v -0.078663 0.007797 0.185969
v -0.103993 0.014287 0.181015
v -0.102183 0.022182 0.161892
v 0.120745 0.041711 0.166305
v 0.122744 0.035283 0.177962
v 0.118201 0.031214 0.167250
v 0.115807 0.048449 0.156302
v 0.121176 0.054445 0.166143
v 0.124209 0.046165 0.178412
v 0.119267 0.026397 0.178217
v 0.114292 0.036860 0.158315
v 0.115196 0.062861 0.155341
v -0.120745 0.041711 0.166305
v -0.118201 0.031214 0.167250
v -0.122744 0.035283 0.177962
v -0.121176 0.054445 0.166143
v -0.115807 0.048449 0.156302
v -0.114292 0.036860 0.158315
v -0.119267 0.026397 0.178217
v -0.124209 0.046165 0.178412
v -0.115196 0.062861 0.155341
v 0.116601 0.103266 0.169463
v 0.121830 0.091133 0.183323
v 0.118654 0.085566 0.167886
v 0.108586 0.115254 0.156783
v 0.114239 0.121830 0.171165
v 0.119737 0.109440 0.185442
v 0.123384 0.074236 0.181256
v 0.111068 0.096895 0.155800
v 0.106046 0.133910 0.157944
v -0.116601 0.103266 0.169463
v -0.118654 0.085566 0.167886
v -0.121830 0.091133 0.183323
v -0.114239 0.121830 0.171165
v -0.108586 0.115254 0.156783
v -0.111068 0.096895 0.155800
v -0.123384 0.074236 0.181256
v -0.119737 0.109440 0.185442
v -0.106046 0.133910 0.157944
v 0.075619 0.128405 0.134363
v 0.077917 0.109064 0.135357
v 0.063168 0.125752 0.131163
v 0.073884 0.147100 0.133382
v 0.087532 0.128440 0.139135
v 0.090153 0.109279 0.139471
v 0.065017 0.106309 0.132785
v 0.061979 0.144471 0.129483
v 0.085314 0.147120 0.138909
v -0.075619 0.128405 0.134363
v -0.063168 0.125752 0.131163
v -0.077917 0.109064 0.135357
v -0.087532 0.128440 0.139135
v -0.073884 0.147100 0.133382
v -0.061979 0.144471 0.129483
v -0.065017 0.106309 0.132785
v -0.090153 0.109279 0.139471
v -0.085314 0.147120 0.138909
v 0.085712 0.053346 0.143155
v 0.097942 0.054721 0.144744
v 0.087768 0.038303 0.148310
v 0.071940 0.050460 0.143155
v 0.083215 0.070776 0.139405
v 0.095749 0.071576 0.141948
v 0.098972 0.040758 0.148958
v 0.074133 0.035260 0.149241
v 0.069604 0.067918 0.138427
v -0.085712 0.053346 0.143155
v -0.087768 0.038303 0.148310
v -0.097942 0.054721 0.144744
v -0.083215 0.070776 0.139405
v -0.071940 0.050460 0.143155
v -0.074133 0.035260 0.149241
v -0.098972 0.040758 0.148958
v -0.095749 0.071576 0.141948
v -0.069604 0.067918 0.138427
v 0.073951 0.194001 0.126256
v 0.082719 0.195481 0.135750
v 0.073093 0.180228 0.129437
v 0.064430 0.190284 0.118678
v 0.075203 0.205813 0.122652
v 0.082825 0.208193 0.133955
v 0.082928 0.180970 0.137303
v 0.062667 0.177083 0.123383
v 0.066623 0.201381 0.113349
v -0.073951 0.194001 0.126256
v -0.073093 0.180228 0.129437
v -0.082719 0.195481 0.135750
v -0.075203 0.205813 0.122652
v -0.064430 0.190284 0.118678
v -0.062667 0.177083 0.123383
v -0.082928 0.180970 0.137303
v -0.082825 0.208193 0.133955
v -0.066623 0.201381 0.113349
v 0.106715 0.178267 0.174782
v 0.111719 0.168626 0.189630
v 0.109239 0.159854 0.173917
v 0.099472 0.187225 0.160381
v 0.104108 0.195447 0.175405
v 0.108626 0.187438 0.190200
v 0.114600 0.148794 0.188698
v 0.101459 0.170329 0.159825
v 0.097549 0.202688 0.160788
v -0.106715 0.178267 0.174782
v -0.109239 0.159854 0.173917
v -0.111719 0.168626 0.189630
v -0.104108 0.195447 0.175405
v -0.099472 0.187225 0.160381
v -0.101459 0.170329 0.159825
v -0.114600 0.148794 0.188698
v -0.108626 0.187438 0.190200
v -0.097549 0.202688 0.160788
v 0.087376 0.265526 0.181399
v 0.088934 0.259109 0.179313
v 0.088969 0.269380 0.170338
v 0.085813 0.271346 0.183542
v 0.087154 0.263001 0.192516
v 0.089292 0.256445 0.191576
v 0.089395 0.262651 0.166054
v 0.087966 0.275148 0.174208
v 0.085210 0.269047 0.193732
v -0.087376 0.265526 0.181399
v -0.088969 0.269380 0.170338
v -0.088934 0.259109 0.179313
v -0.087154 0.263001 0.192516
v -0.085813 0.271346 0.183542
v -0.087966 0.275148 0.174208
v -0.089395 0.262651 0.166054
v -0.089292 0.256445 0.191576
v -0.085210 0.269047 0.193732
v 0.095564 0.234457 0.176544
v 0.098443 0.223610 0.176219
v 0.091606 0.237494 0.161709
v 0.092959 0.243801 0.176894
v 0.098237 0.230559 0.190579
v 0.101792 0.218627 0.190567
v 0.093467 0.227640 0.161476
v 0.090404 0.246643 0.161697
v 0.094843 0.240575 0.190659
v -0.095564 0.234457 0.176544
v -0.091606 0.237494 0.161709
v -0.098443 0.223610 0.176219
v -0.098237 0.230559 0.190579
v -0.092959 0.243801 0.176894
v -0.090404 0.246643 0.161697
v -0.093467 0.227640 0.161476
v -0.101792 0.218627 0.190567
v -0.094843 0.240575 0.190659
v 0.081967 0.287798 0.189437
v 0.080572 0.286812 0.198322
v 0.082354 0.282332 0.187731
v 0.084376 0.290120 0.182787
v 0.084596 0.293270 0.190519
v 0.082917 0.292749 0.199202
v 0.081220 0.280835 0.196851
v 0.084725 0.285284 0.180507
v 0.087227 0.294925 0.184354
v -0.081967 0.287798 0.189437
v -0.082354 0.282332 0.187731
v -0.080572 0.286812 0.198322
v -0.084596 0.293270 0.190519
v -0.084376 0.290120 0.182787
v -0.084725 0.285284 0.180507
v -0.081220 0.280835 0.196851
v -0.082917 0.292749 0.199202
v -0.087227 0.294925 0.184354
v 0.120904 0.310251 0.187111
v 0.104159 0.304382 0.189395
v 0.120342 0.310862 0.180921
v 0.140288 0.316585 0.184044
v 0.120222 0.309967 0.195194
v 0.102869 0.304216 0.197597
v 0.105161 0.305154 0.183666
v 0.138917 0.317110 0.176481
v 0.140057 0.316119 0.192368
v -0.120904 0.310251 0.187111
v -0.120342 0.310862 0.180921
v -0.104159 0.304382 0.189395
v -0.120222 0.309967 0.195194
v -0.140288 0.316585 0.184044
v -0.138917 0.317110 0.176481
v -0.105161 0.305154 0.183666
v -0.102869 0.304216 0.197597
v -0.140057 0.316119 0.192368
v 0.062693 0.346993 -0.258586
v 0.063691 0.371928 -0.270600
v 0.090581 0.348782 -0.248343
v 0.062246 0.325143 -0.243412
v 0.032038 0.345950 -0.266617
v 0.032520 0.372008 -0.279093
v 0.092163 0.371963 -0.259523
v 0.090053 0.328595 -0.233975
v 0.031786 0.323091 -0.250930
v -0.062693 0.346993 -0.258586
v -0.090581 0.348782 -0.248343
v -0.063691 0.371928 -0.270600
v -0.032038 0.345950 -0.266617
v -0.062246 0.325143 -0.243412
v -0.090053 0.328595 -0.233975
v -0.092163 0.371963 -0.259523
v -0.032520 0.372008 -0.279093
v -0.031786 0.323091 -0.250930
v 0.058831 0.270117 -0.176264
v 0.060587 0.287027 -0.202468
v 0.085568 0.276343 -0.168861
v 0.056537 0.255003 -0.146034
v 0.029952 0.266238 -0.182118
v 0.030869 0.283553 -0.208916
v 0.088004 0.292726 -0.194406
v 0.082355 0.261548 -0.139438
v 0.028759 0.250849 -0.151168
v -0.058831 0.270117 -0.176264
v -0.085568 0.276343 -0.168861
v -0.060587 0.287027 -0.202468
v -0.029952 0.266238 -0.182118
v -0.056537 0.255003 -0.146034
v -0.082355 0.261548 -0.139438
v -0.088004 0.292726 -0.194406
v -0.030869 0.283553 -0.208916
v -0.028759 0.250849 -0.151168
v 0.047212 0.222606 -0.032980
v 0.050575 0.231255 -0.072887
v 0.069477 0.230053 -0.029999
v 0.043924 0.215723 0.004932
v 0.023874 0.217933 -0.034975
v 0.025640 0.226723 -0.075946
v 0.074099 0.238385 -0.068848
v 0.064924 0.223383 0.008090
v 0.022154 0.210968 0.003543
v -0.047212 0.222606 -0.032980
v -0.069477 0.230053 -0.029999
v -0.050575 0.231255 -0.072887
v -0.023874 0.217933 -0.034975
v -0.043924 0.215723 0.004932
v -0.064924 0.223383 0.008090
v -0.074099 0.238385 -0.068848
v -0.025640 0.226723 -0.075946
v -0.022154 0.210968 0.003543
v 0.035946 0.202055 0.074993
v 0.038201 0.205941 0.059629
v 0.051818 0.208246 0.077288
v 0.034120 0.197958 0.085519
v 0.018393 0.197809 0.074878
v 0.019402 0.201427 0.059134
v 0.055796 0.212879 0.062672
v 0.049101 0.203675 0.087388
v 0.017476 0.193928 0.085508
v -0.035946 0.202055 0.074993
v -0.051818 0.208246 0.077288
v -0.038201 0.205941 0.059629
v -0.018393 0.197809 0.074878
v -0.034120 0.197958 0.085519
v -0.049101 0.203675 0.087388
v -0.055796 0.212879 0.062672
v -0.019402 0.201427 0.059134
v -0.017476 0.193928 0.085508
v 0.079152 0.229767 0.111266
v 0.077553 0.223243 0.115325
v 0.073372 0.222924 0.095585
v 0.082142 0.236143 0.106116
v 0.083449 0.235269 0.128485
v 0.082963 0.227640 0.130424
v 0.070750 0.217159 0.102249
v 0.077798 0.228749 0.086508
v 0.085160 0.242882 0.125905
v -0.079152 0.229767 0.111266
v -0.073372 0.222924 0.095585
v -0.077553 0.223243 0.115325
v -0.083449 0.235269 0.128485
v -0.082142 0.236143 0.106116
v -0.077798 0.228749 0.086508
v -0.070750 0.217159 0.102249
v -0.082963 0.227640 0.130424
v -0.085160 0.242882 0.125905
v 0.276690 0.399374 0.079676
v 0.270311 0.397886 0.105448
v 0.262523 0.380181 0.081160
v 0.283653 0.401151 0.053250
v 0.287452 0.419544 0.080749
v 0.282200 0.416660 0.105288
v 0.255608 0.380505 0.108063
v 0.270125 0.379413 0.052534
v 0.293346 0.423105 0.055866
v -0.276690 0.399374 0.079676
v -0.262523 0.380181 0.081160
v -0.270311 0.397886 0.105448
v -0.287452 0.419544 0.080749
v -0.283653 0.401151 0.053250
v -0.270125 0.379413 0.052534
v -0.255608 0.380505 0.108063
v -0.282200 0.416660 0.105288
v -0.293346 0.423105 0.055866
v 0.073404 0.471379 -0.289308
v 0.077608 0.510098 -0.286876
v 0.106478 0.465779 -0.277263
v 0.069187 0.434445 -0.286485
v 0.037428 0.475371 -0.298208
v 0.039584 0.515115 -0.295651
v 0.112513 0.503029 -0.275045
v 0.100389 0.430673 -0.274445
v 0.035272 0.437140 -0.295422
v -0.073404 0.471379 -0.289308
v -0.106478 0.465779 -0.277263
v -0.077608 0.510098 -0.286876
v -0.037428 0.475371 -0.298208
v -0.069187 0.434445 -0.286485
v -0.100389 0.430673 -0.274445
v -0.112513 0.503029 -0.275045
v -0.039584 0.515115 -0.295651
v -0.035272 0.437140 -0.295422
v 0.083591 0.706208 0.025987
v 0.083654 0.695148 0.055981
v 0.121483 0.700081 0.021886
v 0.083571 0.712560 -0.005766
v 0.042577 0.709828 0.028053
v 0.042611 0.698654 0.059065
v 0.121560 0.689263 0.050534
v 0.121457 0.706279 -0.008326
v 0.042565 0.716244 -0.004851
v -0.083591 0.706208 0.025987
v -0.121483 0.700081 0.021886
v -0.083654 0.695148 0.055981
v -0.042577 0.709828 0.028053
v -0.083571 0.712560 -0.005766
v -0.121457 0.706279 -0.008326
v -0.121560 0.689263 0.050534
v -0.042611 0.698654 0.059065
v -0.042565 0.716244 -0.004851
v 0.083590 0.707233 -0.108508
v 0.083571 0.713260 -0.073523
v 0.121477 0.701168 -0.104653
v 0.083648 0.695753 -0.143208
v 0.042577 0.710643 -0.112445
v 0.042565 0.716794 -0.075671
v 0.121457 0.707059 -0.072036
v 0.121537 0.689710 -0.137076
v 0.042611 0.699158 -0.148830
v -0.083590 0.707233 -0.108508
v -0.121477 0.701168 -0.104653
v -0.083571 0.713260 -0.073523
v -0.042577 0.710643 -0.112445
v -0.083648 0.695753 -0.143208
v -0.121537 0.689710 -0.137076
v -0.121457 0.707059 -0.072036
v -0.042565 0.716794 -0.075671
v -0.042611 0.699158 -0.148830
v 0.083834 0.621979 -0.237166
v 0.083958 0.652821 -0.208695
v 0.121592 0.614430 -0.226753
v 0.082997 0.586903 -0.260720
v 0.042749 0.626900 -0.245461
v 0.042795 0.657052 -0.216530
v 0.121858 0.645952 -0.199227
v 0.120310 0.578894 -0.249681
v 0.042336 0.592356 -0.269231
v -0.083834 0.621979 -0.237166
v -0.121592 0.614430 -0.226753
v -0.083958 0.652821 -0.208695
v -0.042749 0.626900 -0.245461
v -0.082997 0.586903 -0.260720
v -0.120310 0.578894 -0.249681
v -0.121858 0.645952 -0.199227
v -0.042795 0.657052 -0.216530
v -0.042336 0.592356 -0.269231
v 0.266113 0.527727 0.139226
v 0.270647 0.526966 0.154773
v 0.275603 0.520123 0.136226
v 0.262569 0.531192 0.122683
v 0.255043 0.533906 0.141323
v 0.259301 0.533244 0.157543
v 0.280033 0.519163 0.151282
v 0.272338 0.523486 0.120230
v 0.251560 0.537567 0.124082
v -0.266113 0.527727 0.139226
v -0.275603 0.520123 0.136226
v -0.270647 0.526966 0.154773
v -0.255043 0.533906 0.141323
v -0.262569 0.531192 0.122683
v -0.272338 0.523486 0.120230
v -0.280033 0.519163 0.151282
v -0.259301 0.533244 0.157543
v -0.251560 0.537567 0.124082
v 0.262549 0.564968 0.066715
v 0.260871 0.550341 0.086402
v 0.274038 0.554045 0.066169
v 0.264876 0.580181 0.046136
v 0.250012 0.574734 0.066553
v 0.249084 0.558574 0.086654
v 0.271696 0.540915 0.085187
v 0.276982 0.567702 0.046268
v 0.251560 0.591519 0.045603
v -0.262549 0.564968 0.066715
v -0.274038 0.554045 0.066169
v -0.260871 0.550341 0.086402
v -0.250012 0.574734 0.066553
v -0.264876 0.580181 0.046136
v -0.276982 0.567702 0.046268
v -0.271696 0.540915 0.085187
v -0.249084 0.558574 0.086654
v -0.251560 0.591519 0.045603
v 0.268993 0.610727 -0.019845
v 0.268374 0.604021 0.002723
v 0.281793 0.595578 -0.017809
v 0.269159 0.614180 -0.042769
v 0.254501 0.624687 -0.021642
v 0.254037 0.617526 0.001386
v 0.281156 0.589352 0.004162
v 0.281845 0.598800 -0.040192
v 0.254656 0.628350 -0.045043
v -0.268993 0.610727 -0.019845
v -0.281793 0.595578 -0.017809
v -0.268374 0.604021 0.002723
v -0.254501 0.624687 -0.021642
v -0.269159 0.614180 -0.042769
v -0.281845 0.598800 -0.040192
v -0.281156 0.589352 0.004162
v -0.254037 0.617526 0.001386
v -0.254656 0.628350 -0.045043
v 0.268754 0.605997 -0.111324
v 0.269033 0.611990 -0.089038
v 0.280625 0.590921 -0.107199
v 0.268049 0.596052 -0.131847
v 0.254530 0.620241 -0.115154
v 0.254656 0.626378 -0.092241
v 0.281340 0.596415 -0.085601
v 0.279007 0.582647 -0.126354
v 0.254152 0.609602 -0.136674
v -0.268754 0.605997 -0.111324
v -0.280625 0.590921 -0.107199
v -0.269033 0.611990 -0.089038
v -0.254530 0.620241 -0.115154
v -0.268049 0.596052 -0.131847
v -0.279007 0.582647 -0.126354
v -0.281340 0.596415 -0.085601
v -0.254656 0.626378 -0.092241
v -0.254152 0.609602 -0.136674
v 0.264017 0.535816 -0.176392
v 0.260522 0.508256 -0.185281
v 0.249843 0.545198 -0.186306
v 0.265961 0.560654 -0.164654
v 0.276456 0.528803 -0.164317
v 0.274299 0.502747 -0.172112
v 0.245999 0.516101 -0.196589
v 0.252134 0.571624 -0.172727
v 0.277080 0.551687 -0.154746
v -0.264017 0.535816 -0.176392
v -0.249843 0.545198 -0.186306
v -0.260522 0.508256 -0.185281
v -0.276456 0.528803 -0.164317
v -0.265961 0.560654 -0.164654
v -0.252134 0.571624 -0.172727
v -0.245999 0.516101 -0.196589
v -0.274299 0.502747 -0.172112
v -0.277080 0.551687 -0.154746
v 0.201507 0.581091 -0.204549
v 0.180474 0.593399 -0.209805
v 0.202812 0.611626 -0.183629
v 0.219032 0.568499 -0.199734
v 0.198712 0.547291 -0.221690
v 0.178195 0.558437 -0.229453
v 0.181348 0.624853 -0.186154
v 0.220760 0.597768 -0.181625
v 0.215772 0.536191 -0.214248
v -0.201507 0.581091 -0.204549
v -0.202812 0.611626 -0.183629
v -0.180474 0.593399 -0.209805
v -0.198712 0.547291 -0.221690
v -0.219032 0.568499 -0.199734
v -0.220760 0.597768 -0.181625
v -0.181348 0.624853 -0.186154
v -0.178195 0.558437 -0.229453
v -0.215772 0.536191 -0.214248
v 0.203697 0.665529 -0.109807
v 0.181621 0.679920 -0.105318
v 0.203743 0.671414 -0.083583
v 0.222285 0.650066 -0.114317
v 0.203557 0.654352 -0.135456
v 0.181578 0.668610 -0.132994
v 0.181635 0.685731 -0.077311
v 0.222366 0.656054 -0.089534
v 0.222044 0.639049 -0.138234
v -0.203697 0.665529 -0.109807
v -0.203743 0.671414 -0.083583
v -0.181621 0.679920 -0.105318
v -0.203557 0.654352 -0.135456
v -0.222285 0.650066 -0.114317
v -0.222366 0.656054 -0.089534
v -0.181635 0.685731 -0.077311
v -0.181578 0.668610 -0.132994
v -0.222044 0.639049 -0.138234
v 0.203737 0.666873 -0.004973
v 0.181650 0.680037 0.005615
v 0.203718 0.657780 0.020026
v 0.222326 0.652712 -0.014429
v 0.203743 0.671804 -0.030812
v 0.181635 0.685501 -0.021490
v 0.181693 0.670227 0.031636
v 0.222205 0.644358 0.009734
v 0.222366 0.657109 -0.039217
v -0.203737 0.666873 -0.004973
v -0.203718 0.657780 0.020026
v -0.181650 0.680037 0.005615
v -0.203743 0.671804 -0.030812
v -0.222326 0.652712 -0.014429
v -0.222205 0.644358 0.009734
v -0.181693 0.670227 0.031636
v -0.181635 0.685501 -0.021490
v -0.222366 0.657109 -0.039217
v 0.203753 0.603582 0.086886
v 0.182306 0.612695 0.099609
v 0.204325 0.583188 0.106369
v 0.221322 0.593895 0.076002
v 0.203614 0.624870 0.066077
v 0.181922 0.635231 0.078788
v 0.183114 0.591118 0.118727
v 0.221563 0.574812 0.095919
v 0.221563 0.613765 0.055052
v -0.203753 0.603582 0.086886
v -0.204325 0.583188 0.106369
v -0.182306 0.612695 0.099609
v -0.203614 0.624870 0.066077
v -0.221322 0.593895 0.076002
v -0.221563 0.574812 0.095919
v -0.183114 0.591118 0.118727
v -0.181922 0.635231 0.078788
v -0.221563 0.613765 0.055052
v 0.210378 0.553653 0.157989
v 0.213312 0.553927 0.173268
v 0.227695 0.546669 0.150152
v 0.207685 0.557433 0.141813
v 0.189404 0.560013 0.167131
v 0.192196 0.561186 0.181229
v 0.231000 0.546408 0.166349
v 0.224774 0.550502 0.132980
v 0.186738 0.563780 0.152256
v -0.210378 0.553653 0.157989
v -0.227695 0.546669 0.150152
v -0.213312 0.553927 0.173268
v -0.189404 0.560013 0.167131
v -0.207685 0.557433 0.141813
v -0.224774 0.550502 0.132980
v -0.231000 0.546408 0.166349
v -0.192196 0.561186 0.181229
v -0.186738 0.563780 0.152256
v 0.084555 0.631967 0.132993
v 0.085764 0.607381 0.153819
v 0.122587 0.627270 0.123770
v 0.083986 0.656791 0.109668
v 0.043127 0.634563 0.139626
v 0.043849 0.608285 0.163024
v 0.123808 0.603777 0.143266
v 0.121973 0.651514 0.101722
v 0.042795 0.660033 0.114748
v -0.084555 0.631967 0.132993
v -0.122587 0.627270 0.123770
v -0.085764 0.607381 0.153819
v -0.043127 0.634563 0.139626
v -0.083986 0.656791 0.109668
v -0.121973 0.651514 0.101722
v -0.123808 0.603777 0.143266
v -0.043849 0.608285 0.163024
v -0.042795 0.660033 0.114748
v 0.105013 0.588769 0.217593
v 0.085593 0.584634 0.222035
v 0.102725 0.601086 0.222069
v 0.124202 0.593251 0.216105
v 0.106519 0.576800 0.213502
v 0.081785 0.571347 0.218808
v 0.087576 0.597432 0.225679
v 0.117655 0.604312 0.221148
v 0.131651 0.581689 0.210814
v -0.105013 0.588769 0.217593
v -0.102725 0.601086 0.222069
v -0.085593 0.584634 0.222035
v -0.106519 0.576800 0.213502
v -0.124202 0.593251 0.216105
v -0.117655 0.604312 0.221148
v -0.087576 0.597432 0.225679
v -0.081785 0.571347 0.218808
v -0.131651 0.581689 0.210814
v 0.099319 0.565626 0.194412
v 0.103786 0.563927 0.202494
v 0.132735 0.566377 0.185810
v 0.093615 0.572881 0.184389
v 0.066807 0.562740 0.202449
v 0.072917 0.559116 0.209405
v 0.136192 0.566644 0.195999
v 0.129082 0.572036 0.174044
v 0.056769 0.571011 0.194351
v -0.099319 0.565626 0.194412
v -0.132735 0.566377 0.185810
v -0.103786 0.563927 0.202494
v -0.066807 0.562740 0.202449
v -0.093615 0.572881 0.184389
v -0.129082 0.572036 0.174044
v -0.136192 0.566644 0.195999
v -0.072917 0.559116 0.209405
v -0.056769 0.571011 0.194351
v 0.016385 0.546531 0.216190
v 0.017140 0.541456 0.220051
v 0.023619 0.551617 0.213515
v 0.008650 0.547419 0.214946
v 0.007859 0.539447 0.220129
v 0.029267 0.546579 0.218624
v 0.013042 0.557158 0.209579
v -0.016385 0.546531 0.216190
v -0.023619 0.551617 0.213515
v -0.017140 0.541456 0.220051
v -0.008650 0.547419 0.214946
v -0.013042 0.557158 0.209579
v -0.029267 0.546579 0.218624
v -0.007859 0.539447 0.220129
v 0.294847 0.479089 0.107662
v 0.295281 0.476090 0.126195
v 0.296419 0.460160 0.095335
v 0.295536 0.483564 0.088486
v 0.290315 0.495962 0.120172
v 0.292646 0.493798 0.136696
v 0.294768 0.456565 0.116159
v 0.299033 0.464936 0.073983
v 0.289217 0.499910 0.102891
v -0.294847 0.479089 0.107662
v -0.296419 0.460160 0.095335
v -0.295281 0.476090 0.126195
v -0.290315 0.495962 0.120172
v -0.295536 0.483564 0.088486
v -0.299033 0.464936 0.073983
v -0.294768 0.456565 0.116159
v -0.292646 0.493798 0.136696
v -0.289217 0.499910 0.102891
v 0.302257 0.507510 0.036370
v 0.307304 0.486979 0.020739
v 0.304738 0.516844 0.020197
v 0.294346 0.525630 0.051055
v 0.299572 0.498150 0.052652
v 0.304812 0.478696 0.036510
v 0.309413 0.495039 0.005144
v 0.297302 0.536329 0.033609
v 0.291511 0.515138 0.068216
v -0.302257 0.507510 0.036370
v -0.304738 0.516844 0.020197
v -0.307304 0.486979 0.020739
v -0.299572 0.498150 0.052652
v -0.294346 0.525630 0.051055
v -0.297302 0.536329 0.033609
v -0.309413 0.495039 0.005144
v -0.304812 0.478696 0.036510
v -0.291511 0.515138 0.068216
v 0.306127 0.536416 -0.031505
v 0.309811 0.515153 -0.041792
v 0.304788 0.538318 -0.050512
v 0.300438 0.558035 -0.023107
v 0.306791 0.531935 -0.013470
v 0.310697 0.509901 -0.025771
v 0.308418 0.517087 -0.059043
v 0.299595 0.560363 -0.043587
v 0.300558 0.553208 -0.003361
v -0.306127 0.536416 -0.031505
v -0.304788 0.538318 -0.050512
v -0.309811 0.515153 -0.041792
v -0.306791 0.531935 -0.013470
v -0.300438 0.558035 -0.023107
v -0.299595 0.560363 -0.043587
v -0.308418 0.517087 -0.059043
v -0.310697 0.509901 -0.025771
v -0.300558 0.553208 -0.003361
v 0.298116 0.531287 -0.112160
v 0.293496 0.527186 -0.131923
v 0.294970 0.552931 -0.107359
v 0.301038 0.535165 -0.091346
v 0.300253 0.511347 -0.117698
v 0.294481 0.505453 -0.137895
v 0.291299 0.548384 -0.126171
v 0.297072 0.557244 -0.086427
v 0.304015 0.514931 -0.097342
v -0.298116 0.531287 -0.112160
v -0.294970 0.552931 -0.107359
v -0.293496 0.527186 -0.131923
v -0.300253 0.511347 -0.117698
v -0.301038 0.535165 -0.091346
v -0.297072 0.557244 -0.086427
v -0.291299 0.548384 -0.126171
v -0.294481 0.505453 -0.137895
v -0.304015 0.514931 -0.097342
v 0.126075 0.266361 -0.023368
v 0.108690 0.252551 -0.024992
v 0.130932 0.271584 -0.057940
v 0.143260 0.280463 -0.021566
v 0.121004 0.263356 0.010496
v 0.103254 0.247830 0.010735
v 0.114095 0.259163 -0.061005
v 0.147086 0.284149 -0.055375
v 0.138825 0.279264 0.012573
v -0.126075 0.266361 -0.023368
v -0.130932 0.271584 -0.057940
v -0.108690 0.252551 -0.024992
v -0.121004 0.263356 0.010496
v -0.143260 0.280463 -0.021566
v -0.147086 0.284149 -0.055375
v -0.114095 0.259163 -0.061005
v -0.103254 0.247830 0.010735
v -0.138825 0.279264 0.012573
v 0.202802 0.315840 -0.022210
v 0.205741 0.319805 0.006528
v 0.181816 0.305529 -0.020748
v 0.200137 0.314665 -0.050255
v 0.222825 0.325133 -0.024447
v 0.229073 0.331436 0.001438
v 0.181451 0.307702 0.011259
v 0.181624 0.306074 -0.051522
v 0.218227 0.321860 -0.049526
v -0.202802 0.315840 -0.022210
v -0.181816 0.305529 -0.020748
v -0.205741 0.319805 0.006528
v -0.222825 0.325133 -0.024447
v -0.200137 0.314665 -0.050255
v -0.181624 0.306074 -0.051522
v -0.181451 0.307702 0.011259
v -0.229073 0.331436 0.001438
v -0.218227 0.321860 -0.049526
v 0.204068 0.336237 0.095559
v 0.200900 0.340180 0.122394
v 0.181696 0.324892 0.102883
v 0.206601 0.331019 0.066213
v 0.225576 0.348601 0.089439
v 0.220520 0.351746 0.116824
v 0.180000 0.329632 0.129268
v 0.181681 0.318481 0.074005
v 0.230816 0.344233 0.059277
v -0.204068 0.336237 0.095559
v -0.181696 0.324892 0.102883
v -0.200901 0.340180 0.122394
v -0.225576 0.348601 0.089439
v -0.206601 0.331019 0.066213
v -0.181681 0.318481 0.074005
v -0.180000 0.329632 0.129268
v -0.220520 0.351746 0.116824
v -0.230816 0.344233 0.059277
v 0.120331 0.292712 0.134773
v 0.120083 0.298017 0.148907
v 0.105000 0.283095 0.146992
v 0.118739 0.285913 0.119637
v 0.138822 0.303174 0.122744
v 0.138505 0.308533 0.142493
v 0.104723 0.288587 0.156748
v 0.103737 0.276182 0.136363
v 0.136807 0.296006 0.101327
v -0.120331 0.292712 0.134773
v -0.105000 0.283095 0.146992
v -0.120083 0.298017 0.148907
v -0.138822 0.303174 0.122744
v -0.118739 0.285913 0.119637
v -0.103737 0.276182 0.136363
v -0.104723 0.288587 0.156748
v -0.138505 0.308533 0.142493
v -0.136807 0.296006 0.101327
v 0.105350 0.260405 0.083986
v 0.096583 0.252437 0.091522
v 0.109747 0.260764 0.067054
v 0.110005 0.268139 0.093025
v 0.098615 0.259853 0.109362
v 0.096664 0.247601 0.069873
v 0.121915 0.274265 0.071299
v -0.105350 0.260405 0.083986
v -0.109747 0.260764 0.067054
v -0.096583 0.252437 0.091522
v -0.110005 0.268139 0.093025
v -0.121915 0.274265 0.071299
v -0.096664 0.247601 0.069873
v -0.098615 0.259853 0.109362
v 0.107256 0.303012 0.172251
v 0.112265 0.307009 0.173796
v 0.098293 0.298881 0.174550
v 0.112110 0.303062 0.168213
v 0.124408 0.310322 0.168164
v 0.101063 0.302402 0.177183
v 0.099892 0.295972 0.170630
v -0.107256 0.303012 0.172251
v -0.098293 0.298881 0.174550
v -0.112265 0.307009 0.173796
v -0.112110 0.303062 0.168213
v -0.099892 0.295972 0.170630
v -0.101063 0.302402 0.177183
v -0.124408 0.310322 0.168164
v 0.235929 0.424040 -0.192982
v 0.250184 0.420431 -0.181359
v 0.225335 0.398273 -0.186979
v 0.221235 0.428282 -0.204982
v 0.246176 0.451312 -0.194087
v 0.260722 0.447339 -0.181515
v 0.239876 0.395240 -0.175903
v 0.209942 0.400721 -0.199039
v 0.231550 0.456749 -0.206267
v -0.235929 0.424040 -0.192982
v -0.225335 0.398273 -0.186979
v -0.250184 0.420431 -0.181359
v -0.246176 0.451312 -0.194087
v -0.221235 0.428282 -0.204982
v -0.209942 0.400721 -0.199039
v -0.239876 0.395240 -0.175903
v -0.260722 0.447339 -0.181515
v -0.231550 0.456749 -0.206267
v 0.176642 0.446365 -0.240520
v 0.186042 0.478444 -0.239624
v 0.192220 0.439646 -0.228864
v 0.166703 0.416959 -0.237839
v 0.158109 0.452913 -0.252101
v 0.166729 0.486608 -0.250598
v 0.202241 0.470601 -0.228880
v 0.181168 0.410307 -0.224985
v 0.149222 0.422050 -0.249616
v -0.176642 0.446365 -0.240520
v -0.192220 0.439646 -0.228864
v -0.186042 0.478444 -0.239624
v -0.158109 0.452913 -0.252101
v -0.166703 0.416959 -0.237839
v -0.181168 0.410307 -0.224985
v -0.202241 0.470601 -0.228880
v -0.166729 0.486608 -0.250598
v -0.149222 0.422050 -0.249616
v 0.203005 0.337847 -0.132571
v 0.199793 0.325329 -0.105983
v 0.187906 0.334380 -0.139520
v 0.208272 0.354515 -0.156270
v 0.218232 0.338997 -0.125394
v 0.215704 0.328465 -0.100531
v 0.184238 0.320109 -0.111149
v 0.192742 0.352928 -0.165693
v 0.223318 0.353868 -0.147327
v -0.203005 0.337847 -0.132571
v -0.187906 0.334380 -0.139520
v -0.199793 0.325329 -0.105983
v -0.218232 0.338997 -0.125394
v -0.208272 0.354515 -0.156270
v -0.192742 0.352928 -0.165693
v -0.184238 0.320109 -0.111149
v -0.215704 0.328465 -0.100531
v -0.223318 0.353868 -0.147327
v 0.144575 0.306552 -0.152576
v 0.128324 0.295114 -0.156473
v 0.147703 0.322351 -0.178211
v 0.159144 0.318120 -0.149309
v 0.140392 0.291938 -0.123565
v 0.124186 0.280675 -0.127742
v 0.131334 0.310523 -0.181503
v 0.162684 0.335865 -0.176411
v 0.155021 0.302955 -0.119772
v -0.144575 0.306552 -0.152576
v -0.147703 0.322351 -0.178211
v -0.128324 0.295114 -0.156473
v -0.140392 0.291938 -0.123565
v -0.159144 0.318120 -0.149309
v -0.162684 0.335865 -0.176411
v -0.131334 0.310523 -0.181503
v -0.124186 0.280675 -0.127742
v -0.155021 0.302955 -0.119772
v 0.143272 0.358261 -0.225275
v 0.149610 0.371148 -0.229094
v 0.146973 0.349436 -0.215597
v 0.132519 0.354745 -0.230653
v 0.135615 0.372880 -0.238852
v 0.158938 0.364303 -0.216423
v 0.132404 0.339786 -0.218624
v -0.143272 0.358261 -0.225275
v -0.146973 0.349436 -0.215597
v -0.149610 0.371148 -0.229094
v -0.132519 0.354745 -0.230653
v -0.132404 0.339786 -0.218624
v -0.158938 0.364303 -0.216423
v -0.135615 0.372880 -0.238852
v 0.362491 0.520386 -0.108260
v 0.361350 0.524045 -0.112041
v 0.352065 0.514542 -0.102067
v 0.363632 0.515620 -0.107185
v 0.374293 0.525673 -0.115461
v 0.373935 0.529552 -0.119417
v 0.350244 0.517959 -0.105668
v 0.353856 0.510069 -0.101173
v 0.374680 0.520619 -0.114211
v -0.362491 0.520386 -0.108260
v -0.352065 0.514542 -0.102067
v -0.361350 0.524045 -0.112041
v -0.374293 0.525673 -0.115461
v -0.363632 0.515620 -0.107185
v -0.353856 0.510069 -0.101173
v -0.350244 0.517959 -0.105668
v -0.373935 0.529552 -0.119417
v -0.374680 0.520619 -0.114211
v 0.418974 0.536084 -0.140979
v 0.402926 0.534055 -0.132271
v 0.416936 0.530400 -0.139243
v 0.434832 0.535423 -0.148893
v 0.421052 0.540454 -0.145131
v 0.404208 0.538312 -0.136434
v 0.401696 0.528508 -0.130678
v 0.431992 0.529747 -0.147075
v 0.437691 0.539792 -0.152946
v -0.418974 0.536084 -0.140979
v -0.416936 0.530400 -0.139243
v -0.402926 0.534055 -0.132271
v -0.421052 0.540454 -0.145131
v -0.434832 0.535423 -0.148893
v -0.431992 0.529747 -0.147075
v -0.401696 0.528508 -0.130678
v -0.404208 0.538312 -0.136434
v -0.437691 0.539792 -0.152946
v 0.471819 0.509596 -0.161704
v 0.461952 0.522282 -0.159350
v 0.466705 0.505253 -0.160213
v 0.478711 0.493807 -0.162882
v 0.476847 0.512899 -0.164909
v 0.466312 0.526123 -0.162899
v 0.457540 0.517271 -0.157670
v 0.473032 0.490301 -0.161580
v 0.484281 0.496435 -0.165778
v -0.471819 0.509596 -0.161704
v -0.466705 0.505253 -0.160213
v -0.461952 0.522282 -0.159350
v -0.476847 0.512899 -0.164909
v -0.478711 0.493807 -0.162882
v -0.473032 0.490301 -0.161580
v -0.457540 0.517271 -0.157670
v -0.466312 0.526123 -0.162899
v -0.484281 0.496435 -0.165778
v 0.478124 0.435396 -0.163772
v 0.482025 0.455840 -0.163937
v 0.472129 0.434979 -0.162538
v 0.470604 0.415316 -0.162349
v 0.484077 0.435535 -0.166546
v 0.488088 0.456852 -0.166603
v 0.475875 0.454340 -0.162773
v 0.465016 0.415972 -0.161007
v 0.476196 0.414585 -0.165319
v -0.478124 0.435396 -0.163772
v -0.472129 0.434979 -0.162538
v -0.482025 0.455840 -0.163937
v -0.484077 0.435535 -0.166546
v -0.470604 0.415316 -0.162349
v -0.465016 0.415972 -0.161007
v -0.475875 0.454340 -0.162773
v -0.488088 0.456852 -0.166603
v -0.476196 0.414585 -0.165319
v 0.427626 0.366291 -0.145255
v 0.444952 0.380262 -0.153336
v 0.424707 0.369692 -0.143764
v 0.408290 0.354693 -0.134932
v 0.430644 0.363291 -0.148907
v 0.449043 0.377937 -0.156787
v 0.440936 0.382856 -0.151834
v 0.406592 0.358775 -0.133544
v 0.410124 0.351116 -0.138704
v -0.427626 0.366291 -0.145255
v -0.424707 0.369692 -0.143764
v -0.444952 0.380262 -0.153336
v -0.430644 0.363291 -0.148907
v -0.408290 0.354693 -0.134932
v -0.406592 0.358775 -0.133544
v -0.440936 0.382856 -0.151834
v -0.449043 0.377937 -0.156787
v -0.410124 0.351116 -0.138704
v 0.345549 0.333940 -0.093307
v 0.366550 0.338617 -0.107984
v 0.347710 0.339250 -0.092917
v 0.325341 0.331241 -0.080281
v 0.343860 0.329323 -0.096678
v 0.366000 0.334236 -0.111596
v 0.367422 0.343639 -0.107170
v 0.328801 0.336770 -0.080315
v 0.322529 0.326462 -0.083411
v -0.345549 0.333940 -0.093307
v -0.347710 0.339250 -0.092917
v -0.366550 0.338617 -0.107984
v -0.343860 0.329323 -0.096678
v -0.325341 0.331241 -0.080281
v -0.328801 0.336770 -0.080315
v -0.367422 0.343639 -0.107170
v -0.366000 0.334236 -0.111596
v -0.322529 0.326462 -0.083411
v 0.355520 0.353569 -0.103923
v 0.371702 0.357205 -0.116797
v 0.357942 0.356981 -0.109788
v 0.340211 0.351491 -0.092696
v 0.352870 0.349422 -0.098788
v 0.370082 0.353271 -0.112078
v 0.373304 0.360427 -0.122307
v 0.343479 0.354946 -0.098903
v 0.336507 0.347274 -0.087149
v -0.355520 0.353569 -0.103923
v -0.357942 0.356981 -0.109788
v -0.371702 0.357205 -0.116797
v -0.352870 0.349422 -0.098788
v -0.340211 0.351491 -0.092696
v -0.343479 0.354946 -0.098903
v -0.373304 0.360427 -0.122307
v -0.370082 0.353271 -0.112078
v -0.336507 0.347274 -0.087149
v 0.419338 0.378756 -0.149882
v 0.432944 0.389630 -0.157160
v 0.418879 0.380812 -0.154170
v 0.404210 0.369726 -0.140671
v 0.420430 0.376159 -0.146413
v 0.434744 0.387718 -0.154035
v 0.431969 0.391101 -0.161076
v 0.404356 0.372261 -0.145378
v 0.404483 0.366573 -0.136801
v -0.419338 0.378756 -0.149882
v -0.418879 0.380812 -0.154170
v -0.432944 0.389630 -0.157160
v -0.420430 0.376159 -0.146413
v -0.404210 0.369726 -0.140671
v -0.404356 0.372261 -0.145378
v -0.431969 0.391101 -0.161076
v -0.434744 0.387718 -0.154035
v -0.404483 0.366573 -0.136801
v 0.459352 0.432531 -0.167088
v 0.462665 0.448427 -0.167412
v 0.457434 0.431527 -0.170519
v 0.453263 0.416910 -0.165577
v 0.462439 0.433488 -0.164396
v 0.465876 0.450488 -0.164700
v 0.460647 0.446463 -0.170869
v 0.451554 0.416832 -0.169057
v 0.456072 0.416798 -0.162842
v -0.459352 0.432531 -0.167088
v -0.457434 0.431527 -0.170519
v -0.462665 0.448427 -0.167412
v -0.462439 0.433488 -0.164396
v -0.453263 0.416910 -0.165577
v -0.451554 0.416832 -0.169057
v -0.460647 0.446463 -0.170869
v -0.465876 0.450488 -0.164700
v -0.456072 0.416798 -0.162842
v 0.455734 0.490157 -0.164998
v 0.448197 0.500010 -0.162607
v 0.454077 0.485599 -0.168739
v 0.460785 0.477908 -0.166334
v 0.458391 0.495163 -0.162082
v 0.450430 0.505712 -0.159551
v 0.446841 0.494830 -0.166523
v 0.458904 0.474121 -0.169951
v 0.463766 0.482044 -0.163507
v -0.455734 0.490157 -0.164998
v -0.454077 0.485599 -0.168739
v -0.448197 0.500010 -0.162607
v -0.458391 0.495163 -0.162082
v -0.460785 0.477908 -0.166334
v -0.458904 0.474121 -0.169951
v -0.446841 0.494830 -0.166523
v -0.450430 0.505712 -0.159551
v -0.463766 0.482044 -0.163507
v 0.413335 0.510937 -0.146144
v 0.400065 0.509482 -0.138506
v 0.413174 0.505110 -0.150999
v 0.426422 0.510319 -0.153089
v 0.414000 0.517351 -0.142202
v 0.400183 0.515757 -0.134209
v 0.400332 0.503774 -0.143715
v 0.425834 0.504508 -0.157579
v 0.427634 0.516720 -0.149506
v -0.413335 0.510937 -0.146144
v -0.413174 0.505110 -0.150999
v -0.400065 0.509482 -0.138506
v -0.414000 0.517351 -0.142202
v -0.426422 0.510319 -0.153089
v -0.425834 0.504508 -0.157579
v -0.400332 0.503774 -0.143715
v -0.400183 0.515757 -0.134209
v -0.427634 0.516720 -0.149506
v 0.367494 0.499154 -0.116812
v 0.366132 0.504611 -0.111920
v 0.359274 0.494549 -0.111040
v 0.368864 0.494156 -0.122570
v 0.376822 0.503209 -0.123450
v 0.375919 0.508969 -0.118660
v 0.357480 0.499704 -0.106127
v 0.360966 0.489819 -0.116791
v 0.377856 0.497949 -0.129129
v -0.367494 0.499154 -0.116812
v -0.359274 0.494549 -0.111040
v -0.366132 0.504611 -0.111920
v -0.376822 0.503209 -0.123450
v -0.368864 0.494156 -0.122570
v -0.360966 0.489819 -0.116791
v -0.357480 0.499704 -0.106127
v -0.375919 0.508969 -0.118660
v -0.377856 0.497949 -0.129129
v 0.260676 0.348531 -0.038856
v 0.252237 0.341393 -0.032852
v 0.257409 0.342941 -0.051107
v 0.266247 0.354997 -0.045305
v 0.267160 0.357363 -0.026209
v 0.260309 0.350379 -0.015395
v 0.247398 0.335667 -0.049435
v 0.264853 0.350150 -0.055391
v 0.270947 0.363217 -0.035522
v -0.260676 0.348531 -0.038856
v -0.257409 0.342941 -0.051107
v -0.252237 0.341393 -0.032852
v -0.267160 0.357363 -0.026209
v -0.266247 0.354997 -0.045305
v -0.264853 0.350150 -0.055391
v -0.247398 0.335667 -0.049435
v -0.260309 0.350379 -0.015395
v -0.270947 0.363217 -0.035522
v 0.275927 0.332881 -0.065160
v 0.269328 0.327559 -0.068111
v 0.289943 0.330977 -0.066543
v 0.283283 0.339208 -0.066093
v 0.265054 0.335698 -0.064084
v 0.256159 0.329475 -0.066818
v 0.284872 0.326003 -0.069513
v 0.296052 0.336908 -0.067151
v 0.273461 0.342781 -0.065696
v -0.275927 0.332881 -0.065160
v -0.289943 0.330977 -0.066543
v -0.269328 0.327559 -0.068111
v -0.265054 0.335698 -0.064084
v -0.283283 0.339208 -0.066093
v -0.296052 0.336908 -0.067151
v -0.284872 0.326003 -0.069513
v -0.256159 0.329475 -0.066818
v -0.273461 0.342781 -0.065696
v 0.296119 0.413909 -0.005194
v 0.293939 0.408661 0.010123
v 0.286191 0.390425 -0.009418
v 0.296598 0.418472 -0.018398
v 0.304025 0.439139 -0.000417
v 0.302060 0.433196 0.014906
v 0.282738 0.384688 0.006116
v 0.287215 0.395110 -0.022159
v 0.304918 0.444585 -0.014579
v -0.296119 0.413909 -0.005194
v -0.286191 0.390425 -0.009418
v -0.293939 0.408661 0.010123
v -0.304025 0.439139 -0.000417
v -0.296598 0.418472 -0.018398
v -0.287215 0.395110 -0.022159
v -0.282738 0.384688 0.006116
v -0.302060 0.433196 0.014906
v -0.304918 0.444585 -0.014579
v 0.327166 0.495211 -0.090182
v 0.321114 0.489188 -0.086839
v 0.329825 0.491298 -0.090125
v 0.334440 0.501699 -0.093330
v 0.324399 0.498304 -0.093072
v 0.318326 0.493557 -0.088490
v 0.323618 0.484797 -0.087711
v 0.337023 0.497777 -0.092825
v 0.331806 0.504565 -0.096678
v -0.327166 0.495211 -0.090182
v -0.329825 0.491298 -0.090125
v -0.321114 0.489188 -0.086839
v -0.324399 0.498304 -0.093072
v -0.334440 0.501699 -0.093330
v -0.337023 0.497777 -0.092825
v -0.323618 0.484797 -0.087711
v -0.318326 0.493557 -0.088490
v -0.331806 0.504565 -0.096678
v 0.305175 0.353141 -0.082645
v 0.314686 0.351434 -0.081998
v 0.310924 0.355565 -0.089947
v 0.297949 0.355780 -0.085177
v 0.298362 0.349815 -0.075714
v 0.308895 0.347595 -0.075636
v 0.319628 0.354395 -0.088904
v 0.304492 0.357514 -0.092940
v 0.290111 0.353239 -0.077346
v -0.305175 0.353141 -0.082645
v -0.310924 0.355565 -0.089947
v -0.314686 0.351434 -0.081998
v -0.298362 0.349815 -0.075714
v -0.297949 0.355780 -0.085177
v -0.304492 0.357514 -0.092940
v -0.319628 0.354395 -0.088904
v -0.308895 0.347595 -0.075636
v -0.290111 0.353239 -0.077346
v 0.291142 0.367316 -0.092210
v 0.291960 0.372147 -0.093751
v 0.283313 0.367833 -0.084015
v 0.291268 0.362978 -0.090479
v 0.298876 0.366817 -0.100000
v 0.299870 0.370965 -0.101139
v 0.284167 0.373880 -0.085831
v 0.283017 0.362397 -0.081948
v 0.298804 0.363202 -0.098536
v -0.291142 0.367316 -0.092210
v -0.283313 0.367833 -0.084015
v -0.291960 0.372147 -0.093751
v -0.298876 0.366817 -0.100000
v -0.291268 0.362978 -0.090479
v -0.283017 0.362397 -0.081948
v -0.284167 0.373880 -0.085831
v -0.299870 0.370965 -0.101139
v -0.298804 0.363202 -0.098536
v 0.295395 0.387968 -0.102461
v 0.290021 0.391114 -0.099071
v 0.294387 0.382780 -0.098770
v 0.301613 0.386056 -0.106318
v 0.296146 0.392417 -0.106390
v 0.291809 0.395355 -0.104407
v 0.287775 0.385913 -0.093384
v 0.301567 0.380918 -0.104120
v 0.301268 0.390391 -0.108899
v -0.295395 0.387968 -0.102461
v -0.294387 0.382780 -0.098770
v -0.290021 0.391114 -0.099071
v -0.296146 0.392417 -0.106390
v -0.301613 0.386056 -0.106318
v -0.301567 0.380918 -0.104120
v -0.287775 0.385913 -0.093384
v -0.291809 0.395355 -0.104407
v -0.301268 0.390391 -0.108899
v 0.293109 0.413855 -0.095805
v 0.299059 0.424071 -0.096320
v 0.290763 0.413494 -0.087919
v 0.288702 0.404220 -0.095745
v 0.295805 0.414522 -0.102586
v 0.301740 0.423311 -0.102859
v 0.296935 0.425570 -0.088697
v 0.285803 0.401554 -0.087788
v 0.291442 0.406455 -0.102572
v -0.293109 0.413855 -0.095805
v -0.290763 0.413494 -0.087919
v -0.299059 0.424071 -0.096320
v -0.295805 0.414522 -0.102586
v -0.288702 0.404220 -0.095745
v -0.285803 0.401554 -0.087788
v -0.296935 0.425570 -0.088697
v -0.301740 0.423311 -0.102859
v -0.291442 0.406455 -0.102572
v 0.316366 0.450863 -0.097418
v 0.313668 0.454888 -0.091455
v 0.311111 0.442888 -0.097226
v 0.319330 0.447681 -0.102982
v 0.321474 0.458167 -0.097670
v 0.318481 0.462321 -0.092298
v 0.308723 0.446532 -0.090624
v 0.313940 0.440190 -0.103088
v 0.324535 0.454696 -0.103008
v -0.316366 0.450863 -0.097418
v -0.311111 0.442888 -0.097226
v -0.313668 0.454888 -0.091455
v -0.321474 0.458167 -0.097670
v -0.319330 0.447681 -0.102982
v -0.313940 0.440190 -0.103088
v -0.308723 0.446532 -0.090624
v -0.318481 0.462321 -0.092298
v -0.324535 0.454696 -0.103008
v 0.338400 0.477926 -0.100563
v 0.335478 0.482354 -0.095858
v 0.332345 0.471618 -0.099046
v 0.341073 0.473883 -0.105926
v 0.344895 0.483885 -0.102922
v 0.342298 0.488512 -0.098146
v 0.329214 0.475898 -0.094316
v 0.335269 0.467768 -0.104292
v 0.347252 0.479636 -0.108443
v -0.338400 0.477926 -0.100563
v -0.332345 0.471618 -0.099046
v -0.335478 0.482354 -0.095858
v -0.344895 0.483885 -0.102922
v -0.341073 0.473883 -0.105926
v -0.335269 0.467768 -0.104292
v -0.329214 0.475898 -0.094316
v -0.342298 0.488512 -0.098146
v -0.347252 0.479636 -0.108443
v 0.311736 0.473020 -0.070207
v 0.309360 0.465109 -0.064056
v 0.311409 0.465564 -0.077924
v 0.313787 0.478753 -0.076714
v 0.312105 0.482931 -0.061791
v 0.311294 0.475638 -0.052053
v 0.307851 0.457219 -0.074295
v 0.314720 0.472321 -0.081657
v 0.312593 0.487044 -0.072390
v -0.311736 0.473020 -0.070207
v -0.311409 0.465564 -0.077924
v -0.309360 0.465109 -0.064056
v -0.312105 0.482931 -0.061791
v -0.313787 0.478753 -0.076714
v -0.314720 0.472321 -0.081657
v -0.307851 0.457219 -0.074295
v -0.311294 0.475638 -0.052053
v -0.312593 0.487044 -0.072390
v 0.291621 0.418431 -0.056047
v 0.293793 0.420635 -0.043469
v 0.284125 0.400295 -0.056424
v 0.289976 0.415933 -0.067936
v 0.299200 0.437129 -0.056786
v 0.302074 0.443209 -0.042879
v 0.285441 0.400003 -0.044970
v 0.283342 0.399704 -0.067851
v 0.296981 0.432037 -0.069066
v -0.291621 0.418431 -0.056047
v -0.284125 0.400295 -0.056424
v -0.293793 0.420635 -0.043469
v -0.299200 0.437129 -0.056786
v -0.289976 0.415933 -0.067936
v -0.283342 0.399704 -0.067851
v -0.285441 0.400003 -0.044970
v -0.302074 0.443209 -0.042879
v -0.296981 0.432037 -0.069066
v 0.272697 0.369234 -0.061391
v 0.271323 0.365344 -0.057227
v 0.273424 0.368422 -0.067522
v 0.273984 0.374521 -0.059562
v 0.273454 0.371901 -0.051606
v 0.272131 0.362550 -0.064733
v 0.275070 0.375593 -0.068386
v -0.272697 0.369234 -0.061391
v -0.273424 0.368422 -0.067522
v -0.271323 0.365344 -0.057227
v -0.273984 0.374521 -0.059562
v -0.275070 0.375593 -0.068386
v -0.272131 0.362550 -0.064733
v -0.273454 0.371901 -0.051606
v 0.346023 0.465968 -0.122058
v 0.344732 0.468023 -0.116934
v 0.340497 0.460418 -0.120076
v 0.347679 0.463821 -0.126799
v 0.351913 0.471197 -0.124895
v 0.350600 0.473398 -0.119726
v 0.339213 0.462310 -0.115025
v 0.342103 0.458388 -0.124772
v 0.353627 0.468949 -0.129622
v -0.346023 0.465968 -0.122058
v -0.340497 0.460418 -0.120076
v -0.344732 0.468023 -0.116934
v -0.351913 0.471197 -0.124895
v -0.347679 0.463821 -0.126799
v -0.342103 0.458388 -0.124772
v -0.339213 0.462310 -0.115025
v -0.350600 0.473398 -0.119726
v -0.353627 0.468949 -0.129622
v 0.325089 0.442436 -0.118048
v 0.323710 0.443748 -0.113314
v 0.319777 0.436008 -0.118144
v 0.326657 0.440844 -0.122315
v 0.330177 0.448630 -0.118219
v 0.328847 0.450155 -0.113374
v 0.318343 0.437072 -0.113500
v 0.321371 0.434606 -0.122238
v 0.331737 0.446876 -0.122662
v -0.325089 0.442436 -0.118048
v -0.319777 0.436008 -0.118144
v -0.323710 0.443748 -0.113314
v -0.330177 0.448630 -0.118219
v -0.326657 0.440844 -0.122315
v -0.321371 0.434606 -0.122238
v -0.318343 0.437072 -0.113500
v -0.328847 0.450155 -0.113374
v -0.331737 0.446876 -0.122662
v 0.301684 0.415604 -0.118427
v 0.300117 0.415599 -0.113835
v 0.297102 0.409588 -0.118358
v 0.303506 0.415101 -0.122162
v 0.307668 0.422351 -0.118419
v 0.306143 0.422761 -0.113821
v 0.295479 0.409115 -0.113855
v 0.299219 0.409722 -0.121819
v 0.309353 0.421442 -0.122284
v -0.301684 0.415604 -0.118427
v -0.297102 0.409588 -0.118358
v -0.300117 0.415599 -0.113835
v -0.307668 0.422351 -0.118419
v -0.303506 0.415101 -0.122162
v -0.299219 0.409722 -0.121819
v -0.295479 0.409115 -0.113855
v -0.306143 0.422761 -0.113821
v -0.309353 0.421442 -0.122284
v 0.298899 0.398679 -0.118646
v 0.297660 0.397611 -0.114658
v 0.303178 0.396218 -0.118837
v 0.300831 0.399652 -0.122170
v 0.295772 0.401274 -0.118449
v 0.294378 0.400217 -0.114222
v 0.301818 0.395299 -0.115275
v 0.305076 0.397029 -0.122318
v 0.297935 0.402245 -0.121819
v -0.298899 0.398679 -0.118646
v -0.303178 0.396218 -0.118837
v -0.297660 0.397611 -0.114658
v -0.295772 0.401274 -0.118449
v -0.300831 0.399652 -0.122170
v -0.305076 0.397029 -0.122318
v -0.301818 0.395299 -0.115275
v -0.294378 0.400217 -0.114222
v -0.297935 0.402245 -0.121819
v 0.313439 0.384140 -0.118707
v 0.310890 0.384313 -0.114643
v 0.314774 0.378894 -0.118577
v 0.315812 0.384516 -0.122427
v 0.311010 0.389063 -0.118860
v 0.308882 0.388878 -0.115275
v 0.311979 0.379129 -0.114165
v 0.317265 0.379313 -0.122387
v 0.313195 0.389507 -0.122410
v -0.313439 0.384140 -0.118707
v -0.314774 0.378894 -0.118577
v -0.310890 0.384313 -0.114643
v -0.311010 0.389063 -0.118860
v -0.315812 0.384516 -0.122427
v -0.317265 0.379313 -0.122387
v -0.311979 0.379129 -0.114165
v -0.308882 0.388878 -0.115275
v -0.313195 0.389507 -0.122410
v 0.312009 0.366197 -0.117865
v 0.309368 0.366163 -0.113061
v 0.310967 0.363505 -0.116698
v 0.314321 0.366627 -0.121330
v 0.313639 0.369652 -0.118336
v 0.310833 0.369726 -0.113569
v 0.308528 0.363293 -0.111929
v 0.313193 0.364048 -0.119856
v 0.316073 0.370093 -0.122020
v -0.312009 0.366197 -0.117865
v -0.310967 0.363505 -0.116698
v -0.309368 0.366163 -0.113061
v -0.313639 0.369652 -0.118336
v -0.314321 0.366627 -0.121330
v -0.313193 0.364048 -0.119856
v -0.308528 0.363293 -0.111929
v -0.310833 0.369726 -0.113569
v -0.316073 0.370093 -0.122020
v 0.319517 0.359492 -0.108404
v 0.317896 0.358432 -0.103111
v 0.327098 0.359401 -0.107153
v 0.320869 0.360885 -0.112931
v 0.314281 0.360191 -0.111365
v 0.312381 0.359441 -0.106333
v 0.325682 0.358064 -0.101747
v 0.328274 0.361115 -0.112044
v 0.315992 0.361250 -0.115132
v -0.319517 0.359492 -0.108404
v -0.327098 0.359401 -0.107153
v -0.317896 0.358432 -0.103111
v -0.314281 0.360191 -0.111365
v -0.320869 0.360885 -0.112931
v -0.328274 0.361115 -0.112044
v -0.325682 0.358064 -0.101747
v -0.312381 0.359441 -0.106333
v -0.315992 0.361250 -0.115132
v 0.372823 0.484316 -0.139335
v 0.371421 0.486829 -0.134244
v 0.365145 0.480416 -0.133599
v 0.374661 0.481899 -0.143649
v 0.381533 0.487716 -0.145670
v 0.380150 0.490289 -0.140688
v 0.363764 0.482847 -0.128441
v 0.366974 0.478031 -0.138108
v 0.383296 0.485293 -0.149747
v -0.372823 0.484316 -0.139335
v -0.365145 0.480416 -0.133599
v -0.371421 0.486829 -0.134244
v -0.381533 0.487716 -0.145670
v -0.374661 0.481899 -0.143649
v -0.366974 0.478031 -0.138108
v -0.363764 0.482847 -0.128441
v -0.380150 0.490289 -0.140688
v -0.383296 0.485293 -0.149747
v 0.415188 0.494114 -0.165623
v 0.414275 0.496762 -0.161263
v 0.403025 0.492926 -0.159155
v 0.415906 0.491799 -0.168805
v 0.427140 0.493556 -0.171325
v 0.426476 0.496206 -0.167257
v 0.401891 0.495564 -0.154540
v 0.404227 0.490583 -0.162681
v 0.427298 0.491180 -0.174057
v -0.415188 0.494114 -0.165623
v -0.403025 0.492926 -0.159155
v -0.414275 0.496762 -0.161263
v -0.427140 0.493556 -0.171325
v -0.415906 0.491799 -0.168805
v -0.404227 0.490583 -0.162681
v -0.401891 0.495564 -0.154540
v -0.426476 0.496206 -0.167257
v -0.427298 0.491180 -0.174057
v 0.454008 0.476965 -0.180715
v 0.453756 0.479086 -0.177213
v 0.447066 0.485044 -0.178904
v 0.453092 0.474959 -0.182582
v 0.458681 0.466891 -0.181625
v 0.458446 0.468662 -0.178208
v 0.446750 0.487445 -0.175284
v 0.446363 0.482771 -0.180937
v 0.457643 0.465268 -0.183391
v -0.454008 0.476965 -0.180715
v -0.447066 0.485044 -0.178904
v -0.453756 0.479086 -0.177213
v -0.458681 0.466891 -0.181625
v -0.453092 0.474959 -0.182582
v -0.446363 0.482771 -0.180937
v -0.446750 0.487445 -0.175284
v -0.458446 0.468662 -0.178208
v -0.457643 0.465268 -0.183391
v 0.457378 0.429113 -0.181444
v 0.457101 0.429669 -0.178294
v 0.460447 0.442421 -0.181992
v 0.456207 0.429108 -0.182946
v 0.451715 0.415990 -0.179982
v 0.451416 0.416144 -0.176855
v 0.460189 0.443390 -0.178758
v 0.459294 0.441830 -0.183574
v 0.450568 0.416557 -0.181475
v -0.457378 0.429113 -0.181444
v -0.460447 0.442421 -0.181992
v -0.457101 0.429669 -0.178294
v -0.451715 0.415990 -0.179982
v -0.456207 0.429108 -0.182946
v -0.459294 0.441830 -0.183574
v -0.460189 0.443390 -0.178758
v -0.451416 0.416144 -0.176855
v -0.450568 0.416557 -0.181475
v 0.420038 0.383807 -0.167141
v 0.419659 0.382956 -0.163378
v 0.432726 0.392987 -0.173044
v 0.419329 0.385642 -0.169409
v 0.406034 0.376208 -0.159468
v 0.405595 0.375105 -0.155331
v 0.432381 0.392431 -0.169608
v 0.431808 0.394495 -0.174916
v 0.405584 0.378281 -0.162223
v -0.420038 0.383807 -0.167141
v -0.432726 0.392987 -0.173044
v -0.419659 0.382956 -0.163378
v -0.406034 0.376208 -0.159468
v -0.419329 0.385642 -0.169409
v -0.431808 0.394495 -0.174916
v -0.432381 0.392431 -0.169608
v -0.405595 0.375105 -0.155331
v -0.405584 0.378281 -0.162223
v 0.362135 0.362857 -0.126596
v 0.361278 0.361270 -0.121495
v 0.376506 0.365853 -0.138380
v 0.362646 0.365131 -0.130941
v 0.348748 0.360960 -0.116304
v 0.347699 0.359349 -0.111012
v 0.375827 0.364371 -0.133544
v 0.376687 0.368144 -0.142225
v 0.349556 0.363133 -0.121034
v -0.362135 0.362857 -0.126596
v -0.376506 0.365853 -0.138380
v -0.361278 0.361270 -0.121495
v -0.348748 0.360960 -0.116304
v -0.362646 0.365131 -0.130941
v -0.376687 0.368144 -0.142225
v -0.375827 0.364371 -0.133544
v -0.347699 0.359349 -0.111012
v -0.349556 0.363133 -0.121034
v 0.329268 0.390878 -0.129551
v 0.323507 0.387830 -0.127816
v 0.331264 0.385811 -0.129276
v 0.335733 0.394696 -0.131076
v 0.326095 0.395750 -0.129387
v 0.320579 0.392718 -0.127731
v 0.325247 0.382753 -0.127616
v 0.338032 0.389599 -0.130815
v 0.332299 0.399575 -0.130780
v -0.329268 0.390878 -0.129551
v -0.331264 0.385811 -0.129276
v -0.323507 0.387830 -0.127816
v -0.326095 0.395750 -0.129387
v -0.335733 0.394696 -0.131076
v -0.338032 0.389599 -0.130815
v -0.325247 0.382753 -0.127616
v -0.320579 0.392718 -0.127731
v -0.332299 0.399575 -0.130780
v 0.355461 0.409575 -0.137122
v 0.349057 0.404167 -0.134780
v 0.358773 0.404124 -0.137939
v 0.361657 0.415261 -0.139579
v 0.351437 0.414570 -0.136007
v 0.345188 0.409115 -0.133991
v 0.352022 0.398864 -0.135081
v 0.365335 0.409677 -0.140940
v 0.357503 0.420295 -0.138154
v -0.355461 0.409575 -0.137122
v -0.358773 0.404124 -0.137939
v -0.349057 0.404167 -0.134780
v -0.351437 0.414570 -0.136007
v -0.361657 0.415261 -0.139579
v -0.365335 0.409677 -0.140940
v -0.352022 0.398864 -0.135081
v -0.345188 0.409115 -0.133991
v -0.357503 0.420295 -0.138154
v 0.378859 0.432662 -0.146211
v 0.373319 0.426958 -0.144200
v 0.383748 0.427052 -0.148537
v 0.384341 0.438032 -0.148030
v 0.374371 0.437662 -0.144426
v 0.368924 0.431991 -0.142420
v 0.377811 0.421282 -0.146353
v 0.389541 0.432554 -0.150412
v 0.379817 0.443000 -0.146341
v -0.378859 0.432662 -0.146211
v -0.383748 0.427052 -0.148537
v -0.373319 0.426958 -0.144200
v -0.374371 0.437662 -0.144426
v -0.384341 0.438032 -0.148030
v -0.389541 0.432554 -0.150412
v -0.377811 0.421282 -0.146353
v -0.368924 0.431991 -0.142420
v -0.379817 0.443000 -0.146341
v 0.401598 0.450809 -0.152901
v 0.395533 0.447056 -0.151114
v 0.406611 0.446002 -0.154933
v 0.408315 0.454425 -0.155538
v 0.397558 0.455846 -0.151949
v 0.391238 0.452036 -0.149873
v 0.400871 0.442002 -0.153347
v 0.412619 0.449835 -0.157259
v 0.404567 0.459550 -0.154850
v -0.401598 0.450809 -0.152901
v -0.406611 0.446002 -0.154933
v -0.395533 0.447056 -0.151114
v -0.397558 0.455846 -0.151949
v -0.408315 0.454425 -0.155538
v -0.412619 0.449835 -0.157259
v -0.400871 0.442002 -0.153347
v -0.391238 0.452036 -0.149873
v -0.404567 0.459550 -0.154850
v 0.384864 0.470918 -0.150352
v 0.380708 0.475333 -0.149096
v 0.377816 0.466968 -0.146571
v 0.389351 0.466067 -0.151077
v 0.392304 0.474538 -0.154566
v 0.388632 0.478841 -0.154058
v 0.373350 0.471426 -0.144575
v 0.382569 0.462080 -0.147992
v 0.396555 0.469840 -0.154712
v -0.384864 0.470918 -0.150352
v -0.377816 0.466968 -0.146571
v -0.380708 0.475333 -0.149096
v -0.392304 0.474538 -0.154566
v -0.389351 0.466067 -0.151077
v -0.382569 0.462080 -0.147992
v -0.373350 0.471426 -0.144575
v -0.388632 0.478841 -0.154058
v -0.396555 0.469840 -0.154712
v 0.359186 0.452618 -0.137889
v 0.353578 0.447151 -0.135789
v 0.364532 0.447592 -0.140527
v 0.365019 0.457806 -0.140355
v 0.354249 0.457227 -0.134745
v 0.348616 0.451829 -0.132661
v 0.358971 0.442037 -0.138429
v 0.370231 0.452861 -0.142809
v 0.360186 0.462344 -0.137374
v -0.359186 0.452618 -0.137889
v -0.364532 0.447592 -0.140527
v -0.353578 0.447151 -0.135789
v -0.354249 0.457227 -0.134745
v -0.365019 0.457806 -0.140355
v -0.370231 0.452861 -0.142809
v -0.358971 0.442037 -0.138429
v -0.348616 0.451829 -0.132661
v -0.360186 0.462344 -0.137374
v 0.337009 0.429984 -0.131238
v 0.332551 0.434675 -0.128909
v 0.331292 0.424260 -0.130204
v 0.341919 0.424788 -0.133106
v 0.342582 0.435753 -0.132498
v 0.337883 0.440500 -0.129817
v 0.327058 0.428781 -0.128246
v 0.335968 0.419206 -0.131698
v 0.347733 0.430524 -0.134714
v -0.337009 0.429984 -0.131238
v -0.331292 0.424260 -0.130204
v -0.332551 0.434675 -0.128909
v -0.342582 0.435753 -0.132498
v -0.341919 0.424788 -0.133106
v -0.335968 0.419206 -0.131698
v -0.327058 0.428781 -0.128246
v -0.337883 0.440500 -0.129817
v -0.347733 0.430524 -0.134714
v 0.313172 0.408299 -0.127968
v 0.317633 0.404557 -0.128608
v 0.319149 0.413217 -0.128725
v 0.309194 0.411466 -0.126840
v 0.307952 0.404227 -0.126814
v 0.312277 0.400974 -0.127272
v 0.323630 0.408931 -0.129588
v 0.315041 0.416901 -0.127375
v 0.304540 0.407061 -0.125901
v -0.313172 0.408299 -0.127968
v -0.319149 0.413217 -0.128725
v -0.317633 0.404557 -0.128608
v -0.307952 0.404227 -0.126814
v -0.309194 0.411466 -0.126840
v -0.315041 0.416901 -0.127375
v -0.323630 0.408931 -0.129588
v -0.312277 0.400974 -0.127272
v -0.304540 0.407061 -0.125901
v 0.327809 0.370585 -0.123949
v 0.325020 0.366355 -0.120682
v 0.335243 0.372880 -0.124500
v 0.330312 0.375457 -0.126535
v 0.321786 0.368794 -0.123910
v 0.319661 0.365424 -0.121278
v 0.332402 0.367811 -0.120759
v 0.337619 0.378499 -0.127558
v 0.324054 0.372983 -0.125781
v -0.327809 0.370585 -0.123949
v -0.335243 0.372880 -0.124500
v -0.325020 0.366355 -0.120682
v -0.321786 0.368794 -0.123910
v -0.330312 0.375457 -0.126535
v -0.337619 0.378499 -0.127558
v -0.332402 0.367811 -0.120759
v -0.319661 0.365424 -0.121278
v -0.324054 0.372983 -0.125781
v 0.363180 0.382331 -0.137917
v 0.373539 0.386537 -0.145091
v 0.362591 0.390261 -0.138455
v 0.353188 0.378728 -0.131437
v 0.363219 0.374912 -0.136606
v 0.375219 0.378556 -0.145527
v 0.371297 0.395045 -0.143876
v 0.353994 0.385929 -0.133475
v 0.351850 0.372031 -0.128648
v -0.363180 0.382331 -0.137917
v -0.362591 0.390261 -0.138455
v -0.373539 0.386537 -0.145091
v -0.363219 0.374912 -0.136606
v -0.353188 0.378728 -0.131437
v -0.353994 0.385929 -0.133475
v -0.371297 0.395045 -0.143876
v -0.375219 0.378556 -0.145527
v -0.351850 0.372031 -0.128648
v 0.404415 0.403657 -0.162063
v 0.413668 0.410712 -0.165528
v 0.396785 0.412249 -0.156770
v 0.394432 0.397201 -0.157590
v 0.411406 0.395665 -0.166669
v 0.422130 0.403439 -0.170926
v 0.404540 0.418610 -0.159494
v 0.388544 0.406099 -0.153325
v 0.399713 0.388876 -0.161122
v -0.404415 0.403657 -0.162063
v -0.396785 0.412249 -0.156770
v -0.413668 0.410712 -0.165528
v -0.411406 0.395665 -0.166669
v -0.394432 0.397201 -0.157590
v -0.388544 0.406099 -0.153325
v -0.404540 0.418610 -0.159494
v -0.422130 0.403439 -0.170926
v -0.399713 0.388876 -0.161122
v 0.434008 0.434283 -0.171240
v 0.437581 0.442473 -0.172110
v 0.423193 0.437619 -0.164485
v 0.428712 0.426158 -0.169966
v 0.444293 0.431653 -0.177546
v 0.447552 0.441784 -0.178253
v 0.427434 0.443827 -0.165836
v 0.417887 0.431361 -0.163163
v 0.438872 0.421648 -0.176201
v -0.434008 0.434283 -0.171240
v -0.423193 0.437619 -0.164485
v -0.437581 0.442473 -0.172110
v -0.444293 0.431653 -0.177546
v -0.428712 0.426158 -0.169966
v -0.417887 0.431361 -0.163163
v -0.427434 0.443827 -0.165836
v -0.447552 0.441784 -0.178253
v -0.438872 0.421648 -0.176201
v 0.434802 0.465665 -0.172014
v 0.430454 0.472165 -0.171399
v 0.425301 0.461848 -0.165457
v 0.437867 0.458377 -0.172443
v 0.443417 0.469367 -0.177972
v 0.438122 0.476410 -0.176992
v 0.421507 0.467730 -0.164986
v 0.428397 0.455936 -0.166249
v 0.447002 0.461003 -0.178437
v -0.434802 0.465665 -0.172014
v -0.425301 0.461848 -0.165457
v -0.430454 0.472165 -0.171399
v -0.443417 0.469367 -0.177972
v -0.437867 0.458377 -0.172443
v -0.428397 0.455936 -0.166249
v -0.421507 0.467730 -0.164986
v -0.438122 0.476410 -0.176992
v -0.447002 0.461003 -0.178437
v 0.414400 0.482933 -0.167845
v 0.408239 0.481071 -0.164232
v 0.419328 0.481197 -0.169323
v 0.415454 0.486119 -0.169630
v 0.406321 0.484743 -0.164791
v 0.412273 0.477347 -0.164298
v 0.423888 0.485064 -0.173047
v -0.414400 0.482933 -0.167845
v -0.419328 0.481197 -0.169323
v -0.408239 0.481071 -0.164232
v -0.415454 0.486119 -0.169630
v -0.423888 0.485064 -0.173047
v -0.412273 0.477347 -0.164298
v -0.406321 0.484743 -0.164791
v 0.342839 0.327714 -0.127866
v 0.342473 0.324690 -0.114658
v 0.320482 0.325209 -0.115845
v 0.343806 0.337507 -0.141253
v 0.366301 0.332677 -0.141534
v 0.365908 0.329741 -0.129072
v 0.320006 0.321967 -0.101895
v 0.321978 0.335119 -0.130150
v 0.366883 0.342355 -0.153990
v -0.342839 0.327714 -0.127866
v -0.320482 0.325209 -0.115845
v -0.342473 0.324690 -0.114658
v -0.366301 0.332677 -0.141534
v -0.343806 0.337507 -0.141253
v -0.321978 0.335119 -0.130150
v -0.320006 0.321967 -0.101895
v -0.365908 0.329741 -0.129072
v -0.366883 0.342355 -0.153990
v 0.437268 0.362514 -0.173356
v 0.435713 0.360022 -0.163550
v 0.414358 0.350084 -0.165282
v 0.437930 0.370922 -0.182953
v 0.457909 0.377375 -0.179066
v 0.455831 0.375230 -0.170181
v 0.413335 0.347355 -0.154528
v 0.414814 0.359142 -0.175822
v 0.458820 0.384840 -0.187786
v -0.437268 0.362514 -0.173356
v -0.414358 0.350084 -0.165282
v -0.435713 0.360022 -0.163550
v -0.457909 0.377375 -0.179066
v -0.437930 0.370922 -0.182953
v -0.414814 0.359142 -0.175822
v -0.413335 0.347355 -0.154528
v -0.455831 0.375230 -0.170181
v -0.458820 0.384840 -0.187786
v 0.495993 0.435158 -0.183890
v 0.493423 0.434801 -0.177004
v 0.487822 0.414229 -0.183897
v 0.496876 0.437698 -0.190722
v 0.499695 0.456389 -0.183263
v 0.497399 0.456806 -0.176694
v 0.485187 0.413163 -0.176510
v 0.488940 0.418736 -0.191242
v 0.500000 0.456766 -0.189623
v -0.495993 0.435158 -0.183890
v -0.487822 0.414229 -0.183897
v -0.493423 0.434801 -0.177004
v -0.499695 0.456389 -0.183263
v -0.496876 0.437698 -0.190722
v -0.488940 0.418736 -0.191242
v -0.485187 0.413163 -0.176510
v -0.497399 0.456806 -0.176694
v -0.500000 0.456766 -0.189623
v 0.486681 0.512117 -0.184404
v 0.484473 0.514676 -0.176754
v 0.494775 0.495766 -0.183573
v 0.488024 0.506451 -0.191786
v 0.475168 0.525177 -0.184402
v 0.473009 0.528325 -0.175972
v 0.492674 0.497674 -0.176602
v 0.495322 0.491947 -0.190219
v 0.476923 0.517844 -0.192515
v -0.486681 0.512117 -0.184404
v -0.494775 0.495766 -0.183573
v -0.484473 0.514676 -0.176754
v -0.475168 0.525177 -0.184402
v -0.488024 0.506451 -0.191786
v -0.495322 0.491947 -0.190219
v -0.492674 0.497674 -0.176602
v -0.473009 0.528325 -0.175972
v -0.476923 0.517844 -0.192515
v 0.425517 0.538710 -0.172337
v 0.424309 0.542988 -0.161506
v 0.443833 0.538341 -0.178492
v 0.426825 0.528233 -0.182801
v 0.406796 0.536320 -0.164852
v 0.406134 0.540743 -0.153450
v 0.442186 0.542360 -0.168403
v 0.445519 0.528577 -0.188187
v 0.407544 0.525412 -0.175914
v -0.425517 0.538710 -0.172337
v -0.443833 0.538341 -0.178492
v -0.424309 0.542988 -0.161506
v -0.406796 0.536320 -0.164852
v -0.426825 0.528233 -0.182801
v -0.445519 0.528577 -0.188187
v -0.442186 0.542360 -0.168403
v -0.406134 0.540743 -0.153450
v -0.407544 0.525412 -0.175914
v 0.357394 0.521912 -0.140485
v 0.358850 0.526189 -0.128954
v 0.372223 0.527410 -0.148305
v 0.355743 0.511001 -0.151518
v 0.344204 0.515697 -0.133819
v 0.346391 0.519885 -0.122364
v 0.372926 0.531799 -0.136617
v 0.371447 0.516330 -0.159585
v 0.341678 0.505058 -0.144702
v -0.357394 0.521912 -0.140485
v -0.372223 0.527410 -0.148305
v -0.358850 0.526189 -0.128954
v -0.344204 0.515697 -0.133819
v -0.355743 0.511001 -0.151518
v -0.371447 0.516330 -0.159585
v -0.372926 0.531799 -0.136617
v -0.346391 0.519885 -0.122364
v -0.341678 0.505058 -0.144702
v 0.349413 0.423467 -0.164582
v 0.369061 0.428311 -0.174435
v 0.347223 0.387033 -0.160666
v 0.331312 0.419624 -0.156234
v 0.351683 0.460077 -0.164453
v 0.369841 0.465050 -0.173529
v 0.368305 0.391800 -0.171419
v 0.327620 0.383968 -0.151478
v 0.335119 0.455384 -0.156810
v -0.349413 0.423467 -0.164582
v -0.347223 0.387033 -0.160666
v -0.369061 0.428311 -0.174435
v -0.351683 0.460077 -0.164453
v -0.331312 0.419624 -0.156234
v -0.327620 0.383968 -0.151478
v -0.368305 0.391800 -0.171419
v -0.369841 0.465050 -0.173529
v -0.335119 0.455384 -0.156810
v 0.433475 0.447885 -0.197745
v 0.430880 0.481173 -0.196244
v 0.453358 0.454687 -0.201743
v 0.435863 0.414989 -0.195926
v 0.411902 0.440832 -0.191864
v 0.410159 0.475967 -0.190225
v 0.450320 0.485186 -0.200495
v 0.456282 0.424699 -0.199865
v 0.413484 0.406019 -0.189950
v -0.433475 0.447885 -0.197745
v -0.453358 0.454687 -0.201743
v -0.430880 0.481173 -0.196244
v -0.411902 0.440832 -0.191864
v -0.435863 0.414989 -0.195926
v -0.456282 0.424699 -0.199865
v -0.450320 0.485186 -0.200495
v -0.410159 0.475967 -0.190225
v -0.413484 0.406019 -0.189950
v 0.489022 0.467852 -0.202527
v 0.489782 0.481659 -0.201643
v 0.493245 0.456412 -0.200993
v 0.482683 0.465203 -0.204101
v 0.480378 0.486562 -0.203049
v 0.495475 0.471031 -0.199056
v 0.485790 0.444834 -0.202097
v -0.489022 0.467852 -0.202527
v -0.493245 0.456412 -0.200993
v -0.489782 0.481659 -0.201643
v -0.482683 0.465203 -0.204101
v -0.485790 0.444834 -0.202097
v -0.495475 0.471031 -0.199056
v -0.480378 0.486562 -0.203049
v 0.314463 0.494911 -0.125374
v 0.307775 0.492621 -0.124440
v 0.318276 0.499268 -0.111453
v 0.322749 0.501054 -0.126503
v 0.309634 0.485279 -0.138986
v 0.301911 0.483391 -0.141105
v 0.311996 0.496585 -0.107892
v 0.326118 0.505391 -0.114108
v 0.318699 0.491069 -0.138372
v -0.314463 0.494911 -0.125374
v -0.318276 0.499268 -0.111453
v -0.307775 0.492621 -0.124440
v -0.309634 0.485279 -0.138986
v -0.322749 0.501054 -0.126503
v -0.326118 0.505391 -0.114108
v -0.311996 0.496585 -0.107892
v -0.301911 0.483391 -0.141105
v -0.318699 0.491069 -0.138372
v 0.288071 0.414626 -0.154625
v 0.296138 0.443815 -0.154788
v 0.300857 0.415107 -0.150856
v 0.280188 0.385450 -0.149449
v 0.275973 0.415535 -0.161499
v 0.285490 0.443349 -0.161012
v 0.307553 0.446715 -0.151581
v 0.294275 0.383372 -0.145470
v 0.266892 0.388452 -0.156592
v -0.288071 0.414626 -0.154625
v -0.300857 0.415107 -0.150856
v -0.296138 0.443815 -0.154788
v -0.275973 0.415535 -0.161499
v -0.280188 0.385450 -0.149449
v -0.294275 0.383372 -0.145470
v -0.307553 0.446715 -0.151581
v -0.285490 0.443349 -0.161012
v -0.266892 0.388452 -0.156592
v 0.264415 0.331117 -0.107267
v 0.248688 0.334995 -0.112001
v 0.267849 0.342300 -0.124497
v 0.281265 0.327468 -0.105273
v 0.263205 0.325529 -0.090116
v 0.247215 0.328052 -0.092137
v 0.252719 0.347079 -0.130769
v 0.284046 0.338009 -0.121389
v 0.280331 0.322976 -0.089649
v -0.264415 0.331117 -0.107267
v -0.267849 0.342300 -0.124497
v -0.248688 0.334995 -0.112001
v -0.263205 0.325529 -0.090116
v -0.281265 0.327468 -0.105273
v -0.284046 0.338009 -0.121389
v -0.252719 0.347079 -0.130769
v -0.247215 0.328052 -0.092137
v -0.280331 0.322976 -0.089649
v 0.195510 0.456806 0.254197
v 0.188624 0.456870 0.262098
v 0.182507 0.456949 0.268897
v 0.177003 0.448303 0.274562
v 0.174525 0.440013 0.275153
v 0.170484 0.432422 0.276076
v 0.168099 0.422308 0.272177
v 0.172288 0.417714 0.265827
v 0.177048 0.412613 0.258405
v 0.190579 0.418140 0.248177
v 0.197030 0.430168 0.246718
v 0.201060 0.443206 0.245780
v -0.201060 0.443206 0.245780
v -0.197030 0.430168 0.246718
v -0.190579 0.418140 0.248177
v -0.177048 0.412613 0.258405
v -0.172288 0.417714 0.265827
v -0.168099 0.422308 0.272177
v -0.170484 0.432422 0.276076
v -0.174525 0.440013 0.275153
v -0.177003 0.448303 0.274562
v -0.182507 0.456949 0.268897
v -0.188624 0.456870 0.262098
v -0.195510 0.456806 0.254197
v 0.220256 0.456978 0.216138
v 0.214688 0.456878 0.226261
v 0.208812 0.456806 0.236079
v 0.186406 0.403255 0.241022
v 0.190625 0.399423 0.231412
v 0.194662 0.395928 0.221436
v 0.210073 0.406363 0.208983
v 0.218559 0.422096 0.207286
v 0.223833 0.439204 0.206231
v -0.223833 0.439204 0.206231
v -0.218559 0.422096 0.207286
v -0.210073 0.406363 0.208983
v -0.194662 0.395928 0.221436
v -0.190625 0.399423 0.231412
v -0.186406 0.403255 0.241022
v -0.208812 0.456806 0.236079
v -0.214688 0.456878 0.226261
v -0.220256 0.456978 0.216138
v 0.171223 0.399013 0.252351
v 0.159030 0.392606 0.254858
v 0.145842 0.388589 0.257471
v 0.132127 0.381021 0.251852
v 0.132106 0.375603 0.242978
v 0.132098 0.370678 0.233660
v 0.150446 0.367834 0.220725
v 0.168105 0.373063 0.217331
v 0.184388 0.381411 0.214120
v -0.184388 0.381411 0.214120
v -0.168105 0.373063 0.217331
v -0.150446 0.367834 0.220725
v -0.132098 0.370678 0.233660
v -0.132106 0.375603 0.242978
v -0.132127 0.381021 0.251852
v -0.145842 0.388589 0.257471
v -0.159030 0.392606 0.254858
v -0.171223 0.399013 0.252351
v 0.157985 0.420427 0.278736
v 0.149990 0.416424 0.280353
v 0.141358 0.413920 0.282061
v 0.132414 0.408118 0.279264
v 0.132328 0.401590 0.273787
v 0.132242 0.394323 0.267378
v -0.132242 0.394323 0.267378
v -0.132328 0.401590 0.273787
v -0.132414 0.408118 0.279264
v -0.141358 0.413920 0.282061
v -0.149990 0.416424 0.280353
v -0.157985 0.420427 0.278736
v 0.123768 0.413920 0.285455
v 0.115477 0.416424 0.286982
v 0.107886 0.420427 0.288282
v 0.097772 0.422308 0.285163
v 0.093140 0.417714 0.280261
v 0.087922 0.412613 0.274533
v 0.093289 0.399013 0.266530
v 0.105404 0.392606 0.264680
v 0.118527 0.388589 0.262493
v -0.118527 0.388589 0.262493
v -0.105404 0.392606 0.264680
v -0.093289 0.399013 0.266530
v -0.087922 0.412613 0.274533
v -0.093140 0.417714 0.280261
v -0.097772 0.422308 0.285163
v -0.107886 0.420427 0.288282
v -0.115477 0.416424 0.286982
v -0.123768 0.413920 0.285455
v 0.077946 0.403255 0.260475
v 0.073610 0.399423 0.252335
v 0.069535 0.395928 0.243751
v 0.079809 0.381411 0.232834
v 0.096092 0.373063 0.230265
v 0.113751 0.367834 0.227330
v -0.113751 0.367834 0.227330
v -0.096092 0.373063 0.230265
v -0.079809 0.381411 0.232834
v -0.069535 0.395928 0.243751
v -0.073610 0.399423 0.252335
v -0.077946 0.403255 0.260475
v 0.074047 0.418140 0.268846
v 0.067619 0.430168 0.269337
v 0.063595 0.443206 0.269540
v 0.055568 0.456806 0.262453
v 0.049554 0.456878 0.254745
v 0.043941 0.456978 0.246640
v 0.040363 0.439204 0.238155
v 0.045638 0.422096 0.237558
v 0.054124 0.406363 0.236504
v -0.054124 0.406363 0.236504
v -0.045638 0.422096 0.237558
v -0.040363 0.439204 0.238155
v -0.043941 0.456978 0.246640
v -0.049554 0.456878 0.254745
v -0.055568 0.456806 0.262453
v -0.063595 0.443206 0.269540
v -0.067619 0.430168 0.269337
v -0.074047 0.418140 0.268846
v 0.095892 0.432422 0.289864
v 0.091888 0.440013 0.290161
v 0.089384 0.448303 0.290260
v 0.083582 0.456949 0.286224
v 0.077009 0.456870 0.281440
v 0.069604 0.456806 0.275892
v -0.069604 0.456806 0.275892
v -0.077009 0.456870 0.281440
v -0.083582 0.456949 0.286224
v -0.089384 0.448303 0.290260
v -0.091888 0.440013 0.290161
v -0.095892 0.432422 0.289864
v 0.089384 0.465893 0.290260
v 0.091888 0.474532 0.290161
v 0.095892 0.482549 0.289864
v 0.097772 0.492663 0.285163
v 0.093140 0.496831 0.280261
v 0.087922 0.501584 0.274533
v 0.074047 0.495759 0.268846
v 0.067619 0.483572 0.269337
v 0.063595 0.470406 0.269540
v -0.063595 0.470406 0.269540
v -0.067619 0.483572 0.269337
v -0.074047 0.495759 0.268846
v -0.087922 0.501584 0.274533
v -0.093140 0.496831 0.280261
v -0.097772 0.492663 0.285163
v -0.095892 0.482549 0.289864
v -0.091888 0.474532 0.290161
v -0.089384 0.465893 0.290260
v 0.077946 0.510941 0.260475
v 0.073610 0.515161 0.252335
v 0.069535 0.519197 0.243751
v 0.054124 0.508923 0.236504
v 0.045638 0.492686 0.237558
v 0.040363 0.475164 0.238155
v -0.040363 0.475164 0.238155
v -0.045638 0.492686 0.237558
v -0.054124 0.508923 0.236504
v -0.069535 0.519197 0.243751
v -0.073610 0.515161 0.252335
v -0.077946 0.510941 0.260475
v 0.093289 0.515115 0.266530
v 0.105404 0.521565 0.264680
v 0.118527 0.525596 0.262493
v 0.132127 0.533347 0.251852
v 0.132106 0.539224 0.242978
v 0.132098 0.544791 0.233660
v 0.113751 0.548369 0.227330
v 0.096092 0.543094 0.230265
v 0.079809 0.534609 0.232834
v -0.079809 0.534609 0.232834
v -0.096092 0.543094 0.230265
v -0.113751 0.548369 0.227330
v -0.132098 0.544791 0.233660
v -0.132106 0.539224 0.242978
v -0.132127 0.533347 0.251852
v -0.118527 0.525596 0.262493
v -0.105404 0.521565 0.264680
v -0.093289 0.515115 0.266530
v 0.107886 0.495163 0.288282
v 0.115477 0.499282 0.286982
v 0.123768 0.501825 0.285455
v 0.132414 0.507168 0.279264
v 0.132328 0.513191 0.273787
v 0.132242 0.520046 0.267378
v -0.132242 0.520046 0.267378
v -0.132328 0.513191 0.273787
v -0.132414 0.507168 0.279264
v -0.123768 0.501825 0.285455
v -0.115477 0.499282 0.286982
v -0.107886 0.495163 0.288282
v 0.141358 0.501825 0.282061
v 0.149990 0.499282 0.280353
v 0.157985 0.495163 0.278736
v 0.168099 0.492663 0.272177
v 0.172288 0.496831 0.265827
v 0.177048 0.501584 0.258405
v 0.171223 0.515115 0.252351
v 0.159030 0.521565 0.254858
v 0.145842 0.525596 0.257471
v -0.145842 0.525596 0.257471
v -0.159030 0.521565 0.254858
v -0.171223 0.515115 0.252351
v -0.177048 0.501584 0.258405
v -0.172288 0.496831 0.265827
v -0.168099 0.492663 0.272177
v -0.157985 0.495163 0.278736
v -0.149990 0.499282 0.280353
v -0.141358 0.501825 0.282061
v 0.186406 0.510941 0.241022
v 0.190625 0.515161 0.231412
v 0.194662 0.519197 0.221436
v 0.184388 0.534609 0.214120
v 0.168105 0.543094 0.217331
v 0.150446 0.548369 0.220725
v -0.150446 0.548369 0.220725
v -0.168105 0.543094 0.217331
v -0.184388 0.534609 0.214120
v -0.194662 0.519197 0.221436
v -0.190625 0.515161 0.231412
v -0.186406 0.510941 0.241022
v 0.190579 0.495759 0.248177
v 0.197030 0.483572 0.246718
v 0.201060 0.470406 0.245780
v 0.223833 0.475164 0.206231
v 0.218559 0.492686 0.207286
v 0.210073 0.508923 0.208983
v -0.210073 0.508923 0.208983
v -0.218559 0.492686 0.207286
v -0.223833 0.475164 0.206231
v -0.201060 0.470406 0.245780
v -0.197030 0.483572 0.246718
v -0.190579 0.495759 0.248177
v 0.170484 0.482549 0.276076
v 0.174525 0.474532 0.275153
v 0.177003 0.465893 0.274562
v -0.177003 0.465893 0.274562
v -0.174525 0.474532 0.275153
v -0.170484 0.482549 0.276076
v 0.172309 0.457073 0.283349
v 0.173880 0.457080 0.281025
v 0.175352 0.457064 0.278208
v 0.163306 0.487984 0.280983
v 0.162357 0.487118 0.283733
v 0.161291 0.486123 0.285997
v 0.164081 0.478348 0.287013
v 0.167538 0.471822 0.286108
v 0.169159 0.464573 0.285765
v -0.169159 0.464573 0.285765
v -0.167538 0.471822 0.286108
v -0.164081 0.478348 0.287013
v -0.161291 0.486123 0.285997
v -0.162357 0.487118 0.283733
v -0.163306 0.487984 0.280983
v -0.175352 0.457064 0.278208
v -0.173880 0.457080 0.281025
v -0.172309 0.457073 0.283349
v 0.132528 0.500517 0.287336
v 0.132545 0.499398 0.290137
v 0.132538 0.498125 0.292418
v 0.140037 0.495014 0.292693
v 0.147252 0.493116 0.290983
v 0.153677 0.489295 0.289528
v -0.153677 0.489295 0.289528
v -0.147252 0.493116 0.290983
v -0.140037 0.495014 0.292693
v -0.132538 0.498125 0.292418
v -0.132545 0.499398 0.290137
v -0.132528 0.500517 0.287336
v 0.103070 0.487984 0.292617
v 0.104021 0.487118 0.295299
v 0.104960 0.486123 0.297415
v 0.112154 0.489295 0.298226
v 0.118257 0.493116 0.297124
v 0.125146 0.495014 0.295866
v -0.125146 0.495014 0.295866
v -0.118257 0.493116 0.297124
v -0.112154 0.489295 0.298226
v -0.104960 0.486123 0.297415
v -0.104021 0.487118 0.295299
v -0.103070 0.487984 0.292617
v 0.090967 0.457064 0.293563
v 0.092188 0.457080 0.296213
v 0.093398 0.457073 0.298295
v 0.096310 0.464573 0.299869
v 0.098186 0.471822 0.299768
v 0.101864 0.478348 0.299541
v -0.101864 0.478348 0.299541
v -0.098186 0.471822 0.299768
v -0.096310 0.464573 0.299869
v -0.093398 0.457073 0.298295
v -0.092188 0.457080 0.296213
v -0.090967 0.457064 0.293563
v 0.103070 0.427605 0.292617
v 0.104021 0.428557 0.295299
v 0.104960 0.429496 0.297415
v 0.101864 0.436689 0.299541
v 0.098186 0.442792 0.299768
v 0.096310 0.449681 0.299869
v -0.096310 0.449681 0.299869
v -0.098186 0.442792 0.299768
v -0.101864 0.436689 0.299541
v -0.104960 0.429496 0.297415
v -0.104021 0.428557 0.295299
v -0.103070 0.427605 0.292617
v 0.132528 0.415502 0.287336
v 0.132545 0.416723 0.290137
v 0.132538 0.417933 0.292418
v 0.125146 0.420846 0.295866
v 0.118257 0.422721 0.297124
v 0.112154 0.426400 0.298226
v -0.112154 0.426400 0.298226
v -0.118257 0.422721 0.297124
v -0.125146 0.420846 0.295866
v -0.132538 0.417933 0.292418
v -0.132545 0.416723 0.290137
v -0.132528 0.415502 0.287336
v 0.163306 0.427605 0.280983
v 0.162357 0.428557 0.283733
v 0.161291 0.429496 0.285997
v 0.153677 0.426400 0.289528
v 0.147252 0.422721 0.290983
v 0.140037 0.420846 0.292693
v -0.140037 0.420846 0.292693
v -0.147252 0.422721 0.290983
v -0.153677 0.426400 0.289528
v -0.161291 0.429496 0.285997
v -0.162357 0.428557 0.283733
v -0.163306 0.427605 0.280983
v 0.169159 0.449681 0.285765
v 0.167538 0.442792 0.286108
v 0.164081 0.436689 0.287013
v -0.164081 0.436689 0.287013
v -0.167538 0.442792 0.286108
v -0.169159 0.449681 0.285765
v 0.164359 0.456997 0.288731
v 0.156965 0.456960 0.292177
v 0.147445 0.456964 0.295909
v 0.143179 0.446339 0.296965
v 0.150150 0.439738 0.293873
v 0.155550 0.434694 0.290912
v -0.147445 0.456964 0.295909
v -0.156965 0.456960 0.292177
v -0.164359 0.456997 0.288731
v -0.155550 0.434694 0.290912
v -0.150150 0.439738 0.293873
v -0.143179 0.446339 0.296965
v 0.132385 0.441889 0.299472
v 0.132414 0.432436 0.298054
v 0.132462 0.425226 0.296324
v -0.132462 0.425226 0.296324
v -0.132414 0.432436 0.298054
v -0.132385 0.441889 0.299472
v 0.121775 0.446339 0.301398
v 0.115195 0.439738 0.301163
v 0.110158 0.434694 0.300351
v -0.110158 0.434694 0.300351
v -0.115195 0.439738 0.301163
v -0.121775 0.446339 0.301398
v 0.117325 0.456964 0.301872
v 0.107894 0.456960 0.301769
v 0.100691 0.456997 0.301077
v -0.100691 0.456997 0.301077
v -0.107894 0.456960 0.301769
v -0.117325 0.456964 0.301872
v 0.121775 0.467973 0.301398
v 0.115195 0.474986 0.301163
v 0.110158 0.480420 0.300351
v -0.110158 0.480420 0.300351
v -0.115195 0.474986 0.301163
v -0.121775 0.467973 0.301398
v 0.132385 0.472621 0.299472
v 0.132414 0.482581 0.298054
v 0.132462 0.490251 0.296324
v -0.132462 0.490251 0.296324
v -0.132414 0.482581 0.298054
v -0.132385 0.472621 0.299472
v 0.143179 0.467973 0.296965
v 0.150150 0.474986 0.293873
v 0.155550 0.480420 0.290912
v -0.155550 0.480420 0.290912
v -0.150150 0.474986 0.293873
v -0.143179 0.467973 0.296965
v 0.016421 0.001055 0.203731
v 0.032629 0.002147 0.202460
v 0.048413 0.003727 0.200618
v 0.062449 0.007052 0.207314
v 0.060331 0.009638 0.215443
v 0.057053 0.013106 0.222915
v 0.040793 0.015583 0.230392
v 0.027886 0.014271 0.230939
v 0.014150 0.013382 0.231366
v 0.000000 0.008910 0.225770
v 0.000000 0.005312 0.219424
v 0.000000 0.002477 0.212309
v -0.014150 0.013382 0.231366
v -0.027886 0.014271 0.230939
v -0.040793 0.015583 0.230392
v -0.057053 0.013106 0.222915
v -0.060331 0.009638 0.215443
v -0.062449 0.007052 0.207314
v -0.048413 0.003727 0.200618
v -0.032629 0.002147 0.202460
v -0.016421 0.001055 0.203731
v 0.077860 0.007625 0.196054
v 0.090859 0.010088 0.193786
v 0.102107 0.013324 0.191857
v 0.106808 0.018049 0.201352
v 0.100526 0.020281 0.211653
v 0.092652 0.024040 0.221333
v 0.077906 0.024522 0.229520
v 0.070915 0.021298 0.229273
v 0.062466 0.018978 0.229428
v -0.062466 0.018978 0.229428
v -0.070915 0.021298 0.229273
v -0.077906 0.024522 0.229520
v -0.092652 0.024040 0.221333
v -0.100526 0.020281 0.211653
v -0.106808 0.018049 0.201352
v -0.102107 0.013324 0.191857
v -0.090859 0.010088 0.193786
v -0.077860 0.007625 0.196054
v 0.117541 0.023415 0.190000
v 0.121677 0.030834 0.190250
v 0.123957 0.040157 0.191198
v 0.121342 0.049078 0.205486
v 0.114639 0.050438 0.217447
v 0.105398 0.054657 0.228448
v 0.093220 0.051240 0.235947
v 0.091103 0.042636 0.233713
v 0.087905 0.035140 0.231768
v -0.087905 0.035140 0.231768
v -0.091103 0.042636 0.233713
v -0.093220 0.051240 0.235947
v -0.105398 0.054657 0.228448
v -0.114639 0.050438 0.217447
v -0.121342 0.049078 0.205486
v -0.123957 0.040157 0.191198
v -0.121677 0.030834 0.190250
v -0.117541 0.023415 0.190000
v 0.124553 0.065476 0.194913
v 0.123438 0.081441 0.197323
v 0.121606 0.099246 0.199712
v 0.116584 0.112685 0.215101
v 0.110287 0.110055 0.227112
v 0.101281 0.109801 0.237679
v 0.092589 0.095192 0.244697
v 0.093965 0.081988 0.242650
v 0.094573 0.070710 0.240511
v -0.094573 0.070710 0.240511
v -0.093965 0.081988 0.242650
v -0.092589 0.095192 0.244697
v -0.101281 0.109801 0.237679
v -0.110287 0.110055 0.227112
v -0.116584 0.112685 0.215101
v -0.121606 0.099246 0.199712
v -0.123438 0.081441 0.197323
v -0.124553 0.065476 0.194913
v 0.116469 0.139288 0.203267
v 0.113371 0.160206 0.204214
v 0.109973 0.180328 0.204706
v 0.103230 0.194891 0.218650
v 0.096922 0.192798 0.231525
v 0.088238 0.191887 0.242977
v 0.081334 0.171957 0.251577
v 0.084664 0.150903 0.250204
v 0.087796 0.130075 0.248526
v -0.087796 0.130075 0.248526
v -0.084664 0.150903 0.250204
v -0.081334 0.171957 0.251577
v -0.088238 0.191887 0.242977
v -0.096922 0.192798 0.231525
v -0.103230 0.194891 0.218650
v -0.109973 0.180328 0.204706
v -0.113371 0.160206 0.204214
v -0.116469 0.139288 0.203267
v 0.069294 0.317571 0.261192
v 0.077512 0.309458 0.243121
v 0.083519 0.303574 0.225811
v 0.100651 0.305638 0.208748
v 0.118225 0.311254 0.205741
v 0.138417 0.317185 0.202303
v 0.157108 0.327827 0.210399
v 0.154132 0.334066 0.222286
v 0.150824 0.341661 0.233534
v 0.125780 0.344528 0.250505
v 0.103319 0.340122 0.259305
v 0.080727 0.335884 0.268852
v -0.080727 0.335884 0.268852
v -0.103319 0.340122 0.259305
v -0.125780 0.344528 0.250505
v -0.150824 0.341661 0.233534
v -0.154132 0.334066 0.222286
v -0.157108 0.327827 0.210399
v -0.138417 0.317185 0.202303
v -0.118225 0.311254 0.205741
v -0.100651 0.305638 0.208748
v -0.083519 0.303574 0.225811
v -0.077512 0.309458 0.243121
v -0.069294 0.317571 0.261192
v 0.179239 0.331587 0.196777
v 0.198195 0.340634 0.194750
v 0.216420 0.351144 0.192419
v 0.233230 0.367152 0.199139
v 0.230835 0.372757 0.208709
v 0.226849 0.378940 0.217549
v 0.205062 0.373757 0.228626
v 0.187323 0.364354 0.232393
v 0.168116 0.356339 0.237019
v -0.168116 0.356339 0.237019
v -0.187323 0.364354 0.232393
v -0.205062 0.373757 0.228626
v -0.226849 0.378940 0.217549
v -0.230835 0.372757 0.208709
v -0.233230 0.367152 0.199139
v -0.216420 0.351144 0.192419
v -0.198195 0.340634 0.194750
v -0.179239 0.331587 0.196777
v 0.251394 0.377266 0.184461
v 0.267531 0.393070 0.179776
v 0.281713 0.410726 0.176669
v 0.289671 0.432353 0.187471
v 0.283592 0.435072 0.198459
v 0.275664 0.437690 0.208857
v 0.258578 0.424320 0.217755
v 0.248181 0.409988 0.219320
v 0.235656 0.396668 0.222021
v -0.235656 0.396668 0.222021
v -0.248181 0.409988 0.219320
v -0.258578 0.424320 0.217755
v -0.275664 0.437690 0.208857
v -0.283592 0.435072 0.198459
v -0.289671 0.432353 0.187471
v -0.281713 0.410726 0.176669
v -0.267531 0.393070 0.179776
v -0.251394 0.377266 0.184461
v 0.301046 0.451663 0.181348
v 0.305372 0.473274 0.188998
v 0.306091 0.493397 0.197958
v 0.299280 0.508648 0.215777
v 0.292639 0.505788 0.223764
v 0.284172 0.501980 0.230214
v 0.276099 0.485238 0.229296
v 0.275262 0.470889 0.224235
v 0.272155 0.455326 0.220232
v -0.272155 0.455326 0.220232
v -0.275262 0.470889 0.224235
v -0.276099 0.485238 0.229296
v -0.284172 0.501980 0.230214
v -0.292639 0.505788 0.223764
v -0.299280 0.508648 0.215777
v -0.306091 0.493397 0.197958
v -0.305372 0.473274 0.188998
v -0.301046 0.451663 0.181348
v 0.296573 0.522431 0.213117
v 0.286686 0.531259 0.218307
v 0.273892 0.538433 0.222789
v 0.257196 0.542859 0.237581
v 0.254294 0.538492 0.246401
v 0.250115 0.533083 0.252999
v 0.257042 0.520264 0.251072
v 0.265751 0.513755 0.245620
v 0.271513 0.506543 0.240236
v -0.271513 0.506543 0.240236
v -0.265751 0.513755 0.245620
v -0.257042 0.520264 0.251072
v -0.250115 0.533083 0.252999
v -0.254294 0.538492 0.246401
v -0.257196 0.542859 0.237581
v -0.273892 0.538433 0.222789
v -0.286686 0.531259 0.218307
v -0.296573 0.522431 0.213117
v 0.241120 0.554234 0.232284
v 0.222407 0.564228 0.237692
v 0.203319 0.575299 0.243183
v 0.182518 0.584977 0.259489
v 0.179567 0.580483 0.268924
v 0.176332 0.574169 0.275869
v 0.191468 0.556121 0.274149
v 0.210536 0.545757 0.268460
v 0.228879 0.535950 0.262562
v -0.228879 0.535950 0.262562
v -0.210536 0.545757 0.268460
v -0.191468 0.556121 0.274149
v -0.176332 0.574169 0.275869
v -0.179567 0.580483 0.268924
v -0.182518 0.584977 0.259489
v -0.203319 0.575299 0.243183
v -0.222407 0.564228 0.237692
v -0.241120 0.554234 0.232284
v 0.167542 0.599723 0.253343
v 0.151442 0.611649 0.257726
v 0.136141 0.621797 0.261622
v 0.120408 0.625076 0.275886
v 0.119767 0.617913 0.284961
v 0.119508 0.608198 0.291326
v 0.131250 0.591892 0.291258
v 0.143673 0.584912 0.287904
v 0.157503 0.576256 0.283965
v -0.157503 0.576256 0.283965
v -0.143673 0.584912 0.287904
v -0.131250 0.591892 0.291258
v -0.119508 0.608198 0.291326
v -0.119767 0.617913 0.284961
v -0.120408 0.625076 0.275886
v -0.136141 0.621797 0.261622
v -0.151442 0.611649 0.257726
v -0.167542 0.599723 0.253343
v 0.106762 0.632003 0.267883
v 0.092680 0.630837 0.270185
v 0.079385 0.625449 0.271873
v 0.068056 0.611941 0.283432
v 0.070286 0.605222 0.292070
v 0.073468 0.596346 0.298001
v 0.087297 0.593480 0.299560
v 0.097741 0.597618 0.298224
v 0.108545 0.598611 0.296395
v -0.108545 0.598611 0.296395
v -0.097741 0.597618 0.298224
v -0.087297 0.593480 0.299560
v -0.073468 0.596346 0.298001
v -0.070286 0.605222 0.292070
v -0.068056 0.611941 0.283432
v -0.079385 0.625449 0.271873
v -0.092680 0.630837 0.270185
v -0.106762 0.632003 0.267883
v 0.056314 0.601873 0.273226
v 0.046588 0.585623 0.273007
v 0.037755 0.569027 0.272406
v 0.030233 0.551069 0.281901
v 0.032375 0.546415 0.290391
v 0.035788 0.540881 0.296389
v 0.049021 0.548243 0.300128
v 0.058091 0.561977 0.300648
v 0.067483 0.575041 0.300752
v -0.067483 0.575041 0.300752
v -0.058091 0.561977 0.300648
v -0.049021 0.548243 0.300128
v -0.035788 0.540881 0.296389
v -0.032375 0.546415 0.290391
v -0.030233 0.551069 0.281901
v -0.037755 0.569027 0.272406
v -0.046588 0.585623 0.273007
v -0.056314 0.601873 0.273226
v 0.021816 0.542675 0.270709
v 0.014369 0.534742 0.269909
v 0.007132 0.530102 0.269322
v 0.000000 0.525217 0.278908
v 0.000000 0.519483 0.286922
v 0.000000 0.511384 0.292661
v 0.013405 0.507050 0.295734
v 0.023014 0.515223 0.296727
v 0.031775 0.524438 0.297995
v -0.031775 0.524438 0.297995
v -0.023014 0.515223 0.296727
v -0.013405 0.507050 0.295734
v -0.007132 0.530102 0.269322
v -0.014369 0.534742 0.269909
v -0.021816 0.542675 0.270709
v 0.045558 0.530331 0.298247
v 0.051340 0.525965 0.294876
v 0.057243 0.522018 0.290552
v 0.069558 0.526215 0.286402
v 0.076838 0.533259 0.285712
v 0.084505 0.539253 0.284733
v 0.088840 0.553219 0.288334
v 0.085057 0.563766 0.293870
v 0.081128 0.574926 0.298459
v -0.081128 0.574926 0.298459
v -0.085057 0.563766 0.293870
v -0.088840 0.553219 0.288334
v -0.084505 0.539253 0.284733
v -0.076838 0.533259 0.285712
v -0.069558 0.526215 0.286402
v -0.057243 0.522018 0.290552
v -0.051340 0.525965 0.294876
v -0.045558 0.530331 0.298247
v 0.100031 0.547188 0.282256
v 0.107803 0.548945 0.280850
v 0.115787 0.549286 0.279338
v 0.122873 0.558850 0.282319
v 0.121587 0.571055 0.287773
v 0.120471 0.583956 0.292290
v -0.120471 0.583956 0.292290
v -0.121587 0.571055 0.287773
v -0.122873 0.558850 0.282319
v -0.115787 0.549286 0.279338
v -0.107803 0.548945 0.280850
v -0.100031 0.547188 0.282256
v 0.133010 0.545892 0.276013
v 0.142722 0.542387 0.273987
v 0.153593 0.537928 0.271432
v 0.167262 0.540314 0.271134
v 0.168844 0.548907 0.275219
v 0.170805 0.557841 0.278576
v -0.170805 0.557841 0.278576
v -0.168844 0.548907 0.275219
v -0.167262 0.540314 0.271134
v -0.153593 0.537928 0.271432
v -0.142722 0.542387 0.273987
v -0.133010 0.545892 0.276013
v 0.180081 0.526897 0.263864
v 0.194746 0.520666 0.259098
v 0.208663 0.514163 0.254294
v 0.226322 0.511663 0.251955
v 0.232586 0.516416 0.254724
v 0.238924 0.521663 0.256783
v -0.238924 0.521663 0.256783
v -0.232586 0.516416 0.254724
v -0.226322 0.511663 0.251955
v -0.208663 0.514163 0.254294
v -0.194746 0.520666 0.259098
v -0.180081 0.526897 0.263864
v 0.229166 0.500953 0.246428
v 0.234989 0.494115 0.243683
v 0.238540 0.486740 0.241537
v 0.247942 0.482475 0.239015
v 0.256412 0.487233 0.238432
v 0.265458 0.492371 0.237301
v -0.265458 0.492371 0.237301
v -0.256412 0.487233 0.238432
v -0.247942 0.482475 0.239015
v -0.238540 0.486740 0.241537
v -0.234989 0.494115 0.243683
v -0.229166 0.500953 0.246428
v 0.240856 0.469242 0.238464
v 0.239800 0.459068 0.237524
v 0.236826 0.448257 0.237157
v 0.239302 0.437960 0.234015
v 0.248009 0.439054 0.229933
v 0.257271 0.439755 0.224727
v -0.257271 0.439755 0.224727
v -0.248009 0.439054 0.229933
v -0.239302 0.437960 0.234015
v -0.236826 0.448257 0.237157
v -0.239800 0.459068 0.237524
v -0.240856 0.469242 0.238464
v 0.223799 0.425668 0.238671
v 0.214023 0.414573 0.240512
v 0.202884 0.404213 0.242850
v 0.197815 0.393044 0.241383
v 0.205756 0.391012 0.236872
v 0.213869 0.388366 0.231630
v -0.213869 0.388366 0.231630
v -0.205756 0.391012 0.236872
v -0.197815 0.393044 0.241383
v -0.202884 0.404213 0.242850
v -0.214023 0.414573 0.240512
v -0.223799 0.425668 0.238671
v 0.178941 0.387494 0.248332
v 0.166469 0.381804 0.251397
v 0.153295 0.378183 0.254805
v 0.140475 0.371028 0.256181
v 0.142348 0.364503 0.253340
v 0.144723 0.357371 0.249220
v -0.144723 0.357371 0.249220
v -0.142348 0.364503 0.253340
v -0.140475 0.371028 0.256181
v -0.153295 0.378183 0.254805
v -0.166469 0.381804 0.251397
v -0.178941 0.387494 0.248332
v 0.123733 0.378023 0.263015
v 0.108156 0.381135 0.267402
v 0.093495 0.385619 0.271300
v 0.075699 0.380872 0.275244
v 0.069677 0.367739 0.277178
v 0.063205 0.351662 0.279091
v -0.063205 0.351662 0.279091
v -0.069677 0.367739 0.277178
v -0.075699 0.380872 0.275244
v -0.093495 0.385619 0.271300
v -0.108156 0.381135 0.267402
v -0.123733 0.378023 0.263015
v 0.071272 0.396444 0.275588
v 0.064191 0.402281 0.275977
v 0.058991 0.408484 0.275869
v 0.045598 0.409035 0.274631
v 0.033548 0.401365 0.273733
v 0.019150 0.392416 0.272804
v 0.017074 0.367853 0.274879
v 0.029648 0.356661 0.278405
v 0.041705 0.344862 0.281064
v -0.041705 0.344862 0.281064
v -0.029648 0.356661 0.278405
v -0.017074 0.367853 0.274879
v -0.019150 0.392416 0.272804
v -0.033548 0.401365 0.273733
v -0.045598 0.409035 0.274631
v -0.058991 0.408484 0.275869
v -0.064191 0.402281 0.275977
v -0.071272 0.396444 0.275588
v 0.048528 0.491791 0.285215
v 0.052306 0.500982 0.286033
v 0.057128 0.509886 0.286562
v 0.015331 0.492005 0.292821
v 0.027065 0.487992 0.289702
v 0.037244 0.484865 0.286568
v -0.037244 0.484865 0.286568
v -0.027065 0.487992 0.289702
v -0.015331 0.492005 0.292821
v -0.057128 0.509886 0.286562
v -0.052306 0.500982 0.286033
v -0.048528 0.491791 0.285215
v 0.044474 0.454965 0.280588
v 0.044040 0.463974 0.281845
v 0.044446 0.473169 0.283059
v 0.000000 0.482029 0.291055
v 0.000000 0.468917 0.287105
v 0.000000 0.456519 0.283449
v 0.012820 0.444548 0.279825
v 0.025068 0.444974 0.279414
v 0.036172 0.445563 0.279143
v -0.036172 0.445563 0.279143
v -0.025068 0.444974 0.279414
v -0.012820 0.444548 0.279825
v -0.044446 0.473169 0.283059
v -0.044040 0.463974 0.281845
v -0.044474 0.454965 0.280588
v 0.000000 0.432026 0.276936
v 0.000000 0.418537 0.274312
v 0.000000 0.402977 0.272448
v 0.051813 0.422245 0.276190
v 0.049178 0.429829 0.277003
v 0.047111 0.437834 0.278088
v -0.047111 0.437834 0.278088
v -0.049178 0.429829 0.277003
v -0.051813 0.422245 0.276190
v 0.046389 0.021638 0.236354
v 0.039648 0.026129 0.242145
v 0.033036 0.030359 0.246927
v 0.020927 0.032010 0.249656
v 0.014147 0.030687 0.249134
v 0.007132 0.029963 0.248830
v 0.000000 0.026133 0.245780
v 0.000000 0.021947 0.241781
v 0.000000 0.017487 0.236962
v -0.007132 0.029963 0.248830
v -0.014147 0.030687 0.249134
v -0.020927 0.032010 0.249656
v -0.033036 0.030359 0.246927
v -0.039648 0.026129 0.242145
v -0.046389 0.021638 0.236354
v 0.073526 0.034888 0.238487
v 0.063431 0.041041 0.245624
v 0.054061 0.046853 0.251462
v 0.042961 0.045455 0.254077
v 0.038585 0.040551 0.252625
v 0.033311 0.036803 0.251399
v -0.033311 0.036803 0.251399
v -0.038585 0.040551 0.252625
v -0.042961 0.045455 0.254077
v -0.054061 0.046853 0.251462
v -0.063431 0.041041 0.245624
v -0.073526 0.034888 0.238487
v 0.082212 0.067477 0.246726
v 0.069414 0.074443 0.253860
v 0.056376 0.080996 0.259748
v 0.047030 0.077246 0.261961
v 0.048522 0.068206 0.259709
v 0.048167 0.059490 0.257631
v -0.048167 0.059490 0.257631
v -0.048522 0.068206 0.259709
v -0.047030 0.077246 0.261961
v -0.056376 0.080996 0.259748
v -0.069414 0.074443 0.253860
v -0.082212 0.067477 0.246726
v 0.067138 0.191841 0.259741
v 0.055985 0.192126 0.264948
v 0.044979 0.192431 0.268519
v 0.036447 0.173167 0.270056
v 0.038744 0.153126 0.268963
v 0.041011 0.134180 0.267751
v 0.054726 0.116521 0.263737
v 0.066872 0.114654 0.259539
v 0.078921 0.112714 0.253893
v -0.078921 0.112714 0.253893
v -0.066872 0.114654 0.259539
v -0.054726 0.116521 0.263737
v -0.041011 0.134180 0.267751
v -0.038744 0.153126 0.268963
v -0.036447 0.173167 0.270056
v -0.044979 0.192431 0.268519
v -0.055985 0.192126 0.264948
v -0.067138 0.191841 0.259741
v 0.043832 0.106315 0.265824
v 0.044078 0.097979 0.265257
v 0.043682 0.091901 0.264862
v -0.043682 0.091901 0.264862
v -0.044078 0.097979 0.265257
v -0.043832 0.106315 0.265824
v 0.033397 0.209792 0.271019
v 0.032964 0.225006 0.271053
v 0.033141 0.238574 0.271295
v 0.024667 0.246452 0.273657
v 0.016258 0.242967 0.274138
v 0.008073 0.240736 0.274298
v 0.000000 0.231975 0.273381
v 0.000000 0.221288 0.273152
v 0.000000 0.207940 0.273197
v 0.008027 0.192116 0.273106
v 0.016296 0.192338 0.272877
v 0.025050 0.192546 0.272188
v -0.025050 0.192546 0.272188
v -0.016296 0.192338 0.272877
v -0.008027 0.192116 0.273106
v -0.008073 0.240736 0.274298
v -0.016258 0.242967 0.274138
v -0.024667 0.246452 0.273657
v -0.033141 0.238574 0.271295
v -0.032964 0.225006 0.271053
v -0.033397 0.209792 0.271019
v 0.010320 0.119232 0.269528
v 0.020796 0.119179 0.269239
v 0.031586 0.118837 0.268370
v 0.000000 0.173540 0.272464
v 0.000000 0.154172 0.271500
v 0.000000 0.135515 0.270446
v -0.031586 0.118837 0.268370
v -0.020796 0.119179 0.269239
v -0.010320 0.119232 0.269528
v 0.000000 0.106802 0.268978
v 0.000000 0.097706 0.268625
v 0.000000 0.091242 0.268301
v 0.010160 0.087595 0.267865
v 0.020415 0.088861 0.267630
v 0.030862 0.089286 0.266811
v -0.030862 0.089286 0.266811
v -0.020415 0.088861 0.267630
v -0.010160 0.087595 0.267865
v 0.039757 0.260740 0.272912
v 0.043315 0.267849 0.273517
v 0.045529 0.274511 0.274212
v 0.045277 0.281827 0.278294
v 0.044908 0.282296 0.281967
v 0.044824 0.282681 0.285748
v 0.043104 0.277200 0.289005
v 0.040300 0.272179 0.288157
v 0.036178 0.267665 0.287141
v 0.030903 0.261978 0.282990
v 0.031041 0.260112 0.279550
v 0.031708 0.257185 0.276065
v -0.031708 0.257185 0.276065
v -0.031041 0.260112 0.279550
v -0.030903 0.261978 0.282990
v -0.036178 0.267665 0.287141
v -0.040300 0.272179 0.288157
v -0.043104 0.277200 0.289005
v -0.044824 0.282681 0.285748
v -0.044908 0.282296 0.281967
v -0.045277 0.281827 0.278294
v -0.045529 0.274511 0.274212
v -0.043315 0.267849 0.273517
v -0.039757 0.260740 0.272912
v 0.045965 0.288753 0.275703
v 0.044090 0.296371 0.276329
v 0.040679 0.303620 0.276706
v 0.035587 0.308665 0.277670
v 0.036013 0.308437 0.279990
v 0.036545 0.308671 0.283145
v 0.040650 0.303328 0.287457
v 0.043253 0.296747 0.288380
v 0.044572 0.289722 0.289119
v -0.044572 0.289722 0.289119
v -0.043253 0.296747 0.288380
v -0.040650 0.303328 0.287457
v -0.036545 0.308671 0.283145
v -0.036013 0.308437 0.279990
v -0.035587 0.308665 0.277670
v -0.040679 0.303620 0.276706
v -0.044090 0.296371 0.276329
v -0.045965 0.288753 0.275703
v 0.028822 0.314903 0.276202
v 0.020585 0.317928 0.275471
v 0.011226 0.318561 0.274791
v 0.006914 0.312908 0.276832
v 0.010669 0.312223 0.279781
v 0.013285 0.312323 0.283145
v 0.020440 0.314043 0.286104
v 0.026212 0.314036 0.285934
v 0.031843 0.312294 0.286104
v -0.031843 0.312294 0.286104
v -0.026212 0.314036 0.285934
v -0.020440 0.314043 0.286104
v -0.013285 0.312323 0.283145
v -0.010669 0.312223 0.279781
v -0.006914 0.312908 0.276832
v -0.011226 0.318561 0.274791
v -0.020585 0.317928 0.275471
v -0.028822 0.314903 0.276202
v 0.000000 0.309193 0.276523
v 0.000000 0.305116 0.278122
v 0.000000 0.303482 0.279848
v 0.000000 0.302381 0.281133
v 0.000000 0.301114 0.282684
v 0.000000 0.300891 0.285777
v 0.003211 0.302267 0.289148
v 0.006641 0.305395 0.288387
v 0.010509 0.309135 0.287457
v -0.010509 0.309135 0.287457
v -0.006641 0.305395 0.288387
v -0.003211 0.302267 0.289148
v 0.000000 0.250253 0.282188
v 0.000000 0.248263 0.279069
v 0.000000 0.245093 0.276317
v 0.024161 0.259203 0.285673
v 0.016619 0.255529 0.285398
v 0.008463 0.252913 0.285307
v -0.008463 0.252913 0.285307
v -0.016619 0.255529 0.285398
v -0.024161 0.259203 0.285673
v 0.000000 0.259782 0.292829
v 0.000000 0.256523 0.290536
v 0.000000 0.253923 0.288059
v 0.030169 0.265074 0.289090
v 0.029072 0.266732 0.291551
v 0.027501 0.268187 0.293566
v 0.021756 0.267832 0.294977
v 0.015472 0.266072 0.295017
v 0.008027 0.264529 0.295031
v -0.008027 0.264529 0.295031
v -0.015472 0.266072 0.295017
v -0.021756 0.267832 0.294977
v -0.027501 0.268187 0.293566
v -0.029072 0.266732 0.291551
v -0.030169 0.265074 0.289090
v 0.000000 0.300157 0.292886
v 0.000000 0.298509 0.295978
v 0.000000 0.295631 0.298761
v 0.007866 0.294943 0.300206
v 0.012544 0.299491 0.299000
v 0.015981 0.303394 0.297660
v 0.017644 0.307958 0.295046
v 0.016992 0.310068 0.292734
v 0.016197 0.311589 0.289864
v -0.016197 0.311589 0.289864
v -0.016992 0.310068 0.292734
v -0.017644 0.307958 0.295046
v -0.015981 0.303394 0.297660
v -0.012544 0.299491 0.299000
v -0.007866 0.294943 0.300206
v 0.021416 0.306112 0.296789
v 0.025661 0.305718 0.296919
v 0.029764 0.304568 0.296789
v 0.034179 0.304923 0.295046
v 0.035604 0.306728 0.292734
v 0.036499 0.308052 0.289864
v -0.036499 0.308052 0.289864
v -0.035604 0.306728 0.292734
v -0.034179 0.304923 0.295046
v -0.029764 0.304568 0.296789
v -0.025661 0.305718 0.296919
v -0.021416 0.306112 0.296789
v 0.033663 0.299901 0.297660
v 0.034420 0.294987 0.298860
v 0.034572 0.289413 0.299646
v 0.038586 0.283519 0.298017
v 0.041688 0.283292 0.295641
v 0.043585 0.283140 0.292743
v -0.043585 0.283140 0.292743
v -0.041688 0.283292 0.295641
v -0.038586 0.283519 0.298017
v -0.034572 0.289413 0.299646
v -0.034420 0.294987 0.298860
v -0.033663 0.299901 0.297660
v 0.032646 0.279230 0.299027
v 0.030638 0.275216 0.297716
v 0.028166 0.271731 0.296181
v -0.028166 0.271731 0.296181
v -0.030638 0.275216 0.297716
v -0.032646 0.279230 0.299027
v 0.011042 0.287134 0.301467
v 0.019964 0.285609 0.301348
v 0.027715 0.284573 0.300839
v -0.027715 0.284573 0.300839
v -0.019964 0.285609 0.301348
v -0.011042 0.287134 0.301467
v 0.000000 0.281298 0.300733
v 0.000000 0.274547 0.299208
v 0.000000 0.268726 0.297232
v 0.000000 0.356971 0.273113
v 0.000000 0.340488 0.273538
v 0.000000 0.327287 0.273725
v 0.036482 0.312977 0.277624
v 0.039058 0.317379 0.279318
v 0.044251 0.322880 0.280685
v -0.044251 0.322880 0.280685
v -0.039058 0.317379 0.279318
v -0.036482 0.312977 0.277624
v 0.048786 0.280703 0.272171
v 0.052257 0.280008 0.268923
v 0.056675 0.279149 0.264190
v 0.059519 0.287429 0.261094
v 0.057195 0.298390 0.266425
v 0.055603 0.311368 0.272521
v -0.055603 0.311368 0.272521
v -0.057195 0.298390 0.266425
v -0.059519 0.287429 0.261094
v -0.056675 0.279149 0.264190
v -0.052257 0.280008 0.268923
v -0.048786 0.280703 0.272171
v 0.042968 0.249777 0.269197
v 0.051283 0.248139 0.265403
v 0.059605 0.246721 0.260148
v 0.066302 0.254381 0.252695
v 0.065002 0.262242 0.253126
v 0.063624 0.269907 0.254420
v -0.063624 0.269907 0.254420
v -0.065002 0.262242 0.253126
v -0.066302 0.254381 0.252695
v -0.059605 0.246721 0.260148
v -0.051283 0.248139 0.265403
v -0.042968 0.249777 0.269197
v 0.074959 0.208651 0.252976
v 0.072193 0.223076 0.253051
v 0.069787 0.235300 0.252924
v -0.069787 0.235300 0.252924
v -0.072193 0.223076 0.253051
v -0.074959 0.208651 0.252976
v 0.102428 0.213995 0.204614
v 0.098523 0.226892 0.204259
v 0.094802 0.237697 0.203903
v 0.088243 0.245448 0.217136
v 0.082784 0.244878 0.230372
v 0.075750 0.244978 0.242535
v -0.075750 0.244978 0.242535
v -0.082784 0.244878 0.230372
v -0.088243 0.245448 0.217136
v -0.094802 0.237697 0.203903
v -0.098523 0.226892 0.204259
v -0.102428 0.213995 0.204614
v 0.088725 0.254622 0.203811
v 0.086371 0.261529 0.204270
v 0.084207 0.267918 0.205119
v 0.078542 0.274454 0.219544
v 0.073543 0.275407 0.233263
v 0.067752 0.276719 0.246187
v -0.067752 0.276719 0.246187
v -0.073543 0.275407 0.233263
v -0.078542 0.274454 0.219544
v -0.084207 0.267918 0.205119
v -0.086371 0.261529 0.204270
v -0.088725 0.254622 0.203811
v 0.079643 0.280692 0.208146
v 0.078677 0.287281 0.209810
v 0.080767 0.293758 0.210835
v -0.080767 0.293758 0.210835
v -0.078677 0.287281 0.209810
v -0.079643 0.280692 0.208146
v 0.031414 0.081959 0.263720
v 0.033153 0.083226 0.265195
v 0.036343 0.084676 0.265527
v 0.000000 0.083582 0.267063
v 0.000000 0.081429 0.265767
v 0.000000 0.079993 0.263737
v 0.009036 0.079764 0.260917
v 0.017514 0.081064 0.261159
v 0.024877 0.081799 0.261266
v -0.024877 0.081799 0.261266
v -0.017514 0.081064 0.261159
v -0.009036 0.079764 0.260917
v -0.036343 0.084676 0.265527
v -0.033153 0.083226 0.265195
v -0.031414 0.081959 0.263720
v 0.034940 0.058275 0.258067
v 0.037128 0.057036 0.258976
v 0.040736 0.054972 0.258227
v 0.034028 0.077281 0.260188
v 0.035526 0.071844 0.258915
v 0.035330 0.065476 0.257333
v -0.035330 0.065476 0.257333
v -0.035526 0.071844 0.258915
v -0.034028 0.077281 0.260188
v -0.040736 0.054972 0.258227
v -0.037128 0.057036 0.258976
v -0.034940 0.058275 0.258067
v 0.019304 0.040587 0.251663
v 0.020837 0.038921 0.252680
v 0.023404 0.036803 0.252293
v 0.030926 0.053505 0.253779
v 0.027270 0.048802 0.252060
v 0.023020 0.044967 0.250539
v -0.023020 0.044967 0.250539
v -0.027270 0.048802 0.252060
v -0.030926 0.053505 0.253779
v -0.023404 0.036803 0.252293
v -0.020837 0.038921 0.252680
v -0.019304 0.040587 0.251663
v 0.000000 0.036304 0.250000
v 0.000000 0.034621 0.250831
v 0.000000 0.032509 0.250413
v 0.013869 0.039945 0.248567
v 0.009258 0.038636 0.248139
v 0.004633 0.037955 0.247959
v -0.004633 0.037955 0.247959
v -0.009258 0.038636 0.248139
v -0.013869 0.039945 0.248567
v 0.000000 0.043815 0.237478
v 0.000000 0.041117 0.240890
v 0.000000 0.039240 0.244634
v 0.017951 0.043408 0.245792
v 0.017872 0.045187 0.241825
v 0.018313 0.047759 0.238226
v 0.014872 0.049961 0.235496
v 0.010082 0.048769 0.235309
v 0.005091 0.048012 0.235208
v -0.005091 0.048012 0.235208
v -0.010082 0.048769 0.235309
v -0.014872 0.049961 0.235496
v -0.018313 0.047759 0.238226
v -0.017872 0.045187 0.241825
v -0.017951 0.043408 0.245792
v 0.032967 0.059788 0.251577
v 0.032456 0.060467 0.247116
v 0.031908 0.061130 0.243240
v 0.029707 0.058974 0.238848
v 0.026958 0.055866 0.237088
v 0.023450 0.053447 0.236192
v -0.023450 0.053447 0.236192
v -0.026958 0.055866 0.237088
v -0.029707 0.058974 0.238848
v -0.031908 0.061130 0.243240
v -0.032456 0.060467 0.247116
v -0.032967 0.059788 0.251577
v 0.030060 0.080056 0.257001
v 0.029603 0.078941 0.252231
v 0.028908 0.077051 0.247267
v 0.031018 0.072052 0.241931
v 0.032531 0.068914 0.241117
v 0.032321 0.064948 0.240694
v -0.032321 0.064948 0.240694
v -0.032531 0.068914 0.241117
v -0.031018 0.072052 0.241931
v -0.028908 0.077051 0.247267
v -0.029603 0.078941 0.252231
v -0.030060 0.080056 0.257001
v 0.000000 0.078066 0.256628
v 0.000000 0.076791 0.251840
v 0.000000 0.074661 0.246904
v 0.008118 0.071840 0.242478
v 0.015758 0.073017 0.242729
v 0.022441 0.073956 0.242864
v -0.022441 0.073956 0.242864
v -0.015758 0.073017 0.242729
v -0.008118 0.071840 0.242478
v 0.000000 0.065900 0.238602
v 0.000000 0.059651 0.235999
v 0.000000 0.053310 0.234772
v 0.021111 0.056933 0.235297
v 0.023295 0.063041 0.236466
v 0.025651 0.068956 0.238996
v -0.025651 0.068956 0.238996
v -0.023295 0.063041 0.236466
v -0.021111 0.056933 0.235297
v 0.061864 0.448154 0.282480
v 0.057941 0.447509 0.281482
v 0.052662 0.446870 0.280267
v 0.061721 0.419309 0.277429
v 0.066210 0.422081 0.279176
v 0.069185 0.423907 0.280588
v 0.068933 0.430581 0.281436
v 0.067083 0.436276 0.281821
v 0.065740 0.442352 0.282297
v -0.065740 0.442352 0.282297
v -0.067083 0.436276 0.281821
v -0.068933 0.430581 0.281436
v -0.069185 0.423907 0.280588
v -0.066210 0.422081 0.279176
v -0.061721 0.419309 0.277429
v -0.052662 0.446870 0.280267
v -0.057941 0.447509 0.281482
v -0.061864 0.448154 0.282480
v 0.063326 0.478358 0.283810
v 0.058729 0.479306 0.283436
v 0.052977 0.480645 0.283357
v 0.064547 0.455676 0.283145
v 0.064740 0.462840 0.283440
v 0.065528 0.470217 0.283673
v -0.065528 0.470217 0.283673
v -0.064740 0.462840 0.283440
v -0.064547 0.455676 0.283145
v -0.052977 0.480645 0.283357
v -0.058729 0.479306 0.283436
v -0.063326 0.478358 0.283810
v 0.076341 0.508522 0.284068
v 0.072452 0.511511 0.284135
v 0.067976 0.514817 0.284796
v 0.069082 0.485238 0.284016
v 0.071903 0.492587 0.284107
v 0.075423 0.499554 0.284091
v -0.075423 0.499554 0.284091
v -0.071903 0.492587 0.284107
v -0.069082 0.485238 0.284016
v -0.067976 0.514817 0.284796
v -0.072452 0.511511 0.284135
v -0.076341 0.508522 0.284068
v 0.084666 0.397706 0.274946
v 0.087469 0.402044 0.276695
v 0.089539 0.404718 0.278650
v 0.083599 0.411047 0.281035
v 0.078112 0.415607 0.281362
v 0.074185 0.420307 0.281322
v -0.074185 0.420307 0.281322
v -0.078112 0.415607 0.281362
v -0.083599 0.411047 0.281035
v -0.089539 0.404718 0.278650
v -0.087469 0.402044 0.276695
v -0.084666 0.397706 0.274946
v 0.138388 0.381876 0.261639
v 0.138061 0.386187 0.264692
v 0.138009 0.389868 0.267338
v 0.125717 0.394592 0.272200
v 0.113155 0.397740 0.275269
v 0.101327 0.401897 0.277985
v -0.101327 0.401897 0.277985
v -0.113155 0.397740 0.275269
v -0.125717 0.394592 0.272200
v -0.138009 0.389868 0.267338
v -0.138061 0.386187 0.264692
v -0.138388 0.381876 0.261639
v 0.186211 0.397562 0.249616
v 0.182989 0.400379 0.253358
v 0.180821 0.403244 0.256410
v 0.169583 0.400148 0.261135
v 0.159718 0.395956 0.263717
v 0.149316 0.393514 0.266329
v -0.149316 0.393514 0.266329
v -0.159718 0.395956 0.263717
v -0.169583 0.400148 0.261135
v -0.180821 0.403244 0.256410
v -0.182989 0.400379 0.253358
v -0.186211 0.397562 0.249616
v 0.225359 0.436882 0.240895
v 0.220292 0.437292 0.243970
v 0.216122 0.438098 0.246474
v 0.206146 0.430071 0.250051
v 0.198063 0.421263 0.252596
v 0.188894 0.413083 0.255493
v -0.188894 0.413083 0.255493
v -0.198063 0.421263 0.252596
v -0.206146 0.430071 0.250051
v -0.216122 0.438098 0.246474
v -0.220292 0.437292 0.243970
v -0.225359 0.436882 0.240895
v 0.233838 0.475893 0.241721
v 0.228314 0.474214 0.244079
v 0.223587 0.473203 0.246359
v 0.219872 0.464879 0.247368
v 0.219081 0.456658 0.247039
v 0.216764 0.448028 0.247231
v -0.216764 0.448028 0.247231
v -0.219081 0.456658 0.247039
v -0.219872 0.464879 0.247368
v -0.223587 0.473203 0.246359
v -0.228314 0.474214 0.244079
v -0.233838 0.475893 0.241721
v 0.215726 0.504187 0.250051
v 0.211643 0.501469 0.251505
v 0.208129 0.499256 0.253423
v 0.211524 0.491894 0.251840
v 0.215792 0.485972 0.249882
v 0.218289 0.479556 0.248721
v -0.218289 0.479556 0.248721
v -0.215792 0.485972 0.249882
v -0.211524 0.491894 0.251840
v -0.208129 0.499256 0.253423
v -0.211643 0.501469 0.251505
v -0.215726 0.504187 0.250051
v 0.164762 0.526714 0.268014
v 0.163691 0.522097 0.269687
v 0.162692 0.518601 0.272045
v 0.173127 0.511950 0.269935
v 0.184807 0.507486 0.264847
v 0.195768 0.502628 0.259569
v -0.195768 0.502628 0.259569
v -0.184807 0.507486 0.264847
v -0.173127 0.511950 0.269935
v -0.162692 0.518601 0.272045
v -0.163691 0.522097 0.269687
v -0.164762 0.526714 0.268014
v 0.125190 0.540182 0.275783
v 0.126037 0.534146 0.275646
v 0.126686 0.529661 0.276460
v 0.134506 0.524753 0.277239
v 0.142602 0.522478 0.277033
v 0.151615 0.519518 0.276150
v -0.151615 0.519518 0.276150
v -0.142602 0.522478 0.277033
v -0.134506 0.524753 0.277239
v -0.126686 0.529661 0.276460
v -0.126037 0.534146 0.275646
v -0.125190 0.540182 0.275783
v 0.095330 0.536707 0.281224
v 0.097903 0.531068 0.280592
v 0.100060 0.526697 0.280898
v 0.107811 0.525343 0.280233
v 0.113935 0.526543 0.279057
v 0.120333 0.526840 0.278042
v -0.120333 0.526840 0.278042
v -0.113935 0.526543 0.279057
v -0.107811 0.525343 0.280233
v -0.100060 0.526697 0.280898
v -0.097903 0.531068 0.280592
v -0.095330 0.536707 0.281224
v 0.084574 0.511526 0.283587
v 0.090031 0.516293 0.283052
v 0.095840 0.520206 0.282319
v -0.095840 0.520206 0.282319
v -0.090031 0.516293 0.283052
v -0.084574 0.511526 0.283587
v 0.105289 0.515597 0.279940
v 0.104349 0.517821 0.280759
v 0.103225 0.520321 0.281287
v 0.082372 0.503843 0.283059
v 0.084664 0.502120 0.281637
v 0.086667 0.500644 0.279848
v 0.092652 0.503786 0.278335
v 0.096964 0.507684 0.278793
v 0.101459 0.510941 0.279069
v -0.101459 0.510941 0.279069
v -0.096964 0.507684 0.278793
v -0.092652 0.503786 0.278335
v -0.086667 0.500644 0.279848
v -0.084664 0.502120 0.281637
v -0.082372 0.503843 0.283059
v -0.103225 0.520321 0.281287
v -0.104349 0.517821 0.280759
v -0.105289 0.515597 0.279940
v 0.127604 0.518876 0.276362
v 0.127558 0.520993 0.277138
v 0.127420 0.523400 0.277538
v 0.110999 0.515345 0.278335
v 0.116137 0.516491 0.277371
v 0.121640 0.516995 0.276317
v -0.121640 0.516995 0.276317
v -0.116137 0.516491 0.277371
v -0.110999 0.515345 0.278335
v -0.127420 0.523400 0.277538
v -0.127558 0.520993 0.277138
v -0.127604 0.518876 0.276362
v 0.158839 0.511193 0.272212
v 0.159802 0.512426 0.273689
v 0.160765 0.513968 0.274407
v 0.134117 0.516262 0.274849
v 0.141272 0.514977 0.274161
v 0.149161 0.512959 0.272830
v -0.149161 0.512959 0.272830
v -0.141272 0.514977 0.274161
v -0.134117 0.516262 0.274849
v -0.160765 0.513968 0.274407
v -0.159802 0.512426 0.273689
v -0.158839 0.511193 0.272212
v 0.196703 0.493098 0.253314
v 0.199347 0.494397 0.254585
v 0.202098 0.495816 0.255235
v 0.167508 0.506354 0.266226
v 0.177278 0.501905 0.261226
v 0.186406 0.496997 0.256135
v -0.186406 0.496997 0.256135
v -0.177278 0.501905 0.261226
v -0.167508 0.506354 0.266226
v -0.202098 0.495816 0.255235
v -0.199347 0.494397 0.254585
v -0.196703 0.493098 0.253314
v 0.209523 0.470899 0.246938
v 0.212575 0.471417 0.247992
v 0.215858 0.471965 0.248446
v 0.199615 0.486723 0.248796
v 0.203285 0.481494 0.247007
v 0.205486 0.476082 0.246044
v -0.205486 0.476082 0.246044
v -0.203285 0.481494 0.247007
v -0.199615 0.486723 0.248796
v -0.215858 0.471965 0.248446
v -0.212575 0.471417 0.247992
v -0.209523 0.470899 0.246938
v 0.203606 0.442392 0.247924
v 0.206396 0.441278 0.248623
v 0.209357 0.440185 0.248790
v 0.206954 0.464339 0.245310
v 0.206312 0.457872 0.245356
v 0.204386 0.450946 0.245860
v -0.204386 0.450946 0.245860
v -0.206312 0.457872 0.245356
v -0.206954 0.464339 0.245310
v -0.209357 0.440185 0.248790
v -0.206396 0.441278 0.248623
v -0.203606 0.442392 0.247924
v 0.174664 0.411753 0.257763
v 0.176146 0.410061 0.258778
v 0.177656 0.408152 0.259116
v 0.195579 0.435535 0.248796
v 0.188883 0.427508 0.251135
v 0.181268 0.419940 0.253750
v -0.181268 0.419940 0.253750
v -0.188883 0.427508 0.251135
v -0.195579 0.435535 0.248796
v -0.177656 0.408152 0.259116
v -0.176146 0.410061 0.258778
v -0.174664 0.411753 0.257763
v 0.138153 0.400079 0.267716
v 0.138146 0.397991 0.268963
v 0.138124 0.395670 0.269540
v 0.165123 0.408198 0.258887
v 0.156775 0.404574 0.261272
v 0.147877 0.402510 0.263657
v -0.147877 0.402510 0.263657
v -0.156775 0.404574 0.261272
v -0.165123 0.408198 0.258887
v -0.138124 0.395670 0.269540
v -0.138146 0.397991 0.268963
v -0.138153 0.400079 0.267716
v 0.095267 0.411477 0.277211
v 0.093990 0.409874 0.278952
v 0.092635 0.408227 0.280003
v 0.127328 0.403244 0.268794
v 0.116228 0.405721 0.271363
v 0.105679 0.409115 0.273565
v -0.105679 0.409115 0.273565
v -0.116228 0.405721 0.271363
v -0.127328 0.403244 0.268794
v -0.092635 0.408227 0.280003
v -0.093990 0.409874 0.278952
v -0.095267 0.411477 0.277211
v 0.076576 0.429320 0.277257
v 0.074940 0.427967 0.279276
v 0.073199 0.426613 0.280703
v 0.089533 0.417188 0.275766
v 0.084396 0.421499 0.275766
v 0.080727 0.425995 0.275399
v -0.080727 0.425995 0.275399
v -0.084396 0.421499 0.275766
v -0.089533 0.417188 0.275766
v -0.073199 0.426613 0.280703
v -0.074940 0.427967 0.279276
v -0.076576 0.429320 0.277257
v 0.069816 0.477280 0.282962
v 0.072094 0.477006 0.281355
v 0.073984 0.476838 0.279275
v 0.077975 0.482870 0.277234
v 0.081002 0.488741 0.277417
v 0.084580 0.494245 0.277601
v -0.084580 0.494245 0.277601
v -0.081002 0.488741 0.277417
v -0.077975 0.482870 0.277234
v -0.073984 0.476838 0.279275
v -0.072094 0.477006 0.281355
v -0.069816 0.477280 0.282962
v 0.067506 0.449507 0.281861
v 0.069796 0.450220 0.280053
v 0.071874 0.450946 0.277647
v 0.073572 0.457735 0.275399
v 0.073663 0.464019 0.275949
v 0.074305 0.470394 0.276500
v -0.074305 0.470394 0.276500
v -0.073663 0.464019 0.275949
v -0.073572 0.457735 0.275399
v -0.071874 0.450946 0.277647
v -0.069796 0.450220 0.280053
v -0.067506 0.449507 0.281861
v 0.076324 0.435535 0.274665
v 0.075085 0.440626 0.274573
v 0.074305 0.445993 0.274665
v -0.074305 0.445993 0.274665
v -0.075085 0.440626 0.274573
v -0.076324 0.435535 0.274665
v 0.000000 0.530523 0.235517
v 0.000000 0.529829 0.246376
v 0.000000 0.529666 0.257901
v 0.030622 0.554578 0.260114
v 0.033732 0.553763 0.248057
v 0.039263 0.552728 0.235990
v 0.030637 0.543123 0.225773
v 0.018304 0.537025 0.226614
v 0.008516 0.533955 0.226573
v -0.008516 0.533955 0.226573
v -0.018304 0.537025 0.226614
v -0.030637 0.543123 0.225773
v -0.039263 0.552728 0.235990
v -0.033732 0.553763 0.248057
v -0.030622 0.554578 0.260114
v 0.068010 0.616115 0.261301
v 0.070438 0.613630 0.250019
v 0.074305 0.609109 0.240448
v 0.074477 0.595452 0.231756
v 0.068880 0.582193 0.229148
v 0.061329 0.567414 0.226690
v -0.061329 0.567414 0.226690
v -0.068880 0.582193 0.229148
v -0.074477 0.595452 0.231756
v -0.074305 0.609109 0.240448
v -0.070438 0.613630 0.250019
v -0.068010 0.616115 0.261301
v 0.122495 0.628906 0.253251
v 0.123290 0.625686 0.242107
v 0.123162 0.620140 0.233090
v 0.112784 0.614292 0.227070
v 0.100096 0.612406 0.228016
v 0.087527 0.608604 0.230885
v -0.087527 0.608604 0.230885
v -0.100096 0.612406 0.228016
v -0.112784 0.614292 0.227070
v -0.123162 0.620140 0.233090
v -0.123290 0.625686 0.242107
v -0.122495 0.628906 0.253251
v 0.185775 0.586743 0.236853
v 0.184592 0.584086 0.225048
v 0.180150 0.579750 0.213541
v 0.152216 0.586515 0.212303
v 0.139810 0.598154 0.218322
v 0.129526 0.608088 0.223481
v -0.129526 0.608088 0.223481
v -0.139810 0.598154 0.218322
v -0.152216 0.586515 0.212303
v -0.180150 0.579750 0.213541
v -0.184592 0.584086 0.225048
v -0.185775 0.586743 0.236853
v 0.258183 0.545955 0.216024
v 0.256376 0.544791 0.203883
v 0.253516 0.542802 0.190716
v 0.234320 0.548237 0.181520
v 0.216334 0.556482 0.187676
v 0.195458 0.564992 0.194609
v -0.195458 0.564992 0.194609
v -0.216334 0.556482 0.187676
v -0.234320 0.548237 0.181520
v -0.253516 0.542802 0.190716
v -0.256376 0.544791 0.203883
v -0.258183 0.545955 0.216024
v 0.303385 0.510666 0.196398
v 0.300920 0.510128 0.185271
v 0.296768 0.509249 0.173138
v 0.285026 0.519730 0.165455
v 0.275564 0.527880 0.169379
v 0.263790 0.534408 0.172713
v -0.263790 0.534408 0.172713
v -0.275564 0.527880 0.169379
v -0.285026 0.519730 0.165455
v -0.296768 0.509249 0.173138
v -0.300920 0.510128 0.185271
v -0.303385 0.510666 0.196398
v 0.293271 0.429486 0.166877
v 0.291558 0.429886 0.156609
v 0.289527 0.431281 0.144430
v 0.294664 0.453985 0.134752
v 0.297013 0.474263 0.142975
v 0.296012 0.492921 0.151924
v -0.296012 0.492921 0.151924
v -0.297013 0.474263 0.142975
v -0.294664 0.453985 0.134752
v -0.289527 0.431281 0.144430
v -0.291558 0.429886 0.156609
v -0.293271 0.429486 0.166877
v 0.233483 0.362359 0.179209
v 0.232523 0.363199 0.167860
v 0.232336 0.364675 0.153799
v 0.250706 0.380087 0.131392
v 0.265907 0.396345 0.128181
v 0.278840 0.414218 0.127023
v -0.278840 0.414218 0.127023
v -0.265907 0.396345 0.128181
v -0.250706 0.380087 0.131392
v -0.232336 0.364675 0.153799
v -0.232523 0.363199 0.167860
v -0.233483 0.362359 0.179209
v 0.160548 0.322964 0.189598
v 0.160477 0.323632 0.180735
v 0.159004 0.324234 0.171333
v 0.178401 0.332318 0.151136
v 0.198341 0.342301 0.145075
v 0.216741 0.353231 0.140084
v -0.216741 0.353231 0.140084
v -0.198341 0.342301 0.145075
v -0.178401 0.332318 0.151136
v -0.159004 0.324234 0.171333
v -0.160477 0.323632 0.180735
v -0.160548 0.322964 0.189598
v 0.037892 0.153937 0.120155
v 0.025441 0.150593 0.117591
v 0.012774 0.148232 0.115895
v 0.000000 0.161144 0.111171
v 0.000000 0.172238 0.106165
v 0.000000 0.180913 0.100277
v 0.016535 0.189009 0.093213
v 0.032380 0.192790 0.093363
v 0.046842 0.198102 0.095094
v 0.056497 0.195923 0.106492
v 0.053784 0.185455 0.113044
v 0.051492 0.172766 0.118802
v -0.051492 0.172766 0.118802
v -0.053784 0.185455 0.113044
v -0.056497 0.195923 0.106492
v -0.046842 0.198102 0.095094
v -0.032380 0.192790 0.093363
v -0.016535 0.189009 0.093213
v -0.012774 0.148232 0.115895
v -0.025441 0.150593 0.117591
v -0.037892 0.153937 0.120155
v 0.040100 0.078806 0.132356
v 0.026681 0.075333 0.130989
v 0.013324 0.072860 0.129953
v 0.000000 0.091574 0.124816
v 0.000000 0.111432 0.121359
v 0.000000 0.130367 0.118418
v 0.049772 0.140589 0.126439
v 0.050470 0.121833 0.128689
v 0.051842 0.102313 0.130888
v -0.051842 0.102313 0.130888
v -0.050470 0.121833 0.128689
v -0.049772 0.140589 0.126439
v -0.013324 0.072860 0.129953
v -0.026681 0.075333 0.130989
v -0.040100 0.078806 0.132356
v 0.045804 0.017160 0.161017
v 0.030572 0.014570 0.162574
v 0.015297 0.012728 0.163597
v 0.000000 0.022819 0.153827
v 0.000000 0.036843 0.144430
v 0.000000 0.053412 0.136191
v 0.055511 0.064037 0.138112
v 0.057436 0.046822 0.143813
v 0.059289 0.031929 0.150812
v -0.059289 0.031929 0.150812
v -0.057436 0.046822 0.143813
v -0.055511 0.064037 0.138112
v -0.015297 0.012728 0.163597
v -0.030572 0.014570 0.162574
v -0.045804 0.017160 0.161017
v 0.062386 0.012229 0.168425
v 0.063385 0.007584 0.178457
v 0.063825 0.005584 0.188624
v 0.000000 0.000000 0.194970
v 0.000000 0.001244 0.184926
v 0.000000 0.005022 0.174468
v -0.063825 0.005584 0.188624
v -0.063385 0.007584 0.178457
v -0.062386 0.012229 0.168425
v 0.109975 0.028101 0.160478
v 0.112855 0.023016 0.168776
v 0.113207 0.019425 0.179221
v 0.076054 0.023146 0.156751
v 0.089560 0.026334 0.155006
v 0.099999 0.029856 0.154653
v -0.099999 0.029856 0.154653
v -0.089560 0.026334 0.155006
v -0.076054 0.023146 0.156751
v -0.113207 0.019425 0.179221
v -0.112855 0.023016 0.168776
v -0.109975 0.028101 0.160478
v 0.113327 0.079282 0.155238
v 0.120233 0.069151 0.166693
v 0.124232 0.059123 0.179525
v 0.107796 0.040864 0.152015
v 0.108137 0.053463 0.148825
v 0.106608 0.069283 0.146959
v -0.106608 0.069283 0.146959
v -0.108137 0.053463 0.148825
v -0.107796 0.040864 0.152015
v -0.124232 0.059123 0.179525
v -0.120233 0.069151 0.166693
v -0.113327 0.079282 0.155238
v 0.103615 0.152418 0.159039
v 0.111731 0.140833 0.172736
v 0.117272 0.128784 0.187328
v 0.101333 0.105655 0.145996
v 0.098618 0.124507 0.146327
v 0.096092 0.143175 0.146838
v -0.096092 0.143175 0.146838
v -0.098618 0.124507 0.146327
v -0.101333 0.105655 0.145996
v -0.117272 0.128784 0.187328
v -0.111731 0.140833 0.172736
v -0.103615 0.152418 0.159039
v 0.092962 0.090153 0.140285
v 0.080532 0.089661 0.136869
v 0.067253 0.086810 0.134993
v 0.061721 0.161803 0.127104
v 0.072959 0.164568 0.131909
v 0.083708 0.164802 0.138422
v -0.083708 0.164802 0.138422
v -0.072959 0.164568 0.131909
v -0.061721 0.161803 0.127104
v -0.067253 0.086810 0.134993
v -0.080532 0.089661 0.136869
v -0.092962 0.090153 0.140285
v 0.068859 0.210348 0.107753
v 0.076514 0.215586 0.118912
v 0.082992 0.218960 0.132115
v 0.090078 0.207493 0.146815
v 0.091103 0.193598 0.147133
v 0.092331 0.178080 0.147320
v -0.092331 0.178080 0.147320
v -0.091103 0.193598 0.147133
v -0.090078 0.207493 0.146815
v -0.082992 0.218960 0.132115
v -0.076514 0.215586 0.118912
v -0.068859 0.210348 0.107753
v 0.095582 0.216300 0.161126
v 0.101367 0.210770 0.175860
v 0.105318 0.204386 0.190487
v -0.105318 0.204386 0.190487
v -0.101367 0.210770 0.175860
v -0.095582 0.216300 0.161126
v 0.091798 0.249072 0.190945
v 0.090718 0.251924 0.177680
v 0.089716 0.255044 0.162719
v 0.093416 0.268024 0.151752
v 0.094117 0.275068 0.158986
v 0.093620 0.280784 0.165390
v 0.086510 0.280325 0.177614
v 0.084166 0.276853 0.185675
v 0.083290 0.274890 0.195188
v -0.083290 0.274890 0.195188
v -0.084166 0.276853 0.185675
v -0.086510 0.280325 0.177614
v -0.093620 0.280784 0.165390
v -0.094117 0.275068 0.158986
v -0.093416 0.268024 0.151752
v -0.089716 0.255044 0.162719
v -0.090718 0.251924 0.177680
v -0.091798 0.249072 0.190945
v 0.087945 0.229418 0.146242
v 0.087266 0.238241 0.145785
v 0.087648 0.247029 0.144792
v -0.087648 0.247029 0.144792
v -0.087266 0.238241 0.145785
v -0.087945 0.229418 0.146242
v 0.093936 0.299878 0.184787
v 0.091556 0.298786 0.190623
v 0.089826 0.298574 0.199093
v 0.090011 0.289797 0.174900
v 0.089312 0.293805 0.177962
v 0.092238 0.297906 0.180108
v -0.092238 0.297906 0.180108
v -0.089312 0.293805 0.177962
v -0.090011 0.289797 0.174900
v -0.089826 0.298574 0.199093
v -0.091556 0.298786 0.190623
v -0.093936 0.299878 0.184787
v 0.104565 0.305003 0.179799
v 0.117730 0.310286 0.176518
v 0.134205 0.315691 0.170810
v -0.134205 0.315691 0.170810
v -0.117730 0.310286 0.176518
v -0.104565 0.305003 0.179799
v 0.000000 0.322414 -0.254210
v 0.000000 0.345614 -0.270080
v 0.000000 0.372077 -0.282694
v 0.033506 0.402120 -0.288611
v 0.065702 0.400796 -0.279789
v 0.095274 0.398978 -0.268047
v 0.116587 0.372238 -0.248171
v 0.114317 0.351354 -0.238246
v 0.113881 0.333468 -0.224939
v 0.089541 0.310282 -0.216102
v 0.061745 0.305460 -0.224799
v 0.031488 0.302576 -0.231781
v -0.031488 0.302576 -0.231781
v -0.061745 0.305460 -0.224799
v -0.089541 0.310282 -0.216102
v -0.113881 0.333468 -0.224939
v -0.114317 0.351354 -0.238246
v -0.116587 0.372238 -0.248171
v -0.095274 0.398978 -0.268047
v -0.065702 0.400796 -0.279789
v -0.033506 0.402120 -0.288611
v 0.000000 0.249370 -0.153370
v 0.000000 0.264885 -0.184658
v 0.000000 0.282372 -0.211737
v 0.111970 0.300581 -0.186746
v 0.109089 0.284735 -0.161676
v 0.105232 0.270199 -0.132850
v 0.078491 0.248757 -0.106110
v 0.053765 0.241958 -0.111626
v 0.027314 0.237605 -0.115851
v -0.027314 0.237605 -0.115851
v -0.053765 0.241958 -0.111626
v -0.078491 0.248757 -0.106110
v -0.105232 0.270199 -0.132850
v -0.109089 0.284735 -0.161676
v -0.111970 0.300581 -0.186746
v 0.000000 0.209316 0.003290
v 0.000000 0.216291 -0.035726
v 0.000000 0.225106 -0.077230
v 0.095508 0.247793 -0.064622
v 0.090145 0.240095 -0.027011
v 0.084814 0.234051 0.010773
v 0.060382 0.217837 0.040590
v 0.040867 0.210277 0.037063
v 0.020618 0.205555 0.036086
v -0.020618 0.205555 0.036086
v -0.040867 0.210277 0.037063
v -0.060382 0.217837 0.040590
v -0.084814 0.234051 0.010773
v -0.090145 0.240095 -0.027011
v -0.095508 0.247793 -0.064622
v 0.000000 0.192334 0.085966
v 0.000000 0.196172 0.075365
v 0.000000 0.199776 0.059524
v 0.069793 0.220922 0.070790
v 0.064723 0.215497 0.083554
v 0.061589 0.210325 0.092502
v -0.061589 0.210325 0.092502
v -0.064723 0.215497 0.083554
v -0.069793 0.220922 0.070790
v 0.085178 0.236391 0.077208
v 0.087596 0.243367 0.099619
v 0.089685 0.250927 0.120318
v -0.089685 0.250927 0.120318
v -0.087596 0.243367 0.099619
v -0.085178 0.236391 0.077208
v 0.298655 0.444594 0.062178
v 0.294223 0.440027 0.085571
v 0.290582 0.436372 0.108539
v 0.238781 0.364973 0.112174
v 0.245351 0.362933 0.084611
v 0.252575 0.359803 0.054337
v 0.277251 0.380237 0.026186
v 0.289852 0.403989 0.029091
v 0.298632 0.427577 0.033098
v -0.298632 0.427577 0.033098
v -0.289852 0.403989 0.029091
v -0.277251 0.380237 0.026186
v -0.252575 0.359803 0.054337
v -0.245351 0.362933 0.084611
v -0.238781 0.364973 0.112174
v -0.290582 0.436372 0.108539
v -0.294223 0.440027 0.085571
v -0.298655 0.444594 0.062178
v 0.000000 0.438218 -0.299114
v 0.000000 0.476965 -0.301872
v 0.000000 0.517110 -0.299275
v 0.041349 0.554676 -0.286432
v 0.081054 0.549106 -0.277808
v 0.117467 0.541156 -0.266336
v 0.142740 0.494876 -0.262254
v 0.135196 0.459360 -0.264164
v 0.127519 0.426361 -0.261442
v -0.127519 0.426361 -0.261442
v -0.135196 0.459360 -0.264164
v -0.142740 0.494876 -0.262254
v -0.117467 0.541156 -0.266336
v -0.081054 0.549106 -0.277808
v -0.041349 0.554676 -0.286432
v 0.000000 0.717436 -0.004805
v 0.000000 0.711012 0.028577
v 0.000000 0.699812 0.060017
v 0.042680 0.682222 0.088019
v 0.083778 0.678852 0.083959
v 0.121715 0.673260 0.077263
v 0.154763 0.680966 0.042495
v 0.154690 0.691381 0.015260
v 0.154665 0.697295 -0.013308
v 0.121457 0.708418 -0.039751
v 0.083571 0.714735 -0.039021
v 0.042565 0.718400 -0.039481
v -0.042565 0.718400 -0.039481
v -0.083571 0.714735 -0.039021
v -0.121457 0.708418 -0.039751
v -0.154665 0.697295 -0.013308
v -0.154690 0.691381 0.015260
v -0.154763 0.680966 0.042495
v -0.121715 0.673260 0.077263
v -0.083778 0.678852 0.083959
v -0.042680 0.682222 0.088019
v 0.000000 0.700202 -0.151513
v 0.000000 0.711683 -0.114434
v 0.000000 0.717895 -0.076909
v 0.154665 0.697960 -0.072775
v 0.154675 0.692159 -0.102913
v 0.154705 0.680754 -0.132862
v 0.121658 0.671649 -0.168776
v 0.083764 0.677916 -0.176859
v 0.042680 0.681557 -0.183849
v -0.042680 0.681557 -0.183849
v -0.083764 0.677916 -0.176859
v -0.121658 0.671649 -0.168776
v -0.154705 0.680754 -0.132862
v -0.154675 0.692159 -0.102913
v -0.154665 0.697960 -0.072775
v 0.000000 0.594443 -0.272855
v 0.000000 0.628703 -0.249079
v 0.000000 0.658508 -0.220039
v 0.154866 0.636584 -0.190815
v 0.154360 0.604740 -0.216779
v 0.152601 0.569135 -0.238472
v -0.152601 0.569135 -0.238472
v -0.154360 0.604740 -0.216779
v -0.154866 0.636584 -0.190815
v 0.239050 0.543656 0.126743
v 0.242277 0.539830 0.144353
v 0.246062 0.539293 0.160948
v 0.287389 0.508539 0.145709
v 0.283632 0.509925 0.130487
v 0.281133 0.513406 0.114404
v 0.270836 0.530125 0.103235
v 0.260619 0.538387 0.105093
v 0.249393 0.545399 0.105850
v -0.249393 0.545399 0.105850
v -0.260619 0.538387 0.105093
v -0.270836 0.530125 0.103235
v -0.281133 0.513406 0.114404
v -0.283632 0.509925 0.130487
v -0.287389 0.508539 0.145709
v -0.246062 0.539293 0.160948
v -0.242277 0.539830 0.144353
v -0.239050 0.543656 0.126743
v 0.237101 0.602464 0.047598
v 0.236309 0.584118 0.068657
v 0.236068 0.566452 0.088856
v 0.281822 0.529460 0.080095
v 0.284598 0.541191 0.061940
v 0.287813 0.553334 0.043069
v 0.279648 0.580075 0.025570
v 0.267077 0.593894 0.024770
v 0.253109 0.606569 0.023862
v -0.253109 0.606569 0.023862
v -0.267077 0.593894 0.024770
v -0.279648 0.580075 0.025570
v -0.287813 0.553334 0.043069
v -0.284598 0.541191 0.061940
v -0.281822 0.529460 0.080095
v -0.236068 0.566452 0.088856
v -0.236309 0.584118 0.068657
v -0.237101 0.602464 0.047598
v 0.238878 0.642323 -0.044647
v 0.238789 0.638375 -0.020677
v 0.238522 0.630695 0.002832
v 0.292010 0.572690 0.003026
v 0.292431 0.578320 -0.018055
v 0.292170 0.581199 -0.039676
v 0.281598 0.599064 -0.062840
v 0.269097 0.614546 -0.065888
v 0.254656 0.628815 -0.068636
v -0.254656 0.628815 -0.068636
v -0.269097 0.614546 -0.065888
v -0.281598 0.599064 -0.062840
v -0.292170 0.581199 -0.039676
v -0.292431 0.578320 -0.018055
v -0.292010 0.572690 0.003026
v -0.238522 0.630695 0.002832
v -0.238789 0.638375 -0.020677
v -0.238878 0.642323 -0.044647
v 0.238442 0.623775 -0.139312
v 0.238769 0.634610 -0.116787
v 0.238878 0.640694 -0.093106
v 0.290909 0.578538 -0.084030
v 0.289558 0.573676 -0.105103
v 0.286825 0.567415 -0.123396
v 0.277491 0.570076 -0.142420
v 0.267068 0.581241 -0.149870
v 0.253395 0.593663 -0.156099
v -0.253395 0.593663 -0.156099
v -0.267068 0.581241 -0.149870
v -0.277491 0.570076 -0.142420
v -0.286825 0.567415 -0.123396
v -0.289558 0.573676 -0.105103
v -0.290909 0.578538 -0.084030
v -0.238878 0.640694 -0.093106
v -0.238769 0.634610 -0.116787
v -0.238442 0.623775 -0.139312
v 0.285517 0.546878 -0.142190
v 0.286502 0.525484 -0.149640
v 0.286046 0.501253 -0.156508
v 0.269442 0.475075 -0.177916
v 0.254799 0.479559 -0.191214
v 0.240076 0.486046 -0.203326
v 0.230994 0.525630 -0.206192
v 0.234620 0.556307 -0.194079
v 0.236699 0.584146 -0.178529
v -0.236699 0.584146 -0.178529
v -0.234620 0.556307 -0.194079
v -0.230994 0.525630 -0.206192
v -0.240076 0.486046 -0.203326
v -0.254799 0.479559 -0.191214
v -0.269442 0.475075 -0.177916
v -0.286046 0.501253 -0.156508
v -0.286502 0.525484 -0.149640
v -0.285517 0.546878 -0.142190
v 0.210377 0.502880 -0.224264
v 0.193774 0.512363 -0.233799
v 0.173838 0.522121 -0.243563
v 0.181492 0.650642 -0.160038
v 0.203278 0.636758 -0.160180
v 0.221563 0.621963 -0.160824
v -0.221563 0.621963 -0.160824
v -0.203278 0.636758 -0.160180
v -0.181492 0.650642 -0.160038
v -0.173838 0.522121 -0.243563
v -0.193774 0.512363 -0.233799
v -0.210377 0.502880 -0.224264
v 0.181635 0.687204 -0.049268
v 0.203743 0.673131 -0.057135
v 0.222366 0.658055 -0.064347
v -0.222366 0.658055 -0.064347
v -0.203743 0.673131 -0.057135
v -0.181635 0.687204 -0.049268
v 0.181779 0.655487 0.056164
v 0.203679 0.643966 0.043829
v 0.221964 0.631544 0.032989
v -0.221964 0.631544 0.032989
v -0.203679 0.643966 0.043829
v -0.181779 0.655487 0.056164
v 0.155153 0.644295 0.091299
v 0.155683 0.620752 0.112471
v 0.156689 0.598135 0.131518
v 0.184531 0.573734 0.136243
v 0.205560 0.566776 0.124640
v 0.222607 0.559389 0.114886
v -0.222607 0.559389 0.114886
v -0.205560 0.566776 0.124640
v -0.184531 0.573734 0.136243
v -0.156689 0.598135 0.131518
v -0.155683 0.620752 0.112471
v -0.155153 0.644295 0.091299
v 0.160886 0.568872 0.163328
v 0.163836 0.564628 0.176698
v 0.166779 0.566115 0.189163
v -0.166779 0.566115 0.189163
v -0.163836 0.564628 0.176698
v -0.160886 0.568872 0.163328
v 0.000000 0.661146 0.116571
v 0.000000 0.635336 0.142294
v 0.000000 0.608063 0.167290
v 0.047538 0.585626 0.182185
v 0.088490 0.586523 0.171250
v 0.125889 0.584283 0.160071
v -0.125889 0.584283 0.160071
v -0.088490 0.586523 0.171250
v -0.047538 0.585626 0.182185
v 0.136736 0.572021 0.204402
v 0.106394 0.567684 0.208802
v 0.077207 0.561523 0.214948
v -0.077207 0.561523 0.214948
v -0.106394 0.567684 0.208802
v -0.136736 0.572021 0.204402
v 0.027070 0.565933 0.203043
v 0.039979 0.557983 0.209092
v 0.046954 0.553053 0.215269
v -0.046954 0.553053 0.215269
v -0.039979 0.557983 0.209092
v -0.027070 0.565933 0.203043
v 0.000000 0.560055 0.207905
v 0.000000 0.548300 0.214269
v 0.000000 0.539222 0.219831
v 0.302026 0.471059 0.053807
v 0.297170 0.489816 0.069780
v 0.289550 0.506136 0.085393
v -0.289550 0.506136 0.085393
v -0.297170 0.489816 0.069780
v -0.302026 0.471059 0.053807
v 0.306040 0.456978 0.022893
v 0.308292 0.464150 0.007398
v 0.309936 0.470944 -0.007723
v 0.310693 0.502730 -0.010338
v 0.306442 0.525277 0.003722
v 0.299624 0.545949 0.015571
v -0.299624 0.545949 0.015571
v -0.306442 0.525277 0.003722
v -0.310693 0.502730 -0.010338
v -0.309936 0.470944 -0.007723
v -0.308292 0.464150 0.007398
v -0.306040 0.456978 0.022893
v 0.312218 0.490128 -0.039040
v 0.311726 0.496556 -0.052408
v 0.310887 0.499164 -0.067046
v 0.306495 0.516686 -0.077550
v 0.303013 0.537837 -0.070468
v 0.298362 0.560123 -0.064720
v -0.298362 0.560123 -0.064720
v -0.303013 0.537837 -0.070468
v -0.306495 0.516686 -0.077550
v -0.310887 0.499164 -0.067046
v -0.311726 0.496556 -0.052408
v -0.312218 0.490128 -0.039040
v 0.307252 0.500690 -0.103247
v 0.302949 0.497121 -0.122337
v 0.296527 0.488938 -0.141738
v -0.296527 0.488938 -0.141738
v -0.302949 0.497121 -0.122337
v -0.307252 0.500690 -0.103247
v 0.132227 0.278037 0.044407
v 0.115601 0.261760 0.041390
v 0.098880 0.245885 0.043312
v 0.119313 0.268319 -0.095767
v 0.135672 0.279839 -0.091809
v 0.150830 0.291316 -0.088296
v 0.163627 0.295949 -0.053253
v 0.161443 0.293853 -0.020415
v 0.158410 0.294423 0.013863
v -0.158410 0.294423 0.013863
v -0.161443 0.293853 -0.020415
v -0.163627 0.295949 -0.053253
v -0.150830 0.291316 -0.088296
v -0.135672 0.279839 -0.091809
v -0.119313 0.268319 -0.095767
v -0.098880 0.245885 0.043312
v -0.115601 0.261760 0.041390
v -0.132227 0.278037 0.044407
v 0.234458 0.328561 -0.049274
v 0.239947 0.333591 -0.027860
v 0.248309 0.341869 -0.005405
v 0.233046 0.338544 0.029041
v 0.207494 0.325288 0.035991
v 0.181187 0.312163 0.043256
v 0.182042 0.310534 -0.081507
v 0.198787 0.317441 -0.078036
v 0.215710 0.322633 -0.074616
v -0.215710 0.322633 -0.074616
v -0.198787 0.317441 -0.078036
v -0.182042 0.310534 -0.081507
v -0.181187 0.312163 0.043256
v -0.207494 0.325288 0.035991
v -0.233046 0.338544 0.029041
v -0.248309 0.341869 -0.005405
v -0.239947 0.333591 -0.027860
v -0.234458 0.328561 -0.049274
v 0.158854 0.319338 0.136336
v 0.159576 0.314045 0.111812
v 0.157825 0.306762 0.084946
v -0.157825 0.306762 0.084946
v -0.159576 0.314045 0.111812
v -0.158854 0.319338 0.136336
v 0.134239 0.311208 0.158368
v 0.117506 0.301556 0.160550
v 0.102992 0.292824 0.164878
v 0.101439 0.268288 0.124079
v 0.115300 0.277696 0.105165
v 0.131494 0.286534 0.082695
v -0.131494 0.286534 0.082695
v -0.115300 0.277696 0.105165
v -0.101439 0.268288 0.124079
v -0.102992 0.292824 0.164878
v -0.117506 0.301556 0.160550
v -0.134239 0.311208 0.158368
v 0.274167 0.444722 -0.170004
v 0.263649 0.417561 -0.170677
v 0.253688 0.391880 -0.165783
v 0.230639 0.372731 -0.164706
v 0.215685 0.374826 -0.175076
v 0.199752 0.375219 -0.186567
v 0.194840 0.404196 -0.211802
v 0.206524 0.433402 -0.217046
v 0.216890 0.463296 -0.217912
v -0.216890 0.463296 -0.217912
v -0.206524 0.433402 -0.217046
v -0.194840 0.404196 -0.211802
v -0.199752 0.375219 -0.186567
v -0.215685 0.374826 -0.175076
v -0.230639 0.372731 -0.164706
v -0.253688 0.391880 -0.165783
v -0.263649 0.417561 -0.170677
v -0.274167 0.444722 -0.170004
v 0.169827 0.384541 -0.219940
v 0.157326 0.391471 -0.233419
v 0.141310 0.395034 -0.244685
v -0.141310 0.395034 -0.244685
v -0.157326 0.391471 -0.233419
v -0.169827 0.384541 -0.219940
v 0.238070 0.351288 -0.138836
v 0.233492 0.337992 -0.118401
v 0.231626 0.329410 -0.095635
v 0.169245 0.312690 -0.115816
v 0.173199 0.328001 -0.145385
v 0.177342 0.347309 -0.173204
v -0.177342 0.347309 -0.173204
v -0.173199 0.328001 -0.145385
v -0.169245 0.312690 -0.115816
v -0.231626 0.329410 -0.095635
v -0.233492 0.337992 -0.118401
v -0.238070 0.351288 -0.138836
v 0.132825 0.325785 -0.202372
v 0.148820 0.337318 -0.199531
v 0.163371 0.352492 -0.199356
v -0.163371 0.352492 -0.199356
v -0.148820 0.337318 -0.199531
v -0.132825 0.325785 -0.202372
v 0.387276 0.524953 -0.122094
v 0.387697 0.530273 -0.123516
v 0.388165 0.534350 -0.127610
v 0.373511 0.531759 -0.126372
v 0.360155 0.526133 -0.118836
v 0.348364 0.519885 -0.112319
v 0.340452 0.511422 -0.100485
v 0.342790 0.508269 -0.097039
v 0.345079 0.504084 -0.096334
v 0.355651 0.504978 -0.102641
v 0.364827 0.510207 -0.108508
v 0.375191 0.514886 -0.115375
v -0.375191 0.514886 -0.115375
v -0.364827 0.510207 -0.108508
v -0.355651 0.504978 -0.102641
v -0.345079 0.504084 -0.096334
v -0.342790 0.508269 -0.097039
v -0.340452 0.511422 -0.100485
v -0.348364 0.519885 -0.112319
v -0.360155 0.526133 -0.118836
v -0.373511 0.531759 -0.126372
v -0.388165 0.534350 -0.127610
v -0.387697 0.530273 -0.123516
v -0.387276 0.524953 -0.122094
v 0.440248 0.542291 -0.159396
v 0.422916 0.542943 -0.151905
v 0.405343 0.540726 -0.143411
v 0.400716 0.522224 -0.131405
v 0.415193 0.523967 -0.139719
v 0.429486 0.523325 -0.147333
v 0.445861 0.525664 -0.153456
v 0.449494 0.531134 -0.155265
v 0.453114 0.535342 -0.159121
v -0.453114 0.535342 -0.159121
v -0.449494 0.531134 -0.155265
v -0.445861 0.525664 -0.153456
v -0.429486 0.523325 -0.147333
v -0.415193 0.523967 -0.139719
v -0.400716 0.522224 -0.131405
v -0.405343 0.540726 -0.143411
v -0.422916 0.542943 -0.151905
v -0.440248 0.542291 -0.159396
v 0.489137 0.497840 -0.170330
v 0.481246 0.514735 -0.169901
v 0.470153 0.528302 -0.168409
v 0.453544 0.511583 -0.157768
v 0.462048 0.500300 -0.160364
v 0.467849 0.486264 -0.161810
v 0.476196 0.473100 -0.162269
v 0.482241 0.475645 -0.163441
v 0.488174 0.477498 -0.166133
v -0.488174 0.477498 -0.166133
v -0.482241 0.475645 -0.163441
v -0.476196 0.473100 -0.162269
v -0.467849 0.486264 -0.161810
v -0.462048 0.500300 -0.160364
v -0.453544 0.511583 -0.157768
v -0.470153 0.528302 -0.168409
v -0.481246 0.514735 -0.169901
v -0.489137 0.497840 -0.170330
v 0.481242 0.413845 -0.170009
v 0.489379 0.435351 -0.170932
v 0.493426 0.457224 -0.170834
v 0.470280 0.452506 -0.163048
v 0.466698 0.434328 -0.162770
v 0.459988 0.416488 -0.161202
v 0.454599 0.398279 -0.157625
v 0.459525 0.396603 -0.159069
v 0.464500 0.395039 -0.162280
v -0.464500 0.395039 -0.162280
v -0.459525 0.396603 -0.159069
v -0.454599 0.398279 -0.157625
v -0.459988 0.416488 -0.161202
v -0.466698 0.434328 -0.162770
v -0.470280 0.452506 -0.163048
v -0.493426 0.457224 -0.170834
v -0.489379 0.435351 -0.170932
v -0.481242 0.413845 -0.170009
v 0.411879 0.348513 -0.145143
v 0.433445 0.361073 -0.154934
v 0.452804 0.376165 -0.162349
v 0.437398 0.385436 -0.152120
v 0.422203 0.373109 -0.144221
v 0.405251 0.362892 -0.134261
v 0.387271 0.350095 -0.121303
v 0.387684 0.345468 -0.122473
v 0.388303 0.341426 -0.126246
v -0.388303 0.341426 -0.126246
v -0.387684 0.345468 -0.122473
v -0.387271 0.350095 -0.121303
v -0.405251 0.362892 -0.134261
v -0.422203 0.373109 -0.144221
v -0.437398 0.385436 -0.152120
v -0.452804 0.376165 -0.162349
v -0.433445 0.361073 -0.154934
v -0.411879 0.348513 -0.145143
v 0.320654 0.323137 -0.090388
v 0.342787 0.326029 -0.103604
v 0.365782 0.331083 -0.118471
v 0.368603 0.348719 -0.108690
v 0.350199 0.344621 -0.094935
v 0.332620 0.342349 -0.082832
v 0.311360 0.336042 -0.071136
v 0.306586 0.330319 -0.070746
v 0.302651 0.325430 -0.073716
v -0.302651 0.325430 -0.073716
v -0.306586 0.330319 -0.070746
v -0.311360 0.336042 -0.071136
v -0.332620 0.342349 -0.082832
v -0.350199 0.344621 -0.094935
v -0.368603 0.348719 -0.108690
v -0.365782 0.331083 -0.118471
v -0.342787 0.326029 -0.103604
v -0.320654 0.323137 -0.090388
v 0.387500 0.358947 -0.125317
v 0.388138 0.362543 -0.129614
v 0.388974 0.365461 -0.134742
v 0.374732 0.362846 -0.128069
v 0.359930 0.359575 -0.115829
v 0.346059 0.357583 -0.105198
v 0.330510 0.354143 -0.091369
v 0.326393 0.350828 -0.084820
v 0.321635 0.346707 -0.078864
v -0.321635 0.346707 -0.078864
v -0.326393 0.350828 -0.084820
v -0.330510 0.354143 -0.091369
v -0.346059 0.357583 -0.105198
v -0.359930 0.359575 -0.115829
v -0.374732 0.362846 -0.128069
v -0.388974 0.365461 -0.134742
v -0.388138 0.362543 -0.129614
v -0.387500 0.358947 -0.125317
v 0.446824 0.401260 -0.159551
v 0.444445 0.402348 -0.162421
v 0.443052 0.403112 -0.166053
v 0.431791 0.392058 -0.165365
v 0.419003 0.382241 -0.158821
v 0.404844 0.374084 -0.150429
v -0.404844 0.374084 -0.150429
v -0.419003 0.382241 -0.158821
v -0.431791 0.392058 -0.165365
v -0.443052 0.403112 -0.166053
v -0.444445 0.402348 -0.162421
v -0.446824 0.401260 -0.159551
v 0.466335 0.466954 -0.164241
v 0.463158 0.463813 -0.167007
v 0.461152 0.460905 -0.170536
v 0.459822 0.444737 -0.174756
v 0.456684 0.430550 -0.174363
v 0.450941 0.416574 -0.172933
v -0.450941 0.416574 -0.172933
v -0.456684 0.430550 -0.174363
v -0.459822 0.444737 -0.174756
v -0.461152 0.460905 -0.170536
v -0.463158 0.463813 -0.167007
v -0.466335 0.466954 -0.164241
v 0.440105 0.513097 -0.155497
v 0.438363 0.506915 -0.158768
v 0.437369 0.501303 -0.162928
v 0.446360 0.490524 -0.170886
v 0.453418 0.481804 -0.172934
v 0.458125 0.470950 -0.174022
v -0.458125 0.470950 -0.174022
v -0.453418 0.481804 -0.172934
v -0.446360 0.490524 -0.170886
v -0.437369 0.501303 -0.162928
v -0.438363 0.506915 -0.158768
v -0.440105 0.513097 -0.155497
v 0.387162 0.512707 -0.126154
v 0.387573 0.506668 -0.130750
v 0.388245 0.501166 -0.136250
v 0.400951 0.499010 -0.149254
v 0.413496 0.500257 -0.156221
v 0.425857 0.499675 -0.162469
v -0.425857 0.499675 -0.162469
v -0.413496 0.500257 -0.156221
v -0.400951 0.499010 -0.149254
v -0.388245 0.501166 -0.136250
v -0.387573 0.506668 -0.130750
v -0.387162 0.512707 -0.126154
v 0.349642 0.494314 -0.101471
v 0.351847 0.489443 -0.106342
v 0.353862 0.484968 -0.112009
v 0.362485 0.485817 -0.122788
v 0.370189 0.489941 -0.128585
v 0.378980 0.493529 -0.135081
v -0.378980 0.493529 -0.135081
v -0.370189 0.489941 -0.128585
v -0.362485 0.485817 -0.122788
v -0.353862 0.484968 -0.112009
v -0.351847 0.489443 -0.106342
v -0.349642 0.494314 -0.101471
v 0.278190 0.376144 -0.027364
v 0.275964 0.370854 -0.015589
v 0.270761 0.364264 -0.001070
v 0.247978 0.332070 -0.061853
v 0.258491 0.339146 -0.060378
v 0.267134 0.346728 -0.063086
v 0.269753 0.356838 -0.060522
v 0.269585 0.360648 -0.051622
v 0.272702 0.368033 -0.043823
v -0.272702 0.368033 -0.043823
v -0.269585 0.360648 -0.051622
v -0.269753 0.356838 -0.060522
v -0.267134 0.346728 -0.063086
v -0.258491 0.339146 -0.060378
v -0.247978 0.332070 -0.061853
v -0.270761 0.364264 -0.001070
v -0.275964 0.370854 -0.015589
v -0.278190 0.376144 -0.027364
v 0.249354 0.326222 -0.075602
v 0.264687 0.324642 -0.076059
v 0.281460 0.322999 -0.076926
v 0.302576 0.342785 -0.070471
v 0.290920 0.345274 -0.069937
v 0.281705 0.349152 -0.070501
v -0.281705 0.349152 -0.070501
v -0.290920 0.345274 -0.069937
v -0.302576 0.342785 -0.070471
v -0.281460 0.322999 -0.076926
v -0.264687 0.324642 -0.076059
v -0.249354 0.326222 -0.075602
v 0.286676 0.398413 -0.033534
v 0.295711 0.421123 -0.030740
v 0.304386 0.446840 -0.028444
v -0.304386 0.446840 -0.028444
v -0.295711 0.421123 -0.030740
v -0.286676 0.398413 -0.033534
v 0.329053 0.505941 -0.103421
v 0.321459 0.499887 -0.099820
v 0.315278 0.496493 -0.094796
v 0.314189 0.489934 -0.081930
v 0.316562 0.483684 -0.082588
v 0.318538 0.478421 -0.085062
v 0.326198 0.480370 -0.090429
v 0.332541 0.486901 -0.092238
v 0.339620 0.493236 -0.094614
v -0.339620 0.493236 -0.094614
v -0.332541 0.486901 -0.092238
v -0.326198 0.480370 -0.090429
v -0.318538 0.478421 -0.085062
v -0.316562 0.483684 -0.082588
v -0.314189 0.489934 -0.081930
v -0.315278 0.496493 -0.094796
v -0.321459 0.499887 -0.099820
v -0.329053 0.505941 -0.103421
v 0.323400 0.356574 -0.095703
v 0.315276 0.357267 -0.096982
v 0.309411 0.358661 -0.100153
v 0.300421 0.360106 -0.096323
v 0.293237 0.359132 -0.088240
v 0.284782 0.357541 -0.079702
v -0.284782 0.357541 -0.079702
v -0.293237 0.359132 -0.088240
v -0.300421 0.360106 -0.096323
v -0.309411 0.358661 -0.100153
v -0.315276 0.357267 -0.096982
v -0.323400 0.356574 -0.095703
v 0.304824 0.363247 -0.105794
v 0.305341 0.366408 -0.107060
v 0.306596 0.370202 -0.107807
v 0.301023 0.375661 -0.102371
v 0.293211 0.377343 -0.095729
v 0.285636 0.380064 -0.088564
v 0.278026 0.375313 -0.077376
v 0.276902 0.368244 -0.075693
v 0.275991 0.362056 -0.073261
v -0.275991 0.362056 -0.073261
v -0.276902 0.368244 -0.075693
v -0.278026 0.375313 -0.077376
v -0.285636 0.380064 -0.088564
v -0.293211 0.377343 -0.095729
v -0.301023 0.375661 -0.102371
v -0.306596 0.370202 -0.107807
v -0.305341 0.366408 -0.107060
v -0.304824 0.363247 -0.105794
v 0.301135 0.393585 -0.111879
v 0.296835 0.395755 -0.110480
v 0.293231 0.398451 -0.109441
v 0.289745 0.399827 -0.103088
v 0.287215 0.396272 -0.096661
v 0.284119 0.391707 -0.089282
v 0.307903 0.379857 -0.109298
v 0.307252 0.384972 -0.110445
v 0.305929 0.389228 -0.111879
v -0.305929 0.389228 -0.111879
v -0.307252 0.384972 -0.110445
v -0.307903 0.379857 -0.109298
v -0.284119 0.391707 -0.089282
v -0.287215 0.396272 -0.096661
v -0.289745 0.399827 -0.103088
v -0.293231 0.398451 -0.109441
v -0.296835 0.395755 -0.110480
v -0.301135 0.393585 -0.111879
v 0.293781 0.408129 -0.108524
v 0.298320 0.415201 -0.108513
v 0.304319 0.422978 -0.108598
v 0.308149 0.432106 -0.103117
v 0.305433 0.434028 -0.096917
v 0.303270 0.436882 -0.089729
v 0.296023 0.428122 -0.079707
v 0.289482 0.414000 -0.078705
v 0.283698 0.399650 -0.078542
v -0.283698 0.399650 -0.078542
v -0.289482 0.414000 -0.078705
v -0.296023 0.428122 -0.079707
v -0.303270 0.436882 -0.089729
v -0.305433 0.434028 -0.096917
v -0.308149 0.432106 -0.103117
v -0.304319 0.422978 -0.108598
v -0.298320 0.415201 -0.108513
v -0.293781 0.408129 -0.108524
v 0.329776 0.461352 -0.103375
v 0.326709 0.465015 -0.098154
v 0.323538 0.469202 -0.093226
v 0.316062 0.467069 -0.086943
v 0.311820 0.459780 -0.084991
v 0.307421 0.451262 -0.083055
v 0.316566 0.438298 -0.108437
v 0.321973 0.445317 -0.108247
v 0.327161 0.451995 -0.108260
v -0.327161 0.451995 -0.108260
v -0.321973 0.445317 -0.108247
v -0.316566 0.438298 -0.108437
v -0.307421 0.451262 -0.083055
v -0.311820 0.459780 -0.084991
v -0.316062 0.467069 -0.086943
v -0.323538 0.469202 -0.093226
v -0.326709 0.465015 -0.098154
v -0.329776 0.461352 -0.103375
v 0.337665 0.464586 -0.109727
v 0.343263 0.470493 -0.111525
v 0.349207 0.476047 -0.114211
v -0.349207 0.476047 -0.114211
v -0.343263 0.470493 -0.111525
v -0.337665 0.464586 -0.109727
v 0.308503 0.463089 -0.045106
v 0.305550 0.453613 -0.059251
v 0.303293 0.446354 -0.071199
v -0.303293 0.446354 -0.071199
v -0.305550 0.453613 -0.059251
v -0.308503 0.463089 -0.045106
v 0.278251 0.383147 -0.047607
v 0.277862 0.384924 -0.057676
v 0.278049 0.385530 -0.068203
v -0.278049 0.385530 -0.068203
v -0.277862 0.384924 -0.057676
v -0.278251 0.383147 -0.047607
v 0.360031 0.473708 -0.133355
v 0.358257 0.476036 -0.128704
v 0.356912 0.478363 -0.123522
v 0.333950 0.456330 -0.113878
v 0.335246 0.454616 -0.118835
v 0.336817 0.452718 -0.123430
v 0.344614 0.455699 -0.129003
v 0.350240 0.461076 -0.131060
v 0.356224 0.466163 -0.133814
v -0.356224 0.466163 -0.133814
v -0.350240 0.461076 -0.131060
v -0.344614 0.455699 -0.129003
v -0.336817 0.452718 -0.123430
v -0.335246 0.454616 -0.118835
v -0.333950 0.456330 -0.113878
v -0.356912 0.478363 -0.123522
v -0.358257 0.476036 -0.128704
v -0.360031 0.473708 -0.133355
v 0.312553 0.430088 -0.113735
v 0.314038 0.429321 -0.118328
v 0.315672 0.428145 -0.122278
v 0.323630 0.432364 -0.125649
v 0.328962 0.438436 -0.125980
v 0.334111 0.444347 -0.126572
v -0.334111 0.444347 -0.126572
v -0.328962 0.438436 -0.125980
v -0.323630 0.432364 -0.125649
v -0.315672 0.428145 -0.122278
v -0.314038 0.429321 -0.118328
v -0.312553 0.430088 -0.113735
v 0.293231 0.403818 -0.113959
v 0.294829 0.404684 -0.118327
v 0.297145 0.405404 -0.121592
v 0.301732 0.409039 -0.124309
v 0.305903 0.413813 -0.124985
v 0.311658 0.419728 -0.125305
v -0.311658 0.419728 -0.125305
v -0.305903 0.413813 -0.124985
v -0.301732 0.409039 -0.124309
v -0.297145 0.405404 -0.121592
v -0.294829 0.404684 -0.118327
v -0.293231 0.403818 -0.113959
v 0.305883 0.392611 -0.115629
v 0.307564 0.393232 -0.118937
v 0.309566 0.393830 -0.122364
v 0.307960 0.398394 -0.125277
v 0.303751 0.401258 -0.124977
v 0.300860 0.403913 -0.124309
v -0.300860 0.403913 -0.124309
v -0.303751 0.401258 -0.124977
v -0.307960 0.398394 -0.125277
v -0.309566 0.393830 -0.122364
v -0.307564 0.393232 -0.118937
v -0.305883 0.392611 -0.115629
v 0.312008 0.374032 -0.113815
v 0.314885 0.373880 -0.118458
v 0.317403 0.374353 -0.122261
v 0.320430 0.380545 -0.125449
v 0.318878 0.385670 -0.125549
v 0.316148 0.390596 -0.125506
v -0.316148 0.390596 -0.125506
v -0.318878 0.385670 -0.125549
v -0.320430 0.380545 -0.125449
v -0.317403 0.374353 -0.122261
v -0.314885 0.373880 -0.118458
v -0.312008 0.374032 -0.113815
v 0.309227 0.361069 -0.109808
v 0.311421 0.361521 -0.114606
v 0.313485 0.362281 -0.117743
v 0.315870 0.364746 -0.121389
v 0.317261 0.367482 -0.123373
v 0.319192 0.371166 -0.124531
v -0.319192 0.371166 -0.124531
v -0.317261 0.367482 -0.123373
v -0.315870 0.364746 -0.121389
v -0.313485 0.362281 -0.117743
v -0.311421 0.361521 -0.114606
v -0.309227 0.361069 -0.109808
v 0.335647 0.358363 -0.103845
v 0.336888 0.359897 -0.109243
v 0.337929 0.361883 -0.114177
v 0.329833 0.363741 -0.116539
v 0.322515 0.363032 -0.116940
v 0.317717 0.362900 -0.118236
v -0.317717 0.362900 -0.118236
v -0.322515 0.363032 -0.116940
v -0.329833 0.363741 -0.116539
v -0.337929 0.361883 -0.114177
v -0.336888 0.359897 -0.109243
v -0.335647 0.358363 -0.103845
v 0.393083 0.488194 -0.156168
v 0.391519 0.490593 -0.152359
v 0.390218 0.493207 -0.147534
v 0.369595 0.475199 -0.141817
v 0.377201 0.479073 -0.146973
v 0.385606 0.482507 -0.152637
v -0.385606 0.482507 -0.152637
v -0.377201 0.479073 -0.146973
v -0.369595 0.475199 -0.141817
v -0.390218 0.493207 -0.147534
v -0.391519 0.490593 -0.152359
v -0.393083 0.488194 -0.156168
v 0.437689 0.488309 -0.178185
v 0.438046 0.490713 -0.175878
v 0.437599 0.493299 -0.172078
v 0.405367 0.488026 -0.164700
v 0.416103 0.489305 -0.170307
v 0.426398 0.488531 -0.174836
v -0.426398 0.488531 -0.174836
v -0.416103 0.489305 -0.170307
v -0.405367 0.488026 -0.164700
v -0.437599 0.493299 -0.172078
v -0.438046 0.490713 -0.175878
v -0.437689 0.488309 -0.178185
v 0.459787 0.454094 -0.183632
v 0.460891 0.455238 -0.181946
v 0.460647 0.456617 -0.178609
v 0.443697 0.480076 -0.180570
v 0.449922 0.472587 -0.181955
v 0.454146 0.463428 -0.182622
v -0.454146 0.463428 -0.182622
v -0.449922 0.472587 -0.181955
v -0.443697 0.480076 -0.180570
v -0.460647 0.456617 -0.178609
v -0.460891 0.455238 -0.181946
v -0.459787 0.454094 -0.183632
v 0.442421 0.404809 -0.178890
v 0.443487 0.403723 -0.177289
v 0.443166 0.403502 -0.174080
v 0.455430 0.441618 -0.182622
v 0.452281 0.429879 -0.181936
v 0.446709 0.418294 -0.180495
v -0.446709 0.418294 -0.180495
v -0.452281 0.429879 -0.181936
v -0.455430 0.441618 -0.182622
v -0.443166 0.403502 -0.174080
v -0.443487 0.403723 -0.177289
v -0.442421 0.404809 -0.178890
v 0.391170 0.372438 -0.153210
v 0.391320 0.370215 -0.149917
v 0.390786 0.368901 -0.145406
v 0.428615 0.397723 -0.174464
v 0.416722 0.389312 -0.169486
v 0.403668 0.382208 -0.162980
v -0.403668 0.382208 -0.162980
v -0.416722 0.389312 -0.169486
v -0.428615 0.397723 -0.174464
v -0.390786 0.368901 -0.145406
v -0.391320 0.370215 -0.149917
v -0.391170 0.372438 -0.153210
v 0.376285 0.372094 -0.144724
v 0.362958 0.368885 -0.134341
v 0.350474 0.366584 -0.125162
v -0.350474 0.366584 -0.125162
v -0.362958 0.368885 -0.134341
v -0.376285 0.372094 -0.144724
v 0.328131 0.404299 -0.130196
v 0.322099 0.400340 -0.129000
v 0.316744 0.397178 -0.127501
v 0.325522 0.377725 -0.126985
v 0.331729 0.380642 -0.128342
v 0.338795 0.384221 -0.129731
v 0.345102 0.393990 -0.132621
v 0.342473 0.399165 -0.132711
v 0.338795 0.404070 -0.132214
v -0.338795 0.404070 -0.132214
v -0.342473 0.399165 -0.132711
v -0.345102 0.393990 -0.132621
v -0.338795 0.384221 -0.129731
v -0.331729 0.380642 -0.128342
v -0.325522 0.377725 -0.126985
v -0.316744 0.397178 -0.127501
v -0.322099 0.400340 -0.129000
v -0.328131 0.404299 -0.130196
v 0.352864 0.425232 -0.136565
v 0.346867 0.419508 -0.134649
v 0.340721 0.414023 -0.132902
v 0.353770 0.392889 -0.134708
v 0.361205 0.397819 -0.138402
v 0.368545 0.403089 -0.142339
v 0.371687 0.415428 -0.143830
v 0.367618 0.421098 -0.141991
v 0.363345 0.426149 -0.140327
v -0.363345 0.426149 -0.140327
v -0.367618 0.421098 -0.141991
v -0.371687 0.415428 -0.143830
v -0.368545 0.403089 -0.142339
v -0.361205 0.397819 -0.138402
v -0.353770 0.392889 -0.134708
v -0.340721 0.414023 -0.132902
v -0.346867 0.419508 -0.134649
v -0.352864 0.425232 -0.136565
v 0.375328 0.447822 -0.144787
v 0.369767 0.442492 -0.142695
v 0.364263 0.436859 -0.140625
v 0.382764 0.414487 -0.149265
v 0.389551 0.420394 -0.151894
v 0.396060 0.426201 -0.154047
v 0.395235 0.437599 -0.152006
v 0.389865 0.442889 -0.149662
v 0.385396 0.447845 -0.148159
v -0.385396 0.447845 -0.148159
v -0.389865 0.442889 -0.149662
v -0.395235 0.437599 -0.152006
v -0.396060 0.426201 -0.154047
v -0.389551 0.420394 -0.151894
v -0.382764 0.414487 -0.149265
v -0.364263 0.436859 -0.140625
v -0.369767 0.442492 -0.142695
v -0.375328 0.447822 -0.144787
v 0.400828 0.464819 -0.154729
v 0.393729 0.460978 -0.151524
v 0.387185 0.457018 -0.149030
v 0.408054 0.436796 -0.157166
v 0.413507 0.441560 -0.158607
v 0.418614 0.446172 -0.160522
v 0.419634 0.453236 -0.160855
v 0.416083 0.458054 -0.159548
v 0.412479 0.463420 -0.159041
v -0.412479 0.463420 -0.159041
v -0.416083 0.458054 -0.159548
v -0.419634 0.453236 -0.160855
v -0.418614 0.446172 -0.160522
v -0.413507 0.441560 -0.158607
v -0.408054 0.436796 -0.157166
v -0.387185 0.457018 -0.149030
v -0.393729 0.460978 -0.151524
v -0.400828 0.464819 -0.154729
v 0.404192 0.473549 -0.159064
v 0.400106 0.477900 -0.159197
v 0.397157 0.481972 -0.159333
v 0.366522 0.467103 -0.140625
v 0.371191 0.462621 -0.143233
v 0.376199 0.457729 -0.145292
v -0.376199 0.457729 -0.145292
v -0.371191 0.462621 -0.143233
v -0.366522 0.467103 -0.140625
v -0.397157 0.481972 -0.159333
v -0.400106 0.477900 -0.159197
v -0.404192 0.473549 -0.159064
v 0.343192 0.446228 -0.131044
v 0.348082 0.441497 -0.134007
v 0.353415 0.436309 -0.136497
v -0.353415 0.436309 -0.136497
v -0.348082 0.441497 -0.134007
v -0.343192 0.446228 -0.131044
v 0.321268 0.422847 -0.127759
v 0.325363 0.418648 -0.129374
v 0.329873 0.413885 -0.130517
v -0.329873 0.413885 -0.130517
v -0.325363 0.418648 -0.129374
v -0.321268 0.422847 -0.127759
v 0.341461 0.369726 -0.122937
v 0.343798 0.375615 -0.126637
v 0.345629 0.382019 -0.129617
v -0.345629 0.382019 -0.129617
v -0.343798 0.375615 -0.126637
v -0.341461 0.369726 -0.122937
v 0.387500 0.383148 -0.154127
v 0.384035 0.391456 -0.151977
v 0.379990 0.400314 -0.149059
v -0.379990 0.400314 -0.149059
v -0.384035 0.391456 -0.151977
v -0.387500 0.383148 -0.154127
v 0.431436 0.412125 -0.174051
v 0.421872 0.418250 -0.168118
v 0.411632 0.425031 -0.161592
v -0.411632 0.425031 -0.161592
v -0.421872 0.418250 -0.168118
v -0.431436 0.412125 -0.174051
v 0.448504 0.451686 -0.178494
v 0.439007 0.450560 -0.172528
v 0.429530 0.449945 -0.166622
v -0.429530 0.449945 -0.166622
v -0.439007 0.450560 -0.172528
v -0.448504 0.451686 -0.178494
v 0.431489 0.481765 -0.175387
v 0.425178 0.477475 -0.170526
v 0.417127 0.473068 -0.164659
v -0.417127 0.473068 -0.164659
v -0.425178 0.477475 -0.170526
v -0.431489 0.481765 -0.175387
v 0.390717 0.349591 -0.166225
v 0.390323 0.340125 -0.154716
v 0.389725 0.337252 -0.143056
v 0.299096 0.321439 -0.092865
v 0.299776 0.325136 -0.107603
v 0.301894 0.335263 -0.122817
v 0.324392 0.353954 -0.142723
v 0.345293 0.356478 -0.152844
v 0.367576 0.361241 -0.164574
v -0.367576 0.361241 -0.164574
v -0.345293 0.356478 -0.152844
v -0.324392 0.353954 -0.142723
v -0.301894 0.335263 -0.122817
v -0.299776 0.325136 -0.107603
v -0.299096 0.321439 -0.092865
v -0.389725 0.337252 -0.143056
v -0.390323 0.340125 -0.154716
v -0.390717 0.349591 -0.166225
v 0.476239 0.400807 -0.190492
v 0.475141 0.394627 -0.182537
v 0.472665 0.392953 -0.174481
v 0.414568 0.376973 -0.184572
v 0.437522 0.387622 -0.190942
v 0.458350 0.399867 -0.195125
v -0.458350 0.399867 -0.195125
v -0.437522 0.387622 -0.190942
v -0.414568 0.376973 -0.184572
v -0.472665 0.392953 -0.174481
v -0.475141 0.394627 -0.182537
v -0.476239 0.400807 -0.190492
v 0.499189 0.475122 -0.189077
v 0.499198 0.476924 -0.182871
v 0.497141 0.478117 -0.176316
v 0.488332 0.428374 -0.197617
v 0.495989 0.444192 -0.196692
v 0.498524 0.460720 -0.195109
v -0.498524 0.460720 -0.195109
v -0.495989 0.444192 -0.196692
v -0.488332 0.428374 -0.197617
v -0.497141 0.478117 -0.176316
v -0.499198 0.476924 -0.182871
v -0.499189 0.475122 -0.189077
v 0.462570 0.525446 -0.191588
v 0.460724 0.534176 -0.182715
v 0.458755 0.537819 -0.173454
v 0.495244 0.484330 -0.195670
v 0.488919 0.496643 -0.197875
v 0.478563 0.505311 -0.199125
v -0.478563 0.505311 -0.199125
v -0.488919 0.496643 -0.197875
v -0.495244 0.484330 -0.195670
v -0.458755 0.537819 -0.173454
v -0.460724 0.534176 -0.182715
v -0.462570 0.525446 -0.191588
v 0.388733 0.521112 -0.168014
v 0.388691 0.532208 -0.156640
v 0.388670 0.536667 -0.144925
v 0.447571 0.511411 -0.196014
v 0.428518 0.509680 -0.191302
v 0.408594 0.505976 -0.184939
v -0.408594 0.505976 -0.184939
v -0.428518 0.509680 -0.191302
v -0.447571 0.511411 -0.196014
v -0.388670 0.536667 -0.144925
v -0.388691 0.532208 -0.156640
v -0.388733 0.521112 -0.168014
v 0.329311 0.498436 -0.140023
v 0.332656 0.508749 -0.128946
v 0.335498 0.512936 -0.117273
v 0.370638 0.496298 -0.168610
v 0.353853 0.491156 -0.160144
v 0.338691 0.485708 -0.153026
v -0.338691 0.485708 -0.153026
v -0.353853 0.491156 -0.160144
v -0.370638 0.496298 -0.168610
v -0.335498 0.512936 -0.117273
v -0.332656 0.508749 -0.128946
v -0.329311 0.498436 -0.140023
v 0.389398 0.470337 -0.182599
v 0.389983 0.434113 -0.184096
v 0.390510 0.398164 -0.181820
v 0.309852 0.382713 -0.145774
v 0.315035 0.416824 -0.151093
v 0.320344 0.450941 -0.152040
v -0.320344 0.450941 -0.152040
v -0.315035 0.416824 -0.151093
v -0.309852 0.382713 -0.145774
v -0.390510 0.398164 -0.181820
v -0.389983 0.434113 -0.184096
v -0.389398 0.470337 -0.182599
v 0.467233 0.487239 -0.202818
v 0.470209 0.460654 -0.203859
v 0.473380 0.434772 -0.201883
v -0.473380 0.434772 -0.201883
v -0.470209 0.460654 -0.203859
v -0.467233 0.487239 -0.202818
v 0.313717 0.473576 -0.147476
v 0.303591 0.468779 -0.149666
v 0.294463 0.467449 -0.154444
v -0.294463 0.467449 -0.154444
v -0.303591 0.468779 -0.149666
v -0.313717 0.473576 -0.147476
v 0.288455 0.356132 -0.135591
v 0.273207 0.360078 -0.139369
v 0.258916 0.364750 -0.146335
v -0.258916 0.364750 -0.146335
v -0.273207 0.360078 -0.139369
v -0.288455 0.356132 -0.135591
v 0.164948 0.425802 0.277286
v -0.164948 0.425802 0.277286
v 0.181911 0.407596 0.250080
v -0.181911 0.407596 0.250080
v 0.198606 0.392603 0.211276
v -0.198606 0.392603 0.211276
v 0.132098 0.366000 0.224119
v -0.132098 0.366000 0.224119
v 0.132170 0.387179 0.260060
v -0.132170 0.387179 0.260060
v 0.132485 0.413043 0.283787
v -0.132485 0.413043 0.283787
v 0.101267 0.425802 0.289271
v -0.101267 0.425802 0.289271
v 0.082673 0.407596 0.267949
v -0.082673 0.407596 0.267949
v 0.065591 0.392603 0.234944
v -0.065591 0.392603 0.234944
v 0.038529 0.457092 0.238338
v -0.038529 0.457092 0.238338
v 0.062185 0.456777 0.269568
v -0.062185 0.456777 0.269568
v 0.088507 0.457021 0.290260
v -0.088507 0.457021 0.290260
v 0.101267 0.489555 0.289271
v -0.101267 0.489555 0.289271
v 0.082673 0.506446 0.267949
v -0.082673 0.506446 0.267949
v 0.065591 0.523142 0.234944
v -0.065591 0.523142 0.234944
v 0.132098 0.550204 0.224119
v -0.132098 0.550204 0.224119
v 0.132170 0.527006 0.260060
v -0.132170 0.527006 0.260060
v 0.132485 0.502702 0.283787
v -0.132485 0.502702 0.283787
v 0.164948 0.489555 0.277286
v -0.164948 0.489555 0.277286
v 0.181911 0.506446 0.250080
v -0.181911 0.506446 0.250080
v 0.198606 0.523142 0.211276
v -0.198606 0.523142 0.211276
v 0.225668 0.457092 0.205864
v -0.225668 0.457092 0.205864
v 0.202471 0.456777 0.245442
v -0.202471 0.456777 0.245442
v 0.177851 0.457021 0.274350
v -0.177851 0.457021 0.274350
v 0.169511 0.457045 0.285735
v -0.169511 0.457045 0.285735
v 0.159293 0.484168 0.288235
v -0.159293 0.484168 0.288235
v 0.132509 0.495482 0.294405
v -0.132509 0.495482 0.294405
v 0.106726 0.484168 0.299067
v -0.106726 0.484168 0.299067
v 0.095823 0.457045 0.299889
v -0.095823 0.457045 0.299889
v 0.106726 0.431261 0.299067
v -0.106726 0.431261 0.299067
v 0.132314 0.456956 0.300827
v -0.132314 0.456956 0.300827
v 0.132509 0.420358 0.294405
v -0.132509 0.420358 0.294405
v 0.159293 0.431261 0.288235
v -0.159293 0.431261 0.288235
v 0.000000 0.528606 0.269081
v 0.000000 0.498288 0.295350
v 0.000000 0.119187 0.269528
v 0.000000 0.251870 0.285307
v 0.000000 0.300856 0.289486
v 0.000000 0.078972 0.260762
v 0.000000 0.533177 0.226332
v 0.000000 0.578480 0.194876
v 0.000000 0.682720 -0.187072
v 0.000000 0.556866 -0.290032
v 0.000000 0.402659 -0.292291
v 0.000000 0.236040 -0.117640
v 0.087547 0.299939 0.210666
v -0.087547 0.299939 0.210666
v 0.106312 0.198606 0.204815
v -0.106312 0.198606 0.204815
v 0.119227 0.118619 0.201790
v -0.119227 0.118619 0.201790
v 0.124782 0.051624 0.192775
v -0.124782 0.051624 0.192775
v 0.111151 0.017659 0.190513
v -0.111151 0.017659 0.190513
v 0.063561 0.005613 0.198413
v -0.063561 0.005613 0.198413
v 0.000000 0.000631 0.204224
v 0.159373 0.323830 0.199096
v -0.159373 0.323830 0.199096
v 0.234094 0.363296 0.189188
v -0.234094 0.363296 0.189188
v 0.293148 0.430251 0.176681
v -0.293148 0.430251 0.176681
v 0.303170 0.510345 0.206555
v -0.303170 0.510345 0.206555
v 0.258575 0.545557 0.227227
v -0.258575 0.545557 0.227227
v 0.184737 0.587210 0.248489
v -0.184737 0.587210 0.248489
v 0.121345 0.628978 0.265013
v -0.121345 0.628978 0.265013
v 0.067167 0.615806 0.272902
v -0.067167 0.615806 0.272902
v 0.029576 0.554053 0.271586
v -0.029576 0.554053 0.271586
v 0.062907 0.518349 0.286714
v -0.062907 0.518349 0.286714
v 0.045879 0.482469 0.284194
v -0.045879 0.482469 0.284194
v 0.080839 0.390911 0.274198
v -0.080839 0.390911 0.274198
v 0.139142 0.376850 0.258646
v -0.139142 0.376850 0.258646
v 0.190987 0.395037 0.245514
v -0.190987 0.395037 0.245514
v 0.231602 0.437046 0.237496
v -0.231602 0.437046 0.237496
v 0.240326 0.478544 0.239846
v -0.240326 0.478544 0.239846
v 0.220560 0.507541 0.249917
v -0.220560 0.507541 0.249917
v 0.165940 0.532702 0.268129
v -0.165940 0.532702 0.268129
v 0.092317 0.543971 0.283552
v -0.092317 0.543971 0.283552
v 0.000000 0.086752 0.267837
v 0.042594 0.086556 0.264625
v -0.042594 0.086556 0.264625
v 0.046226 0.051704 0.255748
v -0.046226 0.051704 0.255748
v 0.027354 0.034019 0.250407
v -0.027354 0.034019 0.250407
v 0.000000 0.029751 0.248733
v 0.000000 0.302198 0.280032
v 0.000000 0.315795 0.274431
v 0.035625 0.309973 0.276706
v -0.035625 0.309973 0.276706
v 0.046409 0.281291 0.274955
v -0.046409 0.281291 0.274955
v 0.034078 0.251655 0.272440
v -0.034078 0.251655 0.272440
v 0.147561 0.349725 0.242919
v -0.147561 0.349725 0.242919
v 0.221213 0.384533 0.225306
v -0.221213 0.384533 0.225306
v 0.266639 0.439491 0.217876
v -0.266639 0.439491 0.217876
v 0.274804 0.497436 0.234827
v -0.274804 0.497436 0.234827
v 0.244909 0.527264 0.256688
v -0.244909 0.527264 0.256688
v 0.173262 0.566475 0.279395
v -0.173262 0.566475 0.279395
v 0.119714 0.596641 0.294073
v -0.119714 0.596641 0.294073
v 0.077212 0.586015 0.300403
v -0.077212 0.586015 0.300403
v 0.040254 0.535256 0.299230
v -0.040254 0.535256 0.299230
v 0.056058 0.330034 0.279670
v -0.056058 0.330034 0.279670
v 0.078026 0.191715 0.252537
v -0.078026 0.191715 0.252537
v 0.090511 0.110996 0.246654
v -0.090511 0.110996 0.246654
v 0.094347 0.060685 0.238278
v -0.094347 0.060685 0.238278
v 0.083536 0.029014 0.230306
v -0.083536 0.029014 0.230306
v 0.052458 0.017195 0.229847
v -0.052458 0.017195 0.229847
v 0.000000 0.013043 0.231550
v 0.000000 0.380699 0.271762
v 0.000000 0.444376 0.280066
v 0.124138 0.548254 0.277724
v -0.124138 0.548254 0.277724
v 0.055067 0.415118 0.275772
v -0.055067 0.415118 0.275772
v 0.045561 0.446225 0.279324
v -0.045561 0.446225 0.279324
v 0.042843 0.118014 0.266633
v -0.042843 0.118014 0.266633
v 0.034530 0.192618 0.270812
v -0.034530 0.192618 0.270812
v 0.000000 0.192001 0.273106
v 0.000000 0.239933 0.274298
v 0.030783 0.263420 0.286224
v -0.030783 0.263420 0.286224
v 0.044543 0.282968 0.289415
v -0.044543 0.282968 0.289415
v 0.036826 0.308748 0.286611
v -0.036826 0.308748 0.286611
v 0.015036 0.312386 0.286611
v -0.015036 0.312386 0.286611
v 0.000000 0.289848 0.301333
v 0.018279 0.305910 0.296525
v -0.018279 0.305910 0.296525
v 0.032631 0.303205 0.296525
v -0.032631 0.303205 0.296525
v 0.034016 0.283914 0.299780
v -0.034016 0.283914 0.299780
v 0.025896 0.269250 0.294915
v -0.025896 0.269250 0.294915
v 0.000000 0.263813 0.295031
v 0.091468 0.246807 0.203702
v -0.091468 0.246807 0.203702
v 0.061890 0.278072 0.256952
v -0.061890 0.278072 0.256952
v 0.067803 0.245632 0.252752
v -0.067803 0.245632 0.252752
v 0.082031 0.274176 0.206397
v -0.082031 0.274176 0.206397
v 0.000000 0.037772 0.247930
v 0.018459 0.042012 0.249335
v -0.018459 0.042012 0.249335
v 0.033707 0.059066 0.255576
v -0.033707 0.059066 0.255576
v 0.030568 0.080896 0.261017
v -0.030568 0.080896 0.261017
v 0.000000 0.071192 0.242323
v 0.027687 0.073890 0.242669
v -0.027687 0.073890 0.242669
v 0.031367 0.061663 0.240807
v -0.031367 0.061663 0.240807
v 0.019362 0.051538 0.235786
v -0.019362 0.051538 0.235786
v 0.000000 0.047742 0.235179
v 0.064897 0.448816 0.282770
v -0.064897 0.448816 0.282770
v 0.071298 0.425260 0.281238
v -0.071298 0.425260 0.281238
v 0.127145 0.526241 0.277374
v -0.127145 0.526241 0.277374
v 0.101826 0.523234 0.281382
v -0.101826 0.523234 0.281382
v 0.161729 0.515975 0.273986
v -0.161729 0.515975 0.273986
v 0.205008 0.497416 0.254951
v -0.205008 0.497416 0.254951
v 0.219491 0.472556 0.248002
v -0.219491 0.472556 0.248002
v 0.212570 0.439121 0.248163
v -0.212570 0.439121 0.248163
v 0.179210 0.405916 0.258440
v -0.179210 0.405916 0.258440
v 0.138081 0.393001 0.269110
v -0.138081 0.393001 0.269110
v 0.091164 0.406515 0.280017
v -0.091164 0.406515 0.280017
v 0.066958 0.477713 0.283859
v -0.066958 0.477713 0.283859
v 0.079646 0.505936 0.283930
v -0.079646 0.505936 0.283930
v 0.088524 0.499291 0.277876
v -0.088524 0.499291 0.277876
v 0.075681 0.476724 0.276959
v -0.075681 0.476724 0.276959
v 0.096505 0.413060 0.275124
v -0.096505 0.413060 0.275124
v 0.138153 0.402052 0.266134
v -0.138153 0.402052 0.266134
v 0.173196 0.413335 0.256410
v -0.173196 0.413335 0.256410
v 0.200900 0.443516 0.246961
v -0.200900 0.443516 0.246961
v 0.206587 0.470394 0.245585
v -0.206587 0.470394 0.245585
v 0.194111 0.491860 0.251731
v -0.194111 0.491860 0.251731
v 0.157876 0.510115 0.270354
v -0.157876 0.510115 0.270354
v 0.106138 0.513510 0.278977
v -0.106138 0.513510 0.278977
v 0.127604 0.516904 0.275399
v -0.127604 0.516904 0.275399
v 0.078158 0.430673 0.274941
v -0.078158 0.430673 0.274941
v 0.073847 0.451680 0.274941
v -0.073847 0.451680 0.274941
v 0.049273 0.552782 0.223382
v -0.049273 0.552782 0.223382
v 0.078525 0.604552 0.234200
v -0.078525 0.604552 0.234200
v 0.122041 0.614418 0.227643
v -0.122041 0.614418 0.227643
v 0.168957 0.573720 0.202519
v -0.168957 0.573720 0.202519
v 0.249958 0.540724 0.176434
v -0.249958 0.540724 0.176434
v 0.291927 0.508547 0.159962
v -0.291927 0.508547 0.159962
v 0.288696 0.433499 0.128890
v -0.288696 0.433499 0.128890
v 0.234048 0.365647 0.135684
v -0.234048 0.365647 0.135684
v 0.154555 0.322122 0.159352
v -0.154555 0.322122 0.159352
v 0.000000 0.683351 0.089389
v 0.000000 0.719570 -0.040009
v 0.000000 0.301619 -0.234842
v 0.000000 0.203904 0.036234
v 0.000000 0.011994 0.163975
v 0.000000 0.071874 0.129518
v 0.000000 0.147298 0.115264
v 0.000000 0.187501 0.093535
v 0.302915 0.450201 0.040555
v -0.302915 0.450201 0.040555
v 0.311481 0.476546 -0.026122
v -0.311481 0.476546 -0.026122
v 0.285277 0.473870 -0.162221
v -0.285277 0.473870 -0.162221
v 0.148943 0.531828 -0.254196
v -0.148943 0.531828 -0.254196
v 0.259444 0.355317 0.020348
v -0.259444 0.355317 0.020348
v 0.233870 0.326273 -0.070956
v -0.233870 0.326273 -0.070956
v 0.244941 0.369262 -0.155208
v -0.244941 0.369262 -0.155208
v 0.120915 0.396960 -0.255605
v -0.120915 0.396960 -0.255605
v 0.089083 0.219516 0.146480
v -0.089083 0.219516 0.146480
v 0.059232 0.204202 0.099520
v -0.059232 0.204202 0.099520
v 0.104056 0.087091 0.146116
v -0.104056 0.087091 0.146116
v 0.093937 0.161190 0.147260
v -0.093937 0.161190 0.147260
v 0.106181 0.032832 0.155492
v -0.106181 0.032832 0.155492
v 0.053613 0.082794 0.133780
v -0.053613 0.082794 0.133780
v 0.050021 0.157822 0.123391
v -0.050021 0.157822 0.123391
v 0.060972 0.020139 0.159039
v -0.060972 0.020139 0.159039
v 0.090658 0.258215 0.142523
v -0.090658 0.258215 0.142523
v 0.092169 0.285562 0.170762
v -0.092169 0.285562 0.170762
v 0.096612 0.300963 0.181508
v -0.096612 0.300963 0.181508
v 0.079868 0.229144 0.049803
v -0.079868 0.229144 0.049803
v 0.100628 0.257658 -0.100442
v -0.100628 0.257658 -0.100442
v 0.113645 0.317053 -0.207892
v -0.113645 0.317053 -0.207892
v 0.154766 0.662607 -0.162277
v -0.154766 0.662607 -0.162277
v 0.154665 0.699293 -0.042792
v -0.154665 0.699293 -0.042792
v 0.154909 0.665466 0.067980
v -0.154909 0.665466 0.067980
v 0.158360 0.579742 0.148464
v -0.158360 0.579742 0.148464
v 0.280371 0.519684 0.097571
v -0.280371 0.519684 0.097571
v 0.236831 0.552090 0.108212
v -0.236831 0.552090 0.108212
v 0.237989 0.618865 0.025662
v -0.237989 0.618865 0.025662
v 0.290579 0.564348 0.023443
v -0.290579 0.564348 0.023443
v 0.291554 0.581285 -0.061710
v -0.291554 0.581285 -0.061710
v 0.238878 0.642956 -0.068862
v -0.238878 0.642956 -0.068862
v 0.237789 0.607263 -0.160090
v -0.237789 0.607263 -0.160090
v 0.283550 0.561640 -0.136083
v -0.283550 0.561640 -0.136083
v 0.225269 0.493999 -0.214320
v -0.225269 0.493999 -0.214320
v 0.181047 0.372825 -0.200742
v -0.181047 0.372825 -0.200742
v 0.310404 0.498612 -0.084714
v -0.310404 0.498612 -0.084714
v 0.152340 0.296391 0.053185
v -0.152340 0.296391 0.053185
v 0.165911 0.301848 -0.084953
v -0.165911 0.301848 -0.084953
v 0.338032 0.513120 -0.107090
v -0.338032 0.513120 -0.107090
v 0.300005 0.322196 -0.080828
v -0.300005 0.322196 -0.080828
v 0.389019 0.338508 -0.132985
v -0.389019 0.338508 -0.132985
v 0.469041 0.393764 -0.167377
v -0.469041 0.393764 -0.167377
v 0.493354 0.478407 -0.170404
v -0.493354 0.478407 -0.170404
v 0.456330 0.537751 -0.165144
v -0.456330 0.537751 -0.165144
v 0.388538 0.536658 -0.134654
v -0.388538 0.536658 -0.134654
v 0.387050 0.518922 -0.123066
v -0.387050 0.518922 -0.123066
v 0.442601 0.519472 -0.153574
v -0.442601 0.519472 -0.153574
v 0.470681 0.470119 -0.162555
v -0.470681 0.470119 -0.162555
v 0.450204 0.399890 -0.157825
v -0.450204 0.399890 -0.157825
v 0.387173 0.354768 -0.122372
v -0.387173 0.354768 -0.122372
v 0.316526 0.341779 -0.074102
v -0.316526 0.341779 -0.074102
v 0.347352 0.499291 -0.097951
v -0.347352 0.499291 -0.097951
v 0.355585 0.481179 -0.117921
v -0.355585 0.481179 -0.117921
v 0.333692 0.356654 -0.097911
v -0.333692 0.356654 -0.097911
v 0.389894 0.367611 -0.140181
v -0.389894 0.367611 -0.140181
v 0.442630 0.403511 -0.170066
v -0.442630 0.403511 -0.170066
v 0.460315 0.458437 -0.174510
v -0.460315 0.458437 -0.174510
v 0.437117 0.496639 -0.167518
v -0.437117 0.496639 -0.167518
v 0.389140 0.496559 -0.142047
v -0.389140 0.496559 -0.142047
v 0.320677 0.473731 -0.088795
v -0.320677 0.473731 -0.088795
v 0.310747 0.430874 -0.108624
v -0.310747 0.430874 -0.108624
v 0.291740 0.402350 -0.108781
v -0.291740 0.402350 -0.108781
v 0.304424 0.391903 -0.113122
v -0.304424 0.391903 -0.113122
v 0.307734 0.374671 -0.108423
v -0.307734 0.374671 -0.108423
v 0.305896 0.360679 -0.103621
v -0.305896 0.360679 -0.103621
v 0.278574 0.380215 -0.037628
v -0.278574 0.380215 -0.037628
v 0.274702 0.354853 -0.069943
v -0.274702 0.354853 -0.069943
v 0.279845 0.385226 -0.079971
v -0.279845 0.385226 -0.079971
v 0.302333 0.440910 -0.081255
v -0.302333 0.440910 -0.081255
v 0.332327 0.458397 -0.108684
v -0.332327 0.458397 -0.108684
v 0.339265 0.450101 -0.127541
v -0.339265 0.450101 -0.127541
v 0.315494 0.363220 -0.119245
v -0.315494 0.363220 -0.119245
v 0.320602 0.375589 -0.125133
v -0.320602 0.375589 -0.125133
v 0.312441 0.394959 -0.125391
v -0.312441 0.394959 -0.125391
v 0.299695 0.406043 -0.123478
v -0.299695 0.406043 -0.123478
v 0.317925 0.426129 -0.125463
v -0.317925 0.426129 -0.125463
v 0.394949 0.485494 -0.158611
v -0.394949 0.485494 -0.158611
v 0.435759 0.485517 -0.178265
v -0.435759 0.485517 -0.178265
v 0.456078 0.452979 -0.182777
v -0.456078 0.452979 -0.182777
v 0.438794 0.407398 -0.178079
v -0.438794 0.407398 -0.178079
v 0.390006 0.376455 -0.154781
v -0.390006 0.376455 -0.154781
v 0.339282 0.364950 -0.118718
v -0.339282 0.364950 -0.118718
v 0.362648 0.470893 -0.137365
v -0.362648 0.470893 -0.137365
v 0.334463 0.408909 -0.131394
v -0.334463 0.408909 -0.131394
v 0.346285 0.388343 -0.131678
v -0.346285 0.388343 -0.131678
v 0.375747 0.408659 -0.146100
v -0.375747 0.408659 -0.146100
v 0.358675 0.431060 -0.138581
v -0.358675 0.431060 -0.138581
v 0.381088 0.452709 -0.146900
v -0.381088 0.452709 -0.146900
v 0.402244 0.431728 -0.155784
v -0.402244 0.431728 -0.155784
v 0.422518 0.449757 -0.162517
v -0.422518 0.449757 -0.162517
v 0.408592 0.468773 -0.158992
v -0.408592 0.468773 -0.158992
v 0.388925 0.501211 -0.177262
v -0.388925 0.501211 -0.177262
v 0.464628 0.510259 -0.198734
v -0.464628 0.510259 -0.198734
v 0.497892 0.473438 -0.193392
v -0.497892 0.473438 -0.193392
v 0.475728 0.413516 -0.197292
v -0.475728 0.413516 -0.197292
v 0.390811 0.368115 -0.175840
v -0.390811 0.368115 -0.175840
v 0.305303 0.353796 -0.136282
v -0.305303 0.353796 -0.136282
v 0.325272 0.479874 -0.148417
v -0.325272 0.479874 -0.148417
vn 0.7085 -0.2306 0.6670
vn 0.7389 -0.1173 0.6635
vn 0.7418 -0.1164 0.6604
vn 0.7115 -0.2307 0.6638
vn 0.7897 -0.1265 0.6003
vn 0.7491 -0.0002 0.6624
vn 0.7518 -0.0003 0.6594
vn 0.8000 -0.0005 0.6000
vn 0.6576 -0.3419 0.6714
vn 0.6557 -0.3394 0.6745
vn 0.5776 -0.4457 0.6839
vn 0.5779 -0.4410 0.6867
vn 0.7576 -0.2531 0.6016
vn 0.6993 -0.3786 0.6063
vn 0.6115 -0.4974 0.6154
vn 0.6733 -0.3548 0.6486
vn 0.7271 -0.2419 0.6424
vn 0.7050 -0.3850 0.5956
vn 0.5947 -0.4607 0.6588
vn 0.6223 -0.5007 0.6017
vn 0.7587 -0.1238 0.6396
vn 0.7694 -0.0002 0.6387
vn 0.7618 -0.2628 0.5920
vn 0.7956 -0.1349 0.5905
vn 0.8072 -0.0003 0.5903
vn -0.7085 -0.2306 0.6670
vn -0.7271 -0.2419 0.6424
vn -0.6733 -0.3548 0.6486
vn -0.6557 -0.3394 0.6745
vn -0.5947 -0.4607 0.6588
vn -0.7618 -0.2628 0.5920
vn -0.7050 -0.3850 0.5956
vn -0.6223 -0.5007 0.6017
vn -0.6576 -0.3419 0.6714
vn -0.7115 -0.2307 0.6638
vn -0.6993 -0.3786 0.6063
vn -0.7576 -0.2531 0.6016
vn -0.5779 -0.4410 0.6867
vn -0.5776 -0.4457 0.6839
vn -0.6115 -0.4974 0.6154
vn -0.7418 -0.1164 0.6604
vn -0.7389 -0.1173 0.6635
vn -0.7518 -0.0003 0.6594
vn -0.7897 -0.1265 0.6003
vn -0.8000 -0.0005 0.6000
vn -0.7587 -0.1238 0.6396
vn -0.7956 -0.1349 0.5905
vn -0.7491 -0.0002 0.6624
vn -0.7694 -0.0002 0.6387
vn -0.8072 -0.0003 0.5903
vn 0.8164 -0.2981 0.4947
vn 0.8547 -0.1530 0.4960
vn 0.8317 -0.1458 0.5357
vn 0.7954 -0.2838 0.5356
vn 0.8677 -0.0004 0.4971
vn 0.8441 -0.0003 0.5362
vn 0.7347 -0.4158 0.5360
vn 0.7525 -0.4369 0.4928
vn 0.6467 -0.5415 0.5371
vn 0.6602 -0.5692 0.4901
vn 0.7615 -0.4497 0.4668
vn 0.8276 -0.3066 0.4702
vn 0.7672 -0.4479 0.4592
vn 0.6659 -0.5860 0.4617
vn 0.6730 -0.5841 0.4537
vn 0.8674 -0.1571 0.4722
vn 0.8807 -0.0004 0.4737
vn 0.8325 -0.3049 0.4627
vn 0.8717 -0.1558 0.4646
vn 0.8848 0.0001 0.4661
vn -0.8164 -0.2981 0.4947
vn -0.8276 -0.3066 0.4702
vn -0.7615 -0.4497 0.4668
vn -0.7525 -0.4369 0.4928
vn -0.6659 -0.5860 0.4617
vn -0.8325 -0.3049 0.4627
vn -0.7672 -0.4479 0.4592
vn -0.6730 -0.5841 0.4537
vn -0.7347 -0.4158 0.5360
vn -0.7954 -0.2838 0.5356
vn -0.6602 -0.5692 0.4901
vn -0.6467 -0.5415 0.5371
vn -0.8317 -0.1458 0.5357
vn -0.8547 -0.1530 0.4960
vn -0.8441 -0.0003 0.5362
vn -0.8674 -0.1571 0.4722
vn -0.8717 -0.1558 0.4646
vn -0.8677 -0.0004 0.4971
vn -0.8807 -0.0004 0.4737
vn -0.8848 0.0001 0.4661
vn 0.4099 -0.7725 0.4849
vn 0.5433 -0.6840 0.4868
vn 0.5354 -0.6503 0.5390
vn 0.4082 -0.7343 0.5423
vn 0.5181 -0.5997 0.6099
vn 0.2641 -0.7936 0.5482
vn 0.2590 -0.8346 0.4862
vn 0.1006 -0.8245 0.5569
vn 0.0886 -0.8662 0.4918
vn 0.4001 -0.6751 0.6198
vn 0.2673 -0.7282 0.6311
vn 0.1166 -0.7564 0.6437
vn 0.2544 -0.8568 0.4486
vn 0.4085 -0.7940 0.4502
vn 0.2619 -0.8606 0.4367
vn 0.0813 -0.8882 0.4522
vn 0.0884 -0.8941 0.4390
vn 0.5454 -0.7037 0.4553
vn 0.4163 -0.7958 0.4398
vn 0.5531 -0.7035 0.4463
vn -0.4099 -0.7725 0.4849
vn -0.4085 -0.7940 0.4502
vn -0.2544 -0.8568 0.4486
vn -0.2590 -0.8346 0.4862
vn -0.0813 -0.8882 0.4522
vn -0.4163 -0.7958 0.4398
vn -0.2619 -0.8606 0.4367
vn -0.0884 -0.8941 0.4390
vn -0.2641 -0.7936 0.5482
vn -0.4082 -0.7343 0.5423
vn -0.2673 -0.7282 0.6311
vn -0.4001 -0.6751 0.6198
vn -0.0886 -0.8662 0.4918
vn -0.1006 -0.8245 0.5569
vn -0.1166 -0.7564 0.6437
vn -0.5354 -0.6503 0.5390
vn -0.5433 -0.6840 0.4868
vn -0.5181 -0.5997 0.6099
vn -0.5454 -0.7037 0.4553
vn -0.5531 -0.7035 0.4463
vn 0.3779 -0.5843 0.7182
vn 0.4820 -0.5244 0.7019
vn 0.4798 -0.5301 0.6991
vn 0.3757 -0.5900 0.7147
vn 0.5041 -0.5956 0.6255
vn 0.2639 -0.6307 0.7297
vn 0.2647 -0.6251 0.7342
vn 0.1395 -0.6538 0.7437
vn 0.1383 -0.6476 0.7493
vn 0.3897 -0.6668 0.6352
vn 0.2658 -0.7169 0.6445
vn 0.1262 -0.7458 0.6542
vn 0.2669 -0.6607 0.7016
vn 0.3876 -0.6152 0.6865
vn 0.1309 -0.6853 0.7164
vn 0.4965 -0.5495 0.6719
vn -0.3779 -0.5843 0.7182
vn -0.3876 -0.6152 0.6865
vn -0.2669 -0.6607 0.7016
vn -0.2647 -0.6251 0.7342
vn -0.1309 -0.6853 0.7164
vn -0.2639 -0.6307 0.7297
vn -0.3757 -0.5900 0.7147
vn -0.2658 -0.7169 0.6445
vn -0.3897 -0.6668 0.6352
vn -0.1383 -0.6476 0.7493
vn -0.1395 -0.6538 0.7437
vn -0.1262 -0.7458 0.6542
vn -0.4798 -0.5301 0.6991
vn -0.4820 -0.5244 0.7019
vn -0.5041 -0.5956 0.6255
vn -0.4965 -0.5495 0.6719
vn -0.1284 -0.6224 0.7721
vn 0.0044 -0.6479 0.7617
vn 0.0062 -0.6555 0.7552
vn -0.1279 -0.6309 0.7652
vn -0.0245 -0.7477 0.6636
vn -0.2605 -0.5762 0.7747
vn -0.2583 -0.5674 0.7819
vn -0.3870 -0.4866 0.7832
vn -0.3812 -0.4787 0.7909
vn -0.1751 -0.7179 0.6738
vn -0.3223 -0.6541 0.6843
vn -0.4621 -0.5532 0.6932
vn -0.2848 -0.5960 0.7508
vn -0.1511 -0.6554 0.7400
vn -0.3327 -0.6529 0.6804
vn -0.4096 -0.5026 0.7613
vn -0.4638 -0.5510 0.6937
vn -0.0120 -0.6844 0.7290
vn -0.1908 -0.7197 0.6676
vn -0.0405 -0.7540 0.6556
vn 0.1284 -0.6224 0.7721
vn 0.1511 -0.6554 0.7400
vn 0.2848 -0.5960 0.7508
vn 0.2583 -0.5674 0.7819
vn 0.4096 -0.5026 0.7613
vn 0.1908 -0.7197 0.6676
vn 0.3327 -0.6529 0.6804
vn 0.4638 -0.5510 0.6937
vn 0.2605 -0.5762 0.7747
vn 0.1279 -0.6309 0.7652
vn 0.3223 -0.6541 0.6843
vn 0.1751 -0.7179 0.6738
vn 0.3812 -0.4787 0.7909
vn 0.3870 -0.4866 0.7832
vn 0.4621 -0.5532 0.6932
vn -0.0062 -0.6555 0.7552
vn -0.0044 -0.6479 0.7617
vn 0.0245 -0.7477 0.6636
vn 0.0120 -0.6844 0.7290
vn 0.0405 -0.7540 0.6556
vn -0.2519 -0.8195 0.5147
vn -0.0869 -0.8609 0.5012
vn -0.0688 -0.8205 0.5675
vn -0.2288 -0.7816 0.5803
vn -0.3786 -0.7084 0.5956
vn -0.4060 -0.7432 0.5319
vn -0.5163 -0.5989 0.6122
vn -0.5480 -0.6296 0.5508
vn -0.4190 -0.7625 0.4930
vn -0.2630 -0.8399 0.4748
vn -0.4191 -0.7715 0.4786
vn -0.5634 -0.6474 0.5133
vn -0.5659 -0.6560 0.4995
vn -0.0963 -0.8822 0.4609
vn -0.2608 -0.8486 0.4603
vn -0.0917 -0.8899 0.4468
vn 0.2519 -0.8195 0.5147
vn 0.2630 -0.8399 0.4748
vn 0.4190 -0.7625 0.4930
vn 0.4060 -0.7432 0.5319
vn 0.5634 -0.6474 0.5133
vn 0.2608 -0.8486 0.4603
vn 0.4191 -0.7715 0.4786
vn 0.5659 -0.6560 0.4995
vn 0.3786 -0.7084 0.5956
vn 0.2288 -0.7816 0.5803
vn 0.5480 -0.6296 0.5508
vn 0.5163 -0.5989 0.6122
vn 0.0688 -0.8205 0.5675
vn 0.0869 -0.8609 0.5012
vn 0.0963 -0.8822 0.4609
vn 0.0917 -0.8899 0.4468
vn -0.7438 -0.3324 0.5799
vn -0.6636 -0.4876 0.5674
vn -0.6276 -0.4622 0.6265
vn -0.7039 -0.3139 0.6372
vn -0.5692 -0.4235 0.7047
vn -0.7478 -0.1608 0.6442
vn -0.7907 -0.1708 0.5879
vn -0.7623 -0.0005 0.6472
vn -0.6404 -0.2860 0.7128
vn -0.6805 -0.1457 0.7181
vn -0.6939 -0.0003 0.7201
vn -0.8139 -0.1762 0.5536
vn -0.7647 -0.3438 0.5450
vn -0.8215 -0.1781 0.5416
vn -0.8063 -0.0007 0.5915
vn -0.8303 -0.0007 0.5573
vn -0.8378 -0.0000 0.5460
vn -0.6820 -0.5027 0.5313
vn -0.7712 -0.3491 0.5323
vn -0.6867 -0.5099 0.5182
vn 0.7647 -0.3438 0.5450
vn 0.8139 -0.1762 0.5536
vn 0.7907 -0.1708 0.5879
vn 0.8303 -0.0007 0.5573
vn 0.8063 -0.0007 0.5915
vn 0.7712 -0.3491 0.5323
vn 0.8215 -0.1781 0.5416
vn 0.8378 -0.0000 0.5460
vn 0.7438 -0.3324 0.5799
vn 0.7478 -0.1608 0.6442
vn 0.7039 -0.3139 0.6372
vn 0.6805 -0.1457 0.7181
vn 0.7623 -0.0005 0.6472
vn 0.6939 -0.0003 0.7201
vn 0.6276 -0.4622 0.6265
vn 0.6636 -0.4876 0.5674
vn 0.6404 -0.2860 0.7128
vn 0.5692 -0.4235 0.7047
vn 0.6820 -0.5027 0.5313
vn 0.6867 -0.5099 0.5182
vn -0.5461 -0.2449 0.8011
vn -0.4805 -0.3655 0.7972
vn -0.4903 -0.3718 0.7882
vn -0.5592 -0.2491 0.7908
vn -0.5777 -0.4256 0.6965
vn -0.5977 -0.1242 0.7920
vn -0.5828 -0.1221 0.8034
vn -0.6104 -0.0002 0.7921
vn -0.5947 -0.0001 0.8040
vn -0.6573 -0.2878 0.6965
vn -0.7038 -0.1449 0.6954
vn -0.7196 -0.0006 0.6944
vn -0.6140 -0.1302 0.7785
vn -0.6260 -0.0002 0.7798
vn -0.5768 -0.2586 0.7749
vn -0.5099 -0.3847 0.7694
vn 0.5461 -0.2449 0.8011
vn 0.5768 -0.2586 0.7749
vn 0.6140 -0.1302 0.7785
vn 0.6260 -0.0002 0.7798
vn 0.5947 -0.0001 0.8040
vn 0.5828 -0.1221 0.8034
vn 0.5977 -0.1242 0.7920
vn 0.5592 -0.2491 0.7908
vn 0.7038 -0.1449 0.6954
vn 0.6573 -0.2878 0.6965
vn 0.6104 -0.0002 0.7921
vn 0.7196 -0.0006 0.6944
vn 0.4903 -0.3718 0.7882
vn 0.4805 -0.3655 0.7972
vn 0.5777 -0.4256 0.6965
vn 0.5099 -0.3847 0.7694
vn -0.5535 0.2420 0.7969
vn -0.5851 0.1210 0.8019
vn -0.6010 0.1220 0.7899
vn -0.5695 0.2439 0.7850
vn -0.7079 0.1409 0.6921
vn -0.5099 0.3679 0.7776
vn -0.4953 0.3630 0.7892
vn -0.4123 0.4922 0.7666
vn -0.6694 0.2782 0.6888
vn -0.6006 0.4165 0.6825
vn -0.4927 0.5541 0.6710
vn -0.5187 0.3824 0.7647
vn -0.5722 0.4190 0.7051
vn -0.6412 0.2829 0.7133
vn -0.4000 0.4843 0.7781
vn -0.4214 0.5052 0.7531
vn -0.4674 0.5472 0.6943
vn -0.5808 0.2558 0.7728
vn -0.6152 0.1292 0.7777
vn -0.6805 0.1436 0.7185
vn 0.5535 0.2420 0.7969
vn 0.5808 0.2558 0.7728
vn 0.5187 0.3824 0.7647
vn 0.4214 0.5052 0.7531
vn 0.4000 0.4843 0.7781
vn 0.6412 0.2829 0.7133
vn 0.5722 0.4190 0.7051
vn 0.4674 0.5472 0.6943
vn 0.4953 0.3630 0.7892
vn 0.5099 0.3679 0.7776
vn 0.5695 0.2439 0.7850
vn 0.6006 0.4165 0.6825
vn 0.4123 0.4922 0.7666
vn 0.4927 0.5541 0.6710
vn 0.6010 0.1220 0.7899
vn 0.5851 0.1210 0.8019
vn 0.6695 0.2782 0.6888
vn 0.7079 0.1409 0.6921
vn 0.6152 0.1292 0.7777
vn 0.6805 0.1436 0.7185
vn -0.7891 0.1677 0.5909
vn -0.7469 0.1581 0.6459
vn -0.7020 0.3097 0.6414
vn -0.7404 0.3263 0.5877
vn -0.6255 0.4539 0.6346
vn -0.6590 0.4758 0.5825
vn -0.5129 0.5883 0.6251
vn -0.6769 0.4880 0.5511
vn -0.7612 0.3355 0.5550
vn -0.6800 0.4957 0.5403
vn -0.7666 0.3412 0.5439
vn -0.5410 0.6142 0.5745
vn -0.5555 0.6287 0.5442
vn -0.5557 0.6376 0.5335
vn -0.8122 0.1730 0.5572
vn -0.8191 0.1763 0.5459
vn 0.7612 0.3355 0.5550
vn 0.6769 0.4880 0.5511
vn 0.6590 0.4758 0.5825
vn 0.5555 0.6287 0.5442
vn 0.5410 0.6142 0.5745
vn 0.7666 0.3412 0.5439
vn 0.6800 0.4957 0.5403
vn 0.5557 0.6376 0.5335
vn 0.7404 0.3263 0.5877
vn 0.6255 0.4539 0.6346
vn 0.7020 0.3097 0.6414
vn 0.5129 0.5883 0.6251
vn 0.7469 0.1581 0.6459
vn 0.7891 0.1677 0.5909
vn 0.8122 0.1730 0.5572
vn 0.8191 0.1763 0.5459
vn -0.3963 0.7254 0.5629
vn -0.3734 0.6966 0.6126
vn -0.2226 0.7685 0.5999
vn -0.3355 0.6507 0.6812
vn -0.1922 0.7186 0.6684
vn -0.2409 0.7993 0.5504
vn -0.0629 0.8062 0.5883
vn -0.0768 0.8387 0.5392
vn 0.1045 0.8095 0.5777
vn -0.0407 0.7533 0.6565
vn 0.1169 0.7556 0.6445
vn -0.0839 0.8562 0.5099
vn -0.2498 0.8162 0.5209
vn -0.0780 0.8628 0.4995
vn -0.2457 0.8242 0.5103
vn 0.0956 0.8428 0.5297
vn 0.0901 0.8607 0.5011
vn 0.0973 0.8654 0.4915
vn -0.4076 0.7414 0.5331
vn -0.4056 0.7501 0.5224
vn 0.2498 0.8162 0.5209
vn 0.0839 0.8562 0.5099
vn 0.0768 0.8387 0.5392
vn -0.0901 0.8607 0.5011
vn -0.0956 0.8428 0.5297
vn 0.2457 0.8242 0.5103
vn 0.0780 0.8628 0.4995
vn -0.0973 0.8654 0.4915
vn 0.2409 0.7993 0.5504
vn 0.0629 0.8062 0.5883
vn 0.2226 0.7685 0.5999
vn 0.0407 0.7533 0.6565
vn -0.1045 0.8095 0.5777
vn -0.1169 0.7556 0.6445
vn 0.3734 0.6966 0.6126
vn 0.3963 0.7254 0.5629
vn 0.1922 0.7186 0.6684
vn 0.3355 0.6507 0.6812
vn 0.4076 0.7414 0.5331
vn 0.4056 0.7501 0.5224
vn -0.2772 0.5820 0.7645
vn -0.2857 0.5939 0.7521
vn -0.1479 0.6579 0.7384
vn -0.3524 0.6691 0.6542
vn -0.1988 0.7439 0.6380
vn -0.1435 0.6438 0.7516
vn -0.0064 0.6873 0.7263
vn -0.0052 0.6730 0.7397
vn 0.1340 0.6866 0.7146
vn -0.0397 0.7796 0.6250
vn 0.1186 0.7793 0.6153
vn -0.0179 0.6989 0.7150
vn -0.1604 0.6677 0.7269
vn 0.1342 0.6732 0.7271
vn 0.1284 0.7002 0.7024
vn -0.2965 0.6041 0.7397
vn 0.1604 0.6677 0.7269
vn 0.0179 0.6989 0.7150
vn 0.0052 0.6730 0.7397
vn -0.1284 0.7002 0.7024
vn -0.1342 0.6732 0.7271
vn 0.1435 0.6438 0.7516
vn 0.0064 0.6873 0.7263
vn 0.1479 0.6579 0.7384
vn 0.0397 0.7796 0.6250
vn -0.1340 0.6866 0.7146
vn -0.1186 0.7793 0.6153
vn 0.2857 0.5939 0.7521
vn 0.2772 0.5820 0.7645
vn 0.1988 0.7439 0.6380
vn 0.3524 0.6691 0.6542
vn 0.2965 0.6041 0.7397
vn 0.2661 0.6492 0.7126
vn 0.2656 0.6614 0.7014
vn 0.3847 0.6151 0.6882
vn 0.2663 0.7486 0.6072
vn 0.3993 0.6925 0.6009
vn 0.3847 0.6041 0.6979
vn 0.4947 0.5461 0.6761
vn 0.4930 0.5373 0.6843
vn 0.5944 0.4505 0.6662
vn 0.5215 0.6106 0.5960
vn 0.6320 0.4990 0.5930
vn 0.5033 0.5565 0.6610
vn 0.3918 0.6265 0.6738
vn 0.5205 0.5970 0.6105
vn 0.4016 0.6736 0.6204
vn 0.5902 0.4456 0.6731
vn 0.6024 0.4626 0.6505
vn 0.6252 0.4966 0.6021
vn 0.2677 0.6746 0.6880
vn 0.2679 0.7272 0.6319
vn -0.3918 0.6265 0.6738
vn -0.5033 0.5565 0.6610
vn -0.4930 0.5373 0.6843
vn -0.6024 0.4626 0.6505
vn -0.5902 0.4456 0.6731
vn -0.4016 0.6736 0.6204
vn -0.5205 0.5970 0.6105
vn -0.6252 0.4966 0.6021
vn -0.3847 0.6041 0.6979
vn -0.4947 0.5461 0.6761
vn -0.3847 0.6151 0.6882
vn -0.5215 0.6106 0.5960
vn -0.5944 0.4505 0.6662
vn -0.6320 0.4990 0.5930
vn -0.2656 0.6614 0.7014
vn -0.2661 0.6492 0.7126
vn -0.3993 0.6925 0.6009
vn -0.2663 0.7486 0.6072
vn -0.2677 0.6746 0.6880
vn -0.2679 0.7272 0.6319
vn 0.2621 0.8115 0.5223
vn 0.2656 0.7790 0.5680
vn 0.4084 0.7207 0.5602
vn 0.4103 0.7511 0.5173
vn 0.5349 0.6380 0.5539
vn 0.5422 0.6649 0.5137
vn 0.6463 0.5308 0.5482
vn 0.5448 0.6806 0.4899
vn 0.4096 0.7683 0.4919
vn 0.5513 0.6805 0.4827
vn 0.4162 0.7697 0.4841
vn 0.6586 0.5533 0.5099
vn 0.6647 0.5663 0.4873
vn 0.6708 0.5652 0.4802
vn 0.2586 0.8295 0.4951
vn 0.2655 0.8324 0.4865
vn -0.4096 0.7683 0.4919
vn -0.5448 0.6806 0.4899
vn -0.5422 0.6649 0.5137
vn -0.6647 0.5663 0.4873
vn -0.6586 0.5533 0.5099
vn -0.4162 0.7697 0.4841
vn -0.5513 0.6805 0.4827
vn -0.6708 0.5652 0.4802
vn -0.4103 0.7511 0.5173
vn -0.5349 0.6380 0.5539
vn -0.4084 0.7207 0.5602
vn -0.6463 0.5308 0.5482
vn -0.2656 0.7790 0.5680
vn -0.2621 0.8115 0.5223
vn -0.2586 0.8295 0.4951
vn -0.2655 0.8324 0.4865
vn 0.7510 0.4251 0.5052
vn 0.7342 0.4076 0.5430
vn 0.7946 0.2790 0.5392
vn 0.7072 0.3805 0.5959
vn 0.7628 0.2597 0.5922
vn 0.8148 0.2913 0.5012
vn 0.8312 0.1439 0.5371
vn 0.8537 0.1505 0.4985
vn 0.7958 0.1335 0.5906
vn 0.8662 0.1539 0.4754
vn 0.8260 0.2979 0.4785
vn 0.8704 0.1536 0.4678
vn 0.8305 0.2972 0.4710
vn 0.7601 0.4349 0.4828
vn 0.7652 0.4340 0.4755
vn -0.8260 0.2979 0.4785
vn -0.8662 0.1539 0.4754
vn -0.8537 0.1505 0.4985
vn -0.8305 0.2972 0.4710
vn -0.8704 0.1536 0.4678
vn -0.8148 0.2913 0.5012
vn -0.8312 0.1439 0.5371
vn -0.7946 0.2790 0.5392
vn -0.7958 0.1335 0.5906
vn -0.7342 0.4076 0.5430
vn -0.7510 0.4251 0.5052
vn -0.7628 0.2597 0.5922
vn -0.7072 0.3805 0.5959
vn -0.7601 0.4349 0.4828
vn -0.7652 0.4340 0.4755
vn 0.6652 0.3380 0.6658
vn 0.6706 0.3387 0.6600
vn 0.7183 0.2262 0.6580
vn 0.7153 0.3712 0.5921
vn 0.7658 0.2455 0.5943
vn 0.7136 0.2278 0.6625
vn 0.7440 0.1143 0.6583
vn 0.7406 0.1159 0.6619
vn 0.7923 0.1231 0.5976
vn 0.7597 0.1227 0.6386
vn 0.7303 0.2397 0.6397
vn 0.6793 0.3531 0.6433
vn -0.7303 0.2397 0.6397
vn -0.7597 0.1227 0.6386
vn -0.7406 0.1159 0.6619
vn -0.7136 0.2278 0.6625
vn -0.7440 0.1143 0.6583
vn -0.7183 0.2262 0.6580
vn -0.7923 0.1231 0.5976
vn -0.6706 0.3387 0.6600
vn -0.6652 0.3380 0.6658
vn -0.7658 0.2455 0.5943
vn -0.7153 0.3712 0.5921
vn -0.6793 0.3531 0.6433
vn 0.8586 0.1311 0.4956
vn 0.8560 0.1359 0.4987
vn 0.8289 0.2736 0.4879
vn 0.8606 -0.0005 0.5093
vn 0.8630 -0.0006 0.5052
vn 0.8365 0.2715 0.4760
vn 0.7714 0.4165 0.4811
vn 0.7737 0.4163 0.4777
vn 0.6767 0.5621 0.4755
vn 0.6855 0.3376 0.6451
vn 0.7455 0.2211 0.6288
vn 0.5362 0.2179 0.8155
vn 0.5811 0.1432 0.8011
vn 0.6779 0.5580 0.4787
vn 0.6078 0.4445 0.6580
vn 0.4862 0.2786 0.8283
vn 0.7579 0.1001 0.6446
vn 0.7514 -0.0019 0.6598
vn 0.5877 0.0592 0.8069
vn 0.5824 -0.0020 0.8129
vn -0.7455 0.2211 0.6288
vn -0.6855 0.3376 0.6451
vn -0.7737 0.4163 0.4777
vn -0.6078 0.4445 0.6580
vn -0.6779 0.5580 0.4787
vn -0.5811 0.1432 0.8011
vn -0.5362 0.2179 0.8155
vn -0.4862 0.2786 0.8283
vn -0.8365 0.2715 0.4760
vn -0.7714 0.4165 0.4811
vn -0.8289 0.2736 0.4879
vn -0.6767 0.5621 0.4755
vn -0.8560 0.1359 0.4987
vn -0.8586 0.1311 0.4956
vn -0.8630 -0.0006 0.5052
vn -0.8606 -0.0005 0.5093
vn -0.7579 0.1001 0.6446
vn -0.5877 0.0592 0.8069
vn -0.7514 -0.0019 0.6598
vn -0.5824 -0.0020 0.8129
vn 0.5620 0.6942 0.4498
vn 0.5531 0.6927 0.4628
vn 0.4134 0.7919 0.4494
vn 0.4204 0.8068 0.4151
vn 0.2583 0.8571 0.4457
vn 0.2557 0.8732 0.4150
vn 0.0882 0.8892 0.4489
vn 0.2706 0.7345 0.6223
vn 0.4165 0.6778 0.6059
vn 0.2692 0.4688 0.8413
vn 0.3722 0.4352 0.8198
vn 0.0831 0.9009 0.4260
vn 0.1276 0.7533 0.6452
vn 0.1777 0.4756 0.8615
vn 0.5288 0.5633 0.6349
vn 0.4440 0.3531 0.8235
vn -0.4165 0.6778 0.6059
vn -0.2706 0.7345 0.6223
vn -0.2557 0.8732 0.4150
vn -0.1276 0.7533 0.6452
vn -0.0831 0.9009 0.4260
vn -0.3722 0.4352 0.8198
vn -0.2692 0.4688 0.8413
vn -0.1777 0.4756 0.8615
vn -0.4204 0.8068 0.4151
vn -0.2583 0.8571 0.4457
vn -0.4134 0.7919 0.4494
vn -0.0882 0.8892 0.4489
vn -0.5531 0.6927 0.4628
vn -0.5620 0.6942 0.4498
vn -0.5288 0.5633 0.6349
vn -0.4440 0.3531 0.8235
vn -0.1000 0.9027 0.4186
vn -0.0924 0.8866 0.4532
vn -0.2725 0.8427 0.4643
vn -0.2905 0.8606 0.4182
vn -0.4419 0.7532 0.4872
vn -0.4629 0.7608 0.4548
vn -0.5932 0.6241 0.5085
vn -0.3608 0.6453 0.6733
vn -0.2067 0.7476 0.6312
vn -0.1644 0.4080 0.8981
vn -0.0541 0.4888 0.8707
vn -0.6076 0.6287 0.4853
vn -0.4761 0.5256 0.7050
vn -0.2367 0.3253 0.9155
vn -0.0274 0.7712 0.6360
vn 0.0778 0.4965 0.8645
vn 0.2067 0.7476 0.6312
vn 0.3608 0.6453 0.6733
vn 0.4629 0.7608 0.4548
vn 0.4761 0.5256 0.7050
vn 0.6076 0.6287 0.4853
vn 0.0541 0.4888 0.8707
vn 0.1644 0.4080 0.8981
vn 0.2367 0.3253 0.9155
vn 0.2905 0.8606 0.4182
vn 0.4419 0.7532 0.4872
vn 0.2725 0.8427 0.4643
vn 0.5932 0.6241 0.5085
vn 0.0924 0.8866 0.4532
vn 0.1000 0.9027 0.4186
vn 0.0274 0.7712 0.6360
vn -0.0778 0.4965 0.8645
vn -0.7338 0.4918 0.4687
vn -0.7140 0.4765 0.5129
vn -0.7969 0.3250 0.5092
vn -0.8305 0.3412 0.4402
vn -0.8438 0.1657 0.5104
vn -0.8581 -0.0006 0.5134
vn -0.8887 -0.0018 0.4585
vn -0.8790 0.1703 0.4454
vn -0.7379 0.1391 0.6604
vn -0.7018 0.2993 0.6464
vn -0.4191 0.0755 0.9048
vn -0.4038 0.1872 0.8955
vn -0.7353 -0.0025 0.6777
vn -0.4070 -0.0004 0.9134
vn -0.5955 0.4249 0.6818
vn -0.3208 0.2685 0.9083
vn 0.7018 0.2993 0.6464
vn 0.7379 0.1391 0.6605
vn 0.8790 0.1703 0.4453
vn 0.7353 -0.0025 0.6777
vn 0.8887 -0.0019 0.4585
vn 0.4038 0.1872 0.8955
vn 0.4191 0.0755 0.9048
vn 0.4070 -0.0004 0.9134
vn 0.8305 0.3412 0.4402
vn 0.8438 0.1657 0.5104
vn 0.8581 -0.0006 0.5134
vn 0.7969 0.3250 0.5092
vn 0.7140 0.4765 0.5129
vn 0.7338 0.4918 0.4687
vn 0.5955 0.4249 0.6818
vn 0.3208 0.2685 0.9083
vn -0.8227 -0.3580 0.4416
vn -0.8770 -0.1756 0.4472
vn -0.8409 -0.1721 0.5131
vn -0.7860 -0.3392 0.5168
vn -0.6920 -0.4935 0.5268
vn -0.7174 -0.5139 0.4703
vn -0.5644 -0.6331 0.5297
vn -0.5876 -0.6462 0.4870
vn -0.5889 -0.4493 0.6718
vn -0.6994 -0.3161 0.6411
vn -0.3237 -0.2904 0.9005
vn -0.4696 -0.5501 0.6906
vn -0.2388 -0.3494 0.9060
vn -0.7395 -0.1435 0.6577
vn -0.4077 -0.1994 0.8911
vn -0.4206 -0.0795 0.9038
vn 0.8227 -0.3580 0.4416
vn 0.6994 -0.3161 0.6411
vn 0.5889 -0.4493 0.6718
vn 0.7174 -0.5139 0.4703
vn 0.4696 -0.5501 0.6906
vn 0.4077 -0.1994 0.8911
vn 0.3237 -0.2904 0.9005
vn 0.2388 -0.3494 0.9060
vn 0.6920 -0.4935 0.5268
vn 0.7860 -0.3392 0.5168
vn 0.5876 -0.6462 0.4870
vn 0.5644 -0.6331 0.5297
vn 0.8409 -0.1721 0.5131
vn 0.8770 -0.1756 0.4472
vn 0.7395 -0.1435 0.6576
vn 0.4206 -0.0795 0.9037
vn -0.2805 -0.8613 0.4236
vn -0.4461 -0.7689 0.4581
vn -0.4146 -0.7495 0.5162
vn -0.2518 -0.8290 0.4993
vn -0.0793 -0.8677 0.4907
vn -0.0965 -0.9005 0.4239
vn 0.0958 -0.8685 0.4864
vn 0.0845 -0.8984 0.4309
vn -0.0338 -0.7899 0.6123
vn -0.2098 -0.7657 0.6080
vn 0.0700 -0.5254 0.8480
vn 0.1229 -0.7733 0.6220
vn 0.1741 -0.5043 0.8458
vn -0.3585 -0.6663 0.6539
vn -0.0625 -0.5165 0.8540
vn -0.1702 -0.4328 0.8853
vn 0.2805 -0.8613 0.4236
vn 0.2098 -0.7657 0.6080
vn 0.0338 -0.7899 0.6123
vn 0.0965 -0.9005 0.4239
vn -0.1229 -0.7733 0.6220
vn 0.0625 -0.5165 0.8540
vn -0.0700 -0.5254 0.8480
vn -0.1741 -0.5043 0.8458
vn 0.0793 -0.8677 0.4907
vn 0.2518 -0.8290 0.4993
vn -0.0845 -0.8984 0.4309
vn -0.0958 -0.8685 0.4864
vn 0.4146 -0.7495 0.5162
vn 0.4461 -0.7689 0.4581
vn 0.3585 -0.6663 0.6539
vn 0.1702 -0.4328 0.8853
vn 0.4136 -0.8071 0.4214
vn 0.2549 -0.8706 0.4207
vn 0.2599 -0.8367 0.4821
vn 0.4059 -0.7760 0.4828
vn 0.5370 -0.6862 0.4907
vn 0.5491 -0.7011 0.4549
vn 0.6565 -0.5681 0.4962
vn 0.6622 -0.5734 0.4824
vn 0.5233 -0.5840 0.6205
vn 0.4128 -0.6966 0.5868
vn 0.4451 -0.3754 0.8130
vn 0.6011 -0.4674 0.6482
vn 0.4862 -0.2985 0.8213
vn 0.2681 -0.7536 0.6001
vn 0.3737 -0.4607 0.8051
vn 0.2695 -0.4964 0.8252
vn -0.4136 -0.8071 0.4214
vn -0.4128 -0.6966 0.5868
vn -0.5233 -0.5840 0.6205
vn -0.5491 -0.7011 0.4549
vn -0.6011 -0.4674 0.6482
vn -0.3737 -0.4607 0.8051
vn -0.4451 -0.3754 0.8130
vn -0.4862 -0.2985 0.8213
vn -0.5370 -0.6862 0.4907
vn -0.4059 -0.7760 0.4828
vn -0.6622 -0.5734 0.4824
vn -0.6565 -0.5681 0.4962
vn -0.2599 -0.8367 0.4821
vn -0.2549 -0.8706 0.4207
vn -0.2681 -0.7536 0.6001
vn -0.2695 -0.4964 0.8252
vn 0.8310 -0.2852 0.4776
vn 0.7613 -0.4355 0.4804
vn 0.7554 -0.4302 0.4942
vn 0.8211 -0.2849 0.4946
vn 0.8539 -0.1404 0.5012
vn 0.8575 -0.1361 0.4962
vn 0.7565 -0.1046 0.6456
vn 0.7436 -0.2323 0.6270
vn 0.5910 -0.0631 0.8042
vn 0.6803 -0.3590 0.6390
vn 0.5840 -0.1515 0.7975
vn 0.5360 -0.2346 0.8109
vn -0.8310 -0.2852 0.4776
vn -0.7436 -0.2323 0.6270
vn -0.7565 -0.1046 0.6456
vn -0.8575 -0.1361 0.4962
vn -0.5840 -0.1515 0.7975
vn -0.5910 -0.0631 0.8042
vn -0.8539 -0.1404 0.5012
vn -0.8211 -0.2849 0.4946
vn -0.7554 -0.4302 0.4942
vn -0.7613 -0.4355 0.4804
vn -0.6803 -0.3590 0.6390
vn -0.5360 -0.2346 0.8109
vn 0.3987 -0.0329 0.9165
vn 0.3463 -0.0456 0.9370
vn 0.3766 -0.0940 0.9216
vn 0.3017 -0.0721 0.9507
vn 0.3474 -0.1187 0.9302
vn 0.3917 -0.0002 0.9201
vn 0.3328 -0.0004 0.9430
vn 0.1945 -0.0014 0.9809
vn 0.4107 -0.0722 0.9089
vn 0.4319 -0.1487 0.8896
vn 0.4629 -0.0962 0.8812
vn 0.4000 -0.1839 0.8979
vn 0.4693 -0.0375 0.8822
vn 0.4645 -0.0002 0.8856
vn -0.4107 -0.0722 0.9089
vn -0.3987 -0.0329 0.9165
vn -0.4693 -0.0375 0.8822
vn -0.4629 -0.0962 0.8812
vn -0.3917 -0.0002 0.9201
vn -0.4645 -0.0002 0.8856
vn -0.4319 -0.1487 0.8896
vn -0.3766 -0.0940 0.9216
vn -0.4000 -0.1839 0.8979
vn -0.3463 -0.0456 0.9370
vn -0.3328 -0.0004 0.9430
vn -0.3474 -0.1187 0.9302
vn -0.3017 -0.0721 0.9507
vn -0.1945 -0.0014 0.9809
vn 0.3026 -0.1998 0.9319
vn 0.2571 -0.1890 0.9477
vn 0.2576 -0.2956 0.9199
vn 0.3268 -0.2766 0.9037
vn 0.2063 -0.1825 0.9613
vn 0.1986 -0.2972 0.9339
vn 0.3766 -0.2263 0.8983
vn 0.3273 -0.1537 0.9323
vn 0.2718 -0.1176 0.9551
vn 0.2038 -0.1066 0.9732
vn -0.2571 -0.1890 0.9477
vn -0.2718 -0.1176 0.9551
vn -0.3273 -0.1537 0.9323
vn -0.2063 -0.1825 0.9613
vn -0.2038 -0.1066 0.9732
vn -0.3026 -0.1998 0.9319
vn -0.3766 -0.2263 0.8983
vn -0.3268 -0.2766 0.9037
vn -0.2576 -0.2956 0.9199
vn -0.1986 -0.2972 0.9339
vn 0.1481 -0.1919 0.9702
vn 0.1298 -0.1125 0.9851
vn 0.0548 -0.1558 0.9863
vn 0.0833 -0.0636 0.9945
vn 0.0190 -0.1116 0.9936
vn 0.0868 -0.2069 0.9745
vn -0.0279 -0.2449 0.9691
vn 0.0460 -0.2987 0.9532
vn -0.0700 -0.1940 0.9785
vn 0.1336 -0.3096 0.9414
vn -0.0868 -0.2069 0.9745
vn -0.1481 -0.1919 0.9702
vn -0.1336 -0.3096 0.9414
vn -0.0460 -0.2987 0.9532
vn 0.0279 -0.2449 0.9691
vn -0.0548 -0.1558 0.9863
vn 0.0700 -0.1940 0.9785
vn -0.1298 -0.1125 0.9851
vn -0.0190 -0.1116 0.9936
vn -0.0833 -0.0636 0.9945
vn -0.0295 -0.0834 0.9961
vn 0.0153 -0.0316 0.9994
vn -0.0620 -0.0206 0.9979
vn 0.0335 -0.0002 0.9994
vn -0.0514 -0.0000 0.9987
vn -0.0806 -0.0612 0.9949
vn -0.1791 -0.0329 0.9833
vn -0.1710 -0.0986 0.9803
vn -0.1701 -0.0001 0.9854
vn -0.1211 -0.1574 0.9801
vn 0.0806 -0.0612 0.9949
vn 0.0295 -0.0834 0.9961
vn 0.1211 -0.1574 0.9801
vn 0.1710 -0.0986 0.9803
vn 0.1791 -0.0329 0.9833
vn 0.0620 -0.0206 0.9979
vn 0.1701 -0.0001 0.9854
vn -0.0153 -0.0316 0.9994
vn 0.0514 -0.0000 0.9987
vn -0.0335 -0.0002 0.9994
vn -0.0619 0.0194 0.9979
vn 0.0152 0.0298 0.9994
vn -0.0294 0.0780 0.9965
vn 0.0835 0.0607 0.9947
vn 0.0198 0.1050 0.9943
vn -0.0802 0.0573 0.9951
vn -0.1230 0.1478 0.9813
vn -0.0704 0.1810 0.9809
vn -0.1706 0.0949 0.9808
vn -0.1785 0.0313 0.9834
vn 0.0803 0.0573 0.9951
vn 0.0619 0.0194 0.9979
vn 0.1785 0.0313 0.9834
vn 0.1706 0.0949 0.9808
vn 0.1230 0.1478 0.9813
vn 0.0294 0.0780 0.9965
vn 0.0705 0.1810 0.9809
vn -0.0152 0.0298 0.9994
vn -0.0198 0.1050 0.9943
vn -0.0835 0.0607 0.9947
vn 0.0565 0.1469 0.9875
vn 0.1302 0.1068 0.9857
vn 0.1499 0.1810 0.9720
vn 0.2039 0.1012 0.9737
vn 0.2067 0.1722 0.9631
vn 0.0894 0.1950 0.9767
vn 0.1376 0.2910 0.9468
vn 0.2000 0.2793 0.9392
vn 0.0507 0.2808 0.9584
vn -0.0242 0.2297 0.9730
vn -0.0894 0.1950 0.9767
vn -0.0565 0.1469 0.9875
vn 0.0242 0.2297 0.9730
vn -0.0507 0.2808 0.9584
vn -0.1376 0.2910 0.9468
vn -0.1499 0.1810 0.9720
vn -0.2000 0.2793 0.9392
vn -0.1302 0.1068 0.9857
vn -0.2067 0.1722 0.9631
vn -0.2039 0.1012 0.9737
vn 0.2563 0.1785 0.9500
vn 0.2716 0.1116 0.9559
vn 0.3244 0.1450 0.9347
vn 0.3015 0.0688 0.9510
vn 0.3469 0.1103 0.9314
vn 0.3013 0.1884 0.9347
vn 0.3751 0.2141 0.9019
vn 0.4008 0.1717 0.8999
vn 0.3249 0.2602 0.9092
vn 0.2564 0.2779 0.9257
vn -0.3013 0.1884 0.9347
vn -0.2563 0.1785 0.9500
vn -0.2564 0.2779 0.9257
vn -0.3249 0.2602 0.9092
vn -0.3751 0.2141 0.9019
vn -0.3244 0.1450 0.9347
vn -0.4008 0.1717 0.8999
vn -0.2716 0.1116 0.9559
vn -0.3469 0.1103 0.9314
vn -0.3015 0.0688 0.9510
vn 0.3767 0.0881 0.9222
vn 0.3464 0.0432 0.9371
vn 0.3986 0.0312 0.9166
vn 0.4105 0.0678 0.9093
vn 0.4689 0.0357 0.8825
vn 0.4623 0.0900 0.8821
vn 0.4317 0.1383 0.8914
vn -0.4105 0.0678 0.9093
vn -0.3767 0.0881 0.9222
vn -0.4317 0.1383 0.8914
vn -0.4623 0.0900 0.8821
vn -0.4689 0.0357 0.8825
vn -0.3986 0.0312 0.9166
vn -0.3464 0.0432 0.9371
vn 0.0989 -0.9542 0.2825
vn 0.1328 -0.9538 0.2696
vn 0.1344 -0.9006 0.4133
vn 0.1579 -0.9531 0.2584
vn 0.1621 -0.8990 0.4067
vn 0.0951 -0.9874 0.1261
vn 0.1256 -0.9861 0.1087
vn 0.1461 -0.9849 0.0930
vn 0.0991 -0.9012 0.4219
vn 0.1302 -0.8397 0.5272
vn 0.0952 -0.8419 0.5312
vn 0.1227 -0.7849 0.6074
vn 0.1590 -0.8352 0.5264
vn 0.1518 -0.7742 0.6145
vn 0.0524 -0.8429 0.5355
vn 0.0548 -0.9015 0.4293
vn -0.0000 -0.8432 0.5377
vn -0.0000 -0.9016 0.4325
vn 0.0886 -0.7909 0.6055
vn 0.0483 -0.7937 0.6064
vn -0.0000 -0.7941 0.6077
vn 0.0549 -0.9545 0.2931
vn 0.0532 -0.9887 0.1403
vn -0.0000 -0.9547 0.2975
vn -0.0000 -0.9892 0.1462
vn -0.0548 -0.9015 0.4293
vn -0.0524 -0.8429 0.5355
vn -0.0952 -0.8419 0.5312
vn -0.0483 -0.7937 0.6064
vn -0.0886 -0.7909 0.6055
vn -0.0991 -0.9012 0.4219
vn -0.1302 -0.8397 0.5272
vn -0.1344 -0.9006 0.4133
vn -0.1590 -0.8352 0.5264
vn -0.1227 -0.7849 0.6074
vn -0.1518 -0.7742 0.6145
vn -0.1328 -0.9538 0.2696
vn -0.0989 -0.9542 0.2825
vn -0.1256 -0.9861 0.1087
vn -0.0951 -0.9874 0.1261
vn -0.1621 -0.8990 0.4067
vn -0.1579 -0.9531 0.2584
vn -0.1461 -0.9849 0.0930
vn -0.0549 -0.9545 0.2931
vn -0.0532 -0.9887 0.1403
vn 0.2590 -0.9275 0.2697
vn 0.3652 -0.8802 0.3031
vn 0.3555 -0.8024 0.4793
vn 0.5136 -0.7834 0.3500
vn 0.4663 -0.7052 0.5341
vn 0.2466 -0.9654 0.0845
vn 0.3703 -0.9242 0.0936
vn 0.5642 -0.8181 0.1111
vn 0.2637 -0.8612 0.4346
vn 0.3402 -0.7113 0.6151
vn 0.2596 -0.7808 0.5683
vn 0.3202 -0.6223 0.7143
vn 0.4243 -0.6142 0.6653
vn 0.3866 -0.5325 0.7530
vn 0.1976 -0.8198 0.5374
vn 0.1994 -0.8898 0.4105
vn 0.2492 -0.6994 0.6699
vn 0.1902 -0.7495 0.6341
vn 0.1926 -0.9473 0.2559
vn 0.1772 -0.9805 0.0847
vn -0.1994 -0.8898 0.4105
vn -0.1976 -0.8198 0.5374
vn -0.2596 -0.7808 0.5683
vn -0.1902 -0.7495 0.6341
vn -0.2492 -0.6994 0.6699
vn -0.2637 -0.8612 0.4346
vn -0.3402 -0.7113 0.6151
vn -0.3555 -0.8024 0.4793
vn -0.4243 -0.6142 0.6653
vn -0.3202 -0.6223 0.7143
vn -0.3866 -0.5325 0.7530
vn -0.3652 -0.8802 0.3031
vn -0.2590 -0.9275 0.2697
vn -0.3703 -0.9242 0.0936
vn -0.2466 -0.9654 0.0845
vn -0.4663 -0.7052 0.5341
vn -0.5136 -0.7834 0.3500
vn -0.5642 -0.8181 0.1111
vn -0.1926 -0.9473 0.2559
vn -0.1772 -0.9805 0.0847
vn 0.6739 -0.4297 0.6010
vn 0.8050 -0.4293 0.4096
vn 0.8781 -0.2579 0.4029
vn 0.7426 -0.2991 0.5992
vn 0.9151 -0.1301 0.3818
vn 0.9202 -0.3701 0.1278
vn 0.9784 -0.1684 0.1195
vn 0.9935 -0.0419 0.1062
vn 0.6060 -0.3063 0.7342
vn 0.5561 -0.4021 0.7274
vn 0.4960 -0.2938 0.8171
vn 0.4659 -0.3623 0.8073
vn 0.7874 -0.1883 0.5870
vn 0.6472 -0.2178 0.7305
vn 0.5260 -0.2268 0.8197
vn 0.4936 -0.5095 0.7048
vn 0.4327 -0.4423 0.7856
vn 0.5762 -0.5759 0.5799
vn 0.6767 -0.6238 0.3910
vn 0.7784 -0.6151 0.1257
vn -0.6739 -0.4297 0.6010
vn -0.5762 -0.5759 0.5799
vn -0.4936 -0.5095 0.7048
vn -0.5561 -0.4021 0.7274
vn -0.4327 -0.4423 0.7856
vn -0.6060 -0.3063 0.7342
vn -0.7426 -0.2991 0.5992
vn -0.6472 -0.2178 0.7305
vn -0.7874 -0.1883 0.5870
vn -0.4659 -0.3623 0.8073
vn -0.4960 -0.2938 0.8171
vn -0.5260 -0.2268 0.8197
vn -0.8781 -0.2579 0.4029
vn -0.9784 -0.1684 0.1195
vn -0.9202 -0.3701 0.1278
vn -0.9151 -0.1301 0.3818
vn -0.9935 -0.0419 0.1062
vn -0.8050 -0.4293 0.4096
vn -0.6767 -0.6238 0.3910
vn -0.7784 -0.6151 0.1257
vn 0.8239 -0.0345 0.5657
vn 0.9344 0.0156 0.3558
vn 0.9329 0.0561 0.3559
vn 0.9292 0.0844 0.3599
vn 0.8233 0.0490 0.5655
vn 0.9928 0.0732 0.0946
vn 0.9901 0.1011 0.0970
vn 0.9878 0.1184 0.1014
vn 0.8256 0.0140 0.5641
vn 0.7019 -0.0195 0.7120
vn 0.6953 -0.0708 0.7153
vn 0.5836 -0.0441 0.8108
vn 0.5743 -0.0947 0.8132
vn 0.7031 0.0175 0.7109
vn 0.5860 -0.0088 0.8102
vn 0.6776 -0.1381 0.7224
vn 0.8128 -0.1009 0.5737
vn 0.5540 -0.1587 0.8173
vn 0.9304 -0.0436 0.3639
vn 0.9949 0.0290 0.0968
vn -0.8239 -0.0345 0.5657
vn -0.8128 -0.1009 0.5737
vn -0.6776 -0.1381 0.7224
vn -0.6953 -0.0708 0.7153
vn -0.5540 -0.1587 0.8173
vn -0.7019 -0.0195 0.7120
vn -0.8256 0.0140 0.5641
vn -0.7031 0.0175 0.7109
vn -0.8233 0.0490 0.5655
vn -0.5743 -0.0947 0.8132
vn -0.5836 -0.0441 0.8108
vn -0.5860 -0.0088 0.8102
vn -0.9329 0.0561 0.3559
vn -0.9901 0.1011 0.0970
vn -0.9928 0.0732 0.0946
vn -0.9292 0.0844 0.3599
vn -0.9878 0.1184 0.1014
vn -0.9344 0.0156 0.3558
vn -0.9304 -0.0436 0.3639
vn -0.9949 0.0290 0.0968
vn 0.9217 0.1304 0.3654
vn 0.9174 0.1588 0.3649
vn 0.8246 0.1291 0.5508
vn 0.9110 0.1991 0.3612
vn 0.8275 0.1669 0.5361
vn 0.9817 0.1505 0.1165
vn 0.9760 0.1761 0.1285
vn 0.9660 0.2158 0.1423
vn 0.7208 0.0930 0.6868
vn 0.7111 0.0677 0.6998
vn 0.6036 0.0548 0.7954
vn 0.5935 0.0345 0.8041
vn 0.7338 0.1261 0.6676
vn 0.6191 0.0809 0.7812
vn 0.8222 0.1010 0.5601
vn 0.7053 0.0444 0.7075
vn 0.8218 0.0760 0.5647
vn 0.5881 0.0152 0.8087
vn 0.9255 0.1070 0.3633
vn 0.9854 0.1324 0.1070
vn -0.8222 0.1010 0.5601
vn -0.8218 0.0760 0.5647
vn -0.7053 0.0444 0.7075
vn -0.7111 0.0677 0.6998
vn -0.5881 0.0152 0.8087
vn -0.7208 0.0930 0.6868
vn -0.8246 0.1291 0.5508
vn -0.7338 0.1261 0.6676
vn -0.8275 0.1669 0.5361
vn -0.5935 0.0345 0.8041
vn -0.6036 0.0548 0.7954
vn -0.6190 0.0809 0.7812
vn -0.9174 0.1588 0.3649
vn -0.9217 0.1304 0.3654
vn -0.9760 0.1761 0.1285
vn -0.9817 0.1505 0.1165
vn -0.9110 0.1991 0.3612
vn -0.9660 0.2158 0.1423
vn -0.9255 0.1070 0.3633
vn -0.9854 0.1324 0.1070
vn 0.3710 -0.7786 0.5060
vn 0.4223 -0.7594 0.4950
vn 0.3991 -0.8297 0.3904
vn 0.3462 -0.8469 0.4036
vn 0.3778 -0.8870 0.2657
vn 0.5792 -0.6514 0.4900
vn 0.5610 -0.7344 0.3819
vn 0.5408 -0.7967 0.2699
vn 0.3381 -0.8414 0.4217
vn 0.3594 -0.7713 0.5253
vn 0.3586 -0.8239 0.4389
vn 0.3701 -0.7510 0.5468
vn 0.3265 -0.9074 0.2644
vn 0.3234 -0.9097 0.2607
vn 0.3549 -0.8999 0.2533
vn 0.3797 -0.6865 0.6200
vn 0.3933 -0.6853 0.6129
vn 0.3893 -0.5542 0.7357
vn 0.3830 -0.6734 0.6323
vn 0.3866 -0.5690 0.7258
vn 0.4399 -0.6548 0.6145
vn 0.5836 -0.5290 0.6162
vn 0.4033 -0.5171 0.7550
vn 0.4067 -0.4317 0.8051
vn 0.3101 -0.2060 0.9281
vn -0.3710 -0.7786 0.5060
vn -0.3933 -0.6853 0.6129
vn -0.3797 -0.6865 0.6200
vn -0.3594 -0.7713 0.5253
vn -0.3830 -0.6734 0.6323
vn -0.4033 -0.5171 0.7550
vn -0.3893 -0.5542 0.7357
vn -0.3866 -0.5690 0.7258
vn -0.3381 -0.8414 0.4217
vn -0.3462 -0.8469 0.4036
vn -0.3234 -0.9097 0.2607
vn -0.3265 -0.9074 0.2644
vn -0.3701 -0.7510 0.5468
vn -0.3586 -0.8239 0.4389
vn -0.3549 -0.8999 0.2533
vn -0.3991 -0.8297 0.3904
vn -0.4223 -0.7594 0.4950
vn -0.5610 -0.7344 0.3819
vn -0.3778 -0.8870 0.2657
vn -0.5408 -0.7967 0.2699
vn -0.4399 -0.6548 0.6145
vn -0.4067 -0.4317 0.8051
vn -0.5792 -0.6514 0.4900
vn -0.5836 -0.5290 0.6162
vn -0.3101 -0.2060 0.9281
vn 0.4384 -0.6865 0.5801
vn 0.3969 -0.7218 0.5669
vn 0.3995 -0.7981 0.4510
vn 0.4550 -0.7669 0.4526
vn 0.4097 -0.8791 0.2436
vn 0.5244 -0.7277 0.4421
vn 0.4961 -0.6440 0.5824
vn 0.6002 -0.6772 0.4256
vn 0.5682 -0.5902 0.5734
vn 0.4746 -0.8502 0.2279
vn 0.5453 -0.8120 0.2083
vn 0.6141 -0.7659 0.1906
vn 0.4727 -0.5686 0.6732
vn 0.4288 -0.6128 0.6638
vn 0.4494 -0.4939 0.7444
vn 0.5321 -0.5141 0.6727
vn 0.4920 -0.4408 0.7508
vn 0.3995 -0.6480 0.6485
vn 0.4180 -0.5356 0.7337
vn 0.3965 -0.5620 0.7259
vn -0.4384 -0.6865 0.5801
vn -0.4288 -0.6128 0.6638
vn -0.4727 -0.5686 0.6732
vn -0.4961 -0.6440 0.5824
vn -0.5321 -0.5141 0.6727
vn -0.4180 -0.5356 0.7337
vn -0.4494 -0.4939 0.7444
vn -0.4920 -0.4408 0.7508
vn -0.5244 -0.7277 0.4421
vn -0.4550 -0.7669 0.4526
vn -0.5453 -0.8120 0.2083
vn -0.4746 -0.8502 0.2279
vn -0.5682 -0.5902 0.5734
vn -0.6002 -0.6772 0.4256
vn -0.6141 -0.7659 0.1906
vn -0.3995 -0.7981 0.4510
vn -0.3969 -0.7218 0.5669
vn -0.4097 -0.8791 0.2436
vn -0.3995 -0.6480 0.6485
vn -0.3965 -0.5620 0.7259
vn 0.6837 -0.4765 0.5527
vn 0.6356 -0.5318 0.5597
vn 0.6707 -0.6166 0.4123
vn 0.7264 -0.5518 0.4097
vn 0.6820 -0.7091 0.1791
vn 0.7678 -0.4865 0.4169
vn 0.7128 -0.4271 0.5564
vn 0.8014 -0.4163 0.4296
vn 0.7497 -0.6373 0.1783
vn 0.8153 -0.5494 0.1830
vn 0.8812 -0.4336 0.1883
vn 0.6581 -0.3782 0.6511
vn 0.6332 -0.4152 0.6532
vn 0.5931 -0.3340 0.7326
vn 0.7261 -0.3882 0.5675
vn 0.6612 -0.3559 0.6604
vn 0.5964 -0.3181 0.7370
vn 0.5911 -0.4602 0.6624
vn 0.5718 -0.3596 0.7374
vn 0.5372 -0.3936 0.7459
vn -0.6837 -0.4765 0.5527
vn -0.6332 -0.4152 0.6532
vn -0.6581 -0.3782 0.6511
vn -0.7128 -0.4271 0.5564
vn -0.6612 -0.3559 0.6604
vn -0.5718 -0.3596 0.7374
vn -0.5931 -0.3340 0.7326
vn -0.5964 -0.3181 0.7370
vn -0.7678 -0.4865 0.4169
vn -0.7264 -0.5518 0.4097
vn -0.8153 -0.5494 0.1830
vn -0.7497 -0.6373 0.1783
vn -0.7261 -0.3882 0.5675
vn -0.8014 -0.4163 0.4296
vn -0.8812 -0.4336 0.1883
vn -0.6707 -0.6166 0.4123
vn -0.6356 -0.5318 0.5597
vn -0.6820 -0.7091 0.1791
vn -0.5911 -0.4602 0.6624
vn -0.5372 -0.3936 0.7459
vn 0.7276 -0.3541 0.5876
vn 0.8219 -0.3514 0.4483
vn 0.8388 -0.2786 0.4678
vn 0.9285 -0.3138 0.1984
vn 0.9602 -0.1887 0.2058
vn 0.7245 -0.3156 0.6128
vn 0.8559 -0.1725 0.4875
vn 0.7243 -0.2567 0.6399
vn 0.8601 0.0254 0.5096
vn 0.9770 -0.0279 0.2113
vn 0.9500 0.2231 0.2183
vn 0.6084 -0.3009 0.7344
vn 0.6263 -0.3233 0.7094
vn 0.5043 -0.3123 0.8051
vn 0.7283 -0.1344 0.6720
vn 0.6023 -0.2466 0.7592
vn 0.4764 -0.3156 0.8206
vn 0.6470 -0.3387 0.6831
vn 0.5426 -0.3078 0.7815
vn 0.5766 -0.3103 0.7558
vn -0.6263 -0.3233 0.7094
vn -0.6084 -0.3009 0.7344
vn -0.7243 -0.2567 0.6399
vn -0.6023 -0.2466 0.7592
vn -0.7283 -0.1344 0.6720
vn -0.5426 -0.3078 0.7815
vn -0.5043 -0.3123 0.8051
vn -0.4764 -0.3156 0.8206
vn -0.7245 -0.3156 0.6128
vn -0.8559 -0.1725 0.4875
vn -0.8388 -0.2786 0.4678
vn -0.9770 -0.0279 0.2113
vn -0.8601 0.0254 0.5096
vn -0.9500 0.2231 0.2183
vn -0.8219 -0.3514 0.4483
vn -0.7276 -0.3541 0.5876
vn -0.9602 -0.1887 0.2058
vn -0.9285 -0.3139 0.1984
vn -0.6470 -0.3387 0.6831
vn -0.5766 -0.3103 0.7558
vn 0.7105 0.0765 0.6996
vn 0.7979 0.3098 0.5171
vn 0.6629 0.5635 0.4930
vn 0.8221 0.5261 0.2177
vn 0.6311 0.7492 0.2010
vn 0.6404 0.3129 0.7014
vn 0.5458 0.7089 0.4467
vn 0.5606 0.4893 0.6681
vn 0.5091 0.7602 0.4035
vn 0.4974 0.8495 0.1762
vn 0.4668 0.8711 0.1528
vn 0.5217 0.2053 0.8280
vn 0.5684 0.0435 0.8216
vn 0.3971 -0.1167 0.9103
vn 0.4384 -0.2053 0.8750
vn 0.5232 0.5809 0.6235
vn 0.4879 0.3182 0.8128
vn 0.3571 -0.0411 0.9332
vn 0.5989 -0.1264 0.7908
vn 0.4643 -0.2846 0.8387
vn -0.5684 0.0435 0.8216
vn -0.5217 0.2053 0.8280
vn -0.5606 0.4893 0.6681
vn -0.4879 0.3182 0.8128
vn -0.5232 0.5809 0.6235
vn -0.4384 -0.2053 0.8750
vn -0.3971 -0.1167 0.9103
vn -0.3571 -0.0411 0.9332
vn -0.6404 0.3129 0.7014
vn -0.5458 0.7089 0.4467
vn -0.6629 0.5635 0.4930
vn -0.4974 0.8495 0.1762
vn -0.5091 0.7602 0.4035
vn -0.4668 0.8711 0.1528
vn -0.7979 0.3098 0.5171
vn -0.7105 0.0765 0.6996
vn -0.6311 0.7492 0.2010
vn -0.8221 0.5261 0.2177
vn -0.5989 -0.1264 0.7908
vn -0.4643 -0.2846 0.8387
vn 0.5173 0.6154 0.5947
vn 0.5176 0.7678 0.3776
vn 0.5335 0.7614 0.3683
vn 0.4866 0.8628 0.1374
vn 0.5118 0.8490 0.1315
vn 0.5213 0.6217 0.5846
vn 0.5565 0.7426 0.3727
vn 0.5323 0.6087 0.5884
vn 0.5877 0.7108 0.3865
vn 0.5444 0.8278 0.1352
vn 0.5866 0.7963 0.1476
vn 0.4606 0.3934 0.7957
vn 0.4617 0.3972 0.7931
vn 0.3070 0.0467 0.9506
vn 0.3151 0.0347 0.9484
vn 0.5512 0.5801 0.5998
vn 0.4655 0.3736 0.8024
vn 0.3046 0.0483 0.9513
vn 0.4693 0.3772 0.7984
vn 0.3285 0.0092 0.9445
vn -0.4617 0.3972 0.7931
vn -0.4606 0.3934 0.7957
vn -0.5323 0.6086 0.5884
vn -0.4655 0.3736 0.8024
vn -0.5512 0.5801 0.5998
vn -0.3151 0.0347 0.9484
vn -0.3070 0.0467 0.9506
vn -0.3046 0.0483 0.9513
vn -0.5213 0.6217 0.5846
vn -0.5565 0.7426 0.3727
vn -0.5335 0.7614 0.3683
vn -0.5444 0.8278 0.1352
vn -0.5877 0.7108 0.3865
vn -0.5866 0.7963 0.1476
vn -0.5176 0.7678 0.3776
vn -0.5173 0.6154 0.5947
vn -0.5118 0.8490 0.1315
vn -0.4866 0.8628 0.1374
vn -0.4693 0.3772 0.7984
vn -0.3285 0.0092 0.9445
vn 0.5588 0.5570 0.6144
vn 0.6055 0.6868 0.4020
vn 0.5860 0.6940 0.4183
vn 0.6123 0.7739 0.1616
vn 0.5942 0.7857 0.1719
vn 0.5396 0.5560 0.6323
vn 0.5140 0.7360 0.4407
vn 0.3627 0.8051 0.4694
vn 0.3511 0.6269 0.6955
vn 0.5169 0.8371 0.1791
vn 0.3459 0.9200 0.1841
vn 0.4762 0.5832 0.6581
vn 0.4024 0.3639 0.8400
vn 0.4504 0.3541 0.8196
vn 0.2777 0.0560 0.9590
vn 0.3122 0.3824 0.8696
vn 0.2414 0.0637 0.9683
vn 0.4668 0.3576 0.8088
vn 0.2974 0.0504 0.9534
vn 0.3056 0.0482 0.9510
vn -0.5396 0.5560 0.6323
vn -0.4504 0.3541 0.8196
vn -0.4024 0.3639 0.8400
vn -0.4762 0.5832 0.6581
vn -0.3122 0.3824 0.8696
vn -0.2974 0.0504 0.9534
vn -0.2777 0.0560 0.9590
vn -0.2414 0.0637 0.9683
vn -0.5140 0.7360 0.4407
vn -0.5860 0.6940 0.4183
vn -0.5169 0.8371 0.1791
vn -0.3511 0.6269 0.6955
vn -0.3627 0.8051 0.4694
vn -0.3459 0.9200 0.1841
vn -0.6055 0.6868 0.4020
vn -0.5588 0.5570 0.6144
vn -0.5942 0.7857 0.1719
vn -0.6123 0.7739 0.1616
vn -0.4668 0.3576 0.8088
vn -0.3056 0.0482 0.9510
vn 0.1620 0.6600 0.7336
vn 0.1308 0.8590 0.4950
vn -0.1392 0.8517 0.5052
vn 0.0886 0.9787 0.1854
vn -0.2044 0.9622 0.1798
vn -0.0583 0.6539 0.7543
vn -0.4031 0.7718 0.4917
vn -0.2806 0.5996 0.7495
vn -0.6178 0.6416 0.4547
vn -0.4809 0.8612 0.1647
vn -0.6955 0.7048 0.1398
vn -0.1196 0.3577 0.9262
vn 0.0333 0.3878 0.9212
vn 0.0674 0.0577 0.9961
vn 0.1284 0.0660 0.9895
vn -0.4735 0.5109 0.7175
vn -0.2619 0.3120 0.9133
vn 0.0080 0.0451 0.9990
vn 0.1831 0.3948 0.9003
vn 0.1894 0.0677 0.9796
vn -0.0333 0.3878 0.9212
vn 0.1196 0.3577 0.9262
vn 0.2806 0.5996 0.7495
vn 0.2619 0.3120 0.9133
vn 0.4735 0.5109 0.7175
vn -0.1284 0.0660 0.9895
vn -0.0674 0.0577 0.9961
vn -0.0080 0.0451 0.9990
vn 0.0583 0.6539 0.7543
vn 0.4031 0.7718 0.4917
vn 0.1392 0.8517 0.5052
vn 0.4809 0.8612 0.1647
vn 0.6178 0.6416 0.4547
vn 0.6955 0.7048 0.1398
vn -0.1308 0.8590 0.4950
vn -0.1620 0.6600 0.7336
vn 0.2044 0.9622 0.1798
vn -0.0886 0.9787 0.1854
vn -0.1831 0.3948 0.9003
vn -0.1894 0.0677 0.9796
vn -0.6030 0.4300 0.6719
vn -0.7485 0.5228 0.4079
vn -0.8081 0.4594 0.3686
vn -0.8179 0.5646 0.1109
vn -0.8669 0.4906 0.0886
vn -0.6734 0.3878 0.6294
vn -0.8288 0.4447 0.3397
vn -0.7073 0.3811 0.5954
vn -0.8103 0.4850 0.3289
vn -0.8779 0.4728 0.0753
vn -0.8514 0.5187 0.0780
vn -0.4837 0.2535 0.8377
vn -0.4386 0.2533 0.8622
vn -0.1193 0.0250 0.9925
vn -0.0813 0.0279 0.9963
vn -0.7025 0.4147 0.5784
vn -0.4978 0.2731 0.8232
vn -0.1489 0.0203 0.9886
vn -0.3677 0.2720 0.8893
vn -0.0391 0.0334 0.9987
vn 0.4386 0.2533 0.8622
vn 0.4837 0.2535 0.8377
vn 0.7073 0.3811 0.5954
vn 0.4978 0.2731 0.8232
vn 0.7025 0.4147 0.5784
vn 0.0813 0.0279 0.9963
vn 0.1193 0.0250 0.9925
vn 0.1489 0.0203 0.9886
vn 0.6734 0.3878 0.6294
vn 0.8288 0.4447 0.3397
vn 0.8081 0.4594 0.3686
vn 0.8779 0.4728 0.0753
vn 0.8103 0.4850 0.3289
vn 0.8514 0.5187 0.0780
vn 0.7485 0.5228 0.4079
vn 0.6030 0.4300 0.6719
vn 0.8669 0.4906 0.0886
vn 0.8179 0.5646 0.1109
vn 0.3677 0.2720 0.8893
vn 0.0391 0.0334 0.9987
vn -0.6537 0.4820 0.5835
vn -0.7462 0.5717 0.3410
vn -0.6171 0.6920 0.3745
vn -0.7792 0.6185 0.1017
vn -0.6404 0.7548 0.1420
vn -0.5464 0.5723 0.6114
vn -0.3738 0.8232 0.4273
vn -0.3397 0.6598 0.6702
vn -0.0000 0.8883 0.4592
vn -0.3826 0.9045 0.1884
vn -0.0000 0.9775 0.2109
vn -0.2492 0.3981 0.8829
vn -0.4031 0.3590 0.8418
vn -0.0779 0.0200 0.9968
vn -0.1435 0.0275 0.9893
vn -0.0000 0.7010 0.7132
vn -0.0000 0.3847 0.9230
vn -0.0000 -0.0878 0.9961
vn -0.4746 0.3100 0.8238
vn -0.1619 0.0215 0.9866
vn 0.4031 0.3590 0.8418
vn 0.2492 0.3981 0.8829
vn 0.3397 0.6598 0.6702
vn 0.1435 0.0275 0.9893
vn 0.0779 0.0200 0.9968
vn 0.5464 0.5723 0.6114
vn 0.3738 0.8232 0.4273
vn 0.6171 0.6920 0.3745
vn 0.3826 0.9045 0.1884
vn 0.7462 0.5717 0.3410
vn 0.6537 0.4820 0.5835
vn 0.6404 0.7548 0.1420
vn 0.7792 0.6185 0.1017
vn 0.4746 0.3100 0.8238
vn 0.1619 0.0215 0.9866
vn 0.3719 -0.3049 0.8768
vn 0.4037 -0.3251 0.8552
vn 0.3935 -0.3290 0.8584
vn 0.3358 -0.2487 0.9085
vn 0.3293 -0.2599 0.9078
vn 0.3542 -0.3095 0.8825
vn 0.3949 -0.3148 0.8631
vn 0.3235 -0.2360 0.9163
vn 0.3706 -0.2980 0.8797
vn 0.3678 -0.3320 0.8686
vn 0.3518 -0.2970 0.8877
vn 0.3276 -0.3407 0.8813
vn 0.3138 -0.2661 0.9114
vn 0.2881 -0.2743 0.9175
vn 0.2381 -0.1848 0.9535
vn 0.2347 -0.1876 0.9538
vn 0.3154 -0.3046 0.8988
vn 0.2276 -0.1875 0.9555
vn 0.2183 -0.1969 0.9558
vn 0.1863 -0.2113 0.9595
vn -0.2347 -0.1876 0.9538
vn -0.2381 -0.1848 0.9535
vn -0.3518 -0.2970 0.8877
vn -0.2276 -0.1875 0.9555
vn -0.3154 -0.3046 0.8988
vn -0.3706 -0.2980 0.8797
vn -0.3678 -0.3320 0.8686
vn -0.3935 -0.3290 0.8584
vn -0.3138 -0.2661 0.9114
vn -0.3276 -0.3407 0.8813
vn -0.2881 -0.2743 0.9175
vn -0.4037 -0.3251 0.8552
vn -0.3719 -0.3049 0.8768
vn -0.3949 -0.3148 0.8631
vn -0.3542 -0.3095 0.8825
vn -0.3293 -0.2599 0.9078
vn -0.3358 -0.2487 0.9085
vn -0.3235 -0.2360 0.9163
vn -0.2183 -0.1969 0.9558
vn -0.1863 -0.2113 0.9595
vn 0.2170 -0.3333 0.9175
vn 0.2678 -0.3189 0.9092
vn 0.2765 -0.3552 0.8930
vn 0.2194 -0.3707 0.9025
vn 0.2542 -0.2863 0.9238
vn 0.1622 -0.3834 0.9092
vn 0.1670 -0.3456 0.9234
vn 0.1079 -0.3915 0.9138
vn 0.1199 -0.3556 0.9269
vn 0.2119 -0.2993 0.9303
vn 0.1655 -0.3076 0.9370
vn 0.1205 -0.3056 0.9445
vn 0.1780 -0.2097 0.9614
vn 0.1939 -0.2022 0.9600
vn 0.1619 -0.2167 0.9627
vn 0.2112 -0.1945 0.9579
vn -0.2170 -0.3333 0.9175
vn -0.1939 -0.2022 0.9600
vn -0.1780 -0.2097 0.9614
vn -0.1670 -0.3456 0.9234
vn -0.1619 -0.2167 0.9627
vn -0.1622 -0.3834 0.9092
vn -0.2194 -0.3707 0.9025
vn -0.1655 -0.3076 0.9370
vn -0.2119 -0.2993 0.9303
vn -0.1199 -0.3556 0.9269
vn -0.1079 -0.3915 0.9138
vn -0.1205 -0.3056 0.9445
vn -0.2765 -0.3552 0.8930
vn -0.2542 -0.2863 0.9238
vn -0.2678 -0.3189 0.9092
vn -0.2112 -0.1945 0.9579
vn 0.0548 -0.3920 0.9183
vn 0.0584 -0.3947 0.9170
vn 0.0582 -0.3813 0.9226
vn 0.0689 -0.4096 0.9096
vn 0.0592 -0.4008 0.9142
vn 0.1053 -0.2599 0.9599
vn 0.1358 -0.2350 0.9625
vn 0.1697 -0.2307 0.9581
vn 0.0640 -0.3703 0.9267
vn 0.1359 -0.2426 0.9606
vn 0.1395 -0.2323 0.9626
vn 0.1348 -0.2581 0.9567
vn 0.1479 -0.2243 0.9632
vn 0.0833 -0.3632 0.9280
vn 0.0689 -0.3933 0.9168
vn 0.0957 -0.2879 0.9529
vn -0.0833 -0.3632 0.9280
vn -0.1479 -0.2243 0.9632
vn -0.1395 -0.2323 0.9626
vn -0.0640 -0.3703 0.9267
vn -0.1359 -0.2426 0.9606
vn -0.0582 -0.3813 0.9226
vn -0.1348 -0.2581 0.9567
vn -0.0584 -0.3947 0.9170
vn -0.0548 -0.3920 0.9183
vn -0.1358 -0.2350 0.9625
vn -0.1053 -0.2599 0.9599
vn -0.0592 -0.4008 0.9142
vn -0.0689 -0.4096 0.9096
vn -0.1697 -0.2307 0.9581
vn -0.0689 -0.3933 0.9168
vn -0.0957 -0.2879 0.9529
vn 0.0527 -0.4675 0.8824
vn 0.0589 -0.4877 0.8710
vn 0.0324 -0.5083 0.8606
vn 0.0430 -0.4861 0.8728
vn 0.0249 -0.4946 0.8688
vn 0.1719 -0.3264 0.9295
vn 0.1400 -0.3674 0.9195
vn 0.1129 -0.3694 0.9224
vn 0.1450 -0.3299 0.9328
vn 0.1387 -0.3077 0.9413
vn 0.0575 -0.4836 0.8734
vn 0.1746 -0.3494 0.9206
vn 0.1351 -0.2801 0.9504
vn 0.0573 -0.4321 0.9000
vn 0.0692 -0.4445 0.8931
vn 0.1851 -0.2699 0.9449
vn -0.0573 -0.4321 0.9000
vn -0.1351 -0.2801 0.9504
vn -0.1387 -0.3077 0.9413
vn -0.1450 -0.3299 0.9328
vn -0.0430 -0.4861 0.8728
vn -0.1746 -0.3494 0.9206
vn -0.0575 -0.4836 0.8734
vn -0.0527 -0.4675 0.8824
vn -0.0324 -0.5083 0.8606
vn -0.0589 -0.4877 0.8710
vn -0.1400 -0.3674 0.9195
vn -0.0249 -0.4946 0.8688
vn -0.1129 -0.3694 0.9224
vn -0.0692 -0.4445 0.8931
vn -0.1719 -0.3264 0.9295
vn -0.1851 -0.2699 0.9449
vn 0.0966 -0.3781 0.9207
vn 0.1422 -0.2830 0.9485
vn 0.1988 -0.3498 0.9155
vn 0.2045 -0.2210 0.9536
vn 0.2524 -0.2904 0.9230
vn 0.1540 -0.2499 0.9559
vn 0.2042 -0.1815 0.9620
vn 0.2563 -0.1396 0.9565
vn 0.1558 -0.4212 0.8935
vn 0.3116 -0.3659 0.8769
vn 0.3520 -0.3282 0.8766
vn 0.2721 -0.3779 0.8849
vn 0.2236 -0.3628 0.9047
vn 0.0973 -0.4541 0.8856
vn 0.0448 -0.4390 0.8974
vn 0.1128 -0.3182 0.9413
vn -0.1558 -0.4212 0.8935
vn -0.0973 -0.4541 0.8856
vn -0.2236 -0.3628 0.9047
vn -0.2721 -0.3779 0.8849
vn -0.3116 -0.3659 0.8769
vn -0.1988 -0.3498 0.9155
vn -0.3520 -0.3282 0.8766
vn -0.1422 -0.2830 0.9485
vn -0.0966 -0.3781 0.9207
vn -0.2042 -0.1815 0.9620
vn -0.1540 -0.2499 0.9559
vn -0.2524 -0.2904 0.9230
vn -0.2045 -0.2210 0.9536
vn -0.2563 -0.1396 0.9565
vn -0.0448 -0.4390 0.8974
vn -0.1128 -0.3182 0.9413
vn 0.3386 -0.1714 0.9252
vn 0.3934 -0.1806 0.9015
vn 0.4302 -0.2252 0.8742
vn 0.4277 -0.2038 0.8806
vn 0.4609 -0.2370 0.8552
vn 0.3702 -0.1321 0.9195
vn 0.4155 -0.1575 0.8958
vn 0.4458 -0.1974 0.8731
vn 0.3777 -0.2254 0.8981
vn 0.4980 -0.2719 0.8234
vn 0.4535 -0.2744 0.8480
vn 0.5230 -0.2782 0.8057
vn 0.3999 -0.2924 0.8687
vn 0.3139 -0.2455 0.9172
vn 0.2724 -0.1836 0.9445
vn 0.3154 -0.1256 0.9406
vn -0.3139 -0.2455 0.9172
vn -0.3999 -0.2924 0.8687
vn -0.4535 -0.2744 0.8480
vn -0.3777 -0.2254 0.8981
vn -0.4980 -0.2719 0.8234
vn -0.4302 -0.2252 0.8742
vn -0.5230 -0.2782 0.8057
vn -0.3934 -0.1806 0.9015
vn -0.3386 -0.1714 0.9252
vn -0.4155 -0.1575 0.8958
vn -0.3702 -0.1321 0.9195
vn -0.4609 -0.2370 0.8552
vn -0.4277 -0.2038 0.8806
vn -0.4458 -0.1974 0.8731
vn -0.2724 -0.1836 0.9445
vn -0.3154 -0.1256 0.9406
vn 0.4365 -0.2570 0.8622
vn 0.4271 -0.2831 0.8587
vn 0.4394 -0.2928 0.8492
vn 0.4137 -0.3169 0.8535
vn 0.4195 -0.3266 0.8470
vn 0.4614 -0.2833 0.8408
vn 0.4551 -0.3225 0.8300
vn 0.4412 -0.3640 0.8202
vn 0.4562 -0.2713 0.8475
vn 0.4806 -0.3339 0.8109
vn 0.5061 -0.3087 0.8053
vn 0.4497 -0.3738 0.8112
vn 0.5226 -0.2908 0.8014
vn 0.4661 -0.2537 0.8476
vn 0.4392 -0.2315 0.8681
vn 0.4596 -0.2422 0.8545
vn -0.4661 -0.2537 0.8476
vn -0.5226 -0.2908 0.8014
vn -0.5061 -0.3087 0.8053
vn -0.4562 -0.2713 0.8475
vn -0.4806 -0.3339 0.8109
vn -0.4394 -0.2928 0.8492
vn -0.4497 -0.3738 0.8112
vn -0.4271 -0.2831 0.8587
vn -0.4365 -0.2570 0.8622
vn -0.4551 -0.3225 0.8300
vn -0.4614 -0.2833 0.8408
vn -0.4195 -0.3266 0.8470
vn -0.4137 -0.3169 0.8535
vn -0.4412 -0.3640 0.8202
vn -0.4392 -0.2315 0.8681
vn -0.4596 -0.2422 0.8545
vn 0.3696 -0.3839 0.8462
vn 0.3333 -0.3730 0.8659
vn 0.3566 -0.3893 0.8493
vn 0.3050 -0.3053 0.9021
vn 0.3419 -0.3368 0.8773
vn 0.3710 -0.4443 0.8154
vn 0.3117 -0.4442 0.8400
vn 0.2581 -0.3890 0.8843
vn 0.3801 -0.3950 0.8363
vn 0.3802 -0.4647 0.7997
vn 0.3994 -0.4554 0.7957
vn 0.3714 -0.4401 0.8175
vn 0.4225 -0.4211 0.8026
vn 0.4014 -0.3673 0.8390
vn 0.3971 -0.3563 0.8458
vn 0.4160 -0.4089 0.8123
vn -0.4014 -0.3673 0.8390
vn -0.4225 -0.4211 0.8026
vn -0.3994 -0.4554 0.7957
vn -0.3801 -0.3950 0.8363
vn -0.3802 -0.4647 0.7997
vn -0.3566 -0.3893 0.8493
vn -0.3714 -0.4401 0.8175
vn -0.3333 -0.3730 0.8659
vn -0.3696 -0.3839 0.8462
vn -0.3117 -0.4442 0.8400
vn -0.3710 -0.4443 0.8154
vn -0.3419 -0.3368 0.8773
vn -0.3050 -0.3053 0.9021
vn -0.2581 -0.3890 0.8843
vn -0.3971 -0.3563 0.8458
vn -0.4160 -0.4089 0.8123
vn 0.3054 -0.1441 0.9413
vn 0.2663 -0.0941 0.9593
vn 0.2575 -0.0259 0.9659
vn 0.2910 -0.0482 0.9555
vn 0.1891 0.0250 0.9816
vn 0.2058 -0.1964 0.9587
vn 0.1929 -0.1283 0.9728
vn 0.1489 -0.0808 0.9855
vn 0.3177 -0.1864 0.9297
vn 0.3644 -0.2854 0.8864
vn 0.1933 0.0340 0.9806
vn 0.2193 -0.0325 0.9751
vn 0.3729 -0.3825 0.8453
vn 0.3357 -0.2458 0.9093
vn 0.2907 -0.1953 0.9367
vn 0.2270 -0.2888 0.9301
vn -0.3357 -0.2458 0.9093
vn -0.3729 -0.3825 0.8453
vn -0.3644 -0.2854 0.8864
vn -0.3177 -0.1864 0.9297
vn -0.2910 -0.0482 0.9555
vn -0.2193 -0.0325 0.9751
vn -0.1933 0.0340 0.9806
vn -0.3054 -0.1441 0.9413
vn -0.2575 -0.0259 0.9659
vn -0.2663 -0.0941 0.9593
vn -0.1929 -0.1283 0.9728
vn -0.1891 0.0250 0.9816
vn -0.1489 -0.0808 0.9855
vn -0.2907 -0.1953 0.9367
vn -0.2058 -0.1964 0.9587
vn -0.2270 -0.2888 0.9301
vn -0.0527 0.1173 0.9917
vn 0.0445 0.0977 0.9942
vn 0.0694 0.0630 0.9956
vn -0.0178 0.0656 0.9977
vn 0.0499 -0.0506 0.9975
vn -0.0749 0.0476 0.9961
vn -0.0968 0.1002 0.9903
vn -0.0812 -0.0158 0.9966
vn -0.0792 0.0251 0.9965
vn -0.0336 -0.0458 0.9984
vn -0.0991 -0.0502 0.9938
vn -0.1233 -0.0877 0.9885
vn -0.1287 0.1124 0.9853
vn -0.1013 0.1239 0.9871
vn -0.1516 0.0805 0.9852
vn -0.0784 0.0373 0.9962
vn -0.0000 0.0422 0.9991
vn 0.0104 0.0878 0.9961
vn -0.1641 0.0808 0.9831
vn -0.0449 0.0215 0.9988
vn 0.0527 0.1173 0.9917
vn 0.1013 0.1239 0.9871
vn 0.1287 0.1124 0.9853
vn 0.0968 0.1002 0.9903
vn 0.0784 0.0373 0.9962
vn 0.1641 0.0808 0.9831
vn 0.1516 0.0805 0.9852
vn 0.0749 0.0476 0.9961
vn 0.0178 0.0656 0.9977
vn 0.0991 -0.0502 0.9938
vn 0.0336 -0.0458 0.9984
vn 0.0792 0.0251 0.9965
vn 0.0812 -0.0158 0.9966
vn 0.1233 -0.0877 0.9885
vn -0.0694 0.0630 0.9956
vn -0.0499 -0.0506 0.9975
vn -0.0445 0.0977 0.9942
vn -0.0104 0.0878 0.9961
vn 0.0449 0.0215 0.9988
vn 0.3127 -0.2735 0.9096
vn 0.3595 -0.3006 0.8834
vn 0.3080 -0.3119 0.8988
vn 0.2515 -0.1937 0.9483
vn 0.2928 -0.2175 0.9311
vn 0.2586 -0.2981 0.9188
vn 0.1429 -0.2226 0.9644
vn 0.1110 -0.2244 0.9682
vn 0.0892 -0.2247 0.9703
vn 0.2165 -0.2780 0.9359
vn 0.1002 -0.2487 0.9634
vn 0.1817 -0.2682 0.9461
vn 0.2667 -0.2520 0.9302
vn 0.1979 -0.1817 0.9632
vn 0.2183 -0.2240 0.9498
vn 0.1502 -0.1497 0.9773
vn -0.2165 -0.2780 0.9359
vn -0.0892 -0.2247 0.9703
vn -0.1110 -0.2244 0.9682
vn -0.1817 -0.2682 0.9461
vn -0.1002 -0.2487 0.9634
vn -0.2586 -0.2981 0.9188
vn -0.1429 -0.2226 0.9644
vn -0.3080 -0.3119 0.8988
vn -0.3595 -0.3006 0.8834
vn -0.3127 -0.2735 0.9096
vn -0.2928 -0.2175 0.9311
vn -0.2515 -0.1937 0.9483
vn -0.2667 -0.2520 0.9302
vn -0.2183 -0.2240 0.9498
vn -0.1979 -0.1817 0.9632
vn -0.1502 -0.1497 0.9773
vn 0.1139 -0.2377 0.9646
vn 0.1123 -0.1891 0.9755
vn 0.1651 -0.1976 0.9663
vn 0.1533 -0.2468 0.9569
vn 0.0406 -0.1367 0.9898
vn 0.0970 -0.1379 0.9857
vn 0.0960 -0.2726 0.9573
vn 0.0755 -0.2705 0.9598
vn -0.0000 -0.2727 0.9621
vn -0.0000 -0.2826 0.9592
vn 0.0533 -0.2604 0.9640
vn 0.0746 -0.2295 0.9705
vn 0.0319 -0.2407 0.9701
vn -0.0000 -0.2725 0.9621
vn -0.0000 -0.2522 0.9677
vn 0.0608 -0.1864 0.9806
vn -0.0144 -0.1432 0.9896
vn 0.0429 -0.2158 0.9755
vn 0.0157 -0.1848 0.9827
vn -0.0615 -0.1536 0.9862
vn -0.1139 -0.2377 0.9646
vn -0.0746 -0.2295 0.9705
vn -0.0533 -0.2604 0.9640
vn -0.0755 -0.2705 0.9598
vn -0.0429 -0.2158 0.9755
vn -0.0319 -0.2407 0.9701
vn -0.0960 -0.2726 0.9573
vn -0.1533 -0.2468 0.9569
vn -0.1651 -0.1976 0.9663
vn -0.1123 -0.1891 0.9755
vn -0.0970 -0.1379 0.9857
vn -0.0608 -0.1864 0.9806
vn -0.0157 -0.1848 0.9827
vn -0.0406 -0.1367 0.9898
vn 0.0144 -0.1432 0.9896
vn 0.0615 -0.1536 0.9862
vn -0.0010 -0.1504 0.9886
vn -0.0248 -0.0644 0.9976
vn -0.0397 -0.0733 0.9965
vn -0.0000 -0.1519 0.9884
vn -0.0000 -0.0652 0.9979
vn -0.0129 -0.1467 0.9891
vn -0.0623 -0.0932 0.9937
vn -0.0437 -0.1460 0.9883
vn -0.1211 -0.1326 0.9838
vn -0.0208 -0.1685 0.9855
vn 0.0131 -0.1925 0.9812
vn -0.1123 -0.1561 0.9813
vn -0.0954 -0.1546 0.9834
vn 0.0141 -0.2111 0.9774
vn -0.0000 -0.2166 0.9763
vn -0.0131 -0.1925 0.9812
vn 0.0208 -0.1685 0.9855
vn 0.0437 -0.1460 0.9883
vn 0.0954 -0.1546 0.9834
vn 0.1123 -0.1561 0.9813
vn 0.0129 -0.1467 0.9891
vn 0.0623 -0.0932 0.9937
vn 0.0397 -0.0733 0.9965
vn 0.1211 -0.1326 0.9838
vn 0.0248 -0.0644 0.9976
vn 0.0010 -0.1504 0.9886
vn -0.0141 -0.2111 0.9774
vn 0.0707 -0.7089 0.7017
vn 0.1040 -0.6950 0.7114
vn 0.0899 -0.6446 0.7592
vn 0.0578 -0.6600 0.7490
vn 0.0626 -0.5662 0.8219
vn 0.1359 -0.6703 0.7295
vn 0.1222 -0.6169 0.7775
vn 0.0906 -0.5443 0.8340
vn 0.0271 -0.6644 0.7469
vn 0.0359 -0.7139 0.6993
vn -0.0000 -0.6634 0.7483
vn -0.0000 -0.7138 0.7004
vn 0.0368 -0.5780 0.8152
vn 0.0151 -0.5806 0.8141
vn -0.0000 -0.5791 0.8152
vn 0.0428 -0.7541 0.6554
vn 0.0805 -0.7497 0.6568
vn -0.0000 -0.7545 0.6563
vn 0.1140 -0.7392 0.6638
vn 0.1443 -0.7208 0.6780
vn -0.0707 -0.7089 0.7017
vn -0.0805 -0.7497 0.6568
vn -0.0428 -0.7541 0.6554
vn -0.0359 -0.7139 0.6993
vn -0.0271 -0.6644 0.7469
vn -0.0578 -0.6600 0.7490
vn -0.0151 -0.5806 0.8141
vn -0.0368 -0.5780 0.8152
vn -0.0899 -0.6446 0.7592
vn -0.1040 -0.6950 0.7114
vn -0.1222 -0.6169 0.7775
vn -0.0626 -0.5662 0.8219
vn -0.0906 -0.5443 0.8340
vn -0.1140 -0.7392 0.6638
vn -0.1359 -0.6703 0.7295
vn -0.1443 -0.7208 0.6780
vn 0.2254 -0.5643 0.7942
vn 0.2801 -0.4873 0.8271
vn 0.2511 -0.4394 0.8625
vn 0.2058 -0.5111 0.8345
vn 0.2099 -0.3987 0.8927
vn 0.3233 -0.4050 0.8552
vn 0.2939 -0.3593 0.8857
vn 0.2524 -0.3287 0.9101
vn 0.1596 -0.5732 0.8037
vn 0.1745 -0.6285 0.7580
vn 0.1659 -0.4601 0.8722
vn 0.1242 -0.5097 0.8513
vn 0.1827 -0.6861 0.7042
vn 0.2379 -0.6262 0.7425
vn 0.2995 -0.5453 0.7829
vn 0.3476 -0.4618 0.8160
vn -0.2254 -0.5643 0.7942
vn -0.2379 -0.6262 0.7425
vn -0.1827 -0.6861 0.7042
vn -0.1745 -0.6285 0.7580
vn -0.1596 -0.5732 0.8037
vn -0.2058 -0.5111 0.8345
vn -0.1242 -0.5097 0.8513
vn -0.1659 -0.4601 0.8722
vn -0.2511 -0.4394 0.8625
vn -0.2939 -0.3593 0.8857
vn -0.3233 -0.4050 0.8552
vn -0.2099 -0.3987 0.8927
vn -0.2524 -0.3287 0.9101
vn -0.2801 -0.4873 0.8271
vn -0.2995 -0.5453 0.7829
vn -0.3476 -0.4618 0.8160
vn 0.3572 -0.2385 0.9030
vn 0.3173 -0.2008 0.9268
vn 0.3249 -0.2391 0.9150
vn 0.2767 -0.1660 0.9465
vn 0.2894 -0.2113 0.9336
vn 0.3561 -0.2045 0.9118
vn 0.3025 -0.1720 0.9375
vn 0.2212 -0.1140 0.9685
vn 0.3574 -0.2794 0.8912
vn 0.3190 -0.2913 0.9019
vn 0.3487 -0.3314 0.8767
vn 0.2813 -0.2637 0.9227
vn 0.3832 -0.3805 0.8417
vn 0.4012 -0.3214 0.8578
vn 0.4145 -0.2710 0.8688
vn 0.4294 -0.2223 0.8753
vn -0.4012 -0.3214 0.8578
vn -0.3832 -0.3805 0.8417
vn -0.3487 -0.3314 0.8767
vn -0.3574 -0.2794 0.8912
vn -0.3190 -0.2913 0.9019
vn -0.3249 -0.2391 0.9150
vn -0.2813 -0.2637 0.9227
vn -0.3173 -0.2008 0.9268
vn -0.3572 -0.2385 0.9030
vn -0.3025 -0.1720 0.9375
vn -0.3561 -0.2045 0.9118
vn -0.2894 -0.2113 0.9336
vn -0.2767 -0.1660 0.9465
vn -0.2212 -0.1140 0.9685
vn -0.4145 -0.2710 0.8688
vn -0.4294 -0.2223 0.8753
vn 0.3628 -0.0137 0.9318
vn 0.4742 0.0067 0.8804
vn 0.4795 0.0220 0.8773
vn 0.3631 -0.0018 0.9317
vn 0.4903 0.0415 0.8706
vn 0.2620 -0.0173 0.9649
vn 0.2643 -0.0276 0.9640
vn 0.1793 -0.0270 0.9834
vn 0.1806 -0.0373 0.9828
vn 0.3676 0.0139 0.9299
vn 0.2618 -0.0023 0.9651
vn 0.1785 -0.0105 0.9839
vn 0.2692 -0.0363 0.9624
vn 0.3659 -0.0251 0.9303
vn 0.2768 -0.0466 0.9598
vn 0.1840 -0.0439 0.9819
vn 0.1907 -0.0486 0.9804
vn 0.4734 -0.0083 0.8808
vn 0.3712 -0.0407 0.9276
vn 0.4751 -0.0284 0.8795
vn -0.3628 -0.0137 0.9318
vn -0.3659 -0.0251 0.9303
vn -0.2692 -0.0363 0.9624
vn -0.2643 -0.0276 0.9640
vn -0.1840 -0.0439 0.9819
vn -0.3712 -0.0407 0.9276
vn -0.2768 -0.0466 0.9598
vn -0.1907 -0.0486 0.9804
vn -0.2620 -0.0173 0.9649
vn -0.3631 -0.0018 0.9317
vn -0.2618 -0.0023 0.9651
vn -0.3676 0.0139 0.9299
vn -0.1806 -0.0373 0.9828
vn -0.1793 -0.0270 0.9834
vn -0.1785 -0.0105 0.9839
vn -0.4795 0.0220 0.8773
vn -0.4742 0.0067 0.8804
vn -0.4903 0.0415 0.8706
vn -0.4734 -0.0083 0.8808
vn -0.4751 -0.0284 0.8795
vn 0.3734 -0.1101 0.9211
vn 0.2917 -0.0951 0.9518
vn 0.2946 -0.1369 0.9458
vn 0.3636 -0.1621 0.9173
vn 0.2101 -0.0695 0.9752
vn 0.2185 -0.0854 0.9721
vn 0.4491 -0.1673 0.8777
vn 0.4668 -0.1086 0.8777
vn 0.4749 -0.0606 0.8780
vn 0.3753 -0.0676 0.9245
vn 0.2852 -0.0645 0.9563
vn 0.2002 -0.0557 0.9782
vn -0.3734 -0.1101 0.9211
vn -0.3753 -0.0676 0.9245
vn -0.4749 -0.0606 0.8780
vn -0.4668 -0.1086 0.8777
vn -0.4491 -0.1673 0.8777
vn -0.3636 -0.1621 0.9173
vn -0.2946 -0.1369 0.9458
vn -0.2917 -0.0951 0.9518
vn -0.2185 -0.0854 0.9721
vn -0.2852 -0.0645 0.9563
vn -0.2101 -0.0695 0.9752
vn -0.2002 -0.0557 0.9782
vn 0.1090 -0.0109 0.9940
vn 0.1246 -0.0685 0.9898
vn 0.0640 -0.0661 0.9958
vn 0.1961 -0.2336 0.9523
vn 0.1154 -0.2325 0.9657
vn 0.1836 -0.0070 0.9830
vn 0.2118 -0.0560 0.9757
vn 0.3156 -0.2453 0.9166
vn 0.0516 -0.0097 0.9986
vn 0.0217 -0.0656 0.9976
vn 0.0139 -0.0088 0.9999
vn -0.0000 -0.0656 0.9978
vn 0.0516 -0.2318 0.9714
vn -0.0000 -0.2332 0.9724
vn 0.0136 -0.0011 0.9999
vn 0.0520 -0.0009 0.9986
vn 0.0142 -0.0199 0.9997
vn 0.0532 -0.0183 0.9984
vn -0.0000 -0.0086 1.0000
vn -0.0000 -0.0012 1.0000
vn -0.0000 -0.0204 0.9998
vn 0.1089 -0.0004 0.9940
vn 0.1777 0.0023 0.9841
vn 0.1106 -0.0152 0.9937
vn -0.0520 -0.0009 0.9986
vn -0.0136 -0.0011 0.9999
vn -0.0139 -0.0088 0.9999
vn -0.0532 -0.0183 0.9984
vn -0.0142 -0.0199 0.9997
vn -0.0516 -0.0097 0.9986
vn -0.0217 -0.0656 0.9976
vn -0.0640 -0.0661 0.9958
vn -0.0516 -0.2318 0.9714
vn -0.1246 -0.0685 0.9898
vn -0.1090 -0.0109 0.9940
vn -0.2118 -0.0560 0.9757
vn -0.1836 -0.0070 0.9830
vn -0.1154 -0.2325 0.9657
vn -0.1961 -0.2336 0.9523
vn -0.3156 -0.2453 0.9166
vn -0.1089 -0.0004 0.9940
vn -0.1106 -0.0152 0.9937
vn -0.1777 0.0023 0.9841
vn 0.0510 -0.0542 0.9972
vn 0.1102 -0.0501 0.9926
vn 0.1093 -0.0448 0.9930
vn 0.0533 -0.0505 0.9973
vn 0.1144 -0.0499 0.9922
vn 0.0510 -0.0500 0.9974
vn 0.1102 -0.0341 0.9933
vn 0.0524 -0.0391 0.9979
vn 0.0137 -0.0415 0.9990
vn 0.0129 -0.0524 0.9985
vn -0.0000 -0.0421 0.9991
vn -0.0000 -0.0530 0.9986
vn 0.0128 -0.0560 0.9984
vn 0.0137 -0.0506 0.9986
vn -0.0000 -0.0563 0.9984
vn -0.0000 -0.0505 0.9987
vn -0.0129 -0.0524 0.9985
vn -0.0137 -0.0415 0.9990
vn -0.0524 -0.0391 0.9979
vn -0.0510 -0.0500 0.9974
vn -0.1102 -0.0341 0.9933
vn -0.1093 -0.0448 0.9930
vn -0.1102 -0.0501 0.9926
vn -0.0510 -0.0542 0.9972
vn -0.1144 -0.0499 0.9922
vn -0.0533 -0.0505 0.9973
vn -0.0128 -0.0560 0.9984
vn -0.0137 -0.0506 0.9986
vn 0.0175 -0.0451 0.9988
vn 0.0196 -0.0773 0.9968
vn 0.0617 -0.0750 0.9953
vn 0.0258 -0.1699 0.9851
vn 0.0590 -0.1537 0.9864
vn -0.0000 -0.0446 0.9990
vn -0.0000 -0.0776 0.9970
vn -0.0000 -0.1737 0.9848
vn 0.0609 -0.0478 0.9970
vn 0.1306 -0.0734 0.9887
vn 0.1115 -0.1189 0.9866
vn 0.1283 -0.0532 0.9903
vn 0.1216 -0.0487 0.9914
vn 0.0573 -0.0450 0.9973
vn 0.0157 -0.0427 0.9990
vn -0.0000 -0.0417 0.9991
vn -0.0609 -0.0478 0.9970
vn -0.0573 -0.0450 0.9973
vn -0.1216 -0.0487 0.9914
vn -0.1283 -0.0532 0.9903
vn -0.1306 -0.0734 0.9887
vn -0.0617 -0.0750 0.9953
vn -0.1115 -0.1189 0.9866
vn -0.0196 -0.0773 0.9968
vn -0.0175 -0.0451 0.9988
vn -0.0590 -0.1537 0.9864
vn -0.0258 -0.1699 0.9851
vn -0.0157 -0.0427 0.9990
vn 0.8058 -0.5387 0.2459
vn 0.7724 -0.4673 0.4302
vn 0.8996 -0.3058 0.3117
vn 0.9292 -0.3415 0.1414
vn 0.9694 -0.0934 0.2271
vn 0.6618 -0.3454 0.6653
vn 0.7796 -0.2508 0.5739
vn 0.8477 -0.1021 0.5205
vn 0.9255 -0.3630 0.1082
vn 0.7965 -0.5744 0.1887
vn 0.8964 -0.3824 0.2240
vn 0.7503 -0.5949 0.2885
vn 0.9915 -0.1081 0.0724
vn 0.9911 -0.1189 0.0605
vn 0.9743 -0.1257 0.1870
vn 0.6469 -0.7038 0.2937
vn 0.6518 -0.6504 0.3901
vn 0.5261 -0.7567 0.3881
vn 0.5950 -0.7146 0.3680
vn 0.4877 -0.7555 0.4374
vn 0.6065 -0.5407 0.5829
vn 0.5098 -0.3233 0.7972
vn 0.5091 -0.6878 0.5175
vn 0.4395 -0.5170 0.7345
vn -0.8058 -0.5387 0.2459
vn -0.6518 -0.6504 0.3901
vn -0.6469 -0.7038 0.2937
vn -0.7965 -0.5744 0.1887
vn -0.5950 -0.7146 0.3680
vn -0.5091 -0.6878 0.5175
vn -0.5261 -0.7567 0.3881
vn -0.4877 -0.7555 0.4374
vn -0.9255 -0.3630 0.1082
vn -0.9292 -0.3415 0.1414
vn -0.9911 -0.1189 0.0605
vn -0.9915 -0.1081 0.0724
vn -0.7503 -0.5949 0.2885
vn -0.8964 -0.3824 0.2240
vn -0.9743 -0.1257 0.1870
vn -0.8996 -0.3058 0.3117
vn -0.7724 -0.4673 0.4302
vn -0.7796 -0.2508 0.5739
vn -0.9694 -0.0934 0.2271
vn -0.8477 -0.1021 0.5205
vn -0.6065 -0.5407 0.5829
vn -0.4395 -0.5170 0.7345
vn -0.6618 -0.3454 0.6653
vn -0.5098 -0.3233 0.7972
vn 0.9352 0.3165 0.1589
vn 0.8339 0.5157 0.1966
vn 0.8553 0.5125 -0.0756
vn 0.6204 0.6920 0.3691
vn 0.6690 0.7349 -0.1110
vn 0.6887 0.1997 0.6970
vn 0.4030 0.2002 0.8930
vn 0.0749 0.1483 0.9861
vn 0.9528 0.3030 -0.0197
vn 0.8681 0.4932 -0.0554
vn 0.9565 0.2917 0.0007
vn 0.8651 0.4874 0.1189
vn 0.6855 0.7179 -0.1209
vn 0.6992 0.7113 0.0719
vn 0.9946 0.0976 0.0339
vn 0.9939 0.1069 0.0262
vn 0.9441 0.2923 0.1524
vn 0.9802 0.1022 0.1695
vn 0.9769 0.1164 0.1794
vn 0.8352 0.0516 0.5475
vn -0.9939 0.1069 0.0262
vn -0.9946 0.0976 0.0339
vn -0.9565 0.2917 0.0007
vn -0.9802 0.1022 0.1695
vn -0.9441 0.2923 0.1524
vn -0.9528 0.3030 -0.0197
vn -0.8681 0.4932 -0.0554
vn -0.8553 0.5125 -0.0756
vn -0.6855 0.7179 -0.1209
vn -0.8651 0.4874 0.1189
vn -0.6992 0.7113 0.0719
vn -0.8339 0.5157 0.1966
vn -0.9352 0.3165 0.1589
vn -0.4030 0.2002 0.8930
vn -0.6887 0.1997 0.6970
vn -0.6690 0.7349 -0.1110
vn -0.6204 0.6920 0.3691
vn -0.0749 0.1483 0.9861
vn -0.9769 0.1164 0.1794
vn -0.8352 0.0516 0.5475
vn 0.0658 0.7325 0.6776
vn -0.1109 0.6600 0.7430
vn -0.1207 0.9580 0.2600
vn -0.2499 0.5384 0.8048
vn -0.3646 0.8188 0.4435
vn -0.0660 0.1670 0.9837
vn -0.0819 0.2097 0.9743
vn -0.0000 0.2439 0.9698
vn 0.1427 0.9855 0.0912
vn -0.1299 0.9900 0.0551
vn 0.1428 0.9865 -0.0798
vn -0.1256 0.9804 0.1517
vn -0.3947 0.8908 0.2251
vn -0.3859 0.8858 0.2576
vn 0.4193 0.8969 -0.1409
vn 0.4134 0.9094 -0.0463
vn 0.1530 0.9858 0.0686
vn 0.4389 0.8975 0.0424
vn 0.3120 0.7597 0.5706
vn -0.0443 0.1270 0.9909
vn -0.4134 0.9094 -0.0463
vn -0.4193 0.8969 -0.1409
vn -0.1428 0.9865 -0.0798
vn -0.4389 0.8975 0.0424
vn -0.1530 0.9858 0.0686
vn -0.1427 0.9855 0.0912
vn 0.1299 0.9900 0.0551
vn 0.1207 0.9580 0.2600
vn 0.3947 0.8908 0.2251
vn 0.1256 0.9804 0.1517
vn 0.3859 0.8858 0.2576
vn 0.1109 0.6600 0.7430
vn -0.0658 0.7325 0.6776
vn 0.0820 0.2097 0.9743
vn 0.0660 0.1670 0.9837
vn 0.3646 0.8188 0.4435
vn 0.2499 0.5384 0.8048
vn -0.3120 0.7597 0.5706
vn 0.0443 0.1270 0.9909
vn -0.6833 0.6039 0.4103
vn -0.5021 0.5382 0.6769
vn -0.4840 0.6646 0.5692
vn -0.5745 0.7423 0.3449
vn -0.0000 0.9340 0.3573
vn -0.0000 0.5316 0.8470
vn -0.0000 0.5222 0.8528
vn -0.0000 0.8251 0.5650
vn -0.6093 0.7812 0.1355
vn -0.6823 0.6865 0.2513
vn -0.5277 0.8288 0.1860
vn -0.0000 0.9433 0.3320
vn -0.0000 0.9980 0.0628
vn -0.0000 0.9916 0.1295
vn -0.5941 0.7435 0.3071
vn -0.5687 0.6512 0.5025
vn -0.6243 0.7301 0.2779
vn -0.5659 0.7634 0.3113
vn -0.4049 0.4587 0.7910
vn -0.0000 0.3478 0.9376
vn 0.5687 0.6512 0.5025
vn 0.5941 0.7435 0.3071
vn 0.6823 0.6865 0.2513
vn 0.5659 0.7634 0.3113
vn 0.6243 0.7301 0.2779
vn 0.6833 0.6039 0.4103
vn 0.6093 0.7812 0.1355
vn 0.5277 0.8288 0.1860
vn 0.5745 0.7423 0.3449
vn 0.4840 0.6646 0.5692
vn 0.5021 0.5382 0.6769
vn 0.4049 0.4587 0.7910
vn 0.1593 -0.7402 0.6532
vn 0.1069 -0.5026 0.8579
vn 0.2069 -0.5005 0.8407
vn -0.0000 -0.7516 0.6596
vn -0.0000 -0.5075 0.8617
vn 0.2870 -0.7224 0.6291
vn 0.3107 -0.5063 0.8045
vn 0.3954 -0.7057 0.5879
vn 0.4300 -0.7858 0.4445
vn 0.3228 -0.8174 0.4772
vn 0.4092 -0.7749 0.4818
vn 0.3126 -0.8022 0.5087
vn 0.1847 -0.8485 0.4960
vn -0.0000 -0.8650 0.5018
vn 0.1813 -0.8324 0.5237
vn -0.0000 -0.8490 0.5284
vn -0.3228 -0.8174 0.4772
vn -0.4300 -0.7858 0.4445
vn -0.3954 -0.7057 0.5879
vn -0.3126 -0.8022 0.5087
vn -0.4092 -0.7749 0.4818
vn -0.2870 -0.7224 0.6291
vn -0.3107 -0.5063 0.8045
vn -0.2069 -0.5005 0.8407
vn -0.1069 -0.5026 0.8579
vn -0.1593 -0.7402 0.6532
vn -0.1847 -0.8485 0.4960
vn -0.1813 -0.8324 0.5237
vn 0.1314 -0.6360 0.7604
vn 0.1590 -0.7395 0.6541
vn 0.2710 -0.7218 0.6369
vn -0.0000 -0.6382 0.7699
vn -0.0000 -0.7510 0.6603
vn 0.2236 -0.6388 0.7361
vn 0.3505 -0.7112 0.6094
vn 0.2877 -0.6544 0.6993
vn 0.4090 -0.7130 0.5695
vn 0.2209 -0.6008 0.7683
vn 0.1738 -0.5640 0.8073
vn 0.1683 -0.5474 0.8198
vn 0.1259 -0.5014 0.8560
vn 0.3370 -0.6733 0.6581
vn 0.2692 -0.6253 0.7325
vn 0.2135 -0.5802 0.7860
vn 0.1014 -0.5406 0.8351
vn -0.0000 -0.5327 0.8463
vn 0.0718 -0.4643 0.8828
vn -0.0000 -0.4490 0.8935
vn -0.1738 -0.5640 0.8073
vn -0.2209 -0.6008 0.7683
vn -0.2877 -0.6544 0.6993
vn -0.2692 -0.6253 0.7325
vn -0.1259 -0.5014 0.8560
vn -0.1683 -0.5474 0.8198
vn -0.2135 -0.5802 0.7860
vn -0.2236 -0.6388 0.7361
vn -0.3505 -0.7112 0.6094
vn -0.2710 -0.7218 0.6369
vn -0.3370 -0.6733 0.6581
vn -0.4090 -0.7130 0.5695
vn -0.1590 -0.7395 0.6541
vn -0.1314 -0.6360 0.7604
vn -0.1014 -0.5406 0.8351
vn -0.0718 -0.4643 0.8828
vn -0.4333 0.6835 0.5874
vn -0.5484 0.7361 0.3968
vn -0.4302 0.8280 0.3597
vn -0.3235 0.7367 0.5938
vn -0.0000 0.9322 0.3619
vn -0.1960 0.5740 0.7951
vn -0.2920 0.5584 0.7765
vn -0.0901 0.3256 0.9412
vn -0.0000 0.7832 0.6217
vn -0.0000 0.5432 0.8396
vn -0.0000 0.1464 0.9892
vn -0.2849 0.5881 0.7569
vn -0.4114 0.6900 0.5955
vn -0.1995 0.6274 0.7527
vn -0.1471 0.3984 0.9053
vn -0.1477 0.4662 0.8723
vn -0.1302 0.5177 0.8456
vn -0.5075 0.7472 0.4291
vn -0.2811 0.7507 0.5979
vn -0.3462 0.8377 0.4223
vn 0.4333 0.6835 0.5874
vn 0.4114 0.6900 0.5955
vn 0.2849 0.5881 0.7569
vn 0.2920 0.5584 0.7765
vn 0.1477 0.4662 0.8723
vn 0.2811 0.7507 0.5979
vn 0.1995 0.6274 0.7527
vn 0.1302 0.5177 0.8456
vn 0.1960 0.5740 0.7951
vn 0.3235 0.7367 0.5938
vn 0.1471 0.3984 0.9053
vn 0.0901 0.3256 0.9412
vn 0.4302 0.8280 0.3597
vn 0.5484 0.7361 0.3968
vn 0.5075 0.7472 0.4291
vn 0.3462 0.8377 0.4223
vn 0.1535 0.9245 0.3489
vn -0.1067 0.9175 0.3832
vn -0.0788 0.7998 0.5951
vn -0.0486 0.6486 0.7596
vn 0.1101 0.6305 0.7683
vn -0.0367 0.4993 0.8657
vn 0.0854 0.4702 0.8784
vn 0.2718 0.5796 0.7682
vn 0.3553 0.7259 0.5889
vn 0.4130 0.4878 0.7691
vn 0.5499 0.5903 0.5909
vn 0.2109 0.4370 0.8744
vn 0.3050 0.4074 0.8608
vn 0.1364 0.7949 0.5912
vn 0.4194 0.8427 0.3374
vn 0.6549 0.6708 0.3480
vn -0.3553 0.7259 0.5889
vn -0.2718 0.5796 0.7682
vn -0.1101 0.6305 0.7683
vn -0.2109 0.4370 0.8744
vn -0.0854 0.4702 0.8784
vn -0.5499 0.5903 0.5909
vn -0.4130 0.4878 0.7691
vn -0.3050 0.4074 0.8608
vn 0.0486 0.6486 0.7596
vn 0.0788 0.7998 0.5951
vn 0.0367 0.4993 0.8657
vn 0.1067 0.9175 0.3832
vn -0.1535 0.9245 0.3489
vn -0.1364 0.7949 0.5912
vn -0.4194 0.8427 0.3374
vn -0.6549 0.6708 0.3480
vn 0.8761 0.2891 0.3858
vn 0.8036 0.4687 0.3669
vn 0.6744 0.4271 0.6023
vn 0.7314 0.2697 0.6263
vn 0.4982 0.3694 0.7845
vn 0.5233 0.2320 0.8199
vn 0.3165 0.3258 0.8909
vn 0.5156 0.0857 0.8526
vn 0.7485 0.0989 0.6557
vn 0.4816 -0.1262 0.8673
vn 0.7256 -0.1345 0.6749
vn 0.3144 0.2000 0.9280
vn 0.2926 0.0735 0.9534
vn 0.2562 -0.1136 0.9599
vn 0.9095 0.1057 0.4021
vn 0.8973 -0.1337 0.4207
vn -0.7485 0.0989 0.6557
vn -0.5156 0.0857 0.8526
vn -0.5233 0.2320 0.8199
vn -0.2926 0.0735 0.9534
vn -0.7256 -0.1345 0.6749
vn -0.4816 -0.1262 0.8673
vn -0.2562 -0.1136 0.9599
vn -0.7314 0.2697 0.6263
vn -0.4982 0.3694 0.7845
vn -0.6744 0.4271 0.6023
vn -0.3144 0.2000 0.9280
vn -0.3165 0.3258 0.8909
vn -0.8036 0.4687 0.3669
vn -0.8761 0.2891 0.3858
vn -0.9095 0.1057 0.4021
vn -0.8973 -0.1337 0.4207
vn 0.5063 -0.5728 0.6446
vn 0.6489 -0.5967 0.4721
vn 0.8055 -0.3952 0.4416
vn 0.6366 -0.3884 0.6663
vn 0.4131 -0.3546 0.8388
vn 0.3421 -0.5169 0.7847
vn 0.2206 -0.3076 0.9256
vn 0.2954 -0.6034 0.7407
vn 0.3972 -0.6611 0.6365
vn 0.2028 -0.4503 0.8695
vn 0.2029 -0.5412 0.8161
vn 0.4985 -0.6951 0.5180
vn -0.3972 -0.6611 0.6365
vn -0.2954 -0.6034 0.7407
vn -0.3421 -0.5169 0.7847
vn -0.2029 -0.5412 0.8161
vn -0.2028 -0.4503 0.8695
vn -0.5063 -0.5728 0.6446
vn -0.4131 -0.3546 0.8388
vn -0.6366 -0.3884 0.6663
vn -0.2206 -0.3076 0.9256
vn -0.8055 -0.3952 0.4416
vn -0.6489 -0.5967 0.4721
vn -0.4985 -0.6951 0.5180
vn -0.0369 0.2787 0.9597
vn -0.0328 0.1597 0.9866
vn 0.0396 0.0898 0.9952
vn -0.0086 -0.0037 1.0000
vn 0.0278 -0.0639 0.9976
vn 0.0495 0.2142 0.9755
vn 0.1328 0.0686 0.9888
vn 0.1058 -0.0936 0.9900
vn 0.1577 0.1938 0.9683
vn 0.1791 0.3146 0.9322
vn 0.0650 0.3346 0.9401
vn -0.0392 0.3799 0.9242
vn -0.0495 0.2142 0.9755
vn -0.0650 0.3346 0.9401
vn -0.1791 0.3146 0.9322
vn -0.1577 0.1938 0.9683
vn -0.1328 0.0686 0.9888
vn -0.0396 0.0898 0.9952
vn -0.1058 -0.0936 0.9900
vn 0.0328 0.1597 0.9866
vn 0.0369 0.2787 0.9597
vn -0.0278 -0.0639 0.9976
vn 0.0086 -0.0037 1.0000
vn 0.0392 0.3799 0.9242
vn 0.0461 -0.3349 0.9411
vn 0.0263 -0.2161 0.9760
vn 0.0015 -0.1807 0.9835
vn 0.0164 -0.2935 0.9558
vn -0.0000 -0.1544 0.9880
vn 0.0427 -0.3892 0.9202
vn 0.0817 -0.4315 0.8984
vn -0.0000 -0.2755 0.9613
vn -0.0000 -0.3707 0.9288
vn 0.1325 -0.4830 0.8655
vn 0.1049 -0.3866 0.9163
vn 0.0937 -0.2593 0.9612
vn -0.0461 -0.3349 0.9411
vn -0.1049 -0.3866 0.9163
vn -0.1325 -0.4830 0.8655
vn -0.0817 -0.4315 0.8984
vn -0.0427 -0.3892 0.9202
vn -0.0164 -0.2935 0.9558
vn -0.0015 -0.1807 0.9835
vn -0.0263 -0.2161 0.9760
vn -0.0937 -0.2593 0.9612
vn -0.2193 -0.0513 0.9743
vn -0.1512 -0.0055 0.9885
vn -0.1054 0.0033 0.9944
vn -0.1660 -0.0616 0.9842
vn -0.0000 0.0126 0.9999
vn -0.0000 0.0254 0.9997
vn -0.2147 -0.1488 0.9653
vn -0.2273 -0.1115 0.9674
vn -0.2160 -0.2187 0.9516
vn -0.1384 -0.1845 0.9730
vn -0.1376 -0.0345 0.9899
vn -0.2160 0.0094 0.9764
vn 0.0710 -0.1280 0.9892
vn -0.1676 0.0297 0.9854
vn -0.0000 0.0369 0.9993
vn 0.2193 -0.0513 0.9743
vn 0.2160 0.0094 0.9764
vn 0.1376 -0.0345 0.9899
vn 0.2273 -0.1115 0.9674
vn -0.0710 -0.1280 0.9892
vn 0.2147 -0.1488 0.9653
vn 0.1660 -0.0616 0.9842
vn 0.1384 -0.1845 0.9730
vn 0.2160 -0.2187 0.9516
vn 0.1054 0.0033 0.9944
vn 0.1512 -0.0055 0.9885
vn 0.1676 0.0297 0.9854
vn 0.4123 -0.1395 0.9003
vn 0.0506 -0.1859 0.9813
vn -0.0565 -0.1759 0.9828
vn 0.3387 -0.0134 0.9408
vn 0.6306 -0.0623 0.7736
vn 0.6382 -0.1225 0.7600
vn 0.6939 -0.1290 0.7084
vn 0.7498 -0.1101 0.6524
vn 0.6510 -0.1641 0.7411
vn 0.8508 -0.0492 0.5232
vn 0.8115 -0.1387 0.5677
vn 0.6850 -0.1331 0.7163
vn 0.7624 -0.0880 0.6411
vn 0.8469 -0.0017 0.5317
vn 0.4124 -0.1120 0.9041
vn 0.6559 -0.2305 0.7188
vn -0.6510 -0.1641 0.7411
vn -0.7498 -0.1101 0.6524
vn -0.6382 -0.1225 0.7600
vn -0.7624 -0.0880 0.6411
vn -0.6850 -0.1331 0.7163
vn -0.8115 -0.1387 0.5677
vn -0.8508 -0.0492 0.5232
vn -0.8469 -0.0017 0.5317
vn -0.4123 -0.1395 0.9003
vn -0.6306 -0.0623 0.7736
vn -0.3387 -0.0134 0.9408
vn -0.6939 -0.1290 0.7084
vn 0.0565 -0.1759 0.9828
vn -0.0506 -0.1859 0.9813
vn -0.4124 -0.1120 0.9041
vn -0.6559 -0.2305 0.7188
vn 0.6629 -0.1407 0.7353
vn 0.6566 -0.1929 0.7292
vn 0.5723 -0.2193 0.7902
vn 0.6079 -0.1235 0.7844
vn 0.4958 -0.1567 0.8542
vn 0.5381 -0.0708 0.8399
vn 0.3760 -0.1007 0.9211
vn 0.6578 0.0201 0.7530
vn 0.7051 -0.0293 0.7085
vn 0.7671 0.1128 0.6316
vn 0.8003 0.0707 0.5954
vn 0.4752 -0.0104 0.8798
vn 0.6090 0.0606 0.7908
vn 0.7313 0.1399 0.6676
vn 0.7419 -0.0679 0.6671
vn 0.8274 0.0279 0.5609
vn -0.7051 -0.0293 0.7085
vn -0.6578 0.0201 0.7530
vn -0.5381 -0.0708 0.8399
vn -0.6090 0.0606 0.7908
vn -0.4752 -0.0104 0.8798
vn -0.8003 0.0707 0.5954
vn -0.7671 0.1128 0.6316
vn -0.7313 0.1399 0.6676
vn -0.6079 -0.1235 0.7844
vn -0.4958 -0.1567 0.8542
vn -0.5723 -0.2193 0.7902
vn -0.3760 -0.1007 0.9211
vn -0.6566 -0.1929 0.7292
vn -0.6629 -0.1407 0.7353
vn -0.7419 -0.0679 0.6671
vn -0.8274 0.0279 0.5609
vn 0.4289 0.0247 0.9030
vn 0.3041 -0.0147 0.9525
vn 0.2765 0.0081 0.9610
vn 0.3963 0.0347 0.9175
vn 0.2644 0.0106 0.9643
vn 0.3773 0.0292 0.9256
vn 0.5077 0.0619 0.8593
vn 0.5331 0.0759 0.8427
vn 0.6400 0.1094 0.7605
vn 0.6663 0.1327 0.7337
vn 0.5671 0.0780 0.8199
vn 0.6972 0.1455 0.7019
vn -0.5331 0.0759 0.8427
vn -0.5077 0.0619 0.8593
vn -0.3773 0.0292 0.9256
vn -0.6663 0.1327 0.7337
vn -0.6400 0.1094 0.7605
vn -0.3963 0.0347 0.9175
vn -0.2644 0.0106 0.9643
vn -0.2765 0.0081 0.9610
vn -0.3041 -0.0147 0.9525
vn -0.4289 0.0247 0.9030
vn -0.5671 0.0780 0.8199
vn -0.6972 0.1455 0.7019
vn 0.8365 0.2518 0.4867
vn 0.8308 0.2106 0.5153
vn 0.9027 0.2467 0.3526
vn 0.8935 0.2905 0.3424
vn 0.9521 0.2638 0.1545
vn 0.8900 0.3139 0.3308
vn 0.8464 0.2744 0.4564
vn 0.8943 0.3153 0.3174
vn 0.9385 0.3052 0.1616
vn 0.9288 0.3319 0.1647
vn 0.9285 0.3323 0.1659
vn 0.7886 0.2163 0.5756
vn 0.7680 0.1954 0.6099
vn 0.8585 0.2768 0.4318
vn 0.8115 0.2171 0.5426
vn 0.7496 0.1633 0.6414
vn -0.7680 0.1954 0.6099
vn -0.7886 0.2163 0.5756
vn -0.8464 0.2744 0.4564
vn -0.8115 0.2171 0.5426
vn -0.8585 0.2768 0.4318
vn -0.8365 0.2518 0.4867
vn -0.8900 0.3139 0.3308
vn -0.9288 0.3319 0.1647
vn -0.9385 0.3052 0.1616
vn -0.8943 0.3153 0.3174
vn -0.9285 0.3323 0.1659
vn -0.8935 0.2905 0.3424
vn -0.9027 0.2467 0.3526
vn -0.8308 0.2106 0.5153
vn -0.9521 0.2638 0.1545
vn -0.7496 0.1633 0.6414
vn 0.8735 0.2595 0.4119
vn 0.9036 0.2979 0.3078
vn 0.9126 0.2770 0.3006
vn 0.9341 0.3151 0.1681
vn 0.9385 0.2979 0.1744
vn 0.8891 0.2322 0.3945
vn 0.9208 0.2573 0.2930
vn 0.9040 0.2015 0.3770
vn 0.9278 0.2444 0.2819
vn 0.9396 0.2898 0.1819
vn 0.9392 0.2888 0.1858
vn 0.8796 0.1242 0.4593
vn 0.8590 0.1630 0.4854
vn 0.9171 0.1769 0.3573
vn 0.8963 0.0938 0.4335
vn 0.8356 0.1973 0.5128
vn -0.8590 0.1630 0.4854
vn -0.8796 0.1242 0.4593
vn -0.9040 0.2015 0.3770
vn -0.8963 0.0938 0.4335
vn -0.9171 0.1769 0.3573
vn -0.8891 0.2322 0.3945
vn -0.9208 0.2573 0.2930
vn -0.9126 0.2770 0.3006
vn -0.9396 0.2898 0.1819
vn -0.9278 0.2444 0.2819
vn -0.9392 0.2888 0.1858
vn -0.9036 0.2979 0.3078
vn -0.8735 0.2595 0.4119
vn -0.9385 0.2979 0.1744
vn -0.9341 0.3151 0.1681
vn -0.8356 0.1973 0.5128
vn 0.9140 -0.1336 0.3831
vn 0.9395 -0.1303 0.3169
vn 0.7964 -0.4871 0.3583
vn 0.7876 -0.4254 0.4458
vn 0.9651 -0.1249 0.2302
vn 0.8076 -0.5274 0.2638
vn 0.7748 -0.3499 0.5265
vn 0.8828 -0.1264 0.4525
vn 0.9061 0.0221 0.4225
vn 0.9321 0.0869 0.3516
vn 0.9477 0.1476 0.2830
vn 0.9616 0.1915 0.1964
vn -0.9140 -0.1336 0.3831
vn -0.9321 0.0869 0.3516
vn -0.9061 0.0221 0.4225
vn -0.8828 -0.1264 0.4525
vn -0.7748 -0.3499 0.5265
vn -0.7876 -0.4254 0.4458
vn -0.7964 -0.4871 0.3583
vn -0.9395 -0.1303 0.3169
vn -0.8076 -0.5274 0.2638
vn -0.9477 0.1476 0.2830
vn -0.9651 -0.1249 0.2302
vn -0.9616 0.1915 0.1964
vn 0.0192 -0.5740 0.8186
vn 0.0613 -0.2645 0.9624
vn 0.0623 -0.3468 0.9359
vn -0.0786 -0.4216 0.9033
vn 0.1096 -0.1660 0.9800
vn 0.0851 -0.6452 0.7592
vn 0.0453 -0.3777 0.9248
vn 0.0779 -0.6725 0.7359
vn -0.0000 -0.3877 0.9218
vn 0.1013 -0.8801 0.4638
vn 0.1083 -0.8657 0.4886
vn 0.1086 -0.9551 0.2758
vn 0.1169 -0.9498 0.2902
vn -0.0000 -0.6866 0.7271
vn -0.0000 -0.8917 0.4527
vn -0.0000 -0.9631 0.2691
vn -0.0035 -0.8413 0.5406
vn -0.2764 -0.7188 0.6379
vn -0.0144 -0.9490 0.3150
vn -0.3999 -0.8475 0.3490
vn -0.1083 -0.8657 0.4886
vn -0.1013 -0.8801 0.4638
vn -0.0779 -0.6726 0.7359
vn -0.1169 -0.9498 0.2902
vn -0.1086 -0.9551 0.2758
vn -0.0851 -0.6452 0.7592
vn -0.0453 -0.3777 0.9248
vn -0.0623 -0.3468 0.9359
vn -0.0613 -0.2645 0.9624
vn -0.0192 -0.5740 0.8186
vn -0.1096 -0.1660 0.9800
vn 0.0786 -0.4216 0.9033
vn 0.0035 -0.8413 0.5406
vn 0.0144 -0.9490 0.3150
vn 0.2764 -0.7188 0.6379
vn 0.3999 -0.8475 0.3490
vn -0.1724 -0.2096 0.9625
vn 0.1721 -0.2468 0.9536
vn 0.1802 -0.2083 0.9613
vn -0.1825 -0.1970 0.9633
vn 0.1407 -0.2953 0.9450
vn -0.1695 -0.2408 0.9556
vn 0.1596 -0.1811 0.9704
vn -0.1492 -0.3062 0.9402
vn -0.5591 -0.4798 0.6761
vn -0.6845 -0.2540 0.6834
vn -0.7885 -0.5240 0.3219
vn -0.7010 -0.0936 0.7070
vn -0.6733 0.0245 0.7390
vn -0.9367 -0.1867 0.2961
vn -0.9482 0.0484 0.3140
vn -0.9049 0.2282 0.3592
vn 0.6845 -0.2540 0.6834
vn 0.5591 -0.4798 0.6761
vn 0.1492 -0.3062 0.9402
vn 0.9367 -0.1867 0.2961
vn 0.7885 -0.5240 0.3219
vn 0.1695 -0.2408 0.9556
vn -0.1596 -0.1811 0.9704
vn -0.1802 -0.2083 0.9613
vn -0.1721 -0.2468 0.9536
vn 0.1724 -0.2096 0.9625
vn -0.1407 -0.2953 0.9450
vn 0.1825 -0.1970 0.9633
vn 0.7010 -0.0936 0.7070
vn 0.9482 0.0484 0.3140
vn 0.6733 0.0245 0.7390
vn 0.9050 0.2282 0.3592
vn -0.2175 -0.1444 0.9653
vn -0.2202 -0.0895 0.9713
vn 0.0233 -0.3886 0.9211
vn 0.0568 -0.3730 0.9261
vn -0.2028 -0.0182 0.9790
vn 0.0018 -0.3892 0.9211
vn 0.0994 -0.3392 0.9355
vn -0.1998 -0.1764 0.9638
vn -0.6309 0.1369 0.7637
vn -0.5784 0.2466 0.7776
vn -0.8290 0.3849 0.4059
vn -0.5094 0.3597 0.7818
vn -0.4179 0.4714 0.7766
vn -0.7323 0.5174 0.4427
vn -0.6212 0.6295 0.4668
vn -0.4934 0.7250 0.4806
vn 0.2175 -0.1444 0.9653
vn 0.5784 0.2466 0.7776
vn 0.6309 0.1369 0.7637
vn 0.7323 0.5174 0.4427
vn 0.8290 0.3849 0.4059
vn 0.1998 -0.1764 0.9638
vn -0.0994 -0.3392 0.9355
vn -0.0568 -0.3730 0.9261
vn -0.0233 -0.3886 0.9211
vn 0.2202 -0.0895 0.9713
vn -0.0018 -0.3892 0.9211
vn 0.5094 0.3597 0.7818
vn 0.6212 0.6295 0.4668
vn 0.2028 -0.0182 0.9791
vn 0.4179 0.4714 0.7766
vn 0.4934 0.7250 0.4806
vn -0.1051 0.0983 0.9896
vn -0.0478 0.1210 0.9915
vn -0.0070 -0.3684 0.9297
vn -0.0104 -0.3742 0.9273
vn -0.0000 0.1255 0.9921
vn -0.0000 -0.3662 0.9305
vn -0.0079 -0.3821 0.9241
vn -0.1607 0.0499 0.9857
vn -0.3038 0.5615 0.7697
vn -0.1856 0.6183 0.7637
vn -0.3514 0.7982 0.4892
vn -0.0804 0.6427 0.7619
vn -0.0000 0.6469 0.7625
vn -0.2118 0.8437 0.4933
vn -0.0912 0.8641 0.4950
vn -0.0000 0.8685 0.4957
vn 0.1051 0.0983 0.9896
vn 0.1856 0.6183 0.7637
vn 0.3038 0.5615 0.7697
vn 0.1607 0.0499 0.9857
vn 0.2118 0.8437 0.4933
vn 0.3514 0.7982 0.4892
vn 0.0079 -0.3821 0.9241
vn 0.0104 -0.3742 0.9273
vn 0.0070 -0.3684 0.9297
vn 0.0478 0.1210 0.9915
vn 0.0804 0.6427 0.7619
vn 0.0912 0.8641 0.4950
vn -0.0874 0.8405 0.5347
vn -0.0918 0.8996 0.4269
vn -0.2122 0.8819 0.4209
vn -0.0000 0.8441 0.5361
vn -0.0000 0.9040 0.4275
vn -0.1999 0.8294 0.5216
vn -0.3513 0.8444 0.4043
vn -0.3308 0.8083 0.4871
vn -0.4938 0.7848 0.3746
vn -0.2731 0.6618 0.6982
vn -0.1645 0.6554 0.7372
vn -0.1573 0.3285 0.9313
vn -0.0947 0.3048 0.9477
vn -0.4685 0.7736 0.4267
vn -0.3985 0.6731 0.6231
vn -0.2433 0.3779 0.8933
vn -0.0736 0.6559 0.7513
vn -0.0000 0.6584 0.7527
vn -0.0445 0.2996 0.9530
vn -0.0000 0.3020 0.9533
vn 0.1645 0.6554 0.7372
vn 0.2731 0.6618 0.6982
vn 0.3308 0.8083 0.4871
vn 0.3985 0.6731 0.6231
vn 0.4685 0.7736 0.4267
vn 0.0947 0.3048 0.9477
vn 0.1573 0.3285 0.9313
vn 0.2433 0.3779 0.8933
vn 0.1999 0.8294 0.5216
vn 0.3513 0.8444 0.4043
vn 0.4938 0.7848 0.3746
vn 0.2122 0.8819 0.4209
vn 0.0918 0.8996 0.4269
vn 0.0874 0.8405 0.5347
vn 0.0736 0.6559 0.7513
vn 0.0445 0.2996 0.9530
vn -0.7285 0.6302 0.2685
vn -0.5983 0.7214 0.3487
vn -0.6223 0.7092 0.3312
vn -0.7434 0.6065 0.2821
vn -0.8479 0.4742 0.2369
vn -0.8423 0.4963 0.2104
vn -0.9321 0.3074 0.1913
vn -0.9277 0.3323 0.1702
vn -0.8382 0.4785 0.2618
vn -0.8297 0.3845 0.4047
vn -0.6235 0.4615 0.6311
vn -0.9170 0.3312 0.2221
vn -0.9015 0.3129 0.2989
vn -0.7007 0.6149 0.3618
vn -0.5404 0.6739 0.5038
vn -0.3892 0.4422 0.8081
vn 0.7285 0.6302 0.2685
vn 0.7007 0.6149 0.3618
vn 0.8382 0.4785 0.2618
vn 0.8423 0.4963 0.2104
vn 0.9170 0.3312 0.2221
vn 0.6235 0.4615 0.6311
vn 0.8297 0.3845 0.4047
vn 0.9015 0.3129 0.2989
vn 0.8479 0.4742 0.2369
vn 0.7434 0.6065 0.2821
vn 0.9277 0.3323 0.1702
vn 0.9321 0.3074 0.1913
vn 0.6223 0.7092 0.3312
vn 0.5983 0.7214 0.3487
vn 0.5404 0.6739 0.5038
vn 0.3892 0.4422 0.8081
vn -0.9727 -0.1745 0.1527
vn -0.9830 0.1245 0.1352
vn -0.9823 0.1069 0.1537
vn -0.9758 -0.1603 0.1487
vn -0.8202 -0.5393 0.1908
vn -0.7863 -0.5722 0.2331
vn -0.4116 -0.8797 0.2383
vn -0.3695 -0.8791 0.3010
vn -0.6848 -0.6120 0.3958
vn -0.9353 -0.2236 0.2743
vn -0.4739 -0.5995 0.6450
vn -0.2779 -0.8389 0.4680
vn -0.1303 -0.7137 0.6883
vn -0.9718 0.1214 0.2023
vn -0.7988 -0.2657 0.5398
vn -0.9198 0.1198 0.3736
vn 0.9727 -0.1745 0.1527
vn 0.9353 -0.2236 0.2743
vn 0.6848 -0.6120 0.3958
vn 0.7863 -0.5722 0.2331
vn 0.2779 -0.8389 0.4680
vn 0.7988 -0.2657 0.5398
vn 0.4739 -0.5995 0.6450
vn 0.1304 -0.7137 0.6883
vn 0.8202 -0.5393 0.1908
vn 0.9758 -0.1603 0.1487
vn 0.3695 -0.8791 0.3010
vn 0.4116 -0.8797 0.2383
vn 0.9823 0.1069 0.1537
vn 0.9830 0.1245 0.1352
vn 0.9718 0.1214 0.2023
vn 0.9198 0.1198 0.3736
vn 0.0060 -0.9475 0.3197
vn -0.0104 -0.9699 0.2435
vn 0.1179 -0.9635 0.2403
vn 0.1154 -0.9389 0.3242
vn 0.1079 -0.9653 0.2380
vn 0.1016 -0.9393 0.3278
vn -0.0000 -0.9715 0.2369
vn 0.0877 -0.8599 0.5030
vn 0.1069 -0.8620 0.4955
vn 0.0626 -0.6917 0.7194
vn 0.0854 -0.6977 0.7113
vn -0.0000 -0.9439 0.3301
vn -0.0000 -0.8615 0.5077
vn -0.0000 -0.6894 0.7244
vn 0.0307 -0.8726 0.4874
vn 0.0540 -0.7103 0.7018
vn -0.1069 -0.8620 0.4955
vn -0.0877 -0.8599 0.5030
vn -0.1016 -0.9393 0.3278
vn -0.0854 -0.6977 0.7113
vn -0.0626 -0.6917 0.7194
vn -0.1154 -0.9389 0.3242
vn -0.1079 -0.9653 0.2380
vn -0.1179 -0.9635 0.2403
vn 0.0104 -0.9699 0.2435
vn -0.0060 -0.9475 0.3197
vn -0.0307 -0.8726 0.4874
vn -0.0540 -0.7103 0.7018
vn 0.0242 -0.2938 0.9556
vn 0.0556 -0.4885 0.8708
vn 0.0348 -0.4817 0.8757
vn 0.0123 -0.2884 0.9574
vn -0.0000 -0.4783 0.8782
vn -0.0113 -0.0582 0.9982
vn -0.0200 -0.0591 0.9981
vn -0.0000 -0.2849 0.9586
vn -0.0000 -0.0551 0.9985
vn -0.0284 -0.0504 0.9983
vn 0.0369 -0.3000 0.9532
vn -0.0412 -0.0223 0.9989
vn 0.0591 -0.4997 0.8642
vn 0.0517 -0.3071 0.9503
vn 0.0117 -0.5215 0.8532
vn -0.0242 -0.2938 0.9556
vn -0.0369 -0.3000 0.9532
vn 0.0284 -0.0504 0.9983
vn 0.0200 -0.0591 0.9981
vn -0.0517 -0.3071 0.9503
vn 0.0412 -0.0223 0.9989
vn 0.0113 -0.0582 0.9982
vn -0.0123 -0.2884 0.9574
vn -0.0348 -0.4817 0.8757
vn -0.0556 -0.4885 0.8708
vn -0.0591 -0.4997 0.8642
vn -0.0117 -0.5215 0.8532
vn -0.5689 -0.2171 0.7932
vn -0.1906 -0.4974 0.8463
vn -0.0661 -0.2687 0.9610
vn -0.1679 0.0620 0.9839
vn -0.4945 0.1421 0.8575
vn -0.3672 -0.1353 0.9202
vn -0.7727 0.1461 0.6178
vn 0.3672 -0.1353 0.9202
vn 0.5689 -0.2171 0.7932
vn 0.7727 0.1461 0.6178
vn 0.4945 0.1421 0.8575
vn 0.1679 0.0620 0.9839
vn 0.0661 -0.2687 0.9610
vn 0.1906 -0.4974 0.8463
vn -0.2582 -0.1767 0.9498
vn -0.2415 -0.1498 0.9588
vn -0.1925 -0.1555 0.9689
vn -0.2027 -0.1732 0.9638
vn -0.2213 -0.1117 0.9688
vn -0.1654 -0.1307 0.9775
vn -0.2073 -0.1752 0.9625
vn -0.2701 -0.1950 0.9429
vn -0.2060 -0.1617 0.9651
vn -0.2813 -0.2038 0.9377
vn -0.2267 -0.1603 0.9607
vn -0.1974 -0.1425 0.9699
vn 0.0514 -0.0327 0.9981
vn -0.2651 -0.1753 0.9482
vn -0.0135 -0.0181 0.9997
vn -0.1748 -0.1194 0.9773
vn -0.1542 -0.0899 0.9839
vn 0.0944 -0.0470 0.9944
vn 0.1178 -0.0551 0.9915
vn 0.1276 -0.0530 0.9904
vn 0.2582 -0.1767 0.9498
vn 0.1974 -0.1425 0.9699
vn 0.2267 -0.1603 0.9607
vn 0.2701 -0.1950 0.9429
vn 0.2651 -0.1753 0.9482
vn -0.0944 -0.0470 0.9944
vn -0.0514 -0.0327 0.9981
vn 0.0135 -0.0181 0.9997
vn 0.2073 -0.1752 0.9625
vn 0.2027 -0.1732 0.9638
vn 0.2813 -0.2038 0.9377
vn 0.2060 -0.1617 0.9651
vn 0.1925 -0.1555 0.9689
vn 0.2415 -0.1498 0.9588
vn 0.1654 -0.1307 0.9775
vn 0.1748 -0.1194 0.9773
vn -0.1178 -0.0551 0.9915
vn 0.2213 -0.1117 0.9688
vn 0.1542 -0.0899 0.9839
vn -0.1276 -0.0530 0.9904
vn -0.1038 -0.0445 0.9936
vn -0.0183 -0.0849 0.9962
vn -0.0699 -0.0931 0.9932
vn -0.0594 -0.0369 0.9976
vn 0.0299 -0.0862 0.9958
vn -0.1476 -0.0591 0.9873
vn -0.1201 -0.1100 0.9867
vn -0.1894 -0.0831 0.9784
vn -0.1311 -0.0609 0.9895
vn -0.1051 -0.0403 0.9936
vn 0.1306 -0.0477 0.9903
vn -0.0781 -0.0276 0.9966
vn -0.0530 -0.0188 0.9984
vn 0.1316 -0.0470 0.9902
vn 0.1323 -0.0501 0.9899
vn 0.1339 -0.0571 0.9893
vn 0.1476 -0.0591 0.9873
vn 0.1051 -0.0403 0.9936
vn 0.1311 -0.0609 0.9895
vn 0.1894 -0.0831 0.9784
vn -0.1316 -0.0470 0.9902
vn -0.1306 -0.0477 0.9903
vn 0.1201 -0.1100 0.9867
vn 0.0699 -0.0931 0.9932
vn 0.0183 -0.0849 0.9962
vn 0.1038 -0.0445 0.9936
vn -0.0299 -0.0862 0.9958
vn 0.0594 -0.0369 0.9976
vn 0.0781 -0.0276 0.9966
vn -0.1323 -0.0501 0.9899
vn 0.0530 -0.0188 0.9984
vn -0.1339 -0.0571 0.9893
vn 0.0456 -0.0294 0.9985
vn 0.1536 -0.1083 0.9822
vn 0.1212 -0.1016 0.9874
vn 0.0776 -0.0128 0.9969
vn 0.1843 -0.1076 0.9770
vn 0.0139 -0.0346 0.9993
vn 0.0757 -0.0986 0.9922
vn -0.0201 -0.0388 0.9990
vn -0.0269 -0.0181 0.9995
vn -0.0004 -0.0147 0.9999
vn 0.1373 -0.0627 0.9885
vn 0.1382 -0.0689 0.9880
vn 0.0214 -0.0036 0.9998
vn 0.0415 0.0181 0.9990
vn 0.1340 -0.0693 0.9886
vn 0.1283 -0.0530 0.9903
vn 0.0004 -0.0147 0.9999
vn 0.0269 -0.0181 0.9995
vn 0.0201 -0.0388 0.9990
vn -0.1382 -0.0689 0.9880
vn -0.1373 -0.0627 0.9885
vn -0.0139 -0.0346 0.9993
vn -0.0757 -0.0986 0.9922
vn -0.1212 -0.1016 0.9874
vn -0.1536 -0.1083 0.9822
vn -0.0456 -0.0294 0.9985
vn -0.1843 -0.1076 0.9770
vn -0.0214 -0.0036 0.9998
vn -0.1340 -0.0693 0.9886
vn -0.0776 -0.0128 0.9969
vn -0.0415 0.0181 0.9990
vn -0.1283 -0.0530 0.9903
vn -0.2190 -0.2971 0.9294
vn -0.2675 -0.2346 0.9345
vn -0.1803 -0.1591 0.9707
vn -0.1183 -0.1868 0.9753
vn -0.0360 -0.2231 0.9741
vn -0.1455 -0.3760 0.9151
vn 0.0439 -0.2675 0.9626
vn -0.2057 -0.4329 0.8777
vn -0.2630 -0.3211 0.9098
vn -0.0660 -0.2301 0.9709
vn -0.0925 -0.1252 0.9878
vn -0.0727 -0.4405 0.8948
vn -0.1305 -0.5186 0.8450
vn -0.0123 -0.3195 0.9475
vn -0.2807 -0.2305 0.9317
vn -0.0694 -0.0516 0.9963
vn 0.2630 -0.3211 0.9098
vn 0.2057 -0.4329 0.8777
vn 0.1455 -0.3760 0.9151
vn 0.1305 -0.5186 0.8450
vn 0.0727 -0.4405 0.8948
vn 0.0925 -0.1252 0.9878
vn 0.0660 -0.2301 0.9709
vn 0.0123 -0.3195 0.9475
vn 0.2190 -0.2971 0.9294
vn 0.0360 -0.2231 0.9741
vn -0.0439 -0.2675 0.9626
vn 0.1183 -0.1868 0.9753
vn 0.1803 -0.1591 0.9707
vn 0.2675 -0.2346 0.9345
vn 0.2807 -0.2305 0.9317
vn 0.0694 -0.0516 0.9963
vn 0.0390 -0.5198 0.8534
vn -0.0107 -0.4867 0.8735
vn 0.0863 -0.3172 0.9444
vn 0.1179 -0.3782 0.9182
vn 0.1483 -0.4495 0.8809
vn 0.0948 -0.5471 0.8317
vn 0.2049 -0.5111 0.8348
vn 0.1735 -0.5641 0.8072
vn 0.0914 -0.5487 0.8310
vn 0.0189 -0.5592 0.8288
vn 0.1570 -0.3554 0.9214
vn 0.1754 -0.5329 0.8278
vn 0.2105 -0.3371 0.9176
vn -0.0508 -0.5568 0.8291
vn 0.1044 -0.3694 0.9234
vn 0.0514 -0.3651 0.9295
vn -0.0390 -0.5198 0.8534
vn -0.0189 -0.5592 0.8288
vn -0.0914 -0.5487 0.8310
vn -0.0948 -0.5471 0.8317
vn -0.1754 -0.5329 0.8278
vn -0.1044 -0.3694 0.9234
vn -0.1570 -0.3554 0.9214
vn -0.2105 -0.3371 0.9176
vn -0.1483 -0.4495 0.8809
vn -0.1179 -0.3782 0.9182
vn -0.1735 -0.5641 0.8072
vn -0.2049 -0.5111 0.8348
vn -0.0863 -0.3172 0.9444
vn 0.0107 -0.4867 0.8735
vn 0.0508 -0.5568 0.8291
vn -0.0514 -0.3651 0.9295
vn 0.3675 -0.5333 0.7619
vn 0.2722 -0.5607 0.7820
vn 0.2877 -0.5342 0.7949
vn 0.3718 -0.5165 0.7713
vn 0.4367 -0.4731 0.7651
vn 0.4425 -0.4889 0.7518
vn 0.4751 -0.4230 0.7716
vn 0.4890 -0.4374 0.7547
vn 0.4313 -0.4409 0.7871
vn 0.3591 -0.4830 0.7986
vn 0.3725 -0.2572 0.8917
vn 0.4772 -0.3890 0.7880
vn 0.3996 -0.2087 0.8926
vn 0.2697 -0.5133 0.8147
vn 0.3259 -0.2934 0.8987
vn 0.2689 -0.3185 0.9090
vn -0.3675 -0.5333 0.7619
vn -0.3591 -0.4830 0.7986
vn -0.4313 -0.4409 0.7871
vn -0.4425 -0.4889 0.7518
vn -0.4772 -0.3890 0.7880
vn -0.3259 -0.2934 0.8987
vn -0.3725 -0.2572 0.8917
vn -0.3996 -0.2087 0.8926
vn -0.4367 -0.4731 0.7651
vn -0.3718 -0.5165 0.7713
vn -0.4890 -0.4374 0.7547
vn -0.4751 -0.4230 0.7716
vn -0.2877 -0.5342 0.7949
vn -0.2722 -0.5607 0.7820
vn -0.2697 -0.5133 0.8147
vn -0.2689 -0.3185 0.9090
vn 0.5143 -0.3181 0.7964
vn 0.5101 -0.3807 0.7713
vn 0.4937 -0.3728 0.7856
vn 0.5002 -0.3199 0.8046
vn 0.4965 -0.2638 0.8270
vn 0.5055 -0.2536 0.8247
vn 0.4834 -0.2054 0.8510
vn 0.4895 -0.1929 0.8504
vn 0.4700 -0.1947 0.8609
vn 0.4897 -0.2587 0.8326
vn 0.3474 -0.0556 0.9361
vn 0.4455 -0.1457 0.8833
vn 0.3117 -0.0412 0.9493
vn 0.4943 -0.3266 0.8056
vn 0.3805 -0.0966 0.9197
vn 0.4009 -0.1515 0.9035
vn -0.5143 -0.3181 0.7964
vn -0.4897 -0.2587 0.8326
vn -0.4700 -0.1947 0.8609
vn -0.5055 -0.2536 0.8247
vn -0.4455 -0.1457 0.8833
vn -0.3805 -0.0966 0.9197
vn -0.3474 -0.0556 0.9361
vn -0.3117 -0.0412 0.9493
vn -0.4965 -0.2638 0.8270
vn -0.5002 -0.3199 0.8046
vn -0.4895 -0.1929 0.8504
vn -0.4834 -0.2054 0.8510
vn -0.4937 -0.3728 0.7856
vn -0.5101 -0.3807 0.7713
vn -0.4943 -0.3266 0.8056
vn -0.4009 -0.1515 0.9035
vn 0.4577 -0.1030 0.8831
vn 0.4734 -0.1422 0.8693
vn 0.4619 -0.1529 0.8736
vn 0.4329 -0.1140 0.8942
vn 0.3987 -0.0887 0.9128
vn 0.4419 -0.0712 0.8942
vn 0.3605 -0.0764 0.9296
vn 0.4238 -0.0440 0.9047
vn 0.4157 -0.0660 0.9071
vn 0.4199 -0.0892 0.9032
vn 0.2650 -0.0649 0.9621
vn 0.4110 -0.0391 0.9108
vn 0.2615 -0.0596 0.9634
vn 0.4287 -0.1131 0.8964
vn 0.2706 -0.0589 0.9609
vn 0.2849 -0.0476 0.9574
vn -0.4577 -0.1030 0.8831
vn -0.4199 -0.0892 0.9032
vn -0.4157 -0.0660 0.9071
vn -0.4419 -0.0712 0.8942
vn -0.4110 -0.0391 0.9108
vn -0.2706 -0.0589 0.9609
vn -0.2650 -0.0649 0.9621
vn -0.2615 -0.0596 0.9634
vn -0.3987 -0.0887 0.9128
vn -0.4329 -0.1140 0.8942
vn -0.4238 -0.0440 0.9047
vn -0.3605 -0.0764 0.9296
vn -0.4619 -0.1529 0.8736
vn -0.4734 -0.1422 0.8693
vn -0.4286 -0.1131 0.8964
vn -0.2849 -0.0476 0.9574
vn 0.4003 -0.0296 0.9159
vn 0.3184 -0.0910 0.9436
vn 0.2773 -0.1058 0.9549
vn 0.3801 -0.0171 0.9248
vn 0.2647 -0.1370 0.9546
vn 0.3789 -0.0098 0.9254
vn 0.2764 -0.1475 0.9497
vn 0.4105 0.0133 0.9118
vn 0.3998 -0.0016 0.9166
vn 0.3067 -0.1147 0.9449
vn 0.2776 -0.0837 0.9570
vn 0.3963 0.0199 0.9179
vn 0.4360 0.0514 0.8985
vn 0.3521 -0.1263 0.9274
vn 0.4031 -0.0169 0.9150
vn 0.2642 -0.0612 0.9625
vn -0.3998 -0.0016 0.9166
vn -0.4105 0.0133 0.9118
vn -0.3789 -0.0098 0.9254
vn -0.4360 0.0514 0.8985
vn -0.3963 0.0199 0.9179
vn -0.2776 -0.0837 0.9570
vn -0.3067 -0.1147 0.9449
vn -0.3521 -0.1263 0.9274
vn -0.3801 -0.0171 0.9248
vn -0.2647 -0.1370 0.9546
vn -0.2773 -0.1058 0.9549
vn -0.2764 -0.1475 0.9497
vn -0.3184 -0.0910 0.9436
vn -0.4003 -0.0296 0.9159
vn -0.4031 -0.0169 0.9150
vn -0.2642 -0.0612 0.9625
vn 0.4232 0.1022 0.9002
vn 0.3087 -0.1021 0.9457
vn 0.3318 -0.0206 0.9431
vn 0.4316 0.2097 0.8774
vn 0.3349 0.0505 0.9409
vn 0.4158 0.2968 0.8597
vn 0.2974 0.0878 0.9507
vn 0.4450 0.3748 0.8133
vn 0.4691 0.2678 0.8416
vn 0.4128 0.1539 0.8977
vn 0.4236 0.0310 0.9053
vn 0.3667 0.3430 0.8648
vn 0.3873 0.4426 0.8088
vn 0.3513 0.2538 0.9012
vn 0.4647 0.1438 0.8737
vn 0.3996 -0.0774 0.9134
vn -0.4691 0.2678 0.8416
vn -0.4450 0.3748 0.8133
vn -0.4158 0.2968 0.8597
vn -0.3873 0.4426 0.8088
vn -0.3667 0.3430 0.8648
vn -0.4236 0.0310 0.9053
vn -0.4128 0.1539 0.8977
vn -0.3513 0.2538 0.9012
vn -0.4316 0.2097 0.8774
vn -0.3349 0.0505 0.9409
vn -0.3318 -0.0206 0.9431
vn -0.2974 0.0878 0.9507
vn -0.3087 -0.1021 0.9457
vn -0.4232 0.1022 0.9002
vn -0.4647 0.1438 0.8737
vn -0.3996 -0.0774 0.9134
vn 0.2122 0.2585 0.9424
vn 0.2923 0.3243 0.8997
vn 0.2383 0.0644 0.9691
vn 0.1762 0.0054 0.9843
vn 0.1352 -0.0620 0.9889
vn 0.1504 0.1711 0.9737
vn 0.1390 -0.1121 0.9839
vn 0.1406 0.0969 0.9853
vn 0.1372 0.3128 0.9399
vn 0.2080 0.3947 0.8949
vn 0.0833 0.2256 0.9707
vn 0.1253 0.2365 0.9635
vn 0.0915 0.1776 0.9798
vn 0.2973 0.4473 0.8435
vn 0.1467 0.2775 0.9495
vn 0.2435 0.2970 0.9233
vn -0.2122 0.2585 0.9424
vn -0.2080 0.3947 0.8949
vn -0.1372 0.3128 0.9399
vn -0.1504 0.1711 0.9737
vn -0.1253 0.2365 0.9635
vn -0.1467 0.2775 0.9495
vn -0.0833 0.2256 0.9707
vn -0.0915 0.1776 0.9798
vn -0.1352 -0.0620 0.9889
vn -0.1762 0.0054 0.9843
vn -0.1406 0.0969 0.9853
vn -0.1390 -0.1121 0.9839
vn -0.2383 0.0644 0.9691
vn -0.2923 0.3243 0.8997
vn -0.2973 0.4473 0.8435
vn -0.2435 0.2970 0.9233
vn 0.1766 0.0499 0.9830
vn 0.1617 0.0607 0.9850
vn 0.1691 -0.1327 0.9766
vn 0.1977 -0.1338 0.9711
vn 0.2165 -0.1252 0.9682
vn 0.1762 0.0503 0.9831
vn 0.2223 -0.1156 0.9681
vn 0.1596 0.0490 0.9860
vn 0.1431 0.1728 0.9745
vn 0.1551 0.1814 0.9711
vn 0.1489 0.1413 0.9787
vn 0.1129 0.1552 0.9814
vn 0.1216 0.1133 0.9861
vn 0.1465 0.1970 0.9694
vn 0.1548 0.1505 0.9764
vn 0.1338 0.1569 0.9785
vn -0.1766 0.0499 0.9830
vn -0.1551 0.1814 0.9711
vn -0.1431 0.1728 0.9745
vn -0.1762 0.0503 0.9831
vn -0.1129 0.1552 0.9814
vn -0.1548 0.1505 0.9764
vn -0.1489 0.1413 0.9787
vn -0.1216 0.1133 0.9861
vn -0.2165 -0.1252 0.9682
vn -0.1977 -0.1338 0.9711
vn -0.1596 0.0490 0.9860
vn -0.2223 -0.1156 0.9681
vn -0.1691 -0.1327 0.9766
vn -0.1617 0.0607 0.9850
vn -0.1465 0.1970 0.9694
vn -0.1338 0.1569 0.9785
vn 0.1206 0.0237 0.9924
vn 0.1393 0.0388 0.9895
vn 0.2216 -0.1105 0.9689
vn 0.2155 -0.1083 0.9705
vn 0.2055 -0.1063 0.9729
vn 0.1012 0.0065 0.9948
vn 0.0555 0.0487 0.9973
vn 0.0674 0.0849 0.9941
vn 0.1126 -0.0283 0.9932
vn 0.0849 0.1226 0.9888
vn 0.1007 0.0141 0.9948
vn 0.1012 0.0651 0.9927
vn -0.1206 0.0237 0.9924
vn -0.0674 0.0849 0.9941
vn -0.0555 0.0487 0.9973
vn -0.1012 0.0065 0.9948
vn -0.1007 0.0141 0.9948
vn -0.1126 -0.0283 0.9932
vn -0.2055 -0.1063 0.9729
vn -0.2155 -0.1083 0.9705
vn -0.2216 -0.1105 0.9689
vn -0.1393 0.0388 0.9895
vn -0.0849 0.1226 0.9888
vn -0.1012 0.0651 0.9927
vn 0.2576 -0.2925 0.9209
vn 0.2237 -0.2345 0.9460
vn 0.1675 -0.0934 0.9814
vn 0.1914 -0.1460 0.9706
vn 0.2112 -0.1842 0.9599
vn 0.1711 -0.0390 0.9845
vn 0.2331 -0.1826 0.9552
vn 0.3287 -0.3205 0.8884
vn 0.2849 -0.1950 0.9385
vn 0.4015 -0.3208 0.8578
vn 0.3727 -0.4115 0.8317
vn 0.3942 -0.4641 0.7932
vn 0.3133 -0.4469 0.8379
vn 0.4578 -0.4111 0.7883
vn 0.4693 -0.4570 0.7556
vn 0.2938 -0.3972 0.8695
vn 0.2523 -0.3414 0.9054
vn 0.2338 -0.2835 0.9300
vn 0.2551 -0.3997 0.8804
vn 0.2432 -0.3283 0.9127
vn -0.2576 -0.2925 0.9209
vn -0.2938 -0.3972 0.8695
vn -0.3727 -0.4115 0.8317
vn -0.3287 -0.3205 0.8884
vn -0.4578 -0.4111 0.7883
vn -0.3133 -0.4469 0.8379
vn -0.3942 -0.4641 0.7932
vn -0.4693 -0.4570 0.7556
vn -0.2331 -0.1826 0.9552
vn -0.1914 -0.1460 0.9706
vn -0.4015 -0.3208 0.8578
vn -0.2849 -0.1950 0.9385
vn -0.1675 -0.0934 0.9814
vn -0.2237 -0.2345 0.9460
vn -0.1711 -0.0390 0.9845
vn -0.2523 -0.3414 0.9054
vn -0.2551 -0.3997 0.8804
vn -0.2112 -0.1842 0.9599
vn -0.2338 -0.2835 0.9300
vn -0.2432 -0.3283 0.9127
vn 0.1917 -0.1564 0.9689
vn 0.1323 -0.1917 0.9725
vn 0.1281 -0.0227 0.9915
vn 0.1731 -0.0074 0.9849
vn 0.0355 -0.2498 0.9676
vn 0.0519 -0.0419 0.9978
vn 0.1848 -0.0087 0.9827
vn 0.2147 -0.1515 0.9649
vn 0.2319 -0.2541 0.9390
vn 0.2076 -0.2615 0.9426
vn 0.2351 -0.2905 0.9275
vn 0.1463 -0.3087 0.9399
vn 0.0459 -0.3908 0.9193
vn 0.2150 -0.3023 0.9286
vn 0.1555 -0.3576 0.9208
vn 0.0564 -0.4512 0.8906
vn -0.1917 -0.1564 0.9689
vn -0.2076 -0.2615 0.9426
vn -0.2319 -0.2541 0.9390
vn -0.2147 -0.1515 0.9649
vn -0.2150 -0.3023 0.9286
vn -0.2351 -0.2905 0.9275
vn -0.1848 -0.0087 0.9827
vn -0.1731 -0.0074 0.9849
vn -0.1281 -0.0227 0.9915
vn -0.1323 -0.1917 0.9725
vn -0.0519 -0.0419 0.9978
vn -0.1463 -0.3087 0.9399
vn -0.1555 -0.3576 0.9208
vn -0.0355 -0.2498 0.9676
vn -0.0459 -0.3908 0.9193
vn -0.0564 -0.4512 0.8906
vn -0.0465 -0.4203 0.9062
vn -0.0120 -0.5265 0.8501
vn 0.1197 -0.1249 0.9849
vn 0.0398 -0.0741 0.9965
vn 0.0233 -0.6146 0.7885
vn 0.2059 -0.2130 0.9551
vn 0.0075 -0.0545 0.9985
vn -0.0376 -0.3260 0.9446
vn -0.0392 -0.5029 0.8635
vn -0.0761 -0.6255 0.7765
vn -0.0288 -0.5746 0.8179
vn -0.0819 -0.7282 0.6805
vn -0.0791 -0.7891 0.6091
vn -0.0756 -0.6979 0.7122
vn -0.1021 -0.7887 0.6062
vn -0.1065 -0.8349 0.5400
vn 0.0465 -0.4203 0.9062
vn 0.0761 -0.6255 0.7765
vn 0.0392 -0.5029 0.8635
vn 0.0376 -0.3260 0.9446
vn 0.0756 -0.6979 0.7122
vn 0.0288 -0.5746 0.8179
vn -0.0075 -0.0545 0.9985
vn -0.0398 -0.0741 0.9965
vn -0.1197 -0.1249 0.9849
vn -0.2059 -0.2130 0.9551
vn -0.0233 -0.6146 0.7885
vn 0.0120 -0.5265 0.8501
vn 0.0819 -0.7282 0.6805
vn 0.1021 -0.7887 0.6062
vn 0.0791 -0.7891 0.6091
vn 0.1065 -0.8349 0.5400
vn 0.0556 -0.6495 0.7583
vn 0.2225 -0.4316 0.8742
vn 0.2534 -0.3932 0.8839
vn 0.0084 -0.5796 0.8148
vn 0.1673 -0.4062 0.8983
vn 0.0686 -0.6732 0.7363
vn 0.2562 -0.3145 0.9140
vn 0.0606 -0.6647 0.7447
vn -0.0598 -0.8034 0.5924
vn -0.0455 -0.7833 0.6200
vn -0.0989 -0.8353 0.5408
vn -0.0856 -0.8107 0.5791
vn -0.0476 -0.7385 0.6726
vn -0.0892 -0.6557 0.7497
vn -0.0843 -0.7634 0.6404
vn -0.1210 -0.6810 0.7222
vn 0.0455 -0.7833 0.6200
vn 0.0598 -0.8034 0.5924
vn -0.0606 -0.6647 0.7447
vn 0.0856 -0.8107 0.5791
vn 0.0989 -0.8353 0.5408
vn -0.0686 -0.6732 0.7362
vn -0.2562 -0.3145 0.9140
vn -0.2534 -0.3932 0.8839
vn -0.2225 -0.4316 0.8742
vn -0.0556 -0.6495 0.7583
vn -0.1673 -0.4062 0.8983
vn -0.0084 -0.5796 0.8148
vn 0.0476 -0.7385 0.6726
vn 0.0843 -0.7634 0.6404
vn 0.0892 -0.6557 0.7497
vn 0.1210 -0.6810 0.7222
vn -0.1948 -0.1863 0.9630
vn 0.0188 -0.1332 0.9909
vn 0.0491 -0.2189 0.9745
vn -0.2107 -0.1057 0.9718
vn 0.0112 -0.0878 0.9961
vn -0.1444 -0.3166 0.9375
vn 0.1020 -0.3218 0.9413
vn -0.0690 -0.4601 0.8852
vn -0.1727 -0.5275 0.8318
vn -0.2622 -0.3688 0.8917
vn -0.2050 -0.5516 0.8085
vn -0.3011 -0.3869 0.8716
vn -0.3272 -0.2160 0.9199
vn -0.3513 -0.1124 0.9295
vn -0.3725 -0.2241 0.9006
vn -0.3971 -0.1103 0.9111
vn 0.2622 -0.3688 0.8917
vn 0.1727 -0.5275 0.8318
vn 0.0690 -0.4601 0.8852
vn 0.3011 -0.3869 0.8716
vn 0.2050 -0.5516 0.8085
vn 0.1444 -0.3166 0.9375
vn -0.1020 -0.3218 0.9413
vn -0.0491 -0.2189 0.9745
vn -0.0188 -0.1332 0.9909
vn 0.1948 -0.1863 0.9630
vn -0.0112 -0.0878 0.9961
vn 0.3272 -0.2160 0.9199
vn 0.3725 -0.2241 0.9006
vn 0.2107 -0.1057 0.9718
vn 0.3513 -0.1124 0.9295
vn 0.3971 -0.1103 0.9111
vn -0.1694 0.0368 0.9849
vn -0.1212 0.1243 0.9848
vn 0.0683 0.0444 0.9967
vn 0.0379 -0.0110 0.9992
vn -0.0645 0.2073 0.9761
vn 0.1105 0.0974 0.9891
vn 0.0202 -0.0581 0.9981
vn -0.1993 -0.0446 0.9789
vn -0.3399 -0.0282 0.9400
vn -0.3014 0.0750 0.9505
vn -0.3832 -0.0157 0.9235
vn -0.2403 0.1788 0.9541
vn -0.1747 0.2725 0.9461
vn -0.3399 0.0946 0.9357
vn -0.2747 0.2013 0.9402
vn -0.2095 0.2956 0.9320
vn 0.1694 0.0368 0.9849
vn 0.3014 0.0750 0.9505
vn 0.3399 -0.0282 0.9400
vn 0.1993 -0.0446 0.9789
vn 0.3399 0.0946 0.9357
vn 0.3832 -0.0157 0.9235
vn -0.0202 -0.0581 0.9981
vn -0.0379 -0.0110 0.9992
vn -0.0683 0.0444 0.9967
vn 0.1212 0.1243 0.9848
vn -0.1105 0.0974 0.9891
vn 0.2403 0.1788 0.9541
vn 0.2747 0.2013 0.9402
vn 0.0645 0.2073 0.9761
vn 0.1747 0.2725 0.9461
vn 0.2095 0.2956 0.9320
vn 0.0021 0.3135 0.9496
vn 0.0175 0.3459 0.9381
vn 0.2128 0.1197 0.9697
vn 0.1871 0.1329 0.9733
vn 0.0333 0.3690 0.9288
vn 0.2277 0.0959 0.9690
vn 0.1525 0.1293 0.9798
vn -0.0223 0.2711 0.9623
vn -0.1346 0.3485 0.9276
vn -0.1196 0.4098 0.9043
vn -0.1740 0.3732 0.9113
vn -0.1164 0.4669 0.8766
vn -0.0993 0.5200 0.8484
vn -0.1643 0.4393 0.8832
vn -0.1634 0.4986 0.8513
vn -0.1414 0.5610 0.8157
vn -0.0021 0.3135 0.9496
vn 0.1196 0.4098 0.9043
vn 0.1346 0.3485 0.9276
vn 0.0223 0.2711 0.9623
vn 0.1643 0.4393 0.8832
vn 0.1740 0.3732 0.9113
vn -0.1525 0.1293 0.9798
vn -0.1871 0.1329 0.9733
vn -0.2128 0.1197 0.9697
vn -0.0175 0.3459 0.9381
vn -0.2277 0.0959 0.9690
vn 0.1164 0.4669 0.8766
vn 0.1634 0.4986 0.8513
vn -0.0333 0.3690 0.9288
vn 0.0994 0.5200 0.8484
vn 0.1414 0.5610 0.8157
vn 0.1790 0.3707 0.9113
vn 0.2387 0.0336 0.9705
vn 0.2372 0.0472 0.9703
vn 0.2364 0.3633 0.9012
vn 0.2419 0.0273 0.9699
vn 0.1196 0.3779 0.9181
vn 0.2340 0.0683 0.9698
vn 0.0672 0.3783 0.9233
vn -0.0476 0.5540 0.8312
vn 0.0347 0.5703 0.8207
vn -0.0878 0.6048 0.7916
vn 0.0025 0.6283 0.7780
vn 0.1292 0.5675 0.8132
vn 0.2169 0.5550 0.8031
vn 0.1077 0.6282 0.7706
vn 0.2045 0.6135 0.7628
vn -0.0347 0.5703 0.8207
vn 0.0476 0.5540 0.8312
vn -0.0672 0.3783 0.9233
vn -0.0025 0.6283 0.7780
vn 0.0878 0.6048 0.7916
vn -0.1196 0.3779 0.9181
vn -0.2340 0.0683 0.9698
vn -0.2372 0.0472 0.9703
vn -0.2387 0.0336 0.9705
vn -0.1790 0.3707 0.9113
vn -0.2419 0.0273 0.9699
vn -0.2364 0.3633 0.9012
vn -0.1292 0.5675 0.8132
vn -0.1077 0.6282 0.7706
vn -0.2169 0.5550 0.8031
vn -0.2045 0.6135 0.7628
vn 0.3285 0.4007 0.8553
vn 0.2290 0.0654 0.9712
vn 0.2385 0.0408 0.9703
vn 0.3428 0.4220 0.8393
vn 0.2122 0.1108 0.9709
vn 0.3083 0.3808 0.8717
vn 0.2438 0.0299 0.9694
vn 0.2803 0.3674 0.8868
vn 0.2824 0.5506 0.7855
vn 0.3256 0.5545 0.7658
vn 0.2765 0.6046 0.7470
vn 0.3241 0.6041 0.7280
vn 0.3594 0.5606 0.7460
vn 0.3896 0.5614 0.7301
vn 0.3619 0.6054 0.7089
vn 0.3974 0.6005 0.6938
vn -0.3256 0.5545 0.7658
vn -0.2824 0.5506 0.7855
vn -0.2803 0.3674 0.8868
vn -0.3241 0.6041 0.7280
vn -0.2765 0.6046 0.7470
vn -0.3083 0.3808 0.8717
vn -0.2438 0.0299 0.9694
vn -0.2385 0.0408 0.9703
vn -0.2290 0.0654 0.9712
vn -0.3285 0.4007 0.8553
vn -0.2122 0.1108 0.9709
vn -0.3428 0.4220 0.8393
vn -0.3594 0.5606 0.7460
vn -0.3619 0.6054 0.7089
vn -0.3896 0.5614 0.7301
vn -0.3974 0.6005 0.6938
vn 0.4058 0.4140 0.8148
vn 0.4704 0.3700 0.8012
vn 0.2663 0.2150 0.9396
vn 0.5511 0.2931 0.7812
vn 0.3440 0.1825 0.9211
vn 0.2153 0.2084 0.9540
vn 0.2011 0.1684 0.9650
vn 0.3619 0.4315 0.8263
vn 0.4265 0.5445 0.7222
vn 0.4842 0.5013 0.7171
vn 0.4411 0.5765 0.6879
vn 0.5062 0.5249 0.6843
vn 0.5585 0.4327 0.7077
vn 0.6398 0.3396 0.6894
vn 0.5871 0.4462 0.6754
vn 0.6699 0.3454 0.6572
vn -0.4842 0.5013 0.7171
vn -0.4265 0.5445 0.7222
vn -0.3619 0.4315 0.8263
vn -0.5062 0.5249 0.6843
vn -0.4411 0.5765 0.6879
vn -0.4058 0.4140 0.8148
vn -0.2011 0.1684 0.9650
vn -0.2153 0.2084 0.9540
vn -0.2663 0.2150 0.9396
vn -0.4704 0.3700 0.8012
vn -0.3440 0.1825 0.9211
vn -0.5585 0.4327 0.7077
vn -0.5871 0.4462 0.6754
vn -0.5511 0.2931 0.7812
vn -0.6398 0.3396 0.6894
vn -0.6699 0.3454 0.6572
vn 0.5338 -0.2755 0.7995
vn 0.4710 -0.3025 0.8286
vn 0.3271 -0.1936 0.9249
vn 0.3644 -0.1764 0.9144
vn 0.3961 -0.1555 0.9049
vn 0.5900 -0.2394 0.7711
vn 0.4231 -0.1287 0.8969
vn 0.6359 -0.1917 0.7476
vn 0.6897 -0.2997 0.6591
vn 0.6219 -0.3480 0.7015
vn 0.7105 -0.3270 0.6231
vn 0.7436 -0.2334 0.6265
vn 0.7699 -0.2530 0.5859
vn 0.5465 -0.3830 0.7448
vn 0.6374 -0.3788 0.6710
vn 0.5575 -0.4150 0.7190
vn -0.5338 -0.2755 0.7995
vn -0.6219 -0.3480 0.7015
vn -0.6897 -0.2997 0.6591
vn -0.5900 -0.2394 0.7711
vn -0.7436 -0.2334 0.6265
vn -0.6374 -0.3788 0.6710
vn -0.7105 -0.3270 0.6231
vn -0.7699 -0.2530 0.5859
vn -0.3961 -0.1555 0.9049
vn -0.3644 -0.1764 0.9144
vn -0.6359 -0.1917 0.7476
vn -0.4231 -0.1287 0.8969
vn -0.3271 -0.1936 0.9249
vn -0.4710 -0.3025 0.8286
vn -0.5465 -0.3830 0.7448
vn -0.5575 -0.4150 0.7190
vn 0.6824 -0.0876 0.7257
vn 0.6662 -0.1385 0.7328
vn 0.4460 -0.0991 0.8896
vn 0.4633 -0.0702 0.8834
vn 0.4751 -0.0429 0.8789
vn 0.6890 -0.0409 0.7236
vn 0.4814 -0.0177 0.8763
vn 0.6897 0.0012 0.7241
vn 0.7859 -0.0376 0.6172
vn 0.7856 -0.0941 0.6115
vn 0.8131 -0.0367 0.5810
vn 0.7814 0.0104 0.6240
vn 0.8068 0.0118 0.5907
vn 0.7743 -0.1601 0.6123
vn 0.8143 -0.0968 0.5722
vn 0.8033 -0.1698 0.5709
vn -0.6824 -0.0876 0.7257
vn -0.7856 -0.0941 0.6115
vn -0.7859 -0.0376 0.6172
vn -0.6890 -0.0409 0.7236
vn -0.7814 0.0104 0.6240
vn -0.8143 -0.0968 0.5722
vn -0.8131 -0.0367 0.5810
vn -0.8068 0.0118 0.5907
vn -0.4751 -0.0429 0.8789
vn -0.4633 -0.0702 0.8834
vn -0.6897 0.0012 0.7241
vn -0.4814 -0.0177 0.8763
vn -0.4460 -0.0991 0.8896
vn -0.6662 -0.1385 0.7328
vn -0.7743 -0.1601 0.6123
vn -0.8033 -0.1698 0.5709
vn 0.6617 0.1202 0.7400
vn 0.6830 0.0516 0.7285
vn 0.4779 0.0146 0.8783
vn 0.4574 0.0619 0.8871
vn 0.4138 0.1202 0.9024
vn 0.6188 0.2033 0.7587
vn 0.7066 0.2379 0.6664
vn 0.7495 0.1437 0.6462
vn 0.7349 0.2399 0.6343
vn 0.7719 0.0664 0.6323
vn 0.7758 0.1437 0.6144
vn 0.7970 0.0664 0.6003
vn -0.6617 0.1202 0.7400
vn -0.7495 0.1437 0.6462
vn -0.7066 0.2379 0.6664
vn -0.6188 0.2033 0.7587
vn -0.7758 0.1437 0.6144
vn -0.7349 0.2399 0.6343
vn -0.4138 0.1202 0.9024
vn -0.4574 0.0619 0.8871
vn -0.4779 0.0146 0.8783
vn -0.6831 0.0516 0.7285
vn -0.7719 0.0664 0.6323
vn -0.7970 0.0664 0.6003
vn -0.3195 0.9475 0.0094
vn -0.3602 0.9325 0.0255
vn -0.6127 0.7900 -0.0235
vn -0.0000 0.9992 0.0392
vn -0.0000 0.9990 0.0445
vn -0.5532 0.8302 -0.0688
vn -0.7556 0.6493 -0.0867
vn -0.6908 0.6986 -0.1864
vn -0.8313 0.5373 -0.1420
vn -0.6084 0.7808 -0.1423
vn -0.4678 0.8835 0.0238
vn -0.4663 0.8674 0.1739
vn -0.3522 0.8702 0.3446
vn -0.7663 0.5666 -0.3030
vn -0.6577 0.6425 -0.3932
vn -0.4596 0.8470 -0.2670
vn -0.2642 0.9559 0.1280
vn -0.0000 0.9863 0.1649
vn -0.1966 0.8774 0.4377
vn -0.0000 0.8805 0.4740
vn 0.4678 0.8835 0.0238
vn 0.6084 0.7808 -0.1423
vn 0.6908 0.6986 -0.1864
vn 0.6577 0.6425 -0.3932
vn 0.7663 0.5666 -0.3030
vn 0.3522 0.8702 0.3446
vn 0.4663 0.8674 0.1739
vn 0.4596 0.8470 -0.2670
vn 0.5532 0.8302 -0.0688
vn 0.7556 0.6493 -0.0867
vn 0.6127 0.7900 -0.0235
vn 0.8313 0.5373 -0.1420
vn 0.3602 0.9325 0.0255
vn 0.3195 0.9475 0.0094
vn 0.2642 0.9559 0.1280
vn 0.1966 0.8774 0.4377
vn -0.7936 0.4784 -0.3759
vn -0.8612 0.4782 -0.1721
vn -0.8547 0.4871 -0.1796
vn -0.7866 0.4640 -0.4075
vn -0.8139 0.5548 -0.1726
vn -0.7554 0.5114 -0.4096
vn -0.7029 0.6926 -0.1621
vn -0.6491 0.4488 -0.6142
vn -0.6623 0.4284 -0.6146
vn -0.5057 0.3880 -0.7705
vn -0.4958 0.3708 -0.7853
vn -0.6589 0.6320 -0.4079
vn -0.5806 0.5387 -0.6105
vn -0.5011 0.4498 -0.7393
vn -0.6699 0.4901 -0.5576
vn -0.4813 0.4653 -0.7429
vn 0.6623 0.4284 -0.6146
vn 0.6491 0.4488 -0.6142
vn 0.7554 0.5114 -0.4096
vn 0.5806 0.5387 -0.6105
vn 0.4958 0.3708 -0.7853
vn 0.5057 0.3880 -0.7705
vn 0.5011 0.4498 -0.7393
vn 0.7866 0.4640 -0.4075
vn 0.8139 0.5548 -0.1726
vn 0.8547 0.4871 -0.1796
vn 0.6589 0.6320 -0.4079
vn 0.7029 0.6926 -0.1621
vn 0.8612 0.4782 -0.1721
vn 0.7936 0.4784 -0.3759
vn 0.6699 0.4901 -0.5576
vn 0.4813 0.4653 -0.7429
vn -0.4805 0.7710 -0.4179
vn -0.5019 0.8505 -0.1571
vn -0.2407 0.9590 -0.1498
vn -0.2541 0.8714 -0.4197
vn 0.0432 0.9901 -0.1339
vn -0.0025 0.9145 -0.4047
vn 0.3037 0.9461 -0.1123
vn -0.0461 0.7731 -0.6326
vn -0.2536 0.7240 -0.6415
vn -0.0612 0.5841 -0.8094
vn -0.2369 0.5268 -0.8163
vn 0.2387 0.8927 -0.3823
vn 0.1547 0.7694 -0.6197
vn 0.0733 0.6266 -0.7759
vn -0.4386 0.6446 -0.6262
vn -0.3985 0.4774 -0.7831
vn 0.2536 0.7240 -0.6415
vn 0.0461 0.7731 -0.6326
vn 0.0025 0.9145 -0.4047
vn -0.1547 0.7694 -0.6197
vn -0.2387 0.8927 -0.3823
vn 0.2369 0.5268 -0.8163
vn 0.0612 0.5841 -0.8094
vn -0.0733 0.6266 -0.7759
vn 0.2541 0.8714 -0.4197
vn -0.0432 0.9901 -0.1339
vn 0.2407 0.9590 -0.1498
vn -0.3037 0.9461 -0.1123
vn 0.5019 0.8505 -0.1571
vn 0.4805 0.7710 -0.4179
vn 0.4386 0.6446 -0.6262
vn 0.3985 0.4774 -0.7831
vn 0.4042 0.8337 -0.3762
vn 0.4809 0.8711 -0.0994
vn 0.5589 0.8230 -0.1016
vn 0.4704 0.7944 -0.3842
vn 0.5727 0.8125 -0.1089
vn 0.4770 0.7921 -0.3808
vn 0.5401 0.8341 -0.1122
vn 0.3039 0.7253 -0.6177
vn 0.3110 0.6952 -0.6480
vn 0.0535 0.5844 -0.8097
vn 0.4461 0.8237 -0.3500
vn 0.3008 0.8041 -0.5128
vn 0.0724 0.7909 -0.6076
vn 0.2756 0.7256 -0.6305
vn 0.0944 0.5289 -0.8434
vn 0.0967 0.5679 -0.8174
vn -0.3110 0.6952 -0.6480
vn -0.3039 0.7253 -0.6177
vn -0.4770 0.7921 -0.3808
vn -0.3008 0.8041 -0.5128
vn -0.4461 0.8237 -0.3500
vn -0.0944 0.5289 -0.8434
vn -0.0535 0.5844 -0.8097
vn -0.0724 0.7909 -0.6076
vn -0.4704 0.7944 -0.3842
vn -0.5727 0.8125 -0.1089
vn -0.5589 0.8230 -0.1016
vn -0.5401 0.8341 -0.1122
vn -0.4809 0.8711 -0.0994
vn -0.4042 0.8337 -0.3762
vn -0.2756 0.7256 -0.6305
vn -0.0967 0.5679 -0.8174
vn 0.4134 0.8645 -0.2860
vn 0.4941 0.8634 -0.1021
vn 0.4616 0.8830 -0.0853
vn 0.4011 0.8885 -0.2229
vn 0.4364 0.8968 -0.0731
vn 0.3929 0.8994 -0.1918
vn 0.4133 0.9083 -0.0641
vn 0.3641 0.9020 -0.2320
vn 0.3446 0.8977 -0.2747
vn 0.3517 0.9115 -0.2130
vn 0.3052 0.9176 -0.2547
vn 0.3766 0.9084 -0.1814
vn 0.3613 0.9061 -0.2199
vn 0.3642 0.9094 -0.2008
vn 0.3451 0.8663 -0.3612
vn 0.2288 0.8990 -0.3733
vn -0.3446 0.8977 -0.2747
vn -0.3641 0.9020 -0.2320
vn -0.3929 0.8994 -0.1918
vn -0.3613 0.9061 -0.2199
vn -0.3766 0.9084 -0.1814
vn -0.3052 0.9176 -0.2547
vn -0.3517 0.9115 -0.2130
vn -0.3642 0.9094 -0.2008
vn -0.4011 0.8885 -0.2229
vn -0.4364 0.8968 -0.0731
vn -0.4616 0.8830 -0.0853
vn -0.4133 0.9083 -0.0641
vn -0.4941 0.8634 -0.1021
vn -0.4134 0.8645 -0.2860
vn -0.3451 0.8663 -0.3612
vn -0.2288 0.8990 -0.3733
vn 0.3980 0.8989 -0.1832
vn 0.4368 0.8977 -0.0585
vn 0.5606 0.8256 -0.0637
vn 0.5098 0.8356 -0.2044
vn 0.7596 0.6457 -0.0780
vn 0.6933 0.6797 -0.2395
vn 0.9246 0.3701 -0.0907
vn 0.6621 0.6880 -0.2970
vn 0.4913 0.8329 -0.2546
vn 0.6597 0.6962 -0.2832
vn 0.4972 0.8330 -0.2428
vn 0.8601 0.4358 -0.2651
vn 0.8248 0.4653 -0.3212
vn 0.8195 0.4920 -0.2939
vn 0.3853 0.8948 -0.2254
vn 0.3940 0.8948 -0.2100
vn -0.4913 0.8329 -0.2546
vn -0.6621 0.6880 -0.2970
vn -0.6933 0.6797 -0.2395
vn -0.8248 0.4653 -0.3212
vn -0.8601 0.4358 -0.2651
vn -0.4972 0.8330 -0.2428
vn -0.6597 0.6962 -0.2832
vn -0.8195 0.4920 -0.2939
vn -0.5098 0.8356 -0.2044
vn -0.7596 0.6457 -0.0780
vn -0.5606 0.8256 -0.0637
vn -0.9246 0.3701 -0.0907
vn -0.4368 0.8977 -0.0585
vn -0.3980 0.8989 -0.1832
vn -0.3853 0.8948 -0.2254
vn -0.3940 0.8948 -0.2100
vn 0.9453 0.1934 -0.2627
vn 0.9892 0.1135 -0.0927
vn 0.9931 -0.0796 -0.0856
vn 0.9706 -0.0101 -0.2406
vn 0.9653 -0.2497 -0.0766
vn 0.9561 -0.2027 -0.2118
vn 0.9041 -0.4217 -0.0687
vn 0.9635 -0.1813 -0.1972
vn 0.9675 0.0229 -0.2519
vn 0.9825 -0.1639 -0.0882
vn 0.9853 0.0469 -0.1641
vn 0.8998 -0.3973 -0.1801
vn 0.9154 -0.3748 -0.1467
vn 0.9374 -0.3470 -0.0276
vn 0.9244 0.2341 -0.3010
vn 0.9318 0.2683 -0.2445
vn -0.9675 0.0229 -0.2519
vn -0.9635 -0.1813 -0.1972
vn -0.9561 -0.2027 -0.2118
vn -0.9154 -0.3748 -0.1467
vn -0.8998 -0.3973 -0.1801
vn -0.9853 0.0469 -0.1641
vn -0.9825 -0.1639 -0.0882
vn -0.9374 -0.3470 -0.0276
vn -0.9706 -0.0101 -0.2406
vn -0.9653 -0.2497 -0.0766
vn -0.9931 -0.0796 -0.0856
vn -0.9041 -0.4217 -0.0687
vn -0.9892 0.1135 -0.0927
vn -0.9453 0.1934 -0.2627
vn -0.9244 0.2341 -0.3010
vn -0.9318 0.2683 -0.2445
vn 0.7192 -0.6826 -0.1297
vn 0.8084 -0.5688 -0.1514
vn 0.8166 -0.5743 -0.0575
vn 0.7309 -0.6807 -0.0487
vn 0.6554 -0.7541 -0.0421
vn 0.6433 -0.7574 -0.1121
vn 0.5935 -0.8041 -0.0337
vn 0.5826 -0.8065 -0.1008
vn 0.6656 -0.7444 -0.0531
vn 0.7408 -0.6673 -0.0769
vn 0.6995 -0.7112 0.0693
vn 0.6005 -0.7986 -0.0399
vn 0.6277 -0.7743 0.0807
vn 0.8257 -0.5537 -0.1078
vn 0.7740 -0.6316 0.0448
vn 0.8531 -0.5217 0.0121
vn -0.7192 -0.6826 -0.1297
vn -0.7408 -0.6673 -0.0769
vn -0.6656 -0.7444 -0.0531
vn -0.6433 -0.7574 -0.1121
vn -0.6005 -0.7986 -0.0399
vn -0.7740 -0.6316 0.0448
vn -0.6995 -0.7112 0.0693
vn -0.6277 -0.7743 0.0807
vn -0.6554 -0.7541 -0.0421
vn -0.7309 -0.6807 -0.0487
vn -0.5826 -0.8065 -0.1008
vn -0.5935 -0.8041 -0.0337
vn -0.8166 -0.5743 -0.0575
vn -0.8084 -0.5688 -0.1514
vn -0.8257 -0.5537 -0.1078
vn -0.8531 -0.5217 0.0121
vn 0.4628 -0.8810 -0.0985
vn 0.5255 -0.8452 -0.0971
vn 0.5348 -0.8447 -0.0230
vn 0.4715 -0.8818 -0.0095
vn 0.4082 -0.9129 0.0065
vn 0.4004 -0.9109 -0.0998
vn 0.3496 -0.9365 0.0268
vn 0.3417 -0.9350 -0.0949
vn 0.4105 -0.9105 -0.0490
vn 0.4725 -0.8802 -0.0447
vn 0.4477 -0.8905 0.0816
vn 0.3557 -0.9336 -0.0425
vn 0.4184 -0.8988 0.1304
vn 0.5379 -0.8421 -0.0389
vn 0.4958 -0.8653 0.0742
vn 0.5590 -0.8254 0.0789
vn -0.4628 -0.8810 -0.0985
vn -0.4725 -0.8802 -0.0447
vn -0.4105 -0.9105 -0.0490
vn -0.4004 -0.9109 -0.0998
vn -0.3557 -0.9336 -0.0425
vn -0.4958 -0.8653 0.0742
vn -0.4477 -0.8905 0.0816
vn -0.4184 -0.8988 0.1304
vn -0.4082 -0.9129 0.0065
vn -0.4715 -0.8818 -0.0095
vn -0.3417 -0.9350 -0.0949
vn -0.3496 -0.9365 0.0268
vn -0.5348 -0.8447 -0.0230
vn -0.5255 -0.8452 -0.0971
vn -0.5379 -0.8421 -0.0389
vn -0.5590 -0.8254 0.0789
vn 0.2203 -0.3848 -0.8963
vn 0.1134 -0.3629 -0.9249
vn 0.1103 -0.5045 -0.8564
vn -0.0000 -0.3492 -0.9371
vn -0.0000 -0.4888 -0.8724
vn 0.2132 -0.2514 -0.9441
vn 0.1179 -0.2403 -0.9635
vn -0.0000 -0.2333 -0.9724
vn 0.2294 -0.5269 -0.8184
vn 0.1151 -0.6529 -0.7487
vn 0.2470 -0.6647 -0.7051
vn 0.1275 -0.7862 -0.6046
vn -0.0000 -0.6409 -0.7677
vn -0.0000 -0.7816 -0.6238
vn 0.3973 -0.6496 -0.6482
vn 0.3586 -0.5285 -0.7695
vn 0.5639 -0.5832 -0.5847
vn 0.4946 -0.4863 -0.7204
vn 0.2710 -0.7812 -0.5624
vn 0.4335 -0.7443 -0.5081
vn 0.6165 -0.6499 -0.4446
vn 0.3226 -0.3923 -0.8614
vn 0.2874 -0.2537 -0.9236
vn 0.4164 -0.3657 -0.8324
vn 0.3386 -0.2340 -0.9114
vn -0.3586 -0.5285 -0.7695
vn -0.3973 -0.6496 -0.6482
vn -0.2470 -0.6647 -0.7051
vn -0.4335 -0.7443 -0.5081
vn -0.2710 -0.7812 -0.5624
vn -0.4946 -0.4863 -0.7204
vn -0.5639 -0.5832 -0.5847
vn -0.6165 -0.6499 -0.4446
vn -0.2294 -0.5269 -0.8184
vn -0.1151 -0.6529 -0.7487
vn -0.1103 -0.5045 -0.8564
vn -0.1275 -0.7862 -0.6046
vn -0.1134 -0.3629 -0.9249
vn -0.2203 -0.3848 -0.8963
vn -0.1179 -0.2403 -0.9635
vn -0.2132 -0.2514 -0.9441
vn -0.3226 -0.3923 -0.8614
vn -0.4164 -0.3657 -0.8324
vn -0.2874 -0.2537 -0.9236
vn -0.3386 -0.2340 -0.9114
vn 0.1621 -0.1700 -0.9720
vn 0.0991 -0.1914 -0.9765
vn 0.1109 -0.1558 -0.9815
vn -0.0000 -0.2003 -0.9797
vn -0.0000 -0.1611 -0.9869
vn 0.1370 -0.2453 -0.9597
vn 0.0846 -0.2733 -0.9582
vn -0.0000 -0.2851 -0.9585
vn 0.1844 -0.1425 -0.9725
vn 0.1174 -0.1673 -0.9789
vn 0.2014 -0.1646 -0.9656
vn -0.0000 -0.1674 -0.9859
vn 0.2529 -0.1557 -0.9549
vn 0.2207 -0.1235 -0.9675
vn 0.2726 -0.1354 -0.9526
vn 0.2225 -0.0992 -0.9699
vn 0.1881 -0.1420 -0.9718
vn 0.1549 -0.2086 -0.9656
vn 0.1809 -0.1115 -0.9772
vn 0.1426 -0.1690 -0.9752
vn -0.2207 -0.1235 -0.9675
vn -0.2529 -0.1557 -0.9549
vn -0.2014 -0.1646 -0.9656
vn -0.2225 -0.0992 -0.9699
vn -0.2726 -0.1354 -0.9526
vn -0.1844 -0.1425 -0.9725
vn -0.1174 -0.1673 -0.9789
vn -0.1109 -0.1558 -0.9815
vn -0.0991 -0.1914 -0.9765
vn -0.1621 -0.1700 -0.9720
vn -0.0846 -0.2733 -0.9582
vn -0.1370 -0.2453 -0.9597
vn -0.1881 -0.1420 -0.9718
vn -0.1809 -0.1115 -0.9772
vn -0.1549 -0.2086 -0.9656
vn -0.1426 -0.1690 -0.9752
vn 0.0538 -0.5827 -0.8109
vn 0.0355 -0.6106 -0.7911
vn 0.0491 -0.4879 -0.8715
vn -0.0000 -0.6218 -0.7832
vn -0.0000 -0.5005 -0.8657
vn 0.0491 -0.7349 -0.6764
vn 0.0319 -0.7558 -0.6541
vn -0.0000 -0.7642 -0.6449
vn 0.0765 -0.4565 -0.8864
vn 0.0673 -0.3786 -0.9231
vn 0.1073 -0.3471 -0.9317
vn -0.0000 -0.3914 -0.9202
vn 0.1169 -0.3048 -0.9452
vn 0.0781 -0.4133 -0.9073
vn 0.0999 -0.2580 -0.9610
vn 0.0577 -0.3643 -0.9295
vn 0.0508 -0.5436 -0.8378
vn 0.0482 -0.7061 -0.7065
vn 0.0296 -0.4988 -0.8662
vn 0.0314 -0.6735 -0.7385
vn -0.0781 -0.4133 -0.9073
vn -0.1169 -0.3048 -0.9452
vn -0.1073 -0.3471 -0.9317
vn -0.0577 -0.3643 -0.9295
vn -0.0999 -0.2580 -0.9610
vn -0.0765 -0.4565 -0.8864
vn -0.0673 -0.3786 -0.9231
vn -0.0491 -0.4879 -0.8715
vn -0.0355 -0.6106 -0.7911
vn -0.0538 -0.5827 -0.8109
vn -0.0319 -0.7558 -0.6541
vn -0.0491 -0.7349 -0.6764
vn -0.0508 -0.5436 -0.8378
vn -0.0296 -0.4988 -0.8662
vn -0.0482 -0.7061 -0.7065
vn -0.0314 -0.6735 -0.7385
vn 0.0756 -0.9626 -0.2603
vn 0.0925 -0.9538 -0.2859
vn 0.1128 -0.9909 -0.0736
vn 0.0878 -0.9948 -0.0518
vn 0.0964 -0.9455 -0.3110
vn 0.1263 -0.9876 -0.0938
vn 0.0499 -0.9982 -0.0342
vn 0.0442 -0.9697 -0.2401
vn -0.0000 -0.9996 -0.0267
vn -0.0000 -0.9728 -0.2315
vn 0.0370 -0.8884 -0.4577
vn 0.0605 -0.8753 -0.4798
vn -0.0000 -0.8938 -0.4484
vn 0.0677 -0.8582 -0.5088
vn 0.0607 -0.8403 -0.5387
vn -0.0756 -0.9626 -0.2603
vn -0.0605 -0.8753 -0.4798
vn -0.0370 -0.8884 -0.4577
vn -0.0442 -0.9697 -0.2401
vn -0.0499 -0.9982 -0.0342
vn -0.0878 -0.9948 -0.0518
vn -0.1128 -0.9909 -0.0736
vn -0.0925 -0.9538 -0.2859
vn -0.1263 -0.9876 -0.0938
vn -0.0677 -0.8582 -0.5088
vn -0.0964 -0.9455 -0.3110
vn -0.0607 -0.8403 -0.5387
vn 0.1912 -0.9155 -0.3539
vn 0.3459 -0.8545 -0.3875
vn 0.3699 -0.9188 -0.1379
vn 0.2267 -0.9663 -0.1215
vn 0.5917 -0.6854 -0.4245
vn 0.6055 -0.7808 -0.1540
vn 0.1530 -0.9823 -0.1080
vn 0.1164 -0.9363 -0.3315
vn 0.0713 -0.8211 -0.5663
vn 0.1435 -0.7894 -0.5969
vn 0.0331 -0.6378 -0.7695
vn 0.2908 -0.7185 -0.6318
vn 0.4973 -0.5583 -0.6641
vn 0.1029 -0.5928 -0.7988
vn 0.2428 -0.5280 -0.8138
vn 0.3889 -0.4558 -0.8006
vn -0.1912 -0.9155 -0.3539
vn -0.1435 -0.7894 -0.5969
vn -0.0713 -0.8211 -0.5663
vn -0.1164 -0.9363 -0.3315
vn -0.1029 -0.5928 -0.7988
vn -0.0331 -0.6378 -0.7695
vn -0.1530 -0.9823 -0.1080
vn -0.2267 -0.9663 -0.1215
vn -0.3699 -0.9188 -0.1379
vn -0.3459 -0.8545 -0.3875
vn -0.6055 -0.7808 -0.1540
vn -0.2908 -0.7185 -0.6318
vn -0.2428 -0.5280 -0.8138
vn -0.5917 -0.6854 -0.4245
vn -0.4973 -0.5583 -0.6641
vn -0.3889 -0.4558 -0.8006
vn 0.9088 -0.1478 -0.3902
vn 0.9340 0.0172 -0.3568
vn 0.9886 -0.0583 -0.1388
vn 0.9575 -0.2476 -0.1483
vn 0.9340 0.0931 -0.3449
vn 0.9894 0.0417 -0.1394
vn 0.8391 -0.5206 -0.1581
vn 0.8080 -0.4071 -0.4260
vn 0.6702 -0.3298 -0.6649
vn 0.7665 -0.1097 -0.6329
vn 0.4486 -0.3134 -0.8370
vn 0.8059 0.0382 -0.5908
vn 0.8197 0.1028 -0.5635
vn 0.5181 -0.1280 -0.8457
vn 0.5706 -0.0001 -0.8212
vn 0.6110 0.0633 -0.7891
vn -0.9088 -0.1478 -0.3902
vn -0.7665 -0.1097 -0.6329
vn -0.6702 -0.3298 -0.6649
vn -0.8080 -0.4071 -0.4260
vn -0.5181 -0.1280 -0.8457
vn -0.4486 -0.3134 -0.8370
vn -0.8391 -0.5206 -0.1581
vn -0.9575 -0.2476 -0.1483
vn -0.9886 -0.0583 -0.1388
vn -0.9340 0.0172 -0.3568
vn -0.9894 0.0417 -0.1394
vn -0.8059 0.0382 -0.5908
vn -0.5706 -0.0001 -0.8212
vn -0.9340 0.0931 -0.3449
vn -0.8197 0.1028 -0.5635
vn -0.6110 0.0633 -0.7891
vn 0.9308 0.1428 -0.3364
vn 0.9313 0.1490 -0.3324
vn 0.9806 0.1343 -0.1427
vn 0.9825 0.1189 -0.1437
vn 0.9329 0.1458 -0.3294
vn 0.9799 0.1403 -0.1416
vn 0.9855 0.0904 -0.1434
vn 0.9316 0.1255 -0.3411
vn 0.8288 0.1296 -0.5444
vn 0.8376 0.1418 -0.5275
vn 0.6442 0.0948 -0.7590
vn 0.8467 0.1421 -0.5128
vn 0.8568 0.1311 -0.4987
vn 0.6740 0.1078 -0.7309
vn 0.7044 0.1045 -0.7021
vn 0.7390 0.0843 -0.6684
vn -0.9308 0.1428 -0.3364
vn -0.8376 0.1418 -0.5275
vn -0.8288 0.1296 -0.5444
vn -0.9316 0.1255 -0.3411
vn -0.6740 0.1078 -0.7309
vn -0.6442 0.0948 -0.7590
vn -0.9855 0.0904 -0.1434
vn -0.9825 0.1189 -0.1437
vn -0.9806 0.1343 -0.1427
vn -0.9313 0.1490 -0.3324
vn -0.9799 0.1403 -0.1416
vn -0.8467 0.1421 -0.5128
vn -0.7044 0.1045 -0.7021
vn -0.9329 0.1458 -0.3294
vn -0.8568 0.1311 -0.4987
vn -0.7390 0.0843 -0.6684
vn 0.4703 0.0480 -0.8812
vn 0.4209 0.0331 -0.9065
vn 0.2725 -0.0267 -0.9618
vn 0.3696 -0.0065 -0.9292
vn 0.2233 -0.0706 -0.9722
vn 0.1876 -0.0759 -0.9793
vn 0.2366 -0.0657 -0.9694
vn 0.1440 -0.1253 -0.9816
vn 0.3268 -0.0143 -0.9450
vn 0.3010 -0.0976 -0.9486
vn 0.3971 -0.0349 -0.9171
vn 0.3918 -0.1838 -0.9015
vn 0.5260 0.0395 -0.8496
vn 0.4940 -0.0968 -0.8641
vn 0.5952 0.0037 -0.8036
vn -0.3268 -0.0143 -0.9450
vn -0.3971 -0.0349 -0.9171
vn -0.3010 -0.0976 -0.9486
vn -0.2366 -0.0657 -0.9694
vn -0.4940 -0.0968 -0.8641
vn -0.3918 -0.1838 -0.9015
vn -0.1876 -0.0759 -0.9793
vn -0.2725 -0.0267 -0.9618
vn -0.1440 -0.1253 -0.9816
vn -0.2233 -0.0706 -0.9722
vn -0.4209 0.0331 -0.9065
vn -0.4703 0.0480 -0.8812
vn -0.3696 -0.0065 -0.9292
vn -0.5260 0.0395 -0.8496
vn -0.5952 0.0037 -0.8036
vn 0.1139 -0.2463 -0.9625
vn 0.1686 -0.1442 -0.9751
vn 0.3101 -0.0746 -0.9478
vn 0.2572 -0.1825 -0.9490
vn 0.2300 -0.3475 -0.9090
vn 0.0875 -0.3986 -0.9129
vn 0.0252 -0.4496 -0.8929
vn 0.0516 -0.3108 -0.9491
vn 0.0963 -0.2066 -0.9737
vn -0.0516 -0.3108 -0.9491
vn -0.0252 -0.4496 -0.8929
vn -0.0875 -0.3986 -0.9129
vn -0.1139 -0.2463 -0.9625
vn -0.2300 -0.3475 -0.9090
vn -0.2572 -0.1825 -0.9490
vn -0.3101 -0.0746 -0.9478
vn -0.1686 -0.1442 -0.9751
vn -0.0963 -0.2066 -0.9737
vn 0.8012 -0.2791 -0.5293
vn 0.8738 -0.0873 -0.4783
vn 0.7865 -0.0947 -0.6102
vn 0.8791 0.0511 -0.4739
vn 0.8753 -0.2525 -0.4125
vn 0.9194 -0.0606 -0.3887
vn 0.9164 0.0760 -0.3929
vn 0.6817 -0.0428 -0.7303
vn 0.6139 -0.1745 -0.7699
vn 0.8320 0.0480 -0.5526
vn 0.7825 0.0601 -0.6197
vn 0.5040 -0.2930 -0.8125
vn 0.6158 -0.3861 -0.6868
vn 0.7144 -0.2588 -0.6501
vn 0.7085 -0.4520 -0.5420
vn 0.7902 -0.4649 -0.3993
vn -0.6158 -0.3861 -0.6868
vn -0.5040 -0.2930 -0.8125
vn -0.6139 -0.1745 -0.7699
vn -0.6817 -0.0428 -0.7303
vn -0.7865 -0.0947 -0.6102
vn -0.7825 0.0601 -0.6197
vn -0.8320 0.0480 -0.5526
vn -0.8738 -0.0873 -0.4783
vn -0.8012 -0.2791 -0.5293
vn -0.9194 -0.0606 -0.3887
vn -0.8753 -0.2525 -0.4125
vn -0.8791 0.0511 -0.4739
vn -0.9164 0.0760 -0.3929
vn -0.7144 -0.2588 -0.6501
vn -0.7085 -0.4520 -0.5420
vn -0.7902 -0.4649 -0.3993
vn 0.9419 0.1472 -0.3020
vn 0.9479 0.1640 -0.2732
vn 0.9787 0.1775 -0.1031
vn 0.9799 0.1562 -0.1237
vn 0.9513 0.1984 -0.2359
vn 0.9737 0.2149 -0.0756
vn 0.9799 0.1447 -0.1369
vn 0.9363 0.1420 -0.3213
vn 0.8709 0.1188 -0.4769
vn 0.8895 0.1171 -0.4416
vn 0.9093 0.1287 -0.3957
vn 0.9258 0.1596 -0.3427
vn -0.9419 0.1472 -0.3020
vn -0.8895 0.1171 -0.4416
vn -0.8709 0.1188 -0.4769
vn -0.9363 0.1420 -0.3213
vn -0.9799 0.1447 -0.1369
vn -0.9799 0.1562 -0.1237
vn -0.9787 0.1775 -0.1031
vn -0.9479 0.1640 -0.2732
vn -0.9737 0.2149 -0.0756
vn -0.9093 0.1287 -0.3957
vn -0.9513 0.1984 -0.2359
vn -0.9258 0.1596 -0.3427
vn 0.9711 0.1938 0.1390
vn 0.9531 0.2865 0.0973
vn 0.9530 0.2967 0.0619
vn 0.9461 0.3226 0.0293
vn 0.9732 0.2295 -0.0154
vn 0.9769 0.2012 0.0717
vn 0.9886 -0.0361 0.1462
vn 0.9658 -0.0563 0.2530
vn 0.8988 -0.3803 0.2180
vn 0.8605 -0.3788 0.3405
vn 0.9998 -0.0169 -0.0041
vn 0.9126 -0.3989 0.0900
vn 0.9301 -0.0365 0.3655
vn 0.9606 0.1946 0.1982
vn 0.8897 0.0006 0.4565
vn 0.8090 -0.3665 0.4596
vn 0.7417 -0.3187 0.5902
vn 0.9524 0.2812 0.1173
vn 0.9486 0.2070 0.2395
vn 0.9491 0.2842 0.1356
vn -0.9711 0.1938 0.1390
vn -0.9606 0.1946 0.1982
vn -0.9301 -0.0365 0.3655
vn -0.9658 -0.0563 0.2530
vn -0.8090 -0.3665 0.4596
vn -0.9486 0.2070 0.2395
vn -0.8897 0.0006 0.4565
vn -0.7417 -0.3187 0.5902
vn -0.9886 -0.0361 0.1462
vn -0.9769 0.2012 0.0717
vn -0.9998 -0.0169 -0.0041
vn -0.9732 0.2295 -0.0154
vn -0.8605 -0.3788 0.3405
vn -0.8988 -0.3803 0.2180
vn -0.9126 -0.3989 0.0900
vn -0.9530 0.2967 0.0619
vn -0.9461 0.3226 0.0293
vn -0.9531 0.2865 0.0973
vn -0.9524 0.2812 0.1173
vn -0.9491 0.2842 0.1356
vn 0.9534 0.3008 -0.0217
vn 0.9641 0.2614 -0.0471
vn 0.9507 0.2396 -0.1971
vn 0.9522 0.2630 -0.1555
vn 0.9388 0.1843 -0.2909
vn 0.9597 0.1587 -0.2317
vn 0.9453 0.0768 -0.3171
vn 0.9827 0.1105 -0.1489
vn 0.9592 0.2652 -0.0984
vn 0.9730 -0.0020 -0.2307
vn 0.9816 -0.1598 -0.1046
vn 0.9459 0.3245 0.0039
vn -0.9592 0.2652 -0.0984
vn -0.9827 0.1105 -0.1489
vn -0.9597 0.1587 -0.2317
vn -0.9816 -0.1598 -0.1046
vn -0.9730 -0.0020 -0.2307
vn -0.9522 0.2630 -0.1555
vn -0.9388 0.1843 -0.2909
vn -0.9507 0.2396 -0.1971
vn -0.9453 0.0768 -0.3171
vn -0.9641 0.2614 -0.0471
vn -0.9534 0.3008 -0.0217
vn -0.9459 0.3245 0.0039
vn 0.7778 -0.6173 0.1181
vn 0.8060 -0.5697 0.1605
vn 0.9760 -0.1538 0.1541
vn 0.5177 -0.8533 0.0630
vn 0.5279 -0.8371 0.1435
vn 0.9597 -0.2106 0.1858
vn 0.9721 0.1840 0.1455
vn 0.9639 0.1144 0.2403
vn 0.8837 -0.0466 0.4658
vn 0.8726 -0.3284 0.3616
vn 0.6940 -0.3116 0.6490
vn 0.7037 -0.6814 0.2013
vn 0.5011 -0.8626 0.0695
vn 0.6752 -0.5079 0.5348
vn 0.5833 -0.7486 0.3152
vn 0.4804 -0.8652 0.1438
vn -0.8726 -0.3284 0.3616
vn -0.8837 -0.0466 0.4658
vn -0.9639 0.1144 0.2403
vn -0.6752 -0.5079 0.5348
vn -0.6940 -0.3116 0.6490
vn -0.9597 -0.2106 0.1858
vn -0.9721 0.1840 0.1455
vn -0.9760 -0.1538 0.1541
vn -0.8060 -0.5697 0.1605
vn -0.7778 -0.6173 0.1181
vn -0.5279 -0.8371 0.1435
vn -0.7037 -0.6814 0.2013
vn -0.5833 -0.7486 0.3152
vn -0.5177 -0.8533 0.0630
vn -0.5011 -0.8626 0.0695
vn -0.4804 -0.8652 0.1438
vn 0.3164 -0.9448 0.0850
vn 0.3675 -0.9228 0.1158
vn 0.3691 -0.9293 -0.0089
vn 0.3114 -0.9481 -0.0637
vn 0.3820 -0.9230 -0.0469
vn 0.4286 -0.8966 0.1110
vn 0.3604 -0.9264 0.1088
vn 0.3118 -0.9459 -0.0900
vn 0.3063 -0.9499 -0.0620
vn 0.3047 -0.9487 -0.0844
vn 0.3608 -0.9223 0.1383
vn 0.3135 -0.9480 0.0543
vn -0.3047 -0.9487 -0.0844
vn -0.3063 -0.9499 -0.0620
vn -0.3118 -0.9459 -0.0900
vn -0.3608 -0.9223 0.1383
vn -0.3114 -0.9481 -0.0637
vn -0.3820 -0.9230 -0.0469
vn -0.3691 -0.9293 -0.0089
vn -0.3604 -0.9264 0.1088
vn -0.4286 -0.8966 0.1110
vn -0.3675 -0.9228 0.1158
vn -0.3164 -0.9448 0.0850
vn -0.3135 -0.9480 0.0543
vn 0.1667 -0.4946 -0.8530
vn 0.1716 -0.3657 -0.9148
vn 0.2894 -0.3677 -0.8838
vn 0.1721 -0.2501 -0.9528
vn 0.2914 -0.2632 -0.9197
vn -0.0000 -0.4977 -0.8673
vn -0.0000 -0.3652 -0.9309
vn -0.0000 -0.2448 -0.9696
vn 0.2817 -0.4897 -0.8251
vn 0.3649 -0.3722 -0.8534
vn 0.3569 -0.4881 -0.7965
vn 0.4068 -0.3785 -0.8314
vn 0.3684 -0.2805 -0.8863
vn 0.4146 -0.2961 -0.8605
vn 0.3541 -0.6060 -0.7123
vn 0.2744 -0.6103 -0.7431
vn 0.3587 -0.7003 -0.6171
vn 0.2703 -0.7092 -0.6511
vn 0.4002 -0.4919 -0.7732
vn 0.4143 -0.6112 -0.6743
vn 0.4409 -0.6908 -0.5731
vn 0.1602 -0.6186 -0.7692
vn -0.0000 -0.6235 -0.7818
vn 0.1546 -0.7197 -0.6769
vn -0.0000 -0.7254 -0.6884
vn -0.2744 -0.6103 -0.7431
vn -0.3541 -0.6060 -0.7123
vn -0.3569 -0.4881 -0.7965
vn -0.4143 -0.6112 -0.6743
vn -0.4002 -0.4919 -0.7732
vn -0.2703 -0.7092 -0.6511
vn -0.3587 -0.7003 -0.6171
vn -0.4409 -0.6908 -0.5731
vn -0.2817 -0.4897 -0.8251
vn -0.3649 -0.3722 -0.8534
vn -0.2894 -0.3677 -0.8838
vn -0.3684 -0.2805 -0.8863
vn -0.4068 -0.3785 -0.8314
vn -0.4146 -0.2961 -0.8605
vn -0.1716 -0.3657 -0.9148
vn -0.1667 -0.4946 -0.8530
vn -0.2914 -0.2632 -0.9197
vn -0.1721 -0.2501 -0.9528
vn -0.1602 -0.6186 -0.7692
vn -0.1546 -0.7197 -0.6769
vn 0.1456 -0.8619 -0.4858
vn 0.1501 -0.7987 -0.5827
vn 0.2679 -0.7856 -0.5577
vn -0.0000 -0.8687 -0.4953
vn -0.0000 -0.8049 -0.5934
vn 0.2643 -0.8460 -0.4631
vn 0.3659 -0.7708 -0.5215
vn 0.4574 -0.7500 -0.4777
vn 0.4656 -0.7939 -0.3910
vn 0.3690 -0.8235 -0.4309
vn 0.3664 -0.8657 -0.3409
vn 0.2595 -0.8919 -0.3704
vn 0.3652 -0.8960 -0.2526
vn 0.2555 -0.9249 -0.2816
vn 0.4680 -0.8300 -0.3035
vn 0.4690 -0.8568 -0.2145
vn 0.1410 -0.9098 -0.3904
vn -0.0000 -0.9172 -0.3985
vn 0.1372 -0.9441 -0.2997
vn -0.0000 -0.9518 -0.3066
vn -0.2595 -0.8919 -0.3704
vn -0.3664 -0.8657 -0.3409
vn -0.3690 -0.8235 -0.4309
vn -0.4680 -0.8300 -0.3035
vn -0.2555 -0.9249 -0.2816
vn -0.3652 -0.8960 -0.2526
vn -0.4690 -0.8568 -0.2145
vn -0.2643 -0.8460 -0.4631
vn -0.3659 -0.7708 -0.5215
vn -0.2679 -0.7856 -0.5577
vn -0.4656 -0.7939 -0.3910
vn -0.4574 -0.7500 -0.4777
vn -0.1501 -0.7987 -0.5827
vn -0.1456 -0.8619 -0.4858
vn -0.1410 -0.9098 -0.3904
vn -0.1372 -0.9441 -0.2997
vn 0.2716 -0.9483 -0.1640
vn 0.1420 -0.9725 -0.1848
vn 0.1372 -0.9640 -0.2276
vn -0.0000 -0.9815 -0.1913
vn -0.0000 -0.9720 -0.2348
vn 0.2585 -0.9435 -0.2074
vn 0.3719 -0.9112 -0.1771
vn 0.3912 -0.9112 -0.1291
vn 0.4805 -0.8661 -0.1374
vn 0.5061 -0.8585 -0.0827
vn 0.4171 -0.9028 -0.1048
vn 0.2900 -0.9469 -0.1390
vn 0.4477 -0.8893 -0.0935
vn 0.5480 -0.8353 -0.0451
vn 0.6163 -0.7875 -0.0016
vn 0.1490 -0.9756 -0.1616
vn -0.0000 -0.9857 -0.1686
vn 0.3056 -0.9421 -0.1382
vn 0.1552 -0.9748 -0.1604
vn -0.0000 -0.9858 -0.1678
vn -0.2716 -0.9483 -0.1640
vn -0.2900 -0.9469 -0.1390
vn -0.4171 -0.9028 -0.1048
vn -0.3912 -0.9112 -0.1291
vn -0.5480 -0.8353 -0.0451
vn -0.3056 -0.9421 -0.1382
vn -0.4477 -0.8893 -0.0935
vn -0.6163 -0.7875 -0.0016
vn -0.3719 -0.9112 -0.1771
vn -0.2585 -0.9435 -0.2074
vn -0.5061 -0.8585 -0.0827
vn -0.4805 -0.8661 -0.1374
vn -0.1372 -0.9640 -0.2276
vn -0.1420 -0.9725 -0.1848
vn -0.1490 -0.9756 -0.1616
vn -0.1552 -0.9748 -0.1604
vn 0.3064 -0.9198 -0.2450
vn 0.1539 -0.9503 -0.2707
vn 0.1570 -0.9693 -0.1894
vn 0.3104 -0.9357 -0.1676
vn -0.0000 -0.9591 -0.2830
vn -0.0000 -0.9802 -0.1981
vn 0.4630 -0.8773 -0.1262
vn 0.4641 -0.8619 -0.2044
vn 0.6268 -0.7778 -0.0452
vn 0.6459 -0.7520 -0.1318
vn 0.4578 -0.8185 -0.3470
vn 0.2943 -0.8712 -0.3930
vn 0.6530 -0.6994 -0.2905
vn 0.1435 -0.8923 -0.4280
vn -0.0000 -0.8955 -0.4451
vn -0.3064 -0.9198 -0.2450
vn -0.2943 -0.8712 -0.3930
vn -0.4578 -0.8185 -0.3470
vn -0.4641 -0.8619 -0.2044
vn -0.6530 -0.6994 -0.2905
vn -0.4630 -0.8773 -0.1262
vn -0.3104 -0.9357 -0.1676
vn -0.6459 -0.7520 -0.1318
vn -0.6268 -0.7778 -0.0452
vn -0.1570 -0.9693 -0.1894
vn -0.1539 -0.9503 -0.2707
vn -0.1435 -0.8923 -0.4280
vn 0.9654 -0.1922 -0.1761
vn 0.9500 -0.0976 -0.2967
vn 0.9092 -0.3183 -0.2683
vn 0.9053 -0.4072 -0.1207
vn 0.8187 -0.5174 -0.2491
vn 0.7933 -0.6014 -0.0947
vn 0.7582 -0.6520 0.0125
vn 0.8581 -0.5132 0.0178
vn 0.7325 -0.6767 0.0748
vn 0.7940 -0.5976 0.1111
vn 0.9342 -0.3562 -0.0223
vn 0.8394 -0.5309 0.1165
vn -0.8581 -0.5132 0.0178
vn -0.7582 -0.6520 0.0125
vn -0.7933 -0.6014 -0.0947
vn -0.7940 -0.5976 0.1111
vn -0.7325 -0.6767 0.0748
vn -0.9053 -0.4072 -0.1207
vn -0.8187 -0.5174 -0.2491
vn -0.9092 -0.3183 -0.2683
vn -0.9500 -0.0976 -0.2967
vn -0.9654 -0.1922 -0.1761
vn -0.9342 -0.3562 -0.0223
vn -0.8394 -0.5309 0.1165
vn 0.8328 -0.5233 0.1807
vn 0.9050 -0.3999 0.1449
vn 0.8765 -0.4687 0.1100
vn 0.8031 -0.5786 0.1422
vn 0.9631 -0.2428 0.1158
vn 0.9516 -0.2978 0.0756
vn 0.7279 -0.6650 0.1671
vn 0.7547 -0.6224 0.2073
vn 0.6464 -0.7424 0.1761
vn 0.6581 -0.7214 0.2154
vn 0.7849 -0.5830 0.2097
vn 0.8636 -0.4706 0.1811
vn 0.8263 -0.5392 0.1628
vn 0.6655 -0.7128 0.2213
vn 0.6832 -0.7098 0.1715
vn 0.9275 -0.3373 0.1611
vn 0.9701 -0.1940 0.1456
vn 0.8961 -0.4228 0.1349
vn 0.9472 -0.2937 0.1287
vn 0.9789 -0.1461 0.1431
vn -0.8328 -0.5233 0.1807
vn -0.8636 -0.4706 0.1811
vn -0.7849 -0.5830 0.2097
vn -0.7547 -0.6224 0.2073
vn -0.6655 -0.7128 0.2213
vn -0.8961 -0.4228 0.1349
vn -0.8263 -0.5392 0.1628
vn -0.6832 -0.7098 0.1715
vn -0.7279 -0.6650 0.1671
vn -0.8031 -0.5786 0.1422
vn -0.6581 -0.7214 0.2154
vn -0.6464 -0.7424 0.1761
vn -0.8765 -0.4687 0.1100
vn -0.9050 -0.3999 0.1449
vn -0.9516 -0.2978 0.0756
vn -0.9275 -0.3373 0.1611
vn -0.9472 -0.2937 0.1287
vn -0.9631 -0.2428 0.1158
vn -0.9701 -0.1940 0.1456
vn -0.9789 -0.1461 0.1431
vn 0.1666 -0.0129 -0.9859
vn 0.1676 0.1367 -0.9763
vn 0.2876 0.1121 -0.9512
vn 0.1700 0.3135 -0.9343
vn 0.2922 0.2888 -0.9117
vn -0.0000 -0.0029 -1.0000
vn -0.0000 0.1469 -0.9892
vn -0.0000 0.3240 -0.9461
vn 0.2853 -0.0376 -0.9577
vn 0.3696 0.0793 -0.9258
vn 0.3651 -0.0700 -0.9283
vn 0.4223 0.0424 -0.9055
vn 0.3758 0.2569 -0.8904
vn 0.4288 0.2204 -0.8761
vn 0.3656 -0.1891 -0.9114
vn 0.2876 -0.1608 -0.9442
vn 0.4158 -0.1048 -0.9034
vn 0.4139 -0.2198 -0.8834
vn 0.1689 -0.1391 -0.9758
vn -0.0000 -0.1302 -0.9915
vn -0.2876 -0.1608 -0.9442
vn -0.3656 -0.1891 -0.9114
vn -0.3651 -0.0700 -0.9283
vn -0.4139 -0.2198 -0.8834
vn -0.4158 -0.1048 -0.9034
vn -0.2853 -0.0376 -0.9577
vn -0.3696 0.0793 -0.9258
vn -0.2876 0.1121 -0.9512
vn -0.3758 0.2569 -0.8904
vn -0.4223 0.0424 -0.9055
vn -0.4288 0.2204 -0.8761
vn -0.1676 0.1367 -0.9763
vn -0.1666 -0.0129 -0.9859
vn -0.2922 0.2888 -0.9117
vn -0.1700 0.3135 -0.9343
vn -0.1689 -0.1391 -0.9758
vn 0.0646 0.9617 0.2663
vn 0.0720 0.9056 0.4179
vn 0.1535 0.8936 0.4219
vn 0.0825 0.8191 0.5677
vn 0.1706 0.8027 0.5715
vn -0.0000 0.9645 0.2640
vn -0.0000 0.9097 0.4152
vn -0.0000 0.8252 0.5648
vn 0.1403 0.9526 0.2701
vn 0.2556 0.8705 0.4206
vn 0.2377 0.9329 0.2707
vn 0.3918 0.8267 0.4037
vn 0.2754 0.7759 0.5676
vn 0.4100 0.7327 0.5432
vn 0.2238 0.9656 0.1323
vn 0.1316 0.9826 0.1310
vn 0.2153 0.9764 0.0137
vn 0.1273 0.9918 0.0117
vn 0.3715 0.8910 0.2609
vn 0.3527 0.9270 0.1278
vn 0.3386 0.9409 0.0123
vn 0.0599 0.9900 0.1279
vn -0.0000 0.9921 0.1258
vn 0.0581 0.9983 0.0089
vn -0.0000 1.0000 0.0074
vn -0.1316 0.9826 0.1310
vn -0.2238 0.9656 0.1323
vn -0.2377 0.9329 0.2707
vn -0.3527 0.9270 0.1278
vn -0.3715 0.8910 0.2609
vn -0.1273 0.9918 0.0117
vn -0.2153 0.9764 0.0137
vn -0.3386 0.9409 0.0123
vn -0.1403 0.9526 0.2701
vn -0.2556 0.8705 0.4206
vn -0.1535 0.8936 0.4219
vn -0.2754 0.7759 0.5676
vn -0.3918 0.8267 0.4037
vn -0.4100 0.7327 0.5432
vn -0.0720 0.9056 0.4179
vn -0.0646 0.9617 0.2663
vn -0.1706 0.8027 0.5715
vn -0.0825 0.8191 0.5677
vn -0.0599 0.9900 0.1279
vn -0.0581 0.9983 0.0089
vn 0.1420 0.9600 -0.2413
vn 0.0703 0.9694 -0.2350
vn 0.0605 0.9926 -0.1056
vn 0.1288 0.9860 -0.1062
vn -0.0000 0.9725 -0.2330
vn -0.0000 0.9944 -0.1059
vn 0.2123 0.9714 -0.1064
vn 0.2191 0.9436 -0.2482
vn 0.3287 0.9383 -0.1071
vn 0.2409 0.8838 -0.4011
vn 0.1692 0.9060 -0.3880
vn 0.2755 0.7901 -0.5476
vn 0.3246 0.9113 -0.2533
vn 0.3308 0.8492 -0.4115
vn 0.3481 0.7521 -0.5596
vn 0.0891 0.9217 -0.3775
vn -0.0000 0.9275 -0.3739
vn 0.2070 0.8196 -0.5342
vn 0.1149 0.8430 -0.5255
vn -0.0000 0.8523 -0.5230
vn -0.1420 0.9600 -0.2413
vn -0.1692 0.9060 -0.3880
vn -0.2409 0.8838 -0.4011
vn -0.3308 0.8492 -0.4115
vn -0.3246 0.9113 -0.2533
vn -0.2070 0.8196 -0.5342
vn -0.2755 0.7901 -0.5476
vn -0.3481 0.7521 -0.5596
vn -0.2191 0.9436 -0.2482
vn -0.2123 0.9714 -0.1064
vn -0.1288 0.9860 -0.1062
vn -0.3287 0.9383 -0.1071
vn -0.0605 0.9926 -0.1056
vn -0.0703 0.9694 -0.2350
vn -0.0891 0.9217 -0.3775
vn -0.1149 0.8430 -0.5255
vn 0.2745 0.5937 -0.7564
vn 0.1598 0.6221 -0.7665
vn 0.1407 0.7400 -0.6578
vn 0.2454 0.7117 -0.6582
vn -0.0000 0.6344 -0.7730
vn -0.0000 0.7519 -0.6593
vn 0.3146 0.6775 -0.6649
vn 0.3473 0.5593 -0.7527
vn 0.3743 0.6375 -0.6734
vn 0.3696 0.4265 -0.8255
vn 0.4020 0.5199 -0.7537
vn 0.4226 0.3873 -0.8194
vn 0.2902 0.4601 -0.8391
vn 0.1691 0.4842 -0.8585
vn -0.0000 0.4943 -0.8693
vn -0.2745 0.5937 -0.7564
vn -0.2902 0.4601 -0.8391
vn -0.3696 0.4265 -0.8255
vn -0.4226 0.3873 -0.8194
vn -0.4020 0.5199 -0.7537
vn -0.3473 0.5593 -0.7527
vn -0.3146 0.6775 -0.6649
vn -0.2454 0.7117 -0.6582
vn -0.3743 0.6375 -0.6734
vn -0.1407 0.7400 -0.6578
vn -0.1598 0.6221 -0.7665
vn -0.1691 0.4842 -0.8585
vn 0.5522 0.8331 -0.0308
vn 0.4564 0.8897 0.0072
vn 0.4203 0.8975 -0.1339
vn 0.5210 0.8367 -0.1688
vn 0.4327 0.9012 0.0264
vn 0.3876 0.9139 -0.1203
vn 0.6737 0.7097 -0.2061
vn 0.6955 0.7149 -0.0722
vn 0.8257 0.5260 -0.2039
vn 0.7125 0.6943 0.1015
vn 0.5732 0.8050 0.1531
vn 0.7110 0.6386 0.2944
vn 0.8311 0.5510 -0.0760
vn 0.8378 0.5404 0.0778
vn 0.8417 0.4844 0.2387
vn 0.4867 0.8514 0.1956
vn 0.4862 0.8470 0.2148
vn 0.5700 0.7408 0.3553
vn 0.4968 0.7722 0.3960
vn 0.5301 0.7449 0.4052
vn -0.5522 0.8331 -0.0308
vn -0.5732 0.8050 0.1531
vn -0.7125 0.6943 0.1015
vn -0.8378 0.5404 0.0778
vn -0.8311 0.5510 -0.0760
vn -0.5700 0.7408 0.3553
vn -0.7110 0.6386 0.2944
vn -0.8417 0.4844 0.2387
vn -0.6955 0.7149 -0.0722
vn -0.6737 0.7097 -0.2061
vn -0.5210 0.8367 -0.1688
vn -0.8257 0.5260 -0.2039
vn -0.4203 0.8975 -0.1339
vn -0.4564 0.8897 0.0072
vn -0.3876 0.9139 -0.1203
vn -0.4867 0.8514 0.1956
vn -0.4968 0.7722 0.3960
vn -0.4327 0.9012 0.0264
vn -0.4862 0.8470 0.2148
vn -0.5301 0.7449 0.4052
vn 0.5568 0.6388 0.5310
vn 0.5162 0.6519 0.5556
vn 0.4993 0.6903 0.5236
vn 0.5543 0.6714 0.4919
vn 0.5786 0.6069 0.5449
vn 0.5556 0.6518 0.5161
vn 0.6938 0.5782 0.4292
vn 0.6867 0.5514 0.4738
vn 0.8346 0.4244 0.3511
vn 0.8283 0.4007 0.3916
vn 0.6991 0.5529 0.4534
vn 0.5826 0.6374 0.5044
vn 0.7325 0.5722 0.3688
vn 0.8335 0.4058 0.3750
vn 0.8523 0.4288 0.2996
vn 0.5493 0.6505 0.5245
vn 0.6075 0.6072 0.5121
vn 0.6296 0.6585 0.4124
vn 0.5961 0.6787 0.4290
vn 0.6396 0.6432 0.4209
vn -0.5568 0.6388 0.5310
vn -0.5826 0.6374 0.5044
vn -0.6991 0.5529 0.4534
vn -0.6867 0.5514 0.4738
vn -0.8335 0.4058 0.3750
vn -0.6296 0.6585 0.4124
vn -0.7325 0.5722 0.3688
vn -0.8523 0.4288 0.2996
vn -0.6938 0.5782 0.4292
vn -0.5543 0.6714 0.4919
vn -0.8283 0.4007 0.3916
vn -0.8346 0.4244 0.3511
vn -0.4993 0.6903 0.5236
vn -0.5162 0.6519 0.5556
vn -0.5556 0.6518 0.5161
vn -0.5493 0.6505 0.5245
vn -0.5961 0.6787 0.4290
vn -0.5786 0.6069 0.5449
vn -0.6075 0.6072 0.5121
vn -0.6396 0.6432 0.4209
vn 0.7084 0.6862 0.1651
vn 0.6623 0.7283 0.1762
vn 0.6366 0.7107 0.2995
vn 0.6761 0.6794 0.2851
vn 0.6699 0.7210 0.1773
vn 0.6611 0.6895 0.2958
vn 0.7697 0.5876 0.2496
vn 0.7970 0.5879 0.1388
vn 0.8739 0.4465 0.1920
vn 0.8901 0.4459 0.0943
vn 0.8159 0.5767 0.0421
vn 0.7298 0.6812 0.0578
vn 0.8275 0.5604 -0.0355
vn 0.9017 0.4321 0.0125
vn 0.9115 0.4085 -0.0475
vn 0.6774 0.7327 0.0645
vn 0.6717 0.7377 0.0682
vn 0.7439 0.6675 -0.0339
vn 0.6872 0.7258 -0.0310
vn 0.6701 0.7418 -0.0263
vn -0.7084 0.6862 0.1651
vn -0.7298 0.6812 0.0578
vn -0.8159 0.5767 0.0421
vn -0.7970 0.5879 0.1388
vn -0.9017 0.4321 0.0125
vn -0.7439 0.6675 -0.0339
vn -0.8275 0.5604 -0.0355
vn -0.9115 0.4085 -0.0475
vn -0.7697 0.5876 0.2496
vn -0.6761 0.6794 0.2851
vn -0.8901 0.4459 0.0943
vn -0.8739 0.4465 0.1920
vn -0.6366 0.7107 0.2995
vn -0.6623 0.7283 0.1762
vn -0.6611 0.6895 0.2958
vn -0.6774 0.7327 0.0645
vn -0.6872 0.7258 -0.0310
vn -0.6699 0.7210 0.1773
vn -0.6717 0.7377 0.0682
vn -0.6701 0.7418 -0.0263
vn 0.6904 0.6736 -0.2638
vn 0.6931 0.7084 -0.1333
vn 0.7541 0.6445 -0.1261
vn 0.6502 0.7103 -0.2696
vn 0.6649 0.7350 -0.1328
vn 0.8353 0.5372 -0.1168
vn 0.8372 0.5021 -0.2166
vn 0.9185 0.3799 -0.1096
vn 0.8283 0.4474 -0.3372
vn 0.7473 0.5434 -0.3823
vn 0.8145 0.3622 -0.4533
vn 0.7302 0.4419 -0.5211
vn 0.9154 0.3522 -0.1948
vn 0.8976 0.3217 -0.3013
vn 0.8725 0.2934 -0.3908
vn 0.7561 0.6075 -0.2434
vn 0.6758 0.6095 -0.4144
vn 0.6222 0.6551 -0.4286
vn 0.6505 0.5071 -0.5654
vn 0.5866 0.5597 -0.5854
vn -0.7473 0.5434 -0.3823
vn -0.8283 0.4474 -0.3372
vn -0.8372 0.5021 -0.2166
vn -0.8976 0.3217 -0.3013
vn -0.9154 0.3522 -0.1948
vn -0.7302 0.4419 -0.5211
vn -0.8145 0.3622 -0.4533
vn -0.8725 0.2934 -0.3908
vn -0.8353 0.5372 -0.1168
vn -0.7541 0.6445 -0.1261
vn -0.9185 0.3799 -0.1096
vn -0.6931 0.7084 -0.1333
vn -0.6904 0.6736 -0.2638
vn -0.6649 0.7350 -0.1328
vn -0.6502 0.7103 -0.2696
vn -0.7561 0.6075 -0.2434
vn -0.6758 0.6095 -0.4144
vn -0.6505 0.5071 -0.5654
vn -0.6222 0.6551 -0.4286
vn -0.5866 0.5597 -0.5854
vn 0.7799 0.1719 -0.6018
vn 0.7438 0.0872 -0.6627
vn 0.6759 0.0878 -0.7317
vn 0.6803 -0.0389 -0.7319
vn 0.8740 0.1580 -0.4595
vn 0.8407 0.1191 -0.5283
vn 0.7277 0.0576 -0.6835
vn 0.6972 0.2013 -0.6880
vn 0.6225 0.1214 -0.7732
vn 0.6243 0.2519 -0.7394
vn 0.5808 0.1719 -0.7957
vn 0.6436 -0.0429 -0.7641
vn 0.6110 -0.0207 -0.7914
vn 0.5827 0.0180 -0.8125
vn 0.6302 0.3803 -0.6769
vn 0.7119 0.3206 -0.6249
vn 0.5685 0.3085 -0.7627
vn 0.5656 0.4370 -0.6993
vn 0.7993 0.2675 -0.5380
vn 0.8792 0.2337 -0.4151
vn -0.7119 0.3206 -0.6249
vn -0.6302 0.3803 -0.6769
vn -0.6243 0.2519 -0.7394
vn -0.5656 0.4370 -0.6993
vn -0.5685 0.3085 -0.7627
vn -0.6972 0.2013 -0.6880
vn -0.6225 0.1214 -0.7732
vn -0.6759 0.0878 -0.7317
vn -0.6110 -0.0207 -0.7914
vn -0.5808 0.1719 -0.7957
vn -0.5827 0.0180 -0.8125
vn -0.7438 0.0872 -0.6627
vn -0.7799 0.1719 -0.6018
vn -0.8407 0.1191 -0.5283
vn -0.6436 -0.0429 -0.7641
vn -0.6803 -0.0389 -0.7319
vn -0.7277 0.0576 -0.6835
vn -0.7993 0.2675 -0.5380
vn -0.8740 0.1580 -0.4595
vn -0.8792 0.2337 -0.4151
vn 0.4773 0.4261 -0.7685
vn 0.5018 0.2892 -0.8152
vn 0.4606 0.3431 -0.8186
vn 0.4375 0.4774 -0.7620
vn 0.5134 0.1227 -0.8494
vn 0.4702 0.1757 -0.8649
vn 0.4150 0.5964 -0.6871
vn 0.4600 0.5486 -0.6982
vn 0.4074 0.7109 -0.5734
vn 0.4683 0.6638 -0.5832
vn 0.5103 0.4945 -0.7036
vn 0.5213 0.3683 -0.7698
vn 0.5289 0.6123 -0.5877
vn 0.5430 0.2297 -0.8077
vn 0.5527 0.0675 -0.8307
vn -0.4773 0.4261 -0.7685
vn -0.5213 0.3683 -0.7698
vn -0.5103 0.4945 -0.7036
vn -0.4600 0.5486 -0.6982
vn -0.5289 0.6123 -0.5877
vn -0.4150 0.5964 -0.6871
vn -0.4375 0.4774 -0.7620
vn -0.4683 0.6638 -0.5832
vn -0.4074 0.7109 -0.5734
vn -0.4606 0.3431 -0.8186
vn -0.5018 0.2892 -0.8152
vn -0.4702 0.1757 -0.8649
vn -0.5430 0.2297 -0.8077
vn -0.5134 0.1227 -0.8494
vn -0.5527 0.0675 -0.8307
vn 0.5346 0.8031 -0.2633
vn 0.4997 0.7535 -0.4272
vn 0.4177 0.8048 -0.4216
vn 0.4365 0.8615 -0.2596
vn 0.4567 0.8825 -0.1124
vn 0.5628 0.8181 -0.1182
vn 0.4741 0.8805 0.0042
vn 0.5816 0.8134 -0.0064
vn 0.6341 0.7631 -0.1245
vn 0.6079 0.7483 -0.2656
vn 0.6487 0.7609 -0.0171
vn 0.5697 0.7011 -0.4289
vn -0.5346 0.8031 -0.2633
vn -0.6079 0.7483 -0.2656
vn -0.6341 0.7631 -0.1245
vn -0.5628 0.8181 -0.1182
vn -0.6487 0.7609 -0.0171
vn -0.4567 0.8825 -0.1124
vn -0.4365 0.8615 -0.2596
vn -0.5816 0.8134 -0.0064
vn -0.4741 0.8805 0.0042
vn -0.4177 0.8048 -0.4216
vn -0.4997 0.7535 -0.4272
vn -0.5697 0.7011 -0.4289
vn 0.6145 0.7610 0.2081
vn 0.5975 0.7962 0.0946
vn 0.4916 0.8635 0.1128
vn 0.5121 0.8259 0.2360
vn 0.5312 0.7637 0.3669
vn 0.6282 0.7055 0.3282
vn 0.5443 0.6774 0.4949
vn 0.6339 0.6312 0.4469
vn 0.6739 0.6744 0.3017
vn 0.6689 0.7195 0.1866
vn 0.6714 0.6116 0.4185
vn 0.6591 0.7479 0.0787
vn -0.6145 0.7610 0.2081
vn -0.6689 0.7195 0.1866
vn -0.6739 0.6744 0.3017
vn -0.6282 0.7055 0.3282
vn -0.6714 0.6116 0.4185
vn -0.5312 0.7637 0.3669
vn -0.5121 0.8259 0.2360
vn -0.6339 0.6312 0.4469
vn -0.5443 0.6774 0.4949
vn -0.4916 0.8635 0.1128
vn -0.5975 0.7962 0.0946
vn -0.6591 0.7479 0.0787
vn 0.6107 0.5566 0.5633
vn 0.6274 0.5698 0.5307
vn 0.5459 0.6018 0.5829
vn 0.5361 0.5760 0.6171
vn 0.4211 0.6452 0.6375
vn 0.5132 0.6068 0.6070
vn 0.5826 0.5980 0.5504
vn 0.4627 0.7208 0.5162
vn 0.5302 0.7155 0.4550
vn 0.4224 0.6054 0.6746
vn 0.4102 0.6208 0.6681
vn 0.3695 0.7199 0.5875
vn 0.6077 0.6072 0.5118
vn 0.5589 0.7178 0.4153
vn 0.6381 0.5573 0.5312
vn 0.6583 0.5624 0.5003
vn -0.6107 0.5566 0.5633
vn -0.6381 0.5573 0.5312
vn -0.6077 0.6072 0.5118
vn -0.5826 0.5980 0.5504
vn -0.5589 0.7178 0.4153
vn -0.5132 0.6068 0.6070
vn -0.5361 0.5760 0.6171
vn -0.4102 0.6208 0.6681
vn -0.4224 0.6054 0.6746
vn -0.5302 0.7155 0.4550
vn -0.4627 0.7208 0.5162
vn -0.3695 0.7199 0.5875
vn -0.5459 0.6018 0.5829
vn -0.6274 0.5698 0.5307
vn -0.4211 0.6452 0.6375
vn -0.6583 0.5624 0.5003
vn 0.2622 0.9643 0.0384
vn 0.1927 0.9582 -0.2115
vn 0.3021 0.9410 -0.1525
vn 0.1486 0.9863 0.0712
vn 0.0438 0.9493 -0.3112
vn 0.3540 0.9344 0.0403
vn 0.3651 0.9224 -0.1259
vn 0.4141 0.9096 0.0338
vn 0.4878 0.8418 0.2311
vn 0.4440 0.8557 0.2658
vn 0.3706 0.8733 0.3162
vn 0.2811 0.8766 0.3906
vn -0.4440 0.8557 0.2658
vn -0.4878 0.8418 0.2311
vn -0.4141 0.9096 0.0338
vn -0.3540 0.9344 0.0403
vn -0.3651 0.9224 -0.1259
vn -0.3021 0.9410 -0.1525
vn -0.1927 0.9582 -0.2115
vn -0.2622 0.9643 0.0384
vn -0.0438 0.9493 -0.3112
vn -0.1486 0.9863 0.0712
vn -0.3706 0.8733 0.3162
vn -0.2811 0.8766 0.3906
vn 0.1089 0.6782 0.7268
vn 0.1205 0.6577 0.7436
vn 0.2151 0.6426 0.7354
vn 0.1287 0.6706 0.7305
vn 0.2058 0.6792 0.7045
vn -0.0000 0.6886 0.7252
vn -0.0000 0.6736 0.7391
vn -0.0000 0.6468 0.7627
vn 0.2051 0.6566 0.7258
vn 0.3048 0.6317 0.7128
vn 0.3049 0.6331 0.7115
vn 0.2734 0.7010 0.6587
vn 0.2934 0.6833 0.6686
vn 0.1890 0.7112 0.6771
vn 0.0951 0.7312 0.6755
vn -0.0000 0.7394 0.6733
vn -0.1890 0.7112 0.6771
vn -0.2934 0.6833 0.6686
vn -0.3049 0.6331 0.7115
vn -0.2051 0.6566 0.7258
vn -0.3048 0.6317 0.7128
vn -0.2151 0.6426 0.7354
vn -0.2734 0.7010 0.6587
vn -0.1205 0.6577 0.7436
vn -0.1089 0.6782 0.7268
vn -0.2058 0.6792 0.7045
vn -0.1287 0.6706 0.7305
vn -0.0951 0.7312 0.6755
vn -0.2198 0.3758 -0.9003
vn -0.3358 0.3985 -0.8535
vn -0.3415 0.3109 -0.8870
vn -0.2335 0.6931 -0.6820
vn -0.3287 0.7655 -0.5531
vn -0.2074 0.3008 -0.9309
vn -0.3634 0.3473 -0.8645
vn -0.2151 0.3599 -0.9078
vn -0.0620 0.4345 -0.8985
vn -0.0758 0.3784 -0.9225
vn -0.1066 0.4427 -0.8903
vn -0.1285 0.6930 -0.7093
vn 0.2074 0.3008 -0.9309
vn 0.0758 0.3784 -0.9225
vn 0.0620 0.4345 -0.8985
vn 0.2151 0.3599 -0.9078
vn 0.3634 0.3473 -0.8645
vn 0.3415 0.3109 -0.8870
vn 0.3358 0.3985 -0.8535
vn 0.2198 0.3758 -0.9003
vn 0.3287 0.7655 -0.5531
vn 0.2335 0.6931 -0.6820
vn 0.1066 0.4427 -0.8903
vn 0.1285 0.6930 -0.7093
vn 0.0426 0.9195 0.3908
vn 0.0318 0.8169 0.5758
vn -0.1605 0.9745 0.1567
vn -0.1342 0.9843 -0.1145
vn -0.0046 0.7005 0.7136
vn -0.1659 0.9045 0.3929
vn -0.0801 0.9546 -0.2869
vn 0.0576 0.9778 0.2017
vn 0.1889 0.8408 0.5073
vn 0.1555 0.7775 0.6093
vn 0.1103 0.7118 0.6937
vn 0.0519 0.6372 0.7689
vn -0.0426 0.9195 0.3908
vn -0.1555 0.7775 0.6093
vn -0.1889 0.8408 0.5073
vn -0.0576 0.9778 0.2017
vn 0.0801 0.9546 -0.2869
vn 0.1342 0.9843 -0.1145
vn 0.1605 0.9745 0.1567
vn -0.0318 0.8169 0.5758
vn 0.1659 0.9045 0.3929
vn -0.1103 0.7118 0.6937
vn 0.0046 0.7005 0.7136
vn -0.0519 0.6372 0.7689
vn -0.1028 0.5587 0.8230
vn -0.0464 0.5188 0.8536
vn -0.1045 0.6669 0.7377
vn -0.0000 0.5007 0.8656
vn -0.0000 0.6394 0.7689
vn -0.1991 0.7074 0.6782
vn -0.2263 0.7680 0.5991
vn -0.0609 0.6029 0.7955
vn -0.0071 0.5440 0.8390
vn -0.0000 0.5357 0.8444
vn 0.1028 0.5587 0.8230
vn 0.0464 0.5188 0.8536
vn 0.0071 0.5440 0.8390
vn 0.0609 0.6029 0.7955
vn 0.2263 0.7680 0.5991
vn 0.1991 0.7074 0.6782
vn 0.1045 0.6669 0.7377
vn 0.9346 0.3546 -0.0257
vn 0.9396 0.3130 -0.1384
vn 0.9947 0.0893 -0.0504
vn 0.9890 0.1424 0.0388
vn 0.9922 -0.1224 0.0229
vn 0.9939 -0.0634 0.0900
vn 0.9906 -0.0132 0.1358
vn 0.9779 0.1738 0.1166
vn 0.9862 0.0141 0.1650
vn 0.9680 0.1686 0.1861
vn 0.9280 0.3613 0.0915
vn 0.9239 0.3221 0.2066
vn -0.9779 0.1738 0.1166
vn -0.9906 -0.0132 0.1358
vn -0.9939 -0.0634 0.0900
vn -0.9680 0.1686 0.1861
vn -0.9862 0.0141 0.1650
vn -0.9890 0.1424 0.0388
vn -0.9922 -0.1224 0.0229
vn -0.9947 0.0893 -0.0504
vn -0.9396 0.3130 -0.1384
vn -0.9346 0.3546 -0.0257
vn -0.9280 0.3613 0.0915
vn -0.9239 0.3221 0.2066
vn 0.9620 0.1394 0.2349
vn 0.9619 0.1493 0.2291
vn 0.9846 0.0249 0.1728
vn 0.9866 0.0290 0.1607
vn 0.9873 -0.1155 0.1096
vn 0.9914 0.0370 0.1256
vn 0.9679 0.1461 0.2044
vn 0.9948 0.0648 0.0786
vn 0.9756 0.1710 0.1375
vn 0.9914 -0.1077 0.0749
vn 0.9928 -0.1108 0.0464
vn 0.9928 -0.1154 0.0314
vn 0.9232 0.2572 0.2855
vn 0.9169 0.2529 0.3088
vn 0.9360 0.2803 0.2127
vn 0.9185 0.2741 0.2850
vn -0.9620 0.1394 0.2349
vn -0.9169 0.2529 0.3088
vn -0.9232 0.2572 0.2855
vn -0.9679 0.1461 0.2044
vn -0.9360 0.2803 0.2127
vn -0.9914 0.0370 0.1256
vn -0.9866 0.0290 0.1607
vn -0.9928 -0.1108 0.0464
vn -0.9914 -0.1077 0.0749
vn -0.9756 0.1710 0.1375
vn -0.9948 0.0648 0.0786
vn -0.9928 -0.1154 0.0314
vn -0.9846 0.0249 0.1728
vn -0.9619 0.1493 0.2291
vn -0.9873 -0.1155 0.1096
vn -0.9185 0.2741 0.2850
vn 0.9764 0.2155 -0.0111
vn 0.9782 0.1993 0.0577
vn 0.9930 0.1163 0.0189
vn 0.9882 0.1497 -0.0316
vn 0.9999 0.0123 0.0010
vn 0.9811 0.1776 -0.0774
vn 0.9737 0.2184 -0.0654
vn 0.9719 0.2086 -0.1092
vn 0.9725 0.2093 -0.1017
vn 0.9971 0.0725 -0.0213
vn 0.9870 0.1601 -0.0123
vn 0.8789 0.4741 0.0536
vn 0.9560 0.2918 -0.0308
vn 0.9523 0.3034 0.0342
vn 0.9597 0.2709 -0.0749
vn 0.9465 0.3007 0.1171
vn -0.9764 0.2155 -0.0111
vn -0.9523 0.3034 0.0342
vn -0.9560 0.2918 -0.0308
vn -0.9737 0.2184 -0.0654
vn -0.9597 0.2709 -0.0749
vn -0.9811 0.1776 -0.0774
vn -0.9882 0.1497 -0.0316
vn -0.9870 0.1601 -0.0123
vn -0.9971 0.0725 -0.0213
vn -0.9725 0.2093 -0.1017
vn -0.9719 0.2086 -0.1092
vn -0.8789 0.4741 0.0536
vn -0.9930 0.1163 0.0189
vn -0.9782 0.1993 0.0577
vn -0.9999 0.0123 0.0010
vn -0.9465 0.3007 0.1171
vn 0.9393 0.2153 -0.2672
vn 0.9060 0.1752 -0.3853
vn 0.9331 0.1615 -0.3215
vn 0.7643 0.5284 -0.3696
vn 0.7644 0.3302 -0.5538
vn 0.9603 0.1772 -0.2155
vn 0.9297 0.2204 -0.2950
vn 0.9544 0.2279 -0.1927
vn 0.9619 0.2466 -0.1183
vn 0.9707 0.1939 -0.1419
vn 0.9586 0.2292 -0.1690
vn 0.7905 0.5839 -0.1851
vn -0.9707 0.1939 -0.1419
vn -0.9619 0.2466 -0.1183
vn -0.9544 0.2279 -0.1927
vn -0.9603 0.1772 -0.2155
vn -0.9297 0.2204 -0.2950
vn -0.9331 0.1615 -0.3215
vn -0.9060 0.1752 -0.3853
vn -0.9393 0.2153 -0.2672
vn -0.7644 0.3302 -0.5538
vn -0.7643 0.5284 -0.3696
vn -0.9586 0.2292 -0.1690
vn -0.7905 0.5838 -0.1851
vn 0.6589 -0.7503 0.0528
vn 0.6288 -0.7775 0.0150
vn 0.5934 -0.8041 -0.0357
vn 0.6870 -0.7192 0.1036
vn 0.6757 -0.7343 0.0651
vn 0.6291 -0.7773 -0.0008
vn 0.5686 -0.8170 -0.0959
vn 0.6106 -0.7890 -0.0687
vn 0.5585 -0.8104 -0.1770
vn 0.6029 -0.7955 -0.0602
vn 0.6133 -0.7897 0.0180
vn 0.5413 -0.8382 -0.0657
vn 0.5455 -0.8378 0.0228
vn 0.6063 -0.7800 -0.1548
vn 0.6045 -0.7817 -0.1537
vn 0.5449 -0.8210 -0.1707
vn 0.6303 -0.7729 0.0737
vn 0.6539 -0.7442 0.1367
vn 0.5586 -0.8245 0.0897
vn 0.5718 -0.8055 0.1556
vn -0.6133 -0.7897 0.0180
vn -0.6029 -0.7955 -0.0602
vn -0.6106 -0.7890 -0.0687
vn -0.6045 -0.7817 -0.1537
vn -0.6063 -0.7800 -0.1548
vn -0.5455 -0.8378 0.0228
vn -0.5413 -0.8382 -0.0657
vn -0.5449 -0.8210 -0.1707
vn -0.6291 -0.7773 -0.0008
vn -0.5686 -0.8170 -0.0959
vn -0.5934 -0.8041 -0.0357
vn -0.5585 -0.8104 -0.1770
vn -0.6288 -0.7775 0.0150
vn -0.6589 -0.7503 0.0528
vn -0.6757 -0.7343 0.0651
vn -0.6870 -0.7192 0.1036
vn -0.6303 -0.7729 0.0737
vn -0.5586 -0.8245 0.0897
vn -0.6539 -0.7442 0.1367
vn -0.5718 -0.8055 0.1556
vn 0.4375 -0.8958 0.0782
vn 0.4826 -0.8660 0.1312
vn 0.4596 -0.8812 0.1111
vn 0.5291 -0.8297 0.1780
vn 0.5058 -0.8566 0.1015
vn 0.5874 -0.7985 0.1319
vn 0.4830 -0.8703 0.0960
vn 0.4696 -0.8825 0.0270
vn 0.4832 -0.8614 0.1566
vn 0.4943 -0.8569 0.1461
vn 0.4581 -0.8862 -0.0688
vn 0.3946 -0.9175 -0.0505
vn 0.4512 -0.8733 -0.1840
vn 0.3629 -0.9155 -0.1735
vn 0.4289 -0.9022 0.0454
vn 0.3623 -0.9320 0.0082
vn 0.4137 -0.9046 0.1023
vn 0.2670 -0.9546 -0.1325
vn 0.1850 -0.9826 0.0183
vn -0.3946 -0.9175 -0.0505
vn -0.4581 -0.8862 -0.0688
vn -0.4696 -0.8825 0.0270
vn -0.3629 -0.9155 -0.1735
vn -0.4512 -0.8733 -0.1840
vn -0.4830 -0.8703 0.0960
vn -0.4596 -0.8812 0.1111
vn -0.4943 -0.8569 0.1461
vn -0.4832 -0.8614 0.1566
vn -0.4826 -0.8660 0.1312
vn -0.4375 -0.8958 0.0782
vn -0.5874 -0.7985 0.1319
vn -0.5058 -0.8566 0.1015
vn -0.5291 -0.8297 0.1780
vn -0.4289 -0.9022 0.0454
vn -0.3623 -0.9320 0.0082
vn -0.2670 -0.9546 -0.1325
vn -0.4137 -0.9046 0.1023
vn -0.1850 -0.9826 0.0183
vn 0.5118 -0.8380 0.1892
vn 0.5672 -0.7982 0.2028
vn 0.5698 -0.8042 0.1689
vn 0.5115 -0.8440 0.1613
vn 0.4824 -0.8604 0.1642
vn 0.4935 -0.8493 0.1874
vn 0.4896 -0.8506 0.1920
vn 0.5163 -0.8338 0.1956
vn 0.4968 -0.8488 0.1811
vn 0.5007 -0.8454 0.1860
vn 0.5375 -0.8222 0.1874
vn 0.5567 -0.8059 0.2016
vn -0.5118 -0.8380 0.1892
vn -0.5007 -0.8454 0.1860
vn -0.4968 -0.8488 0.1811
vn -0.4935 -0.8493 0.1874
vn -0.5375 -0.8222 0.1874
vn -0.4824 -0.8604 0.1642
vn -0.5115 -0.8440 0.1613
vn -0.5163 -0.8338 0.1956
vn -0.4896 -0.8506 0.1920
vn -0.5698 -0.8042 0.1689
vn -0.5672 -0.7982 0.2028
vn -0.5567 -0.8059 0.2016
vn 0.6299 -0.7283 0.2698
vn 0.5660 -0.7946 0.2196
vn 0.5242 -0.8152 0.2463
vn 0.5822 -0.7470 0.3209
vn 0.4691 -0.8261 0.3122
vn 0.6696 -0.6184 0.4113
vn 0.7220 -0.6077 0.3307
vn 0.5274 -0.7379 0.4212
vn 0.6032 -0.5908 0.5358
vn 0.7608 -0.5932 0.2632
vn 0.6700 -0.7036 0.2370
vn 0.7707 -0.6027 0.2069
vn 0.6007 -0.7716 0.2093
vn 0.7006 -0.6800 0.2163
vn 0.6440 -0.7413 0.1891
vn -0.6299 -0.7283 0.2698
vn -0.6700 -0.7036 0.2370
vn -0.7608 -0.5932 0.2632
vn -0.7220 -0.6077 0.3307
vn -0.7006 -0.6800 0.2163
vn -0.7707 -0.6027 0.2069
vn -0.6696 -0.6184 0.4113
vn -0.5822 -0.7470 0.3209
vn -0.6032 -0.5908 0.5358
vn -0.5274 -0.7379 0.4212
vn -0.5242 -0.8152 0.2463
vn -0.5660 -0.7946 0.2196
vn -0.4691 -0.8261 0.3122
vn -0.6007 -0.7716 0.2093
vn -0.6440 -0.7413 0.1891
vn 0.7203 -0.6651 0.1969
vn 0.7636 -0.6196 0.1817
vn 0.7483 -0.6445 0.1570
vn 0.7251 -0.6661 0.1746
vn 0.7173 -0.6867 0.1183
vn 0.7101 -0.6891 0.1449
vn 0.6970 -0.6972 0.1678
vn -0.7251 -0.6661 0.1746
vn -0.7203 -0.6651 0.1969
vn -0.6970 -0.6972 0.1678
vn -0.7101 -0.6891 0.1449
vn -0.7173 -0.6867 0.1183
vn -0.7483 -0.6445 0.1570
vn -0.7636 -0.6196 0.1817
vn 0.4799 -0.7054 0.5217
vn 0.4280 -0.8230 0.3734
vn 0.4263 -0.8225 0.3765
vn 0.4645 -0.7066 0.5338
vn 0.4795 -0.8025 0.3551
vn 0.5222 -0.6430 0.5602
vn 0.5482 -0.5526 0.6278
vn -0.4645 -0.7066 0.5338
vn -0.4799 -0.7054 0.5217
vn -0.5482 -0.5526 0.6278
vn -0.5222 -0.6430 0.5602
vn -0.4795 -0.8025 0.3551
vn -0.4263 -0.8225 0.3765
vn -0.4280 -0.8230 0.3734
vn 0.6004 -0.1788 -0.7795
vn 0.6184 -0.1695 -0.7674
vn 0.5513 -0.3050 -0.7765
vn 0.6223 -0.1364 -0.7708
vn 0.5512 -0.2781 -0.7866
vn 0.5446 -0.3170 -0.7765
vn 0.4638 -0.4598 -0.7573
vn 0.3625 -0.6193 -0.6964
vn 0.4219 -0.6212 -0.6604
vn 0.4477 -0.4375 -0.7798
vn 0.3136 -0.6041 -0.7326
vn 0.4875 -0.4641 -0.7396
vn 0.5050 -0.4604 -0.7301
vn 0.5469 -0.3087 -0.7782
vn 0.5453 -0.4196 -0.7257
vn 0.4895 -0.5997 -0.6330
vn 0.5880 -0.5470 -0.5958
vn 0.5822 -0.1670 -0.7957
vn 0.5454 -0.2810 -0.7896
vn 0.5651 -0.1373 -0.8135
vn -0.5469 -0.3087 -0.7782
vn -0.5050 -0.4604 -0.7301
vn -0.4875 -0.4641 -0.7396
vn -0.4895 -0.5997 -0.6330
vn -0.5454 -0.2810 -0.7896
vn -0.5453 -0.4196 -0.7257
vn -0.5880 -0.5470 -0.5958
vn -0.5446 -0.3170 -0.7765
vn -0.4638 -0.4598 -0.7573
vn -0.5513 -0.3050 -0.7765
vn -0.4477 -0.4375 -0.7798
vn -0.4219 -0.6212 -0.6604
vn -0.3625 -0.6193 -0.6964
vn -0.3136 -0.6041 -0.7326
vn -0.6184 -0.1695 -0.7674
vn -0.6004 -0.1788 -0.7795
vn -0.5512 -0.2781 -0.7866
vn -0.6223 -0.1364 -0.7708
vn -0.5822 -0.1670 -0.7957
vn -0.5651 -0.1373 -0.8135
vn 0.4573 -0.1406 -0.8781
vn 0.4641 0.0009 -0.8858
vn 0.5067 -0.0462 -0.8609
vn 0.5031 -0.1854 -0.8441
vn 0.5427 -0.0952 -0.8345
vn 0.5365 -0.2378 -0.8097
vn 0.5479 -0.3476 -0.7609
vn 0.5121 -0.2905 -0.8083
vn 0.5872 -0.4252 -0.6888
vn 0.5305 -0.3528 -0.7708
vn 0.4532 -0.2479 -0.8562
vn 0.4560 -0.3119 -0.8335
vn -0.5121 -0.2905 -0.8083
vn -0.5479 -0.3476 -0.7609
vn -0.5365 -0.2378 -0.8097
vn -0.5305 -0.3528 -0.7708
vn -0.5872 -0.4252 -0.6888
vn -0.5031 -0.1854 -0.8441
vn -0.5427 -0.0952 -0.8345
vn -0.5067 -0.0462 -0.8609
vn -0.4641 0.0009 -0.8858
vn -0.4573 -0.1406 -0.8781
vn -0.4532 -0.2479 -0.8562
vn -0.4560 -0.3119 -0.8335
vn 0.2155 -0.8701 -0.4433
vn 0.2172 -0.9316 -0.2914
vn 0.3394 -0.8896 -0.3056
vn 0.0873 -0.8911 -0.4453
vn 0.0684 -0.9653 -0.2521
vn 0.3319 -0.8377 -0.4336
vn 0.4430 -0.8445 -0.3010
vn 0.5485 -0.7899 -0.2743
vn 0.5531 -0.7462 -0.3705
vn 0.4390 -0.7982 -0.4126
vn 0.4544 -0.7236 -0.5195
vn 0.3591 -0.7515 -0.5534
vn 0.5651 -0.6824 -0.4637
vn 0.2650 -0.7676 -0.5836
vn 0.1746 -0.7728 -0.6102
vn -0.3591 -0.7515 -0.5534
vn -0.4544 -0.7236 -0.5195
vn -0.4390 -0.7982 -0.4126
vn -0.5651 -0.6824 -0.4637
vn -0.3319 -0.8377 -0.4336
vn -0.4430 -0.8445 -0.3010
vn -0.3394 -0.8896 -0.3056
vn -0.5531 -0.7462 -0.3705
vn -0.5485 -0.7899 -0.2743
vn -0.2172 -0.9316 -0.2914
vn -0.2155 -0.8701 -0.4433
vn -0.0684 -0.9653 -0.2521
vn -0.0873 -0.8911 -0.4453
vn -0.2650 -0.7676 -0.5836
vn -0.1746 -0.7728 -0.6102
vn 0.6089 -0.7548 -0.2438
vn 0.5578 -0.7862 -0.2660
vn 0.5546 -0.7552 -0.3493
vn 0.6126 -0.7213 -0.3231
vn 0.5422 -0.7198 -0.4335
vn 0.6127 -0.6821 -0.3992
vn 0.5161 -0.6767 -0.5250
vn 0.6287 -0.6632 -0.4061
vn 0.6191 -0.7128 -0.3297
vn 0.5998 -0.6369 -0.4844
vn 0.6341 -0.5943 -0.4948
vn 0.6096 -0.7532 -0.2470
vn -0.6191 -0.7128 -0.3297
vn -0.6287 -0.6632 -0.4061
vn -0.6127 -0.6821 -0.3992
vn -0.6341 -0.5943 -0.4948
vn -0.5998 -0.6369 -0.4844
vn -0.6126 -0.7213 -0.3231
vn -0.5422 -0.7198 -0.4335
vn -0.5546 -0.7552 -0.3493
vn -0.5161 -0.6767 -0.5250
vn -0.5578 -0.7862 -0.2660
vn -0.6089 -0.7548 -0.2438
vn -0.6096 -0.7532 -0.2470
vn 0.5236 -0.4872 -0.6989
vn 0.4616 -0.4924 -0.7379
vn 0.4540 -0.3861 -0.8030
vn 0.5353 -0.4218 -0.7318
vn 0.6056 -0.4964 -0.6219
vn 0.5658 -0.5653 -0.6002
vn 0.4808 -0.6118 -0.6281
vn -0.5236 -0.4872 -0.6989
vn -0.4616 -0.4924 -0.7379
vn -0.4808 -0.6118 -0.6281
vn -0.5658 -0.5653 -0.6002
vn -0.6056 -0.4964 -0.6219
vn -0.5353 -0.4218 -0.7318
vn -0.4540 -0.3861 -0.8030
vn 0.2885 0.5073 0.8120
vn -0.0272 0.8556 0.5169
vn -0.1086 0.8449 0.5237
vn -0.2561 0.9517 0.1695
vn -0.3272 0.9247 0.1946
vn 0.3388 0.4645 0.8182
vn 0.0493 0.8501 0.5244
vn -0.1865 0.9700 0.1557
vn 0.2216 0.5334 0.8163
vn -0.1965 0.8180 0.5406
vn 0.1414 0.5355 0.8326
vn -0.2943 0.7744 0.5600
vn -0.4044 0.8868 0.2239
vn -0.4920 0.8344 0.2486
vn 0.4355 0.1327 0.8904
vn 0.4828 0.1133 0.8684
vn 0.5803 -0.1575 0.7990
vn 0.5988 -0.1789 0.7807
vn 0.0499 0.5086 0.8595
vn 0.3701 0.1167 0.9217
vn 0.5359 -0.1654 0.8279
vn 0.5085 0.0727 0.8580
vn 0.5119 0.0271 0.8586
vn 0.5927 -0.2150 0.7762
vn 0.5661 -0.2507 0.7853
vn -0.4828 0.1133 0.8684
vn -0.4355 0.1327 0.8904
vn -0.1414 0.5355 0.8326
vn -0.3701 0.1167 0.9217
vn -0.0499 0.5086 0.8595
vn -0.5988 -0.1789 0.7807
vn -0.5803 -0.1575 0.7990
vn -0.5359 -0.1654 0.8279
vn -0.2216 0.5334 0.8163
vn 0.1965 0.8180 0.5406
vn 0.1086 0.8449 0.5237
vn 0.4044 0.8868 0.2239
vn 0.2943 0.7744 0.5600
vn 0.4920 0.8344 0.2486
vn 0.0272 0.8556 0.5169
vn -0.2885 0.5073 0.8120
vn -0.0493 0.8501 0.5244
vn -0.3388 0.4645 0.8182
vn 0.3272 0.9247 0.1946
vn 0.2561 0.9517 0.1695
vn 0.1865 0.9700 0.1557
vn -0.5085 0.0727 0.8580
vn -0.5927 -0.2150 0.7762
vn -0.5119 0.0271 0.8586
vn -0.5661 -0.2507 0.7853
vn 0.4120 0.3508 0.8410
vn 0.2453 0.7744 0.5832
vn 0.1356 0.8258 0.5475
vn 0.3775 0.4126 0.8290
vn 0.0480 0.9803 0.1916
vn -0.0941 0.9823 0.1618
vn 0.4989 -0.0093 0.8666
vn 0.4737 -0.0375 0.8799
vn 0.5260 -0.2736 0.8053
vn 0.4722 -0.2847 0.8342
vn 0.4297 -0.0555 0.9013
vn 0.4337 0.2836 0.8553
vn 0.3556 -0.0528 0.9331
vn 0.3946 -0.2837 0.8740
vn 0.2697 -0.2619 0.9266
vn 0.3679 0.6858 0.6280
vn 0.2436 0.9375 0.2486
vn 0.4320 0.2207 0.8745
vn 0.4795 0.5576 0.6776
vn 0.4686 0.8191 0.3307
vn -0.4120 0.3508 0.8410
vn -0.4337 0.2836 0.8553
vn -0.4297 -0.0555 0.9013
vn -0.4737 -0.0375 0.8799
vn -0.3946 -0.2837 0.8740
vn -0.4320 0.2207 0.8745
vn -0.3556 -0.0528 0.9331
vn -0.2697 -0.2619 0.9266
vn -0.4989 -0.0093 0.8666
vn -0.3775 0.4126 0.8290
vn -0.4722 -0.2847 0.8342
vn -0.5260 -0.2736 0.8053
vn -0.1356 0.8258 0.5475
vn -0.2453 0.7744 0.5832
vn 0.0941 0.9823 0.1618
vn -0.3679 0.6858 0.6280
vn -0.4795 0.5576 0.6776
vn -0.0480 0.9803 0.1916
vn -0.2436 0.9375 0.2486
vn -0.4686 0.8191 0.3307
vn 0.3656 0.1107 0.9242
vn 0.5563 0.2769 0.7835
vn 0.5438 0.4062 0.7344
vn 0.4037 0.1640 0.9001
vn 0.7294 0.4361 0.5270
vn 0.6452 0.6299 0.4324
vn 0.2613 -0.0438 0.9643
vn 0.1820 -0.0393 0.9825
vn 0.1206 -0.2231 0.9673
vn 0.1231 -0.0291 0.9920
vn 0.3312 0.0537 0.9420
vn 0.0921 -0.0286 0.9953
vn 0.3125 -0.0003 0.9499
vn -0.0113 -0.1680 0.9857
vn -0.1091 -0.1076 0.9882
vn -0.1671 -0.0530 0.9845
vn 0.5463 0.1568 0.8228
vn 0.7550 0.2585 0.6026
vn 0.5310 0.0351 0.8467
vn 0.7525 0.0795 0.6537
vn -0.3312 0.0537 0.9420
vn -0.1231 -0.0291 0.9920
vn -0.1820 -0.0393 0.9825
vn 0.1091 -0.1076 0.9882
vn 0.0113 -0.1680 0.9857
vn -0.3125 -0.0003 0.9499
vn -0.0921 -0.0286 0.9953
vn 0.1671 -0.0530 0.9845
vn -0.3656 0.1107 0.9242
vn -0.2613 -0.0438 0.9643
vn -0.1206 -0.2231 0.9673
vn -0.4037 0.1640 0.9001
vn -0.5438 0.4062 0.7344
vn -0.5563 0.2769 0.7835
vn -0.6452 0.6299 0.4324
vn -0.5463 0.1568 0.8228
vn -0.5310 0.0351 0.8467
vn -0.7294 0.4361 0.5270
vn -0.7550 0.2585 0.6026
vn -0.7525 0.0795 0.6537
vn 0.5351 -0.1290 0.8349
vn 0.5266 -0.0611 0.8479
vn 0.3103 -0.0427 0.9497
vn 0.7265 -0.1926 0.6596
vn 0.7368 -0.0722 0.6723
vn 0.3224 -0.0586 0.9448
vn 0.0812 -0.0197 0.9965
vn 0.0852 0.0170 0.9962
vn -0.1991 0.0113 0.9799
vn 0.1149 0.0726 0.9907
vn 0.3545 -0.0635 0.9329
vn 0.1792 0.1341 0.9746
vn 0.4076 -0.0736 0.9102
vn -0.2093 0.1054 0.9722
vn -0.1817 0.2219 0.9580
vn -0.1009 0.3460 0.9328
vn 0.5582 -0.1915 0.8073
vn 0.7233 -0.3053 0.6193
vn 0.5881 -0.2692 0.7627
vn 0.7118 -0.4336 0.5525
vn -0.3545 -0.0635 0.9329
vn -0.1149 0.0726 0.9907
vn -0.0852 0.0170 0.9962
vn 0.1817 0.2219 0.9580
vn 0.2093 0.1054 0.9722
vn -0.4076 -0.0736 0.9102
vn -0.1792 0.1341 0.9746
vn 0.1009 0.3460 0.9328
vn -0.3224 -0.0586 0.9448
vn -0.0812 -0.0197 0.9965
vn -0.3103 -0.0427 0.9497
vn 0.1991 0.0113 0.9799
vn -0.5266 -0.0611 0.8479
vn -0.5351 -0.1290 0.8349
vn -0.7368 -0.0722 0.6723
vn -0.7265 -0.1926 0.6596
vn -0.5582 -0.1915 0.8073
vn -0.5881 -0.2692 0.7627
vn -0.7233 -0.3053 0.6193
vn -0.7118 -0.4336 0.5525
vn 0.6129 -0.4739 0.6323
vn 0.6104 -0.3671 0.7019
vn 0.4714 -0.1075 0.8753
vn 0.6195 -0.6872 0.3793
vn 0.6778 -0.5686 0.4662
vn 0.5307 -0.1731 0.8297
vn 0.2715 0.1702 0.9473
vn 0.3786 0.1563 0.9123
vn 0.0247 0.4355 0.8999
vn 0.4780 0.1025 0.8724
vn 0.5773 -0.2565 0.7752
vn 0.5553 0.0211 0.8314
vn 0.1667 0.4638 0.8701
vn 0.3043 0.4352 0.8473
vn 0.4388 0.3610 0.8229
vn 0.5935 -0.5715 0.5667
vn 0.5456 -0.7789 0.3093
vn 0.5988 -0.3424 0.7240
vn 0.5610 -0.6484 0.5146
vn 0.4686 -0.8434 0.2630
vn -0.5773 -0.2565 0.7752
vn -0.4780 0.1025 0.8724
vn -0.3786 0.1563 0.9123
vn -0.3043 0.4352 0.8473
vn -0.5988 -0.3424 0.7240
vn -0.5553 0.0211 0.8314
vn -0.4388 0.3610 0.8229
vn -0.5307 -0.1731 0.8297
vn -0.2715 0.1702 0.9473
vn -0.4714 -0.1075 0.8753
vn -0.1667 0.4638 0.8701
vn -0.0247 0.4355 0.8999
vn -0.6105 -0.3671 0.7019
vn -0.6129 -0.4739 0.6323
vn -0.6778 -0.5686 0.4662
vn -0.6195 -0.6872 0.3793
vn -0.5935 -0.5715 0.5667
vn -0.5610 -0.6484 0.5146
vn -0.5456 -0.7789 0.3093
vn -0.4686 -0.8434 0.2630
vn 0.4434 -0.7560 0.4814
vn 0.5129 -0.7066 0.4875
vn 0.5914 -0.4132 0.6925
vn 0.3026 -0.9243 0.2326
vn 0.3906 -0.8882 0.2420
vn 0.5949 -0.0640 0.8013
vn 0.5812 -0.1279 0.8037
vn 0.5288 0.2656 0.8061
vn 0.5512 0.1919 0.8120
vn 0.5488 -0.4673 0.6932
vn 0.5138 -0.1378 0.8468
vn 0.4621 -0.4888 0.7399
vn 0.3609 -0.0375 0.9319
vn 0.5042 0.1838 0.8438
vn 0.3627 0.2948 0.8840
vn 0.3429 -0.7925 0.5044
vn 0.1980 -0.9535 0.2274
vn 0.3051 -0.4345 0.8474
vn 0.1965 -0.7965 0.5718
vn 0.0696 -0.9726 0.2218
vn -0.5488 -0.4673 0.6932
vn -0.4621 -0.4888 0.7399
vn -0.5138 -0.1378 0.8468
vn -0.5812 -0.1279 0.8037
vn -0.5042 0.1838 0.8438
vn -0.3051 -0.4345 0.8474
vn -0.3609 -0.0375 0.9319
vn -0.3627 0.2948 0.8840
vn -0.5949 -0.0640 0.8013
vn -0.5914 -0.4132 0.6925
vn -0.5512 0.1919 0.8120
vn -0.5288 0.2656 0.8061
vn -0.5129 -0.7066 0.4875
vn -0.4434 -0.7560 0.4814
vn -0.3906 -0.8882 0.2420
vn -0.3026 -0.9243 0.2326
vn -0.3429 -0.7925 0.5044
vn -0.1965 -0.7965 0.5718
vn -0.1980 -0.9535 0.2274
vn -0.0696 -0.9726 0.2218
vn 0.3634 0.6806 0.6362
vn 0.4720 0.4685 0.7469
vn 0.4117 0.5448 0.7306
vn 0.2751 0.7441 0.6088
vn 0.2756 0.6340 0.7225
vn 0.1424 0.8695 0.4729
vn 0.2460 0.8258 0.5074
vn 0.0168 0.9431 0.3321
vn 0.1278 0.9196 0.3716
vn 0.1135 0.8080 0.5782
vn -0.0262 0.9034 0.4281
vn -0.1481 0.9493 0.2774
vn 0.2649 0.8120 0.5200
vn 0.3635 0.6661 0.6513
vn 0.1887 0.8532 0.4863
vn 0.1650 0.9070 0.3874
vn 0.1164 0.9244 0.3632
vn 0.4494 0.4558 0.7683
vn 0.2635 0.7347 0.6252
vn 0.3268 0.5512 0.7677
vn -0.3634 0.6805 0.6362
vn -0.3635 0.6661 0.6513
vn -0.2649 0.8120 0.5200
vn -0.2460 0.8258 0.5074
vn -0.1650 0.9070 0.3874
vn -0.2635 0.7347 0.6252
vn -0.1887 0.8532 0.4863
vn -0.1164 0.9244 0.3632
vn -0.1424 0.8695 0.4729
vn -0.2751 0.7441 0.6088
vn 0.0262 0.9034 0.4281
vn -0.1135 0.8080 0.5782
vn -0.1278 0.9196 0.3716
vn -0.0168 0.9431 0.3321
vn 0.1481 0.9493 0.2774
vn -0.4117 0.5448 0.7306
vn -0.4720 0.4685 0.7469
vn -0.2756 0.6340 0.7225
vn -0.4494 0.4558 0.7683
vn -0.3268 0.5512 0.7677
vn -0.2507 0.8061 0.5361
vn -0.0654 0.6865 0.7241
vn -0.2297 0.6347 0.7379
vn -0.4280 0.7359 0.5247
vn -0.3842 0.5187 0.7637
vn -0.5597 0.7703 0.3057
vn -0.3862 0.8547 0.3470
vn -0.6440 0.7605 0.0832
vn -0.4871 0.8595 0.1549
vn -0.5954 0.6104 0.5224
vn -0.7237 0.6362 0.2675
vn -0.7847 0.6197 0.0148
vn -0.2102 0.8980 0.3866
vn -0.0719 0.8297 0.5536
vn -0.3223 0.9209 0.2193
vn 0.1042 0.6858 0.7203
vn 0.2507 0.8061 0.5361
vn 0.0719 0.8297 0.5536
vn 0.2102 0.8980 0.3866
vn 0.3862 0.8547 0.3470
vn 0.3223 0.9209 0.2193
vn 0.5597 0.7703 0.3057
vn 0.4280 0.7359 0.5247
vn 0.7237 0.6362 0.2675
vn 0.5954 0.6104 0.5224
vn 0.4871 0.8595 0.1549
vn 0.6440 0.7605 0.0832
vn 0.7847 0.6197 0.0148
vn 0.2297 0.6347 0.7379
vn 0.0654 0.6865 0.7241
vn 0.3842 0.5187 0.7637
vn -0.1042 0.6858 0.7203
vn -0.5344 0.1988 0.8215
vn -0.5194 0.0523 0.8529
vn -0.7878 0.0917 0.6091
vn -0.4640 -0.0699 0.8831
vn -0.7309 -0.0762 0.6782
vn -0.7860 0.2669 0.5577
vn -0.9442 0.1180 0.3076
vn -0.9194 0.2981 0.2565
vn -0.9918 0.1279 0.0077
vn -0.9127 -0.0748 0.4017
vn -0.9926 -0.0699 0.0988
vn -0.8459 0.4736 0.2450
vn -0.7226 0.4434 0.5304
vn -0.9539 0.2984 -0.0314
vn -0.8863 0.4622 -0.0277
vn -0.4939 0.3593 0.7918
vn 0.7226 0.4434 0.5304
vn 0.8459 0.4736 0.2450
vn 0.9194 0.2981 0.2565
vn 0.8863 0.4622 -0.0277
vn 0.9539 0.2984 -0.0314
vn 0.7860 0.2669 0.5577
vn 0.9442 0.1180 0.3076
vn 0.7878 0.0917 0.6091
vn 0.9127 -0.0748 0.4017
vn 0.9918 0.1279 0.0077
vn 0.9926 -0.0699 0.0988
vn 0.5194 0.0523 0.8529
vn 0.5344 0.1988 0.8215
vn 0.7309 -0.0762 0.6782
vn 0.4640 -0.0699 0.8831
vn 0.4939 0.3593 0.7918
vn -0.2194 -0.2844 0.9333
vn -0.0262 -0.3694 0.9289
vn -0.1657 -0.4892 0.8563
vn 0.1836 -0.4227 0.8875
vn 0.1001 -0.5442 0.8330
vn -0.4179 -0.3812 0.8246
vn -0.2995 -0.5928 0.7475
vn -0.5955 -0.4599 0.6587
vn -0.4356 -0.6887 0.5796
vn 0.0168 -0.6487 0.7609
vn -0.0760 -0.7534 0.6531
vn -0.8046 -0.2739 0.5269
vn -0.6120 -0.2355 0.7550
vn -0.7440 -0.5189 0.4211
vn -0.9249 -0.2935 0.2418
vn -0.3688 -0.1792 0.9121
vn 0.6120 -0.2355 0.7550
vn 0.8046 -0.2740 0.5269
vn 0.5955 -0.4599 0.6587
vn 0.9249 -0.2935 0.2418
vn 0.7440 -0.5189 0.4211
vn 0.4179 -0.3812 0.8246
vn 0.2995 -0.5928 0.7475
vn 0.1657 -0.4892 0.8563
vn -0.0168 -0.6487 0.7609
vn 0.4356 -0.6887 0.5796
vn 0.0760 -0.7534 0.6531
vn 0.0262 -0.3694 0.9289
vn 0.2194 -0.2844 0.9333
vn -0.1001 -0.5442 0.8330
vn -0.1836 -0.4227 0.8875
vn 0.3688 -0.1792 0.9121
vn 0.4483 -0.4431 0.7764
vn 0.5180 -0.4335 0.7374
vn 0.4983 -0.5345 0.6826
vn 0.5727 -0.4145 0.7072
vn 0.5623 -0.5132 0.6484
vn 0.4184 -0.5481 0.7243
vn 0.4737 -0.6116 0.6336
vn 0.3846 -0.6312 0.6736
vn 0.4435 -0.6843 0.5789
vn 0.5450 -0.5864 0.5993
vn 0.5214 -0.6536 0.5486
vn 0.2500 -0.6480 0.7194
vn 0.2997 -0.5555 0.7757
vn 0.3446 -0.7121 0.6117
vn 0.1922 -0.7408 0.6436
vn 0.3472 -0.4436 0.8263
vn -0.2997 -0.5555 0.7757
vn -0.2500 -0.6480 0.7194
vn -0.3846 -0.6312 0.6736
vn -0.1922 -0.7408 0.6436
vn -0.3446 -0.7121 0.6117
vn -0.4184 -0.5481 0.7243
vn -0.4737 -0.6116 0.6336
vn -0.4983 -0.5345 0.6826
vn -0.5450 -0.5864 0.5993
vn -0.4435 -0.6843 0.5789
vn -0.5214 -0.6536 0.5486
vn -0.5180 -0.4335 0.7374
vn -0.4483 -0.4431 0.7764
vn -0.5623 -0.5132 0.6484
vn -0.5727 -0.4145 0.7072
vn -0.3472 -0.4436 0.8263
vn 0.6540 -0.4475 0.6099
vn 0.6159 -0.4818 0.6233
vn 0.6158 -0.3840 0.6880
vn 0.6412 -0.3508 0.6825
vn 0.6426 -0.3262 0.6933
vn 0.6704 -0.4197 0.6120
vn 0.6148 -0.3223 0.7198
vn 0.6590 -0.4088 0.6313
vn 0.6826 -0.4846 0.5470
vn 0.6543 -0.5156 0.5532
vn 0.6827 -0.5448 0.4869
vn 0.6860 -0.4684 0.5567
vn 0.6987 -0.5267 0.4841
vn 0.6066 -0.5524 0.5718
vn 0.6450 -0.5773 0.5007
vn 0.5896 -0.6161 0.5223
vn -0.6540 -0.4475 0.6099
vn -0.6543 -0.5156 0.5532
vn -0.6826 -0.4846 0.5470
vn -0.6704 -0.4197 0.6120
vn -0.6860 -0.4684 0.5567
vn -0.6450 -0.5773 0.5007
vn -0.6827 -0.5448 0.4869
vn -0.6987 -0.5267 0.4841
vn -0.6426 -0.3262 0.6933
vn -0.6412 -0.3508 0.6825
vn -0.6590 -0.4088 0.6313
vn -0.6148 -0.3223 0.7198
vn -0.6158 -0.3840 0.6880
vn -0.6159 -0.4818 0.6233
vn -0.6066 -0.5524 0.5718
vn -0.5896 -0.6161 0.5223
vn 0.7921 -0.6091 0.0404
vn 0.7073 -0.6991 0.1045
vn 0.6282 -0.7710 0.1046
vn 0.8544 -0.5194 0.0127
vn 0.7864 -0.6112 0.0898
vn 0.5307 -0.8259 0.1905
vn 0.6865 -0.6894 0.2313
vn 0.3074 -0.8774 0.3683
vn 0.5020 -0.6035 0.6195
vn 0.8020 -0.5218 0.2908
vn 0.8405 -0.5351 0.0848
vn 0.8991 -0.2876 0.3299
vn 0.9217 -0.3800 0.0776
vn 0.6441 -0.2461 0.7242
vn 0.7013 0.1618 0.6942
vn 0.7470 -0.6572 0.1009
vn 0.8689 -0.4939 -0.0319
vn 0.8973 -0.4333 -0.0841
vn 0.9176 -0.3932 -0.0585
vn 0.9121 -0.3891 -0.1293
vn -0.8405 -0.5351 0.0848
vn -0.8020 -0.5218 0.2908
vn -0.6865 -0.6894 0.2313
vn -0.6441 -0.2461 0.7242
vn -0.5020 -0.6035 0.6195
vn -0.9217 -0.3800 0.0776
vn -0.8991 -0.2876 0.3299
vn -0.7013 0.1618 0.6942
vn -0.5307 -0.8259 0.1905
vn -0.6282 -0.7710 0.1046
vn -0.3074 -0.8774 0.3683
vn -0.7073 -0.6991 0.1045
vn -0.7921 -0.6091 0.0404
vn -0.7864 -0.6112 0.0898
vn -0.8544 -0.5194 0.0127
vn -0.7470 -0.6572 0.1009
vn -0.8689 -0.4939 -0.0319
vn -0.9176 -0.3932 -0.0585
vn -0.8973 -0.4333 -0.0841
vn -0.9121 -0.3891 -0.1293
vn 0.1727 -0.3139 0.9336
vn 0.0357 -0.7912 0.6106
vn -0.0399 -0.7378 0.6739
vn -0.0415 -0.9892 0.1403
vn -0.1015 -0.9780 0.1820
vn 0.0515 -0.2360 0.9704
vn 0.0341 -0.7691 0.6382
vn 0.1285 -0.3262 0.9365
vn -0.0449 -0.9776 0.2056
vn 0.1851 0.1192 0.9755
vn 0.1211 0.2196 0.9681
vn 0.2024 0.4497 0.8699
vn 0.1616 0.5330 0.8305
vn 0.2627 0.1542 0.9525
vn 0.2906 0.4984 0.8168
vn -0.1211 0.2196 0.9681
vn -0.1851 0.1192 0.9755
vn -0.1285 -0.3262 0.9365
vn -0.1616 0.5330 0.8305
vn -0.2024 0.4497 0.8699
vn -0.0515 -0.2360 0.9704
vn -0.0341 -0.7691 0.6382
vn 0.0399 -0.7378 0.6739
vn 0.0449 -0.9776 0.2056
vn -0.0357 -0.7912 0.6106
vn -0.1727 -0.3139 0.9336
vn 0.1015 -0.9780 0.1820
vn 0.0415 -0.9892 0.1403
vn -0.2627 0.1542 0.9525
vn -0.2906 0.4984 0.8168
vn 0.9404 -0.3385 -0.0327
vn 0.9716 -0.2365 -0.0005
vn 0.9643 -0.2578 0.0611
vn 0.9245 -0.3772 0.0550
vn 0.8738 -0.4799 0.0787
vn 0.9060 -0.4229 -0.0179
vn 0.9193 -0.3783 -0.1085
vn 0.9418 -0.3194 -0.1050
vn 0.9200 -0.3632 -0.1470
vn 0.9711 -0.2329 -0.0523
vn 0.9358 -0.3302 -0.1230
vn 0.9609 -0.2714 -0.0552
vn -0.9404 -0.3385 -0.0327
vn -0.9418 -0.3194 -0.1050
vn -0.9193 -0.3783 -0.1085
vn -0.9060 -0.4229 -0.0179
vn -0.9358 -0.3302 -0.1230
vn -0.9200 -0.3632 -0.1470
vn -0.8738 -0.4799 0.0787
vn -0.9245 -0.3772 0.0550
vn -0.9643 -0.2578 0.0611
vn -0.9716 -0.2365 -0.0005
vn -0.9711 -0.2329 -0.0523
vn -0.9609 -0.2714 -0.0552
vn 0.0982 0.4170 0.9036
vn -0.2365 0.7707 0.5916
vn 0.3167 0.7045 0.6351
vn 0.4205 0.2725 0.8654
vn 0.8373 0.3471 0.4225
vn -0.4378 0.8710 0.2232
vn 0.1349 0.9754 0.1746
vn 0.5138 -0.0698 0.8551
vn 0.3658 0.0155 0.9306
vn 0.5484 -0.2604 0.7946
vn 0.4947 -0.2258 0.8392
vn 0.7911 0.0825 0.6061
vn 0.7305 -0.1550 0.6651
vn 0.6590 -0.2898 0.6940
vn 0.3271 0.0773 0.9418
vn -0.0019 0.4765 0.8792
vn 0.4942 -0.1940 0.8474
vn -0.3498 0.7518 0.5590
vn -0.5369 0.8084 0.2411
vn -0.0982 0.4170 0.9036
vn 0.0019 0.4765 0.8792
vn -0.3271 0.0773 0.9418
vn -0.3658 0.0155 0.9306
vn -0.4942 -0.1940 0.8474
vn -0.5138 -0.0698 0.8551
vn -0.4205 0.2725 0.8654
vn -0.7305 -0.1550 0.6651
vn -0.7911 0.0825 0.6061
vn -0.4947 -0.2258 0.8392
vn -0.5484 -0.2604 0.7946
vn -0.6590 -0.2898 0.6940
vn -0.3167 0.7045 0.6351
vn 0.2365 0.7707 0.5916
vn -0.1349 0.9754 0.1746
vn -0.8373 0.3471 0.4225
vn 0.3498 0.7518 0.5590
vn 0.4378 0.8710 0.2232
vn 0.5369 0.8084 0.2411
vn 0.1417 0.8657 0.4801
vn 0.1681 0.7439 0.6468
vn 0.1896 0.6793 0.7089
vn 0.1520 0.8233 0.5468
vn 0.1030 0.9069 0.4085
vn 0.1071 0.9309 0.3492
vn 0.0541 0.9520 0.3011
vn 0.0739 0.9627 0.2601
vn 0.2060 0.9142 0.3490
vn 0.2324 0.8567 0.4605
vn 0.4255 0.7886 0.4440
vn 0.1885 0.9479 0.2567
vn 0.4509 0.8167 0.3602
vn 0.2532 0.7391 0.6242
vn 0.4417 0.7228 0.5315
vn 0.5019 0.5824 0.6395
vn -0.1417 0.8657 0.4801
vn -0.2324 0.8567 0.4605
vn -0.2060 0.9142 0.3490
vn -0.1071 0.9309 0.3492
vn -0.1885 0.9479 0.2567
vn -0.4417 0.7228 0.5315
vn -0.4255 0.7886 0.4440
vn -0.4509 0.8167 0.3602
vn -0.1030 0.9069 0.4085
vn -0.1520 0.8233 0.5468
vn -0.0739 0.9627 0.2601
vn -0.0541 0.9520 0.3011
vn -0.1896 0.6793 0.7089
vn -0.1681 0.7439 0.6468
vn -0.2532 0.7391 0.6242
vn -0.5019 0.5824 0.6395
vn 0.7212 0.1362 0.6792
vn 0.6963 0.0230 0.7174
vn 0.7056 0.1001 0.7015
vn 0.6669 0.1017 0.7382
vn 0.6863 0.1728 0.7065
vn 0.7861 -0.0096 0.6180
vn 0.7486 -0.1112 0.6536
vn 0.7288 -0.0039 0.6847
vn 0.7105 0.1907 0.6774
vn 0.7760 0.0749 0.6262
vn 0.7553 0.1418 0.6398
vn 0.8973 -0.0675 0.4362
vn 0.7900 0.1357 0.5979
vn 0.9382 -0.1130 0.3271
vn 0.6895 0.3588 0.6291
vn 0.6364 0.4530 0.6243
vn 0.8650 0.0204 0.5013
vn 0.8233 0.1296 0.5527
vn 0.6564 0.4672 0.5923
vn 0.7387 0.4016 0.5413
vn -0.6364 0.4530 0.6243
vn -0.6895 0.3588 0.6291
vn -0.7553 0.1418 0.6398
vn -0.8233 0.1296 0.5527
vn -0.8650 0.0204 0.5013
vn -0.7105 0.1907 0.6774
vn -0.7760 0.0749 0.6262
vn -0.7056 0.1001 0.7015
vn -0.7900 0.1357 0.5979
vn -0.8973 -0.0675 0.4362
vn -0.9382 -0.1130 0.3271
vn -0.6963 0.0230 0.7174
vn -0.7212 0.1362 0.6792
vn -0.7486 -0.1112 0.6536
vn -0.7861 -0.0096 0.6180
vn -0.6863 0.1728 0.7065
vn -0.6669 0.1017 0.7382
vn -0.7288 -0.0039 0.6847
vn -0.6564 0.4672 0.5923
vn -0.7387 0.4016 0.5413
vn 0.6121 0.4161 0.6724
vn 0.5797 0.5302 0.6187
vn 0.7592 0.3910 0.5203
vn 0.9333 0.0039 0.3591
vn 0.9219 0.0063 0.3873
vn 0.5655 0.6497 0.5080
vn 0.7764 0.4538 0.4374
vn 0.9521 -0.0329 0.3041
vn 0.7588 0.3211 0.5667
vn 0.7748 0.2392 0.5852
vn 0.6541 0.3032 0.6930
vn 0.9258 -0.0342 0.3764
vn 0.6287 0.2444 0.7382
vn 0.5805 0.3780 0.7212
vn 0.7031 0.1708 0.6902
vn 0.5368 0.5272 0.6587
vn 0.5183 0.6635 0.5396
vn 0.6720 0.3253 0.6653
vn 0.6213 0.4991 0.6040
vn 0.5552 0.6310 0.5418
vn -0.6121 0.4161 0.6724
vn -0.5805 0.3780 0.7212
vn -0.6287 0.2444 0.7382
vn -0.6541 0.3032 0.6930
vn -0.6720 0.3253 0.6653
vn -0.7031 0.1708 0.6902
vn -0.7748 0.2392 0.5852
vn -0.7588 0.3211 0.5667
vn -0.9258 -0.0342 0.3764
vn -0.9219 0.0063 0.3873
vn -0.7592 0.3910 0.5203
vn -0.5797 0.5302 0.6187
vn -0.7764 0.4538 0.4374
vn -0.9333 0.0039 0.3591
vn -0.9521 -0.0329 0.3041
vn -0.5368 0.5272 0.6587
vn -0.6213 0.4991 0.6040
vn -0.5655 0.6497 0.5080
vn -0.5183 0.6635 0.5396
vn -0.5552 0.6310 0.5418
vn 0.8226 -0.4921 0.2849
vn 0.7649 -0.5248 0.3735
vn 0.8049 -0.4858 0.3408
vn 0.7180 -0.5254 0.4565
vn 0.7626 -0.4779 0.4360
vn 0.7934 -0.5532 0.2540
vn 0.7432 -0.5830 0.3282
vn 0.7138 -0.5735 0.4020
vn 0.8598 -0.4369 0.2645
vn 0.8544 -0.4489 0.2617
vn 0.8965 -0.4191 0.1439
vn 0.9126 -0.3985 0.0919
vn 0.8274 -0.4332 0.3574
vn 0.8869 -0.4087 0.2153
vn 0.8922 -0.4100 0.1896
vn 0.9380 -0.2836 0.1993
vn 0.9189 -0.3075 0.2472
vn 0.9402 -0.3203 0.1161
vn 0.8990 -0.3618 0.2468
vn 0.8760 -0.4310 0.2164
vn -0.9189 -0.3075 0.2472
vn -0.9380 -0.2836 0.1993
vn -0.8922 -0.4100 0.1896
vn -0.9402 -0.3203 0.1161
vn -0.9126 -0.3985 0.0919
vn -0.8598 -0.4369 0.2645
vn -0.8544 -0.4489 0.2617
vn -0.8274 -0.4332 0.3574
vn -0.7626 -0.4779 0.4360
vn -0.8965 -0.4191 0.1439
vn -0.8869 -0.4087 0.2153
vn -0.8049 -0.4858 0.3408
vn -0.7649 -0.5248 0.3735
vn -0.8226 -0.4921 0.2849
vn -0.7432 -0.5830 0.3282
vn -0.7934 -0.5532 0.2540
vn -0.7180 -0.5254 0.4565
vn -0.7138 -0.5735 0.4020
vn -0.8990 -0.3618 0.2468
vn -0.8760 -0.4310 0.2164
vn 0.6358 -0.4203 0.6473
vn 0.6772 -0.3737 0.6339
vn 0.7423 -0.3929 0.5428
vn 0.7693 -0.3230 0.5513
vn 0.8391 -0.3542 0.4129
vn 0.6071 -0.4104 0.6804
vn 0.6096 -0.3581 0.7072
vn 0.6774 -0.4335 0.5943
vn 0.7932 -0.4125 0.4481
vn 0.7230 -0.4485 0.5255
vn 0.8740 -0.3819 0.3005
vn 0.6880 -0.5012 0.5248
vn 0.6603 -0.4786 0.5787
vn 0.6930 -0.5600 0.4541
vn 0.6898 -0.5353 0.4874
vn 0.6419 -0.4663 0.6087
vn 0.6368 -0.4567 0.6212
vn 0.6853 -0.5227 0.5071
vn 0.6876 -0.5128 0.5140
vn -0.6603 -0.4786 0.5787
vn -0.6880 -0.5012 0.5248
vn -0.7230 -0.4485 0.5255
vn -0.6898 -0.5353 0.4874
vn -0.6930 -0.5600 0.4541
vn -0.6774 -0.4335 0.5943
vn -0.7932 -0.4125 0.4481
vn -0.7423 -0.3929 0.5428
vn -0.8740 -0.3819 0.3005
vn -0.6772 -0.3737 0.6339
vn -0.6358 -0.4203 0.6473
vn -0.6096 -0.3581 0.7072
vn -0.6071 -0.4104 0.6804
vn -0.8391 -0.3542 0.4129
vn -0.7693 -0.3230 0.5513
vn -0.6419 -0.4663 0.6087
vn -0.6853 -0.5227 0.5071
vn -0.6368 -0.4567 0.6212
vn -0.6876 -0.5128 0.5140
vn 0.6063 -0.4069 0.6832
vn 0.6315 -0.4078 0.6594
vn 0.5748 -0.3307 0.7485
vn 0.5546 -0.3400 0.7595
vn 0.5646 -0.3494 0.7477
vn 0.5961 -0.4071 0.6920
vn 0.6408 -0.4563 0.6173
vn 0.6571 -0.4562 0.6000
vn 0.6919 -0.5111 0.5100
vn 0.6731 -0.4617 0.5777
vn 0.6986 -0.5121 0.4998
vn 0.7007 -0.5183 0.4903
vn -0.6063 -0.4069 0.6832
vn -0.6571 -0.4562 0.6000
vn -0.6408 -0.4563 0.6173
vn -0.6986 -0.5121 0.4998
vn -0.6919 -0.5111 0.5100
vn -0.5961 -0.4071 0.6920
vn -0.5646 -0.3494 0.7477
vn -0.5546 -0.3399 0.7595
vn -0.5748 -0.3307 0.7485
vn -0.6315 -0.4078 0.6594
vn -0.6731 -0.4617 0.5777
vn -0.7007 -0.5183 0.4903
vn 0.9788 -0.1455 0.1440
vn 0.9993 -0.0101 0.0364
vn 0.9918 -0.1267 0.0184
vn 0.9624 -0.2627 0.0684
vn 0.9667 -0.2558 0.0009
vn 0.9283 -0.3382 0.1546
vn 0.9200 -0.2908 0.2628
vn 0.9437 -0.3298 0.0244
vn 0.9215 -0.3785 0.0876
vn 0.8700 -0.2319 0.4351
vn 0.9329 -0.0587 0.3552
vn 0.9827 0.0533 0.1773
vn -0.9788 -0.1455 0.1440
vn -0.9329 -0.0587 0.3552
vn -0.8700 -0.2319 0.4351
vn -0.9200 -0.2908 0.2628
vn -0.9283 -0.3382 0.1546
vn -0.9624 -0.2627 0.0684
vn -0.9215 -0.3785 0.0876
vn -0.9437 -0.3298 0.0244
vn -0.9918 -0.1267 0.0184
vn -0.9667 -0.2558 0.0009
vn -0.9993 -0.0101 0.0364
vn -0.9827 0.0533 0.1773
vn 0.9294 -0.3684 -0.0222
vn 0.9430 -0.3284 -0.0547
vn 0.9280 -0.3568 -0.1071
vn 0.9224 -0.3802 -0.0683
vn 0.9196 -0.3706 -0.1304
vn 0.9232 -0.3760 -0.0795
vn 0.9224 -0.3678 -0.1177
vn 0.9301 -0.3674 -0.0028
vn 0.9198 -0.3924 -0.0051
vn 0.9350 -0.3518 -0.0445
vn 0.9538 -0.2886 0.0833
vn 0.9162 -0.3993 0.0338
vn -0.9198 -0.3924 -0.0051
vn -0.9301 -0.3674 -0.0028
vn -0.9232 -0.3760 -0.0795
vn -0.9538 -0.2886 0.0833
vn -0.9350 -0.3518 -0.0445
vn -0.9224 -0.3802 -0.0683
vn -0.9196 -0.3706 -0.1304
vn -0.9280 -0.3568 -0.1071
vn -0.9224 -0.3678 -0.1177
vn -0.9430 -0.3284 -0.0547
vn -0.9294 -0.3684 -0.0222
vn -0.9162 -0.3993 0.0338
vn 0.9705 -0.2235 0.0910
vn 0.9530 -0.3023 0.0204
vn 0.9415 -0.3328 -0.0529
vn 0.9597 -0.2670 0.0874
vn 0.9441 -0.0959 0.3155
vn 0.9513 -0.1181 0.2849
vn 0.9471 -0.2424 0.2103
vn -0.9705 -0.2235 0.0910
vn -0.9530 -0.3023 0.0204
vn -0.9471 -0.2424 0.2103
vn -0.9513 -0.1181 0.2849
vn -0.9441 -0.0959 0.3155
vn -0.9597 -0.2670 0.0874
vn -0.9415 -0.3328 -0.0529
vn 0.7070 -0.5498 0.4448
vn 0.6995 -0.5475 0.4593
vn 0.7072 -0.5599 0.4317
vn 0.7148 -0.5558 0.4246
vn 0.6909 -0.5441 0.4760
vn 0.6969 -0.5656 0.4410
vn 0.7189 -0.5547 0.4189
vn 0.7121 -0.5525 0.4331
vn 0.7205 -0.5567 0.4136
vn 0.7144 -0.5563 0.4244
vn 0.6714 -0.4846 0.5607
vn 0.6738 -0.4732 0.5675
vn 0.5798 -0.3396 0.7406
vn 0.6656 -0.4944 0.5591
vn 0.5597 -0.3545 0.7491
vn 0.6742 -0.4583 0.5792
vn 0.6741 -0.4369 0.5956
vn 0.5953 -0.3192 0.7374
vn 0.6066 -0.2898 0.7403
vn 0.6145 -0.2456 0.7497
vn -0.7070 -0.5498 0.4448
vn -0.6738 -0.4732 0.5675
vn -0.6714 -0.4846 0.5607
vn -0.7121 -0.5525 0.4331
vn -0.6656 -0.4944 0.5591
vn -0.5953 -0.3192 0.7374
vn -0.5798 -0.3396 0.7406
vn -0.5597 -0.3545 0.7491
vn -0.7189 -0.5547 0.4189
vn -0.7148 -0.5558 0.4246
vn -0.7144 -0.5563 0.4244
vn -0.7205 -0.5567 0.4136
vn -0.7072 -0.5599 0.4317
vn -0.6995 -0.5475 0.4593
vn -0.6969 -0.5656 0.4410
vn -0.6742 -0.4583 0.5792
vn -0.6066 -0.2898 0.7403
vn -0.6909 -0.5441 0.4760
vn -0.6741 -0.4369 0.5956
vn -0.6145 -0.2456 0.7497
vn 0.7109 -0.5643 0.4197
vn 0.7182 -0.5647 0.4066
vn 0.7164 -0.5758 0.3940
vn 0.7041 -0.5755 0.4159
vn 0.7103 -0.5963 0.3739
vn 0.7126 -0.6134 0.3406
vn 0.6846 -0.6132 0.3941
vn 0.6930 -0.5935 0.4094
vn 0.6209 -0.5328 0.5750
vn 0.6394 -0.5180 0.5682
vn 0.4726 -0.3863 0.7921
vn 0.5044 -0.3784 0.7761
vn 0.6037 -0.5503 0.5768
vn 0.4443 -0.3918 0.8056
vn 0.6540 -0.5061 0.5623
vn 0.5316 -0.3706 0.7616
vn -0.6394 -0.5180 0.5682
vn -0.6209 -0.5328 0.5750
vn -0.6930 -0.5935 0.4094
vn -0.6037 -0.5503 0.5768
vn -0.5044 -0.3784 0.7761
vn -0.4726 -0.3863 0.7921
vn -0.4443 -0.3918 0.8056
vn -0.7041 -0.5755 0.4159
vn -0.7103 -0.5963 0.3739
vn -0.7164 -0.5758 0.3940
vn -0.6846 -0.6132 0.3941
vn -0.7126 -0.6134 0.3406
vn -0.7182 -0.5647 0.4066
vn -0.7109 -0.5643 0.4197
vn -0.6540 -0.5061 0.5623
vn -0.5316 -0.3706 0.7616
vn 0.7292 -0.5924 0.3424
vn 0.6916 -0.6227 0.3660
vn 0.7268 -0.6224 0.2905
vn 0.7682 -0.5929 0.2415
vn 0.8507 -0.4758 0.2233
vn 0.8048 -0.4750 0.3558
vn 0.9524 -0.0671 0.2974
vn 0.8955 -0.0905 0.4357
vn 0.6998 -0.4075 0.5867
vn 0.6408 -0.5220 0.5629
vn 0.5241 -0.2451 0.8156
vn 0.7420 -0.1040 0.6623
vn 0.5790 -0.1020 0.8089
vn 0.6056 -0.5574 0.5679
vn 0.4651 -0.3500 0.8131
vn 0.4349 -0.3911 0.8111
vn -0.7292 -0.5924 0.3424
vn -0.6408 -0.5220 0.5629
vn -0.6998 -0.4075 0.5867
vn -0.8048 -0.4750 0.3558
vn -0.7420 -0.1040 0.6623
vn -0.4651 -0.3500 0.8131
vn -0.5241 -0.2451 0.8156
vn -0.5790 -0.1020 0.8089
vn -0.8507 -0.4758 0.2233
vn -0.7682 -0.5929 0.2415
vn -0.8955 -0.0905 0.4357
vn -0.9524 -0.0671 0.2974
vn -0.7268 -0.6224 0.2905
vn -0.6916 -0.6227 0.3660
vn -0.6056 -0.5574 0.5679
vn -0.4349 -0.3911 0.8111
vn 0.7521 0.4578 0.4741
vn 0.7866 0.4858 0.3810
vn 0.5541 0.7274 0.4048
vn 0.5395 0.7193 0.4375
vn 0.5036 0.7502 0.4284
vn 0.4955 0.7592 0.4220
vn 0.5893 0.6613 0.4640
vn 0.4657 0.6681 0.5803
vn 0.4992 0.5962 0.6287
vn 0.3553 0.4310 0.8295
vn 0.3832 0.3446 0.8570
vn 0.6004 0.6621 0.4485
vn 0.5563 0.5886 0.5866
vn 0.4095 0.3940 0.8229
vn 0.6419 0.3472 0.6837
vn 0.4886 0.1357 0.8619
vn -0.4992 0.5962 0.6287
vn -0.4657 0.6681 0.5803
vn -0.4955 0.7592 0.4220
vn -0.5563 0.5886 0.5866
vn -0.6004 0.6621 0.4485
vn -0.3832 0.3446 0.8570
vn -0.3553 0.4310 0.8295
vn -0.4095 0.3940 0.8229
vn -0.5395 0.7193 0.4375
vn -0.5036 0.7502 0.4284
vn -0.5541 0.7274 0.4048
vn -0.5893 0.6613 0.4640
vn -0.7866 0.4858 0.3810
vn -0.7521 0.4578 0.4741
vn -0.6419 0.3472 0.6837
vn -0.4886 0.1357 0.8619
vn 0.7290 0.4843 0.4838
vn 0.7130 0.4883 0.5032
vn 0.7794 0.3103 0.5444
vn 0.7998 0.3074 0.5157
vn 0.8100 0.1341 0.5709
vn 0.8331 0.1264 0.5384
vn 0.8164 -0.0792 0.5720
vn 0.7428 0.1248 0.6578
vn 0.7130 0.2861 0.6401
vn 0.5022 0.1280 0.8552
vn 0.8397 -0.1047 0.5329
vn 0.7531 -0.0765 0.6534
vn 0.4713 0.0479 0.8807
vn 0.6589 0.4347 0.6139
vn 0.4979 0.2208 0.8387
vn 0.4707 0.3043 0.8282
vn -0.7130 0.2861 0.6401
vn -0.7428 0.1248 0.6578
vn -0.8331 0.1264 0.5384
vn -0.7531 -0.0765 0.6534
vn -0.4979 0.2208 0.8387
vn -0.5022 0.1280 0.8552
vn -0.4713 0.0479 0.8807
vn -0.7998 0.3074 0.5157
vn -0.8100 0.1341 0.5709
vn -0.7794 0.3103 0.5444
vn -0.8397 -0.1047 0.5329
vn -0.8164 -0.0792 0.5720
vn -0.7130 0.4883 0.5032
vn -0.7290 0.4843 0.4838
vn -0.6589 0.4347 0.6139
vn -0.4707 0.3043 0.8282
vn 0.8359 -0.1937 0.5136
vn 0.8207 -0.2700 0.5036
vn 0.8099 -0.2238 0.5423
vn 0.8425 -0.1550 0.5160
vn 0.8230 0.3036 0.4802
vn 0.7908 0.3031 0.5317
vn 0.4829 0.8160 0.3177
vn 0.4347 0.8233 0.3649
vn 0.5692 0.4361 0.6970
vn 0.6856 -0.0020 0.7280
vn 0.1324 0.6331 0.7627
vn 0.2284 0.8445 0.4844
vn -0.0185 0.8381 0.5452
vn 0.7301 -0.1942 0.6552
vn 0.2859 0.3034 0.9090
vn 0.3957 0.0774 0.9151
vn -0.8359 -0.1937 0.5136
vn -0.6856 -0.0020 0.7280
vn -0.5692 0.4361 0.6970
vn -0.7908 0.3031 0.5317
vn -0.2284 0.8445 0.4844
vn -0.2859 0.3034 0.9090
vn -0.1324 0.6331 0.7627
vn 0.0185 0.8381 0.5452
vn -0.8230 0.3036 0.4802
vn -0.8425 -0.1550 0.5160
vn -0.4347 0.8233 0.3649
vn -0.4830 0.8160 0.3177
vn -0.8099 -0.2238 0.5423
vn -0.8207 -0.2700 0.5036
vn -0.7301 -0.1942 0.6552
vn -0.3957 0.0774 0.9151
vn -0.0024 0.9712 0.2384
vn 0.0917 0.9680 0.2336
vn 0.1593 0.9666 0.2007
vn 0.0487 0.9770 0.2078
vn 0.0162 0.9695 0.2447
vn -0.0103 0.9607 0.2773
vn 0.0649 0.9547 0.2903
vn -0.0297 0.9149 0.4026
vn -0.0716 0.9335 0.3515
vn -0.0395 0.8116 0.5829
vn -0.1349 0.8489 0.5110
vn 0.0628 0.9426 0.3279
vn 0.1050 0.8734 0.4755
vn 0.1716 0.7149 0.6778
vn -0.0258 0.9385 0.3444
vn -0.1294 0.8610 0.4919
vn 0.0716 0.9335 0.3515
vn 0.0297 0.9149 0.4026
vn 0.0103 0.9607 0.2773
vn -0.1050 0.8734 0.4755
vn -0.0628 0.9426 0.3279
vn 0.1349 0.8489 0.5110
vn 0.0395 0.8116 0.5829
vn -0.1716 0.7149 0.6778
vn 0.0024 0.9712 0.2384
vn -0.0162 0.9695 0.2447
vn -0.0487 0.9770 0.2078
vn -0.0649 0.9547 0.2903
vn -0.1593 0.9666 0.2007
vn -0.0917 0.9680 0.2336
vn 0.0258 0.9385 0.3444
vn 0.1294 0.8610 0.4919
vn 0.6361 -0.5699 0.5202
vn 0.5818 -0.6068 0.5416
vn 0.5747 -0.6508 0.4962
vn 0.6336 -0.6110 0.4746
vn 0.5112 -0.6547 0.5568
vn 0.5023 -0.6929 0.5173
vn 0.6751 -0.5806 0.4552
vn 0.6727 -0.5482 0.4969
vn 0.6650 -0.4171 0.6195
vn 0.6401 -0.4134 0.6476
vn 0.6103 -0.1913 0.7687
vn 0.6001 -0.4304 0.6743
vn 0.5447 -0.4724 0.6929
vn 0.5923 -0.1423 0.7930
vn 0.5651 -0.1100 0.8177
vn 0.5314 -0.1087 0.8401
vn -0.6361 -0.5699 0.5202
vn -0.6401 -0.4134 0.6476
vn -0.6650 -0.4171 0.6195
vn -0.6727 -0.5482 0.4969
vn -0.5923 -0.1423 0.7930
vn -0.6103 -0.1913 0.7687
vn -0.6751 -0.5806 0.4552
vn -0.6336 -0.6110 0.4746
vn -0.5747 -0.6508 0.4962
vn -0.5818 -0.6068 0.5416
vn -0.5023 -0.6929 0.5173
vn -0.6001 -0.4304 0.6743
vn -0.5651 -0.1100 0.8177
vn -0.5112 -0.6547 0.5568
vn -0.5447 -0.4724 0.6929
vn -0.5314 -0.1087 0.8401
vn 0.3080 -0.7597 0.5728
vn 0.1403 -0.7860 0.6021
vn 0.1398 -0.8063 0.5747
vn 0.3086 -0.7705 0.5578
vn -0.1215 -0.7690 0.6276
vn -0.1498 -0.8165 0.5576
vn 0.4179 -0.7324 0.5376
vn 0.4239 -0.7094 0.5631
vn 0.4699 -0.5438 0.6954
vn 0.3614 -0.6034 0.7108
vn 0.4934 -0.1569 0.8555
vn 0.2226 -0.5704 0.7907
vn 0.0763 -0.4724 0.8781
vn 0.4226 -0.1855 0.8872
vn 0.3487 -0.1035 0.9315
vn 0.3231 -0.0082 0.9463
vn -0.3080 -0.7597 0.5728
vn -0.3614 -0.6034 0.7108
vn -0.4699 -0.5438 0.6954
vn -0.4239 -0.7094 0.5631
vn -0.4226 -0.1855 0.8872
vn -0.4934 -0.1569 0.8555
vn -0.4179 -0.7324 0.5376
vn -0.3086 -0.7705 0.5578
vn -0.1398 -0.8063 0.5747
vn -0.1403 -0.7860 0.6021
vn 0.1498 -0.8165 0.5576
vn -0.2226 -0.5704 0.7907
vn -0.3487 -0.1035 0.9315
vn 0.1215 -0.7690 0.6276
vn -0.0763 -0.4724 0.8781
vn -0.3231 -0.0082 0.9463
vn -0.6974 -0.5067 0.5069
vn -0.8730 -0.2962 0.3875
vn -0.9488 -0.3023 0.0918
vn -0.7962 -0.5398 0.2731
vn -0.9567 -0.0764 0.2809
vn -0.9963 -0.0731 -0.0451
vn -0.5114 -0.7317 0.4507
vn -0.4332 -0.6752 0.5970
vn -0.0848 -0.3633 0.9278
vn 0.3095 0.0560 0.9492
vn 0.3176 0.0759 0.9452
vn -0.2278 -0.2507 0.9409
vn -0.3391 -0.1313 0.9315
vn -0.3963 -0.0180 0.9179
vn 0.3327 0.0640 0.9408
vn 0.3498 0.0198 0.9366
vn 0.6974 -0.5067 0.5069
vn 0.2278 -0.2507 0.9409
vn 0.0848 -0.3633 0.9278
vn 0.4332 -0.6752 0.5970
vn -0.3176 0.0759 0.9452
vn -0.3095 0.0560 0.9492
vn 0.5114 -0.7317 0.4507
vn 0.7962 -0.5398 0.2731
vn 0.9488 -0.3023 0.0918
vn 0.8730 -0.2962 0.3875
vn 0.9963 -0.0731 -0.0451
vn 0.3391 -0.1313 0.9315
vn -0.3327 0.0640 0.9408
vn 0.9567 -0.0764 0.2809
vn 0.3963 -0.0180 0.9179
vn -0.3498 0.0198 0.9366
vn -0.8173 0.4956 0.2940
vn -0.8823 0.4529 -0.1284
vn -0.9443 0.2938 -0.1481
vn -0.6717 0.6505 0.3545
vn -0.7866 0.6136 -0.0691
vn -0.9845 0.1245 -0.1235
vn -0.9636 0.1297 0.2337
vn -0.9158 0.3199 0.2430
vn -0.3847 0.0886 0.9188
vn -0.3247 0.1881 0.9269
vn 0.3584 -0.0254 0.9332
vn -0.2321 0.2812 0.9312
vn -0.1295 0.3635 0.9225
vn 0.3537 -0.0474 0.9342
vn 0.3445 -0.0454 0.9377
vn 0.3385 -0.0197 0.9407
vn 0.9158 0.3199 0.2430
vn 0.3247 0.1881 0.9269
vn 0.3847 0.0885 0.9188
vn 0.9636 0.1297 0.2337
vn -0.3537 -0.0474 0.9342
vn -0.3584 -0.0254 0.9332
vn 0.9845 0.1245 -0.1235
vn 0.9443 0.2938 -0.1481
vn 0.8823 0.4529 -0.1284
vn 0.8173 0.4956 0.2940
vn 0.7866 0.6136 -0.0691
vn 0.6717 0.6505 0.3545
vn 0.2321 0.2812 0.9312
vn -0.3445 -0.0454 0.9377
vn 0.1295 0.3635 0.9225
vn -0.3385 -0.0197 0.9407
vn -0.1796 0.8898 0.4194
vn -0.3425 0.9233 0.1737
vn -0.5015 0.8590 0.1029
vn -0.0310 0.9100 0.4134
vn -0.1776 0.9568 0.2300
vn -0.3336 0.8461 0.4157
vn -0.6529 0.7572 0.0175
vn -0.4991 0.7711 0.3952
vn -0.0251 0.4466 0.8944
vn 0.0617 0.5256 0.8485
vn 0.3434 0.0296 0.9387
vn 0.1510 0.6023 0.7839
vn 0.2442 0.6604 0.7101
vn 0.3617 0.0959 0.9274
vn 0.4032 0.1811 0.8970
vn 0.4530 0.2731 0.8487
vn -0.0617 0.5256 0.8485
vn 0.0251 0.4466 0.8944
vn 0.4991 0.7711 0.3952
vn -0.3617 0.0959 0.9274
vn -0.3434 0.0296 0.9387
vn 0.3336 0.8461 0.4157
vn 0.6529 0.7572 0.0175
vn 0.5015 0.8590 0.1029
vn 0.3425 0.9233 0.1737
vn 0.1796 0.8898 0.4194
vn 0.1776 0.9568 0.2300
vn 0.0310 0.9100 0.4134
vn -0.1510 0.6023 0.7839
vn -0.4032 0.1811 0.8970
vn -0.2442 0.6604 0.7101
vn -0.4530 0.2731 0.8487
vn 0.1374 0.9194 0.3684
vn 0.1039 0.9447 0.3111
vn 0.0691 0.9507 0.3023
vn 0.1419 0.9101 0.3894
vn -0.0294 0.9613 0.2739
vn 0.0845 0.9116 0.4024
vn 0.3114 0.7013 0.6413
vn 0.3157 0.7427 0.5906
vn 0.4931 0.3619 0.7911
vn 0.4757 0.4465 0.7578
vn 0.2523 0.8008 0.5431
vn 0.3830 0.5611 0.7338
vn -0.3157 0.7427 0.5906
vn -0.3114 0.7013 0.6413
vn -0.0845 0.9116 0.4024
vn -0.4757 0.4465 0.7578
vn -0.4931 0.3619 0.7911
vn -0.1419 0.9101 0.3894
vn 0.0294 0.9613 0.2739
vn -0.0691 0.9507 0.3023
vn -0.1039 0.9447 0.3111
vn -0.1374 0.9194 0.3684
vn -0.2523 0.8008 0.5431
vn -0.3830 0.5611 0.7338
vn 0.1989 0.0895 0.9759
vn 0.2823 0.1659 0.9449
vn 0.2881 0.1486 0.9460
vn 0.1800 0.0827 0.9802
vn 0.2499 0.1920 0.9490
vn 0.2639 0.1392 0.9545
vn 0.1573 0.1579 0.9749
vn 0.1884 0.1794 0.9656
vn 0.0768 0.2554 0.9638
vn 0.1942 0.1118 0.9746
vn 0.1429 0.1660 0.9757
vn 0.1758 0.0931 0.9800
vn 0.2055 0.1562 0.9661
vn 0.0894 0.2709 0.9584
vn 0.2055 0.2301 0.9512
vn 0.1822 0.0516 0.9819
vn 0.1693 0.0290 0.9851
vn 0.2149 0.0844 0.9730
vn 0.2119 0.0408 0.9764
vn 0.2004 0.0110 0.9796
vn -0.1942 0.1118 0.9746
vn -0.1758 0.0931 0.9800
vn -0.1429 0.1660 0.9757
vn -0.1573 0.1579 0.9749
vn -0.0894 0.2709 0.9584
vn -0.2149 0.0844 0.9730
vn -0.2055 0.1562 0.9661
vn -0.2055 0.2301 0.9512
vn -0.2639 0.1392 0.9545
vn -0.2881 0.1486 0.9460
vn -0.0768 0.2554 0.9638
vn -0.1884 0.1794 0.9656
vn -0.2823 0.1659 0.9449
vn -0.1989 0.0895 0.9759
vn -0.2499 0.1920 0.9490
vn -0.1800 0.0827 0.9802
vn -0.1822 0.0516 0.9819
vn -0.2119 0.0408 0.9764
vn -0.1693 0.0290 0.9851
vn -0.2004 0.0110 0.9796
vn 0.3074 0.0248 0.9513
vn 0.2600 0.0364 0.9649
vn 0.2763 0.0682 0.9586
vn 0.2901 -0.0013 0.9570
vn 0.2484 0.0061 0.9686
vn 0.2922 0.1192 0.9489
vn 0.3601 0.0687 0.9304
vn 0.3342 0.1540 0.9298
vn 0.4187 0.0767 0.9049
vn 0.3283 0.0474 0.9434
vn 0.4025 0.0187 0.9152
vn 0.3587 0.0178 0.9333
vn 0.4156 -0.0258 0.9092
vn 0.4608 0.0106 0.8874
vn 0.4600 -0.0456 0.8867
vn 0.3374 0.0058 0.9413
vn 0.3238 -0.0080 0.9461
vn 0.3754 -0.0096 0.9268
vn 0.3545 -0.0046 0.9351
vn 0.3477 -0.0121 0.9375
vn -0.3283 0.0474 0.9434
vn -0.3587 0.0178 0.9333
vn -0.4025 0.0187 0.9152
vn -0.3601 0.0687 0.9304
vn -0.4608 0.0106 0.8874
vn -0.3754 -0.0096 0.9268
vn -0.4156 -0.0258 0.9092
vn -0.4600 -0.0456 0.8867
vn -0.2922 0.1192 0.9489
vn -0.2763 0.0682 0.9586
vn -0.4187 0.0767 0.9049
vn -0.3342 0.1540 0.9298
vn -0.2600 0.0364 0.9649
vn -0.3074 0.0248 0.9513
vn -0.2484 0.0061 0.9686
vn -0.2901 -0.0013 0.9570
vn -0.3374 0.0058 0.9413
vn -0.3545 -0.0046 0.9351
vn -0.3238 -0.0080 0.9461
vn -0.3477 -0.0121 0.9375
vn 0.3630 -0.0363 0.9311
vn 0.3493 -0.0088 0.9370
vn 0.3570 -0.0091 0.9341
vn 0.3745 -0.0274 0.9268
vn 0.3599 -0.0068 0.9330
vn 0.3599 -0.0121 0.9329
vn 0.4073 -0.0567 0.9115
vn 0.3923 -0.0763 0.9167
vn 0.4457 -0.0853 0.8911
vn 0.3694 -0.0966 0.9242
vn 0.3391 -0.0448 0.9397
vn 0.3434 -0.1200 0.9315
vn 0.3082 -0.0529 0.9499
vn 0.4268 -0.1170 0.8967
vn 0.4060 -0.1445 0.9024
vn 0.3890 -0.1744 0.9046
vn 0.3290 -0.0064 0.9443
vn 0.3470 0.0059 0.9378
vn 0.2979 0.0029 0.9546
vn 0.3213 0.0310 0.9465
vn -0.3391 -0.0448 0.9397
vn -0.3694 -0.0966 0.9242
vn -0.3923 -0.0763 0.9167
vn -0.4060 -0.1445 0.9024
vn -0.4268 -0.1170 0.8967
vn -0.3082 -0.0529 0.9499
vn -0.3434 -0.1200 0.9315
vn -0.3890 -0.1744 0.9046
vn -0.4073 -0.0567 0.9115
vn -0.3745 -0.0274 0.9268
vn -0.4457 -0.0853 0.8911
vn -0.3630 -0.0363 0.9311
vn -0.3570 -0.0091 0.9341
vn -0.3599 -0.0121 0.9329
vn -0.3599 -0.0068 0.9330
vn -0.3493 -0.0088 0.9370
vn -0.3290 -0.0064 0.9443
vn -0.2979 0.0029 0.9546
vn -0.3470 0.0059 0.9378
vn -0.3213 0.0310 0.9465
vn 0.2960 0.1011 0.9498
vn 0.2786 0.0363 0.9597
vn 0.2942 -0.0400 0.9549
vn 0.3007 0.1630 0.9397
vn 0.2981 0.0838 0.9509
vn 0.3199 0.0111 0.9474
vn 0.3365 -0.1257 0.9332
vn 0.3667 -0.0877 0.9262
vn 0.3922 -0.1882 0.9004
vn 0.4198 -0.0178 0.9075
vn 0.3760 0.0827 0.9229
vn 0.4779 0.0529 0.8768
vn 0.4424 0.1505 0.8841
vn 0.4245 -0.1574 0.8916
vn 0.4676 -0.0899 0.8794
vn 0.5010 -0.0219 0.8652
vn 0.3441 0.1744 0.9226
vn 0.3287 0.2434 0.9125
vn 0.4067 0.2364 0.8824
vn 0.3737 0.3067 0.8754
vn -0.3760 0.0827 0.9229
vn -0.4198 -0.0178 0.9075
vn -0.3667 -0.0877 0.9262
vn -0.4676 -0.0899 0.8794
vn -0.4245 -0.1574 0.8916
vn -0.4424 0.1505 0.8841
vn -0.4779 0.0529 0.8768
vn -0.5010 -0.0219 0.8652
vn -0.3199 0.0111 0.9474
vn -0.3365 -0.1257 0.9332
vn -0.2942 -0.0400 0.9549
vn -0.3922 -0.1882 0.9004
vn -0.2786 0.0364 0.9597
vn -0.2960 0.1011 0.9498
vn -0.2981 0.0838 0.9509
vn -0.3007 0.1630 0.9397
vn -0.3441 0.1744 0.9226
vn -0.4067 0.2364 0.8824
vn -0.3287 0.2434 0.9125
vn -0.3737 0.3067 0.8754
vn 0.4023 0.1783 0.8980
vn 0.3860 0.2683 0.8826
vn 0.4675 0.1644 0.8686
vn 0.4916 0.0877 0.8664
vn 0.3792 0.3351 0.8625
vn 0.4461 0.2155 0.8687
vn 0.5114 0.0030 0.8593
vn 0.4220 0.0841 0.9027
vn 0.5201 -0.0737 0.8509
vn 0.4381 0.0063 0.8989
vn 0.3496 0.1015 0.9314
vn 0.3372 0.1920 0.9216
vn 0.3717 0.0334 0.9277
vn 0.3394 0.2808 0.8978
vn 0.3571 0.3485 0.8666
vn -0.4023 0.1783 0.8980
vn -0.3372 0.1920 0.9216
vn -0.3496 0.1015 0.9314
vn -0.4220 0.0841 0.9027
vn -0.3717 0.0334 0.9277
vn -0.5114 0.0030 0.8593
vn -0.4916 0.0877 0.8664
vn -0.4381 0.0063 0.8989
vn -0.5201 -0.0737 0.8509
vn -0.4675 0.1644 0.8686
vn -0.3860 0.2683 0.8826
vn -0.4461 0.2155 0.8687
vn -0.3394 0.2808 0.8978
vn -0.3792 0.3351 0.8625
vn -0.3571 0.3485 0.8666
vn 0.4993 -0.1655 0.8505
vn 0.4770 -0.1884 0.8585
vn 0.4142 -0.0956 0.9052
vn 0.4474 -0.2034 0.8709
vn 0.3862 -0.1065 0.9163
vn 0.4329 -0.0768 0.8982
vn 0.3781 -0.0403 0.9249
vn 0.3885 -0.0285 0.9210
vn 0.3566 -0.0455 0.9331
vn 0.3866 -0.0063 0.9222
vn 0.4411 -0.0456 0.8963
vn 0.5138 -0.1299 0.8480
vn -0.4411 -0.0456 0.8963
vn -0.3866 -0.0063 0.9222
vn -0.3885 -0.0285 0.9210
vn -0.4329 -0.0768 0.8982
vn -0.3781 -0.0403 0.9249
vn -0.4142 -0.0956 0.9052
vn -0.3566 -0.0455 0.9331
vn -0.4770 -0.1884 0.8585
vn -0.4993 -0.1655 0.8505
vn -0.3862 -0.1065 0.9163
vn -0.4474 -0.2034 0.8709
vn -0.5138 -0.1299 0.8480
vn 0.3014 -0.1119 0.9469
vn 0.3502 -0.1116 0.9300
vn 0.4075 -0.2135 0.8879
vn 0.3650 -0.2200 0.9047
vn 0.3274 -0.2141 0.9203
vn 0.2832 -0.2125 0.9352
vn 0.2100 -0.1004 0.9725
vn 0.2591 -0.1009 0.9606
vn 0.2400 -0.0347 0.9701
vn 0.2863 -0.0418 0.9572
vn 0.1898 -0.0271 0.9814
vn 0.3257 -0.0458 0.9444
vn -0.3014 -0.1119 0.9469
vn -0.2863 -0.0418 0.9572
vn -0.2400 -0.0347 0.9701
vn -0.2591 -0.1009 0.9606
vn -0.1898 -0.0271 0.9814
vn -0.3274 -0.2141 0.9203
vn -0.3650 -0.2200 0.9047
vn -0.2100 -0.1004 0.9725
vn -0.2832 -0.2125 0.9352
vn -0.4075 -0.2135 0.8879
vn -0.3502 -0.1116 0.9300
vn -0.3257 -0.0458 0.9444
vn 0.1900 -0.0216 0.9816
vn 0.2496 0.1006 0.9631
vn 0.2228 0.1838 0.9574
vn 0.1644 0.0559 0.9848
vn 0.1578 -0.0049 0.9875
vn 0.1814 -0.0793 0.9802
vn 0.2640 -0.2021 0.9431
vn 0.2826 -0.1537 0.9468
vn 0.3477 -0.0509 0.9362
vn -0.1900 -0.0216 0.9816
vn -0.2826 -0.1537 0.9468
vn -0.2640 -0.2021 0.9431
vn -0.1814 -0.0793 0.9802
vn -0.1578 -0.0049 0.9875
vn -0.1644 0.0559 0.9848
vn -0.2228 0.1838 0.9574
vn -0.2496 0.1006 0.9631
vn -0.3477 -0.0509 0.9362
vn -0.0770 0.5268 0.8465
vn -0.1614 0.7320 0.6619
vn -0.1618 0.7288 0.6654
vn -0.1280 0.5786 0.8055
vn -0.0341 0.6696 0.7419
vn -0.0158 0.5348 0.8449
vn 0.2182 0.5249 0.8227
vn 0.0286 0.4004 0.9159
vn -0.0315 0.4058 0.9134
vn 0.2201 0.4011 0.8892
vn 0.2106 0.3104 0.9270
vn 0.0668 0.3083 0.9489
vn 0.0315 0.4058 0.9134
vn -0.0286 0.4004 0.9159
vn 0.0158 0.5348 0.8449
vn -0.2106 0.3104 0.9270
vn -0.2201 0.4011 0.8892
vn 0.1280 0.5786 0.8055
vn 0.0341 0.6696 0.7419
vn 0.1618 0.7288 0.6654
vn -0.2182 0.5249 0.8227
vn 0.1614 0.7320 0.6619
vn 0.0770 0.5268 0.8465
vn -0.0668 0.3083 0.9489
vn 0.5182 0.1252 0.8461
vn 0.5301 0.2174 0.8196
vn 0.5490 0.1336 0.8251
vn 0.5428 0.0476 0.8385
vn 0.5119 0.0527 0.8574
vn 0.5129 0.0134 0.8583
vn 0.4784 0.0876 0.8737
vn 0.5149 -0.0248 0.8569
vn 0.4975 -0.0535 0.8658
vn 0.3847 0.1870 0.9039
vn 0.4254 0.2377 0.8732
vn 0.4385 0.3400 0.8320
vn -0.5182 0.1252 0.8461
vn -0.4254 0.2377 0.8732
vn -0.3847 0.1870 0.9039
vn -0.4784 0.0876 0.8737
vn -0.5129 0.0134 0.8583
vn -0.5428 0.0476 0.8385
vn -0.4975 -0.0535 0.8658
vn -0.5149 -0.0248 0.8569
vn -0.5490 0.1336 0.8251
vn -0.5301 0.2174 0.8196
vn -0.5119 0.0527 0.8574
vn -0.4385 0.3400 0.8320
vn 0.4416 -0.0740 0.8942
vn 0.4275 -0.1157 0.8966
vn 0.4388 -0.1571 0.8847
vn 0.4315 -0.1374 0.8916
vn 0.4402 -0.1763 0.8804
vn 0.4534 -0.1247 0.8825
vn 0.4314 -0.1668 0.8866
vn 0.4486 -0.1368 0.8832
vn 0.4254 -0.1921 0.8844
vn 0.4743 -0.0990 0.8748
vn 0.4819 -0.0795 0.8726
vn 0.4727 -0.0156 0.8811
vn -0.4819 -0.0795 0.8726
vn -0.4743 -0.0990 0.8748
vn -0.4486 -0.1368 0.8832
vn -0.4534 -0.1247 0.8825
vn -0.4314 -0.1668 0.8866
vn -0.4388 -0.1571 0.8847
vn -0.4254 -0.1921 0.8844
vn -0.4275 -0.1157 0.8966
vn -0.4416 -0.0740 0.8942
vn -0.4402 -0.1763 0.8804
vn -0.4315 -0.1374 0.8916
vn -0.4727 -0.0156 0.8811
vn 0.4771 -0.1153 0.8712
vn 0.5002 -0.0626 0.8636
vn 0.5153 -0.0881 0.8524
vn 0.5078 0.0238 0.8611
vn 0.5275 0.0106 0.8495
vn 0.4880 -0.1491 0.8600
vn 0.5012 -0.1053 0.8589
vn 0.4697 -0.1708 0.8661
vn 0.5188 -0.0068 0.8548
vn 0.4388 -0.2003 0.8760
vn 0.4591 -0.1767 0.8706
vn 0.4510 -0.1382 0.8818
vn -0.4591 -0.1767 0.8706
vn -0.4388 -0.2003 0.8760
vn -0.4697 -0.1708 0.8661
vn -0.4880 -0.1491 0.8600
vn -0.5012 -0.1053 0.8589
vn -0.5153 -0.0881 0.8524
vn -0.5188 -0.0068 0.8548
vn -0.5002 -0.0626 0.8636
vn -0.4771 -0.1153 0.8712
vn -0.5275 0.0106 0.8495
vn -0.5078 0.0238 0.8611
vn -0.4510 -0.1382 0.8818
vn 0.4972 0.2033 0.8435
vn 0.4700 0.1886 0.8623
vn 0.4411 0.2401 0.8648
vn 0.4648 0.2734 0.8422
vn 0.4130 0.2671 0.8707
vn 0.4527 0.2691 0.8501
vn 0.4876 0.1918 0.8517
vn 0.4260 0.3309 0.8420
vn 0.4120 0.3356 0.8471
vn 0.5141 0.0980 0.8521
vn 0.5196 0.1167 0.8464
vn 0.4944 0.1177 0.8612
vn -0.4972 0.2033 0.8435
vn -0.5196 0.1167 0.8464
vn -0.5141 0.0980 0.8521
vn -0.4876 0.1918 0.8517
vn -0.4527 0.2691 0.8501
vn -0.4648 0.2734 0.8422
vn -0.4120 0.3356 0.8471
vn -0.4260 0.3309 0.8420
vn -0.4411 0.2401 0.8647
vn -0.4700 0.1886 0.8623
vn -0.4130 0.2671 0.8707
vn -0.4944 0.1177 0.8612
vn 0.3883 0.3629 0.8471
vn 0.4115 0.2202 0.8844
vn 0.4377 0.2207 0.8716
vn 0.3852 0.3611 0.8492
vn 0.3805 0.3770 0.8444
vn 0.3938 0.3639 0.8441
vn 0.3967 0.2567 0.8813
vn -0.4115 0.2202 0.8844
vn -0.3967 0.2567 0.8813
vn -0.3938 0.3639 0.8441
vn -0.3883 0.3629 0.8471
vn -0.3805 0.3770 0.8444
vn -0.3852 0.3611 0.8492
vn -0.4377 0.2207 0.8716
vn -0.0781 -0.9080 -0.4116
vn -0.0035 -0.9032 -0.4293
vn 0.2267 -0.9726 -0.0524
vn 0.1349 -0.9893 -0.0553
vn 0.1046 -0.8898 -0.4442
vn 0.3255 -0.9445 -0.0445
vn 0.0433 -0.9970 -0.0637
vn -0.1267 -0.9081 -0.3992
vn -0.0500 -0.9953 -0.0827
vn -0.1507 -0.9064 -0.3947
vn -0.2655 -0.6672 -0.6960
vn -0.2710 -0.6470 -0.7127
vn -0.3326 -0.3731 -0.8662
vn -0.2041 -0.7014 -0.6829
vn -0.1960 -0.4316 -0.8805
vn -0.2264 -0.6359 -0.7378
vn -0.1270 -0.6275 -0.7682
vn -0.3779 -0.3426 -0.8601
vn -0.3576 -0.3288 -0.8741
vn -0.2757 -0.3229 -0.9054
vn 0.0781 -0.9080 -0.4116
vn 0.2710 -0.6470 -0.7127
vn 0.2655 -0.6672 -0.6960
vn 0.1267 -0.9081 -0.3992
vn 0.2041 -0.7014 -0.6829
vn 0.3779 -0.3426 -0.8601
vn 0.3326 -0.3731 -0.8662
vn 0.1960 -0.4316 -0.8805
vn -0.0433 -0.9970 -0.0637
vn -0.1349 -0.9893 -0.0553
vn 0.1507 -0.9064 -0.3947
vn 0.0500 -0.9953 -0.0827
vn -0.2267 -0.9726 -0.0524
vn 0.0035 -0.9032 -0.4293
vn -0.3255 -0.9445 -0.0445
vn 0.2264 -0.6359 -0.7378
vn 0.3576 -0.3288 -0.8741
vn -0.1046 -0.8898 -0.4442
vn 0.1270 -0.6275 -0.7682
vn 0.2757 -0.3229 -0.9054
vn 0.3975 -0.8273 -0.3969
vn 0.5711 -0.7610 -0.3077
vn 0.6773 -0.7203 0.1497
vn 0.5590 -0.8275 0.0523
vn 0.7499 -0.6428 -0.1568
vn 0.7761 -0.5705 0.2686
vn 0.4388 -0.8985 -0.0112
vn 0.2437 -0.8660 -0.4366
vn 0.0061 -0.6171 -0.7869
vn 0.1507 -0.6043 -0.7824
vn -0.1658 -0.3181 -0.9335
vn 0.3298 -0.5874 -0.7391
vn 0.5588 -0.5434 -0.6264
vn -0.0565 -0.3156 -0.9472
vn 0.0742 -0.3193 -0.9447
vn 0.2661 -0.3233 -0.9081
vn -0.3975 -0.8273 -0.3969
vn -0.1507 -0.6043 -0.7824
vn -0.0061 -0.6171 -0.7869
vn -0.2437 -0.8660 -0.4366
vn 0.0565 -0.3156 -0.9472
vn 0.1658 -0.3181 -0.9335
vn -0.4388 -0.8985 -0.0112
vn -0.5590 -0.8275 0.0523
vn -0.6773 -0.7203 0.1497
vn -0.5711 -0.7610 -0.3077
vn -0.7761 -0.5705 0.2686
vn -0.3298 -0.5874 -0.7391
vn -0.0742 -0.3193 -0.9447
vn -0.7499 -0.6428 -0.1568
vn -0.5588 -0.5434 -0.6264
vn -0.2661 -0.3233 -0.9081
vn 0.9454 -0.2819 0.1638
vn 0.9793 -0.0746 0.1880
vn 0.8909 -0.0781 0.4474
vn 0.8653 -0.2449 0.4374
vn 0.9843 0.1247 0.1250
vn 0.9070 0.1122 0.4059
vn 0.8355 -0.4021 0.3745
vn 0.8814 -0.4715 0.0279
vn 0.7825 -0.4470 -0.4335
vn 0.9334 -0.2826 -0.2212
vn 0.5177 -0.2986 -0.8018
vn 0.9903 -0.0628 -0.1237
vn 0.9789 0.1208 -0.1647
vn 0.7598 -0.1925 -0.6210
vn 0.8931 -0.0081 -0.4499
vn 0.9201 0.1171 -0.3737
vn -0.9454 -0.2819 0.1638
vn -0.9334 -0.2826 -0.2212
vn -0.7825 -0.4470 -0.4335
vn -0.8814 -0.4715 0.0279
vn -0.7598 -0.1925 -0.6210
vn -0.5177 -0.2986 -0.8018
vn -0.8355 -0.4021 0.3745
vn -0.8653 -0.2449 0.4374
vn -0.8909 -0.0781 0.4474
vn -0.9070 0.1122 0.4059
vn -0.9843 0.1247 0.1250
vn -0.9793 -0.0746 0.1880
vn -0.9903 -0.0628 -0.1237
vn -0.8931 -0.0081 -0.4499
vn -0.9789 0.1208 -0.1647
vn -0.9201 0.1171 -0.3737
vn 0.5908 0.7370 -0.3285
vn 0.6603 0.7489 0.0564
vn 0.8181 0.5379 0.2034
vn 0.2646 0.8319 -0.4877
vn 0.3894 0.9172 -0.0841
vn 0.8182 0.5613 -0.1244
vn 0.8896 0.3230 0.3229
vn 0.9390 0.3423 0.0342
vn 0.9138 0.3098 -0.2627
vn 0.7360 0.4952 -0.4616
vn 0.8294 0.2173 -0.5147
vn 0.5876 0.3344 -0.7368
vn 0.4465 0.5903 -0.6725
vn 0.1176 0.5961 -0.7942
vn 0.2650 0.3594 -0.8948
vn -0.0088 0.3166 -0.9485
vn -0.7360 0.4952 -0.4616
vn -0.9138 0.3098 -0.2627
vn -0.9390 0.3423 0.0341
vn -0.5876 0.3344 -0.7368
vn -0.8294 0.2173 -0.5147
vn -0.8182 0.5613 -0.1244
vn -0.8896 0.3230 0.3229
vn -0.8181 0.5379 0.2034
vn -0.6603 0.7489 0.0564
vn -0.5908 0.7370 -0.3285
vn -0.3894 0.9172 -0.0841
vn -0.2646 0.8319 -0.4877
vn -0.4465 0.5903 -0.6725
vn -0.2650 0.3594 -0.8948
vn -0.1176 0.5961 -0.7942
vn 0.0088 0.3166 -0.9485
vn -0.3545 0.7784 -0.5181
vn -0.2510 0.9498 -0.1870
vn -0.1165 0.9745 -0.1917
vn -0.4278 0.7632 -0.4842
vn -0.3324 0.9283 -0.1666
vn -0.2369 0.8039 -0.5455
vn 0.0961 0.9816 -0.1652
vn -0.0419 0.8348 -0.5490
vn -0.1442 0.5580 -0.8172
vn -0.2952 0.5294 -0.7953
vn -0.1901 0.2762 -0.9421
vn -0.2947 0.2600 -0.9195
vn -0.3926 0.5141 -0.7626
vn -0.4577 0.5082 -0.7295
vn -0.3727 0.2590 -0.8911
vn -0.4364 0.2623 -0.8607
vn 0.2952 0.5294 -0.7953
vn 0.1442 0.5580 -0.8172
vn 0.0419 0.8348 -0.5490
vn 0.2947 0.2600 -0.9195
vn 0.1901 0.2762 -0.9421
vn 0.2369 0.8039 -0.5455
vn -0.0961 0.9816 -0.1652
vn 0.1165 0.9745 -0.1917
vn 0.2510 0.9498 -0.1870
vn 0.3545 0.7784 -0.5181
vn 0.3324 0.9283 -0.1666
vn 0.4278 0.7632 -0.4842
vn 0.3926 0.5141 -0.7626
vn 0.3727 0.2590 -0.8911
vn 0.4577 0.5082 -0.7295
vn 0.4364 0.2623 -0.8607
vn -0.5630 0.7449 -0.3579
vn -0.5092 0.8594 -0.0470
vn -0.4476 0.8893 -0.0936
vn -0.6078 0.7380 -0.2932
vn -0.5830 0.8125 -0.0014
vn -0.5258 0.7485 -0.4041
vn -0.3902 0.9109 -0.1345
vn -0.4784 0.7561 -0.4466
vn -0.5053 0.5090 -0.6969
vn -0.5368 0.5195 -0.6648
vn -0.4844 0.2651 -0.8337
vn -0.5440 0.5460 -0.6372
vn -0.5373 0.5838 -0.6087
vn -0.4967 0.2751 -0.8232
vn -0.4657 0.2969 -0.8336
vn -0.3642 0.3324 -0.8700
vn 0.5368 0.5195 -0.6648
vn 0.5053 0.5090 -0.6969
vn 0.4784 0.7561 -0.4466
vn 0.4967 0.2751 -0.8232
vn 0.4844 0.2651 -0.8337
vn 0.5258 0.7485 -0.4041
vn 0.3902 0.9109 -0.1345
vn 0.4476 0.8893 -0.0936
vn 0.5092 0.8594 -0.0470
vn 0.5630 0.7449 -0.3579
vn 0.5830 0.8125 -0.0014
vn 0.6078 0.7380 -0.2932
vn 0.5440 0.5460 -0.6372
vn 0.4657 0.2969 -0.8336
vn 0.5373 0.5838 -0.6087
vn 0.3642 0.3324 -0.8700
vn -0.4541 0.0944 -0.8859
vn -0.4525 0.0912 -0.8871
vn -0.4302 -0.0173 -0.9026
vn -0.4012 0.0897 -0.9116
vn -0.3719 -0.0170 -0.9281
vn -0.4309 -0.0199 -0.9022
vn -0.4087 -0.1296 -0.9034
vn -0.4149 -0.1377 -0.8994
vn -0.3411 -0.1271 -0.9314
vn -0.3477 -0.1595 -0.9239
vn -0.3577 -0.0305 -0.9334
vn -0.1621 -0.2097 -0.9642
vn -0.1544 -0.0646 -0.9859
vn -0.3903 0.0976 -0.9155
vn -0.2052 0.0893 -0.9746
vn 0.3577 -0.0305 -0.9334
vn 0.3477 -0.1595 -0.9239
vn 0.4149 -0.1377 -0.8994
vn 0.1544 -0.0646 -0.9859
vn 0.1621 -0.2097 -0.9642
vn 0.4309 -0.0199 -0.9022
vn 0.4087 -0.1296 -0.9034
vn 0.4302 -0.0173 -0.9026
vn 0.3411 -0.1271 -0.9314
vn 0.4525 0.0912 -0.8871
vn 0.4541 0.0944 -0.8859
vn 0.3719 -0.0170 -0.9281
vn 0.4012 0.0897 -0.9116
vn 0.3903 0.0976 -0.9155
vn 0.2052 0.0893 -0.9746
vn -0.2222 -0.0226 -0.9747
vn -0.2928 -0.0186 -0.9560
vn -0.3310 0.0873 -0.9396
vn -0.2637 0.0842 -0.9609
vn -0.1875 0.0868 -0.9784
vn -0.1502 -0.0272 -0.9883
vn -0.0752 0.1087 -0.9912
vn -0.0589 -0.0287 -0.9979
vn -0.0773 -0.1359 -0.9877
vn -0.1664 -0.1289 -0.9776
vn 0.0448 -0.1466 -0.9882
vn -0.2497 -0.1266 -0.9600
vn 0.2222 -0.0226 -0.9747
vn 0.1664 -0.1289 -0.9776
vn 0.0773 -0.1359 -0.9877
vn 0.1502 -0.0272 -0.9883
vn -0.0448 -0.1466 -0.9882
vn 0.1875 0.0868 -0.9784
vn 0.2637 0.0842 -0.9609
vn 0.0589 -0.0287 -0.9979
vn 0.0752 0.1087 -0.9912
vn 0.3310 0.0873 -0.9396
vn 0.2928 -0.0186 -0.9560
vn 0.2497 -0.1266 -0.9600
vn 0.1091 -0.0110 -0.9940
vn 0.1190 0.1530 -0.9810
vn 0.4429 0.1556 -0.8830
vn 0.3333 0.0254 -0.9425
vn 0.7187 0.0804 -0.6907
vn 0.5244 -0.0654 -0.8490
vn 0.2427 -0.1456 -0.9591
vn -0.1091 -0.0110 -0.9940
vn -0.2427 -0.1456 -0.9591
vn -0.5244 -0.0654 -0.8490
vn -0.3333 0.0254 -0.9425
vn -0.7187 0.0804 -0.6907
vn -0.4429 0.1556 -0.8830
vn -0.1190 0.1530 -0.9810
vn -0.1938 0.7148 -0.6719
vn 0.3497 0.5789 -0.7366
vn 0.1217 0.9008 -0.4169
vn 0.2433 0.3067 -0.9202
vn 0.5757 0.1688 -0.8001
vn -0.4790 0.8325 -0.2785
vn 0.0683 0.9873 -0.1432
vn -0.5206 0.8535 -0.0239
vn -0.6156 0.7880 0.0102
vn -0.6130 0.7483 -0.2535
vn -0.4667 0.6399 -0.6105
vn -0.1313 0.3551 -0.9256
vn 0.6130 0.7483 -0.2535
vn 0.6156 0.7880 0.0102
vn 0.5206 0.8535 -0.0239
vn 0.4790 0.8325 -0.2785
vn -0.0683 0.9873 -0.1432
vn -0.1217 0.9008 -0.4169
vn -0.3497 0.5789 -0.7366
vn 0.1938 0.7148 -0.6719
vn -0.5757 0.1688 -0.8001
vn -0.2433 0.3067 -0.9202
vn 0.4667 0.6399 -0.6105
vn 0.1313 0.3551 -0.9256
vn 0.3805 -0.1872 -0.9056
vn 0.5100 -0.2400 -0.8260
vn 0.5620 -0.0861 -0.8226
vn 0.3930 -0.0224 -0.9193
vn 0.1027 0.0468 -0.9936
vn 0.1412 -0.1240 -0.9822
vn 0.0875 -0.2816 -0.9555
vn -0.0210 -0.4922 -0.8702
vn 0.1431 -0.5428 -0.8276
vn 0.2926 -0.3509 -0.8895
vn 0.4060 -0.4015 -0.8210
vn 0.2509 -0.5793 -0.7755
vn -0.3805 -0.1872 -0.9056
vn -0.2926 -0.3509 -0.8895
vn -0.0875 -0.2816 -0.9555
vn -0.1412 -0.1240 -0.9822
vn -0.1431 -0.5428 -0.8276
vn 0.0210 -0.4922 -0.8702
vn -0.1027 0.0468 -0.9936
vn -0.3930 -0.0224 -0.9193
vn -0.5620 -0.0861 -0.8226
vn -0.5100 -0.2400 -0.8260
vn -0.4060 -0.4015 -0.8210
vn -0.2509 -0.5793 -0.7755
vn -0.1122 -0.8930 -0.4359
vn -0.1333 -0.9743 -0.1815
vn -0.0790 -0.9734 -0.2152
vn -0.0333 -0.8960 -0.4428
vn 0.0814 -0.7672 -0.6362
vn -0.0152 -0.7500 -0.6613
vn -0.1162 -0.7279 -0.6757
vn -0.1442 -0.8985 -0.4146
vn -0.1078 -0.9857 -0.1297
vn 0.1122 -0.8930 -0.4359
vn 0.1442 -0.8985 -0.4146
vn 0.1162 -0.7279 -0.6757
vn 0.0152 -0.7500 -0.6613
vn -0.0814 -0.7672 -0.6362
vn 0.0333 -0.8960 -0.4428
vn 0.0790 -0.9734 -0.2152
vn 0.1333 -0.9743 -0.1815
vn 0.1078 -0.9857 -0.1297
s 1
f 1//1 5//2 6//3
f 2//4 6//3 4440//5
f 5//2 4438//6 4439//7
f 6//3 4439//7 7498//8
f 2//4 7//9 3//10
f 7//9 4443//11 4444//12
f 4441//13 4442//14 7//9
f 4442//14 7452//15 4443//11
f 1//1 3//10 8//16
f 4//17 8//16 4446//18
f 3//10 4444//12 4445//19
f 8//16 4445//19 7454//20
f 4//17 9//21 5//2
f 9//21 4437//22 4438//6
f 4447//23 4448//24 9//21
f 4448//24 7496//25 4437//22
f 10//26 14//27 15//28
f 11//29 15//28 4452//30
f 14//27 4450//31 4451//32
f 15//28 4451//32 7455//33
f 11//29 16//34 12//35
f 16//34 4455//36 4456//37
f 4453//38 4454//39 16//34
f 4454//39 7453//40 4455//36
f 10//26 12//35 17//41
f 13//42 17//41 4458//43
f 12//35 4456//37 4457//44
f 17//41 4457//44 7499//45
f 13//42 18//46 14//27
f 18//46 4449//47 4450//31
f 4459//48 4460//49 18//46
f 4460//49 7497//50 4449//47
f 19//51 23//52 24//53
f 20//54 24//53 4448//24
f 23//52 4462//55 4463//56
f 24//53 4463//56 7496//25
f 20//54 25//57 21//58
f 25//57 4464//59 4465//60
f 4447//23 4446//18 25//57
f 4446//18 7454//20 4464//59
f 19//51 21//58 26//61
f 22//62 26//61 4467//63
f 21//58 4465//60 4466//64
f 26//61 4466//64 7456//65
f 22//62 27//66 23//52
f 27//66 4461//67 4462//55
f 4468//68 4469//69 27//66
f 4469//69 7494//70 4461//67
f 28//71 32//72 33//73
f 29//74 33//73 4473//75
f 32//72 4471//76 4472//77
f 33//73 4472//77 7457//78
f 29//74 34//79 30//80
f 34//79 4451//32 4450//31
f 4474//81 4475//82 34//79
f 4475//82 7455//33 4451//32
f 28//71 30//80 35//83
f 31//84 35//83 4476//85
f 30//80 4450//31 4449//47
f 35//83 4449//47 7497//50
f 31//84 36//86 32//72
f 36//86 4470//87 4471//76
f 4477//88 4478//89 36//86
f 4478//89 7495//90 4470//87
f 37//91 41//92 42//93
f 38//94 42//93 4479//95
f 41//92 4465//60 4464//59
f 42//93 4464//59 7454//20
f 38//94 43//96 39//97
f 43//96 4482//98 4483//99
f 4480//100 4481//101 43//96
f 4481//101 7460//102 4482//98
f 37//91 39//97 44//103
f 40//104 44//103 4485//105
f 39//97 4483//99 4484//106
f 44//103 4484//106 7458//107
f 40//104 45//108 41//92
f 45//108 4466//64 4465//60
f 4486//109 4487//110 45//108
f 4487//110 7456//65 4466//64
f 46//111 50//112 51//113
f 47//114 51//113 4491//115
f 50//112 4489//116 4490//117
f 51//113 4490//117 7459//118
f 47//114 52//119 48//120
f 52//119 4494//121 4495//122
f 4492//123 4493//124 52//119
f 4493//124 7461//125 4494//121
f 46//111 48//120 53//126
f 49//127 53//126 4475//82
f 48//120 4495//122 4496//128
f 53//126 4496//128 7455//33
f 49//127 54//129 50//112
f 54//129 4488//130 4489//116
f 4474//81 4473//75 54//129
f 4473//75 7457//78 4488//130
f 55//131 59//132 60//133
f 56//134 60//133 4497//135
f 59//132 4444//12 4443//11
f 60//133 4443//11 7452//15
f 56//134 61//136 57//137
f 61//136 4500//138 4501//139
f 4498//140 4499//141 61//136
f 4499//141 7462//142 4500//138
f 55//131 57//137 62//143
f 58//144 62//143 4481//101
f 57//137 4501//139 4502//145
f 62//143 4502//145 7460//102
f 58//144 63//146 59//132
f 63//146 4445//19 4444//12
f 4480//100 4479//95 63//146
f 4479//95 7454//20 4445//19
f 64//147 68//148 69//149
f 65//150 69//149 4503//151
f 68//148 4495//122 4494//121
f 69//149 4494//121 7461//125
f 65//150 70//152 66//153
f 70//152 4506//154 4507//155
f 4504//156 4505//157 70//152
f 4505//157 7463//158 4506//154
f 64//147 66//153 71//159
f 67//160 71//159 4454//39
f 66//153 4507//155 4508//161
f 71//159 4508//161 7453//40
f 67//160 72//162 68//148
f 72//162 4496//128 4495//122
f 4453//38 4452//30 72//162
f 4452//30 7455//33 4496//128
f 73//163 77//164 78//165
f 74//166 78//165 4509//167
f 77//164 4501//139 4500//138
f 78//165 4500//138 7462//142
f 74//166 79//168 75//169
f 79//168 4512//170 4513//171
f 4510//172 4511//173 79//168
f 4511//173 7464//174 4512//170
f 73//163 75//169 80//175
f 76//176 80//175 4515//177
f 75//169 4513//171 4514//178
f 80//175 4514//178 7466//179
f 76//176 81//180 77//164
f 81//180 4502//145 4501//139
f 4516//181 4517//182 81//180
f 4517//182 7460//102 4502//145
f 82//183 86//184 87//185
f 83//186 87//185 4521//187
f 86//184 4519//188 4520//189
f 87//185 4520//189 7467//190
f 83//186 88//191 84//192
f 88//191 4524//193 4525//194
f 4522//195 4523//196 88//191
f 4523//196 7465//197 4524//193
f 82//183 84//192 89//198
f 85//199 89//198 4505//157
f 84//192 4525//194 4526//200
f 89//198 4526//200 7463//158
f 85//199 90//201 86//184
f 90//201 4518//202 4519//188
f 4504//156 4503//151 90//201
f 4503//151 7461//125 4518//202
f 91//203 95//204 96//205
f 92//206 96//205 4517//182
f 95//204 4483//99 4482//98
f 96//205 4482//98 7460//102
f 92//206 97//207 93//208
f 97//207 4527//209 4528//210
f 4516//181 4515//177 97//207
f 4515//177 7466//179 4527//209
f 91//203 93//208 98//211
f 94//212 98//211 4530//213
f 93//208 4528//210 4529//214
f 98//211 4529//214 7468//215
f 94//212 99//216 95//204
f 99//216 4484//106 4483//99
f 4531//217 4532//218 99//216
f 4532//218 7458//107 4484//106
f 100//219 104//220 105//221
f 101//222 105//221 4536//223
f 104//220 4534//224 4535//225
f 105//221 4535//225 7469//226
f 101//222 106//227 102//228
f 106//227 4520//189 4519//188
f 4537//229 4538//230 106//227
f 4538//230 7467//190 4520//189
f 100//219 102//228 107//231
f 103//232 107//231 4493//124
f 102//228 4519//188 4518//202
f 107//231 4518//202 7461//125
f 103//232 108//233 104//220
f 108//233 4533//234 4534//224
f 4492//123 4491//115 108//233
f 4491//115 7459//118 4533//234
f 109//235 113//236 114//237
f 110//238 114//237 4539//239
f 113//236 4528//210 4527//209
f 114//237 4527//209 7466//179
f 109//235 110//238 115//240
f 111//241 115//240 4542//242
f 110//238 4540//243 4541//244
f 115//240 4541//244 7472//245
f 111//241 116//246 112//247
f 112//247 116//246 4545//248
f 4543//249 4544//250 116//246
f 4544//250 7470//251 4545//248
f 112//247 117//252 113//236
f 117//252 4529//214 4528//210
f 4546//253 4547//254 117//252
f 4547//254 7468//215 4529//214
f 122//255 123//256 119//257
f 123//256 4551//258 4552//259
f 122//255 4549//260 4550//261
f 4550//261 7471//262 4551//258
f 118//263 119//257 124//264
f 120//265 124//264 4554//266
f 119//257 4552//259 4553//267
f 124//264 4553//267 7473//268
f 118//263 120//265 125//269
f 121//270 125//269 4538//230
f 120//265 4555//271 4556//272
f 125//269 4556//272 7467//190
f 121//270 126//273 122//255
f 126//273 4548//274 4549//260
f 4537//229 4536//223 126//273
f 4536//223 7469//226 4548//274
f 127//275 131//276 132//277
f 128//278 132//277 4557//279
f 131//276 4513//171 4512//170
f 132//277 4512//170 7464//174
f 128//278 133//280 129//281
f 133//280 4560//282 4561//283
f 4558//284 4559//285 133//280
f 4559//285 7474//286 4560//282
f 127//275 129//281 134//287
f 134//287 4541//244 4540//243
f 4561//283 4562//288 134//287
f 4562//288 7472//245 4541//244
f 130//289 135//290 131//276
f 135//290 4514//178 4513//171
f 4540//243 4539//239 135//290
f 4539//239 7466//179 4514//178
f 136//291 140//292 141//293
f 141//293 4563//294 4564//295
f 4555//271 4554//266 141//293
f 4554//266 7473//268 4563//294
f 137//296 142//297 138//298
f 142//297 4566//299 4567//300
f 4564//295 4565//301 142//297
f 4565//301 7475//302 4566//299
f 136//291 138//298 143//303
f 139//304 143//303 4523//196
f 138//298 4567//300 4568//305
f 143//303 4568//305 7465//197
f 139//304 144//306 140//292
f 144//306 4556//272 4555//271
f 4522//195 4521//187 144//306
f 4521//187 7467//190 4556//272
f 145//307 149//308 150//309
f 146//310 150//309 4569//311
f 149//308 4561//283 4560//282
f 150//309 4560//282 7474//286
f 146//310 151//312 147//313
f 147//313 151//312 4572//314
f 146//310 4570//315 4571//316
f 151//312 4571//316 7476//317
f 145//307 147//313 152//318
f 152//318 4575//319 4576//320
f 4573//321 4574//322 152//318
f 4574//322 7478//323 4575//319
f 148//324 153//325 149//308
f 153//325 4562//288 4561//283
f 4576//320 4577//326 153//325
f 4577//326 7472//245 4562//288
f 154//327 158//328 159//329
f 159//329 4581//330 4582//331
f 4579//332 4580//333 159//329
f 4580//333 7479//334 4581//330
f 155//335 160//336 156//337
f 156//337 160//336 4584//338
f 155//335 4582//331 4583//339
f 160//336 4583//339 7477//340
f 154//327 156//337 161//341
f 157//342 161//341 4565//301
f 156//337 4585//343 4586//344
f 161//341 4586//344 7475//302
f 157//342 162//345 158//328
f 162//345 4578//346 4579//332
f 4564//295 4563//294 162//345
f 4563//294 7473//268 4578//346
f 167//347 168//348 164//349
f 168//348 4577//326 4576//320
f 4543//249 4542//242 168//348
f 168//348 4542//242 7472//245
f 163//350 164//349 169//351
f 165//352 169//351 4587//353
f 164//349 4576//320 4575//319
f 169//351 4575//319 7478//323
f 165//352 170//354 166//355
f 170//354 4590//356 4591//357
f 4588//358 4589//359 170//354
f 4589//359 7480//360 4590//356
f 163//350 166//355 171//361
f 167//347 171//361 4544//250
f 166//355 4591//357 4592//362
f 171//361 4592//362 7470//251
f 176//363 177//364 173//365
f 177//364 4596//366 4597//367
f 4594//368 4595//369 177//364
f 4595//369 7481//370 4596//366
f 172//371 173//365 178//372
f 174//373 178//372 4580//333
f 173//365 4597//367 4598//374
f 178//372 4598//374 7479//334
f 174//373 179//375 175//376
f 179//375 4553//267 4552//259
f 4579//332 4578//346 179//375
f 179//375 4578//346 7473//268
f 172//371 175//376 180//377
f 176//363 180//377 4593//378
f 175//376 4552//259 4551//258
f 180//377 4551//258 7471//262
f 185//379 186//380 182//381
f 186//380 4599//382 4600//383
f 4588//358 4587//353 186//380
f 4587//353 7478//323 4599//382
f 181//384 182//381 187//385
f 183//386 187//385 4602//387
f 182//381 4600//383 4601//388
f 187//385 4601//388 7484//389
f 183//386 188//390 184//391
f 188//390 4605//392 4606//393
f 4603//394 4604//395 188//390
f 4604//395 7482//396 4605//392
f 181//384 184//391 189//397
f 185//379 189//397 4589//359
f 184//391 4606//393 4607//398
f 189//397 4607//398 7480//360
f 194//399 195//400 191//401
f 195//400 4611//402 4612//403
f 4609//404 4610//405 195//400
f 4610//405 7483//406 4611//402
f 190//407 191//401 196//408
f 192//409 196//408 4614//410
f 191//401 4612//403 4613//411
f 196//408 4613//411 7485//412
f 192//409 197//413 193//414
f 197//413 4598//374 4597//367
f 4615//415 4616//416 197//413
f 4616//416 7479//334 4598//374
f 190//407 193//414 198//417
f 194//399 198//417 4608//418
f 193//414 4597//367 4596//366
f 198//417 4596//366 7481//370
f 203//419 204//420 200//421
f 204//420 4617//422 4618//423
f 4573//321 4572//314 204//420
f 4572//314 7476//317 4617//422
f 199//424 200//421 205//425
f 201//426 205//425 4620//427
f 200//421 4618//423 4619//428
f 205//425 4619//428 7486//429
f 201//426 206//430 202//431
f 206//430 4601//388 4600//383
f 4621//432 4622//433 206//430
f 4622//433 7484//389 4601//388
f 199//424 202//431 207//434
f 203//419 207//434 4574//322
f 202//431 4600//383 4599//382
f 207//434 4599//382 7478//323
f 212//435 213//436 209//437
f 213//436 4623//438 4624//439
f 4615//415 4614//410 213//436
f 4614//410 7485//412 4623//438
f 208//440 209//437 214//441
f 210//442 214//441 4626//443
f 209//437 4624//439 4625//444
f 214//441 4625//444 7487//445
f 210//442 215//446 211//447
f 215//446 4583//339 4582//331
f 4627//448 4628//449 215//446
f 4628//449 7477//340 4583//339
f 208//440 211//447 216//450
f 212//435 216//450 4616//416
f 211//447 4582//331 4581//330
f 216//450 4581//330 7479//334
f 221//451 222//452 218//453
f 222//452 4629//454 4630//455
f 4621//432 4620//427 222//452
f 4620//427 7486//429 4629//454
f 217//456 218//453 223//457
f 219//458 223//457 4632//459
f 218//453 4630//455 4631//460
f 223//457 4631//460 7488//461
f 219//458 224//462 220//463
f 224//462 4635//464 4636//465
f 4633//466 4634//467 224//462
f 4634//467 7490//468 4635//464
f 217//456 220//463 225//469
f 221//451 225//469 4622//433
f 220//463 4636//465 4637//470
f 225//469 4637//470 7484//389
f 230//471 231//472 227//473
f 231//472 4641//474 4642//475
f 4639//476 4640//477 231//472
f 4640//477 7491//478 4641//474
f 226//479 227//473 232//480
f 228//481 232//480 4644//482
f 227//473 4642//475 4643//483
f 232//480 4643//483 7489//484
f 228//481 233//485 229//486
f 233//485 4625//444 4624//439
f 4645//487 4646//488 233//485
f 4646//488 7487//445 4625//444
f 226//479 229//486 234//489
f 230//471 234//489 4638//490
f 229//486 4624//439 4623//438
f 234//489 4623//438 7485//412
f 239//491 240//492 236//493
f 240//492 4637//470 4636//465
f 4603//394 4602//387 240//492
f 4602//387 7484//389 4637//470
f 235//494 236//493 241//495
f 237//496 241//495 4647//497
f 236//493 4636//465 4635//464
f 241//495 4635//464 7490//468
f 237//496 242//498 238//499
f 242//498 4650//500 4651//501
f 4648//502 4649//503 242//498
f 4649//503 7492//504 4650//500
f 235//494 238//499 243//505
f 239//491 243//505 4604//395
f 238//499 4651//501 4652//506
f 243//505 4652//506 7482//396
f 248//507 249//508 245//509
f 249//508 4656//510 4657//511
f 4654//512 4655//513 249//508
f 4655//513 7493//514 4656//510
f 244//515 245//509 250//516
f 246//517 250//516 4640//477
f 245//509 4657//511 4658//518
f 250//516 4658//518 7491//478
f 246//517 251//519 247//520
f 251//519 4613//411 4612//403
f 4639//476 4638//490 251//519
f 4638//490 7485//412 4613//411
f 244//515 247//520 252//521
f 248//507 252//521 4653//522
f 247//520 4612//403 4611//402
f 252//521 4611//402 7483//406
f 257//523 258//524 254//525
f 258//524 4659//526 4660//527
f 4648//502 4647//497 258//524
f 4647//497 7490//468 4659//526
f 253//528 254//525 259//529
f 255//530 259//529 4463//56
f 254//525 4660//527 4661//531
f 259//529 4661//531 7496//25
f 255//530 260//532 256//533
f 260//532 4662//534 4663//535
f 4462//55 4461//67 260//532
f 4461//67 7494//70 4662//534
f 253//528 256//533 261//536
f 257//523 261//536 4649//503
f 256//533 4663//535 4664//537
f 261//536 4664//537 7492//504
f 266//538 267//539 263//540
f 267//539 4478//89 4477//88
f 4666//541 4667//542 267//539
f 4667//542 7495//90 4478//89
f 262//543 263//540 268//544
f 264//545 268//544 4668//546
f 263//540 4477//88 4476//85
f 268//544 4476//85 7497//50
f 264//545 269//547 265//548
f 269//547 4658//518 4657//511
f 4669//549 4670//550 269//547
f 4670//550 7491//478 4658//518
f 262//543 265//548 270//551
f 266//538 270//551 4665//552
f 265//548 4657//511 4656//510
f 270//551 4656//510 7493//514
f 275//553 276//554 272//555
f 276//554 4671//556 4672//557
f 4633//466 4632//459 276//554
f 4632//459 7488//461 4671//556
f 271//558 272//555 277//559
f 273//560 277//559 4439//7
f 272//555 4672//557 4673//561
f 277//559 4673//561 7498//8
f 273//560 278//562 274//563
f 278//562 4661//531 4660//527
f 4438//6 4437//22 278//562
f 4437//22 7496//25 4661//531
f 271//558 274//563 279//564
f 275//553 279//564 4634//467
f 274//563 4660//527 4659//526
f 279//564 4659//526 7490//468
f 284//565 285//566 281//567
f 285//566 4460//49 4459//48
f 4669//549 4668//546 285//566
f 4668//546 7497//50 4460//49
f 280//568 281//567 286//569
f 282//570 286//569 4674//571
f 281//567 4459//48 4458//43
f 286//569 4458//43 7499//45
f 282//570 287//572 283//573
f 287//572 4643//483 4642//475
f 4675//574 4676//575 287//572
f 4676//575 7489//484 4643//483
f 280//568 283//573 288//576
f 284//565 288//576 4670//550
f 283//573 4642//475 4641//474
f 288//576 4641//474 7491//478
f 293//577 294//578 290//579
f 294//578 4673//561 4672//557
f 4678//580 4679//581 294//578
f 4679//581 7498//8 4673//561
f 289//582 290//579 295//583
f 291//584 295//583 4680//585
f 290//579 4672//557 4671//556
f 295//583 4671//556 7488//461
f 291//584 296//586 292//587
f 296//586 4683//588 4684//589
f 4681//590 4682//591 296//586
f 4682//591 7502//592 4683//588
f 289//582 292//587 297//593
f 293//577 297//593 4677//594
f 4684//589 4685//595 297//593
f 4685//595 7500//596 4677//594
f 302//597 303//598 299//599
f 303//598 4689//600 4690//601
f 4687//602 4688//603 303//598
f 4688//603 7503//604 4689//600
f 298//605 299//599 304//606
f 300//607 304//606 4676//575
f 299//599 4690//601 4691//608
f 304//606 4691//608 7489//484
f 300//607 305//609 301//610
f 305//609 4692//611 4693//612
f 4675//574 4674//571 305//609
f 4674//571 7499//45 4692//611
f 298//605 301//610 306//613
f 306//613 4686//614 4687//602
f 301//610 4693//612 4694//615
f 4694//615 7501//616 4686//614
f 311//617 312//618 308//619
f 312//618 4631//460 4630//455
f 4681//590 4680//585 312//618
f 4680//585 7488//461 4631//460
f 307//620 308//619 313//621
f 309//622 313//621 4695//623
f 308//619 4630//455 4629//454
f 313//621 4629//454 7486//429
f 309//622 314//624 310//625
f 314//624 4698//626 4699//627
f 4696//628 4697//629 314//624
f 4697//629 7504//630 4698//626
f 307//620 310//625 315//631
f 311//617 315//631 4682//591
f 310//625 4699//627 4700//632
f 315//631 4700//632 7502//592
f 320//633 321//634 317//635
f 321//634 4704//636 4705//637
f 4702//638 4703//639 321//634
f 4703//639 7505//640 4704//636
f 316//641 317//635 322//642
f 318//643 322//642 4646//488
f 317//635 4705//637 4706//644
f 322//642 4706//644 7487//445
f 318//643 323//645 319//646
f 323//645 4691//608 4690//601
f 4645//487 4644//482 323//645
f 4644//482 7489//484 4691//608
f 316//641 319//646 324//647
f 320//633 324//647 4701//648
f 319//646 4690//601 4689//600
f 324//647 4689//600 7503//604
f 329//649 330//650 326//651
f 330//650 4619//428 4618//423
f 4696//628 4695//623 330//650
f 4695//623 7486//429 4619//428
f 325//652 326//651 331//653
f 327//654 331//653 4707//655
f 326//651 4618//423 4617//422
f 331//653 4617//422 7476//317
f 327//654 332//656 328//657
f 332//656 4710//658 4711//659
f 4708//660 4709//661 332//656
f 4709//661 7506//662 4710//658
f 325//652 328//657 333//663
f 329//649 333//663 4697//629
f 328//657 4711//659 4712//664
f 333//663 4712//664 7504//630
f 338//665 339//666 335//667
f 339//666 4716//668 4717//669
f 4714//670 4715//671 339//666
f 4715//671 7507//672 4716//668
f 334//673 335//667 340//674
f 336//675 340//674 4628//449
f 335//667 4717//669 4718//676
f 340//674 4718//676 7477//340
f 336//675 341//677 337//678
f 341//677 4706//644 4705//637
f 4627//448 4626//443 341//677
f 4626//443 7487//445 4706//644
f 334//673 337//678 342//679
f 338//665 342//679 4713//680
f 337//678 4705//637 4704//636
f 342//679 4704//636 7505//640
f 347//681 348//682 344//683
f 348//682 4571//316 4570//315
f 4708//660 4707//655 348//682
f 4707//655 7476//317 4571//316
f 343//684 344//683 349//685
f 349//685 4719//686 4720//687
f 4570//315 4569//311 349//685
f 4569//311 7474//286 4719//686
f 345//688 350//689 346//690
f 350//689 4722//691 4723//692
f 4720//687 4721//693 350//689
f 4721//693 7508//694 4722//691
f 343//684 346//690 351//695
f 347//681 351//695 4709//661
f 346//690 4723//692 4724//696
f 351//695 4724//696 7506//662
f 356//697 357//698 353//699
f 357//698 4728//700 4729//701
f 4726//702 4727//703 357//698
f 4727//703 7509//704 4728//700
f 352//705 353//699 358//706
f 358//706 4586//344 4585//343
f 4729//701 4730//707 358//706
f 4730//707 7475//302 4586//344
f 354//708 359//709 355//710
f 359//709 4718//676 4717//669
f 4585//343 4584//338 359//709
f 4584//338 7477//340 4718//676
f 352//705 355//710 360//711
f 356//697 360//711 4725//712
f 355//710 4717//669 4716//668
f 360//711 4716//668 7507//672
f 361//713 365//714 366//715
f 362//716 366//715 4559//285
f 365//714 4720//687 4719//686
f 366//715 4719//686 7474//286
f 362//716 367//717 363//718
f 367//717 4731//719 4732//720
f 4558//284 4557//279 367//717
f 4557//279 7464//174 4731//719
f 361//713 363//718 368//721
f 364//722 368//721 4734//723
f 363//718 4732//720 4733//724
f 368//721 4733//724 7510//725
f 364//722 369//726 365//714
f 365//714 369//726 4721//693
f 4735//727 4736//728 369//726
f 4736//728 7508//694 4721//693
f 370//729 374//730 375//731
f 371//732 375//731 4740//733
f 374//730 4738//734 4739//735
f 375//731 4739//735 7511//736
f 371//732 376//737 372//738
f 376//737 4568//305 4567//300
f 4741//739 4742//740 376//737
f 4742//740 7465//197 4568//305
f 370//729 372//738 377//741
f 373//742 377//741 4730//707
f 372//738 4567//300 4566//299
f 377//741 4566//299 7475//302
f 373//742 378//743 374//730
f 378//743 4737//744 4738//734
f 373//742 4729//701 4728//700
f 4728//700 7509//704 4737//744
f 379//745 383//746 384//747
f 380//748 384//747 4511//173
f 383//746 4732//720 4731//719
f 384//747 4731//719 7464//174
f 380//748 385//749 381//750
f 385//749 4743//751 4744//752
f 4510//172 4509//167 385//749
f 4509//167 7462//142 4743//751
f 379//745 381//750 386//753
f 382//754 386//753 4746//755
f 381//750 4744//752 4745//756
f 386//753 4745//756 7514//757
f 382//754 387//758 383//746
f 387//758 4733//724 4732//720
f 4747//759 4748//760 387//758
f 4748//760 7510//725 4733//724
f 388//761 392//762 393//763
f 389//764 393//763 4752//765
f 392//762 4750//766 4751//767
f 393//763 4751//767 7515//768
f 389//764 394//769 390//770
f 394//769 4526//200 4525//194
f 4753//771 4754//772 394//769
f 4754//772 7463//158 4526//200
f 388//761 390//770 395//773
f 391//774 395//773 4742//740
f 390//770 4525//194 4524//193
f 395//773 4524//193 7465//197
f 391//774 396//775 392//762
f 396//775 4749//776 4750//766
f 4741//739 4740//733 396//775
f 4740//733 7511//736 4749//776
f 397//777 401//778 402//779
f 398//780 402//779 4499//141
f 401//778 4744//752 4743//751
f 402//779 4743//751 7462//142
f 398//780 403//781 399//782
f 403//781 4755//783 4756//784
f 4498//140 4497//135 403//781
f 4497//135 7452//15 4755//783
f 397//777 399//782 404//785
f 400//786 404//785 4758//787
f 399//782 4756//784 4757//788
f 404//785 4757//788 7516//789
f 400//786 405//790 401//778
f 405//790 4745//756 4744//752
f 4759//791 4760//792 405//790
f 4760//792 7514//757 4745//756
f 406//793 410//794 411//795
f 407//796 411//795 4764//797
f 410//794 4762//798 4763//799
f 411//795 4763//799 7517//800
f 407//796 412//801 408//802
f 412//801 4508//161 4507//155
f 4765//803 4766//804 412//801
f 4766//804 7453//40 4508//161
f 406//793 408//802 413//805
f 409//806 413//805 4754//772
f 408//802 4507//155 4506//154
f 413//805 4506//154 7463//158
f 409//806 414//807 410//794
f 414//807 4761//808 4762//798
f 4753//771 4752//765 414//807
f 4752//765 7515//768 4761//808
f 415//809 419//810 420//811
f 416//812 420//811 4442//14
f 419//810 4756//784 4755//783
f 420//811 4755//783 7452//15
f 416//812 421//813 417//814
f 421//813 4679//581 4678//580
f 4441//13 4440//5 421//813
f 4440//5 7498//8 4679//581
f 415//809 417//814 422//815
f 418//816 422//815 4767//817
f 417//814 4678//580 4677//594
f 422//815 4677//594 7500//596
f 418//816 423//818 419//810
f 423//818 4757//788 4756//784
f 4768//819 4769//820 423//818
f 4769//820 7516//789 4757//788
f 424//821 428//822 429//823
f 425//824 429//823 4694//615
f 428//822 4771//825 4772//826
f 429//823 4772//826 7501//616
f 425//824 430//827 426//828
f 430//827 4457//44 4456//37
f 4693//612 4692//611 430//827
f 4692//611 7499//45 4457//44
f 424//821 426//828 431//829
f 427//830 431//829 4766//804
f 426//828 4456//37 4455//36
f 431//829 4455//36 7453//40
f 427//830 432//831 428//822
f 432//831 4770//832 4771//825
f 4765//803 4764//797 432//831
f 4764//797 7517//800 4770//832
f 436//833 437//834 434//835
f 437//834 4776//836 4777//837
f 4774//838 4775//839 437//834
f 4775//839 7512//840 4776//836
f 433//841 434//835 438//842
f 435//843 438//842 4769//820
f 434//835 4777//837 4778//844
f 438//842 4778//844 7516//789
f 433//841 435//843 439//845
f 436//833 439//845 4773//846
f 435//843 4768//819 4767//817
f 439//845 4767//817 7500//596
f 440//847 443//848 444//849
f 441//850 444//849 4772//826
f 443//848 4780//851 4781//852
f 444//849 4781//852 7501//616
f 440//847 441//850 445//853
f 442//854 445//853 4782//855
f 441//850 4771//825 4770//832
f 445//853 4770//832 7517//800
f 442//854 446//856 443//848
f 446//856 4779//857 4780//851
f 4783//858 4784//859 446//856
f 4784//859 7513//860 4779//857
f 447//861 450//862 451//863
f 448//864 451//863 4760//792
f 450//862 4786//865 4787//866
f 451//863 4787//866 7514//757
f 447//861 448//864 452//867
f 452//867 4778//844 4777//837
f 4759//791 4758//787 452//867
f 4758//787 7516//789 4778//844
f 449//868 453//869 450//862
f 453//869 4785//870 4786//865
f 4777//837 4776//836 453//869
f 4776//836 7512//840 4785//870
f 457//871 458//872 455//873
f 458//872 4784//859 4783//858
f 4789//874 4790//875 458//872
f 4790//875 7513//860 4784//859
f 454//876 455//873 459//877
f 459//877 4763//799 4762//798
f 4783//858 4782//855 459//877
f 4782//855 7517//800 4763//799
f 454//876 456//878 460//879
f 457//871 460//879 4788//880
f 456//878 4762//798 4761//808
f 460//879 4761//808 7515//768
f 464//881 465//882 462//883
f 465//882 4791//884 4792//885
f 4786//865 4785//870 465//882
f 4785//870 7512//840 4791//884
f 461//886 462//883 466//887
f 463//888 466//887 4748//760
f 462//883 4792//885 4793//889
f 466//887 4793//889 7510//725
f 461//886 463//888 467//890
f 464//881 467//890 4787//866
f 4747//759 4746//755 467//890
f 4746//755 7514//757 4787//866
f 468//891 471//892 472//893
f 472//893 4751//767 4750//766
f 471//892 4789//874 4788//880
f 4788//880 7515//768 4751//767
f 468//891 469//894 473//895
f 470//896 473//895 4794//897
f 469//894 4750//766 4749//776
f 473//895 4749//776 7511//736
f 470//896 474//898 471//892
f 474//898 4790//875 4789//874
f 4795//899 4796//900 474//898
f 4796//900 7513//860 4790//875
f 478//901 479//902 476//903
f 479//902 4797//904 4798//905
f 4792//885 4791//884 479//902
f 4791//884 7512//840 4797//904
f 475//906 476//903 480//907
f 477//908 480//907 4736//728
f 476//903 4798//905 4799//909
f 480//907 4799//909 7508//694
f 475//906 477//908 481//910
f 478//901 481//910 4793//889
f 477//908 4735//727 4734//723
f 481//910 4734//723 7510//725
f 482//911 485//912 486//913
f 483//914 486//913 4739//735
f 485//912 4795//899 4794//897
f 486//913 4794//897 7511//736
f 482//911 483//914 487//915
f 484//916 487//915 4800//917
f 483//914 4738//734 4737//744
f 487//915 4737//744 7509//704
f 484//916 488//918 485//912
f 488//918 4796//900 4795//899
f 4801//919 4802//920 488//918
f 4802//920 7513//860 4796//900
f 492//921 493//922 490//923
f 493//922 4803//924 4804//925
f 4798//905 4797//904 493//922
f 4797//904 7512//840 4803//924
f 489//926 490//923 494//927
f 494//927 4724//696 4723//692
f 490//923 4804//925 4805//928
f 4805//928 7506//662 4724//696
f 489//926 491//929 495//930
f 492//921 495//930 4799//909
f 491//929 4723//692 4722//691
f 495//930 4722//691 7508//694
f 496//931 499//932 500//933
f 497//934 500//933 4727//703
f 499//932 4801//919 4800//917
f 500//933 4800//917 7509//704
f 496//931 497//934 501//935
f 498//936 501//935 4806//937
f 4726//702 4725//712 501//935
f 4725//712 7507//672 4806//937
f 498//936 502//938 499//932
f 502//938 4802//920 4801//919
f 4807//939 4808//940 502//938
f 4808//940 7513//860 4802//920
f 506//941 507//942 504//943
f 507//942 4809//944 4810//945
f 4804//925 4803//924 507//942
f 4803//924 7512//840 4809//944
f 503//946 504//943 508//947
f 508//947 4712//664 4711//659
f 504//943 4810//945 4811//948
f 4811//948 7504//630 4712//664
f 503//946 505//949 509//950
f 506//941 509//950 4805//928
f 505//949 4711//659 4710//658
f 509//950 4710//658 7506//662
f 510//951 513//952 514//953
f 511//954 514//953 4715//671
f 513//952 4807//939 4806//937
f 514//953 4806//937 7507//672
f 510//951 511//954 515//955
f 512//956 515//955 4812//957
f 4714//670 4713//680 515//955
f 4713//680 7505//640 4812//957
f 512//956 516//958 513//952
f 516//958 4808//940 4807//939
f 4813//959 4814//960 516//958
f 4814//960 7513//860 4808//940
f 520//961 521//962 518//963
f 521//962 4815//964 4816//965
f 4810//945 4809//944 521//962
f 4809//944 7512//840 4815//964
f 517//966 518//963 522//967
f 522//967 4700//632 4699//627
f 518//963 4816//965 4817//968
f 4817//968 7502//592 4700//632
f 517//966 519//969 523//970
f 520//961 523//970 4811//948
f 519//969 4699//627 4698//626
f 523//970 4698//626 7504//630
f 524//971 527//972 528//973
f 525//974 528//973 4703//639
f 527//972 4813//959 4812//957
f 528//973 4812//957 7505//640
f 524//971 525//974 529//975
f 526//976 529//975 4818//977
f 4702//638 4701//648 529//975
f 4701//648 7503//604 4818//977
f 526//976 530//978 527//972
f 530//978 4814//960 4813//959
f 4819//979 4820//980 530//978
f 4820//980 7513//860 4814//960
f 534//981 535//982 532//983
f 535//982 4775//839 4774//838
f 4816//965 4815//964 535//982
f 4815//964 7512//840 4775//839
f 531//984 532//983 536//985
f 533//986 536//985 4685//595
f 532//983 4774//838 4773//846
f 536//985 4773//846 7500//596
f 531//984 533//986 537//987
f 534//981 537//987 4817//968
f 533//986 4684//589 4683//588
f 537//987 4683//588 7502//592
f 538//988 541//989 542//990
f 539//991 542//990 4688//603
f 541//989 4819//979 4818//977
f 542//990 4818//977 7503//604
f 538//988 539//991 543//992
f 540//993 543//992 4781//852
f 539//991 4687//602 4686//614
f 543//992 4686//614 7501//616
f 540//993 544//994 541//989
f 544//994 4820//980 4819//979
f 4780//851 4779//857 544//994
f 4779//857 7513//860 4820//980
f 549//995 550//996 546//997
f 550//996 4824//998 4825//999
f 4822//1000 4823//1001 550//996
f 4823//1001 7540//1002 4824//998
f 545//1003 546//997 551//1004
f 547//1005 551//1004 4827//1006
f 546//997 4825//999 4826//1007
f 551//1004 4826//1007 7625//1008
f 547//1005 552//1009 548//1010
f 552//1009 4830//1011 4831//1012
f 4828//1013 4829//1014 552//1009
f 4829//1014 7627//1015 4830//1011
f 545//1003 548//1010 553//1016
f 549//995 553//1016 4821//1017
f 548//1010 4831//1012 4832//1018
f 553//1016 4832//1018 7542//1019
f 558//1020 559//1021 555//1022
f 559//1021 4833//1023 4834//1024
f 4831//1012 4830//1011 559//1021
f 4830//1011 7627//1015 4833//1023
f 554//1025 555//1022 560//1026
f 556//1027 560//1026 4836//1028
f 555//1022 4834//1024 4835//1029
f 560//1026 4835//1029 7626//1030
f 556//1027 561//1031 557//1032
f 561//1031 4839//1033 4840//1034
f 4837//1035 4838//1036 561//1031
f 4838//1036 7541//1037 4839//1033
f 554//1025 557//1032 562//1038
f 558//1020 562//1038 4832//1018
f 557//1032 4840//1034 4841//1039
f 562//1038 4841//1039 7542//1019
f 567//1040 568//1041 564//1042
f 568//1041 4845//1043 4846//1044
f 4843//1045 4844//1046 568//1041
f 4844//1046 7538//1047 4845//1043
f 563//1048 564//1042 569//1049
f 565//1050 569//1049 4848//1051
f 564//1042 4846//1044 4847//1052
f 569//1049 4847//1052 7623//1053
f 565//1050 570//1054 566//1055
f 570//1054 4826//1007 4825//999
f 4849//1056 4850//1057 570//1054
f 4850//1057 7625//1008 4826//1007
f 563//1048 566//1055 571//1058
f 567//1040 571//1058 4842//1059
f 566//1055 4825//999 4824//998
f 571//1058 4824//998 7540//1002
f 576//1060 577//1061 573//1062
f 577//1061 4851//1063 4852//1064
f 4837//1035 4836//1028 577//1061
f 4836//1028 7626//1030 4851//1063
f 572//1065 573//1062 578//1066
f 574//1067 578//1066 4854//1068
f 573//1062 4852//1064 4853//1069
f 578//1066 4853//1069 7624//1070
f 574//1067 579//1071 575//1072
f 579//1071 4857//1073 4858//1074
f 4855//1075 4856//1076 579//1071
f 4856//1076 7539//1077 4857//1073
f 572//1065 575//1072 580//1078
f 576//1060 580//1078 4838//1036
f 575//1072 4858//1074 4859//1079
f 580//1078 4859//1079 7541//1037
f 581//1080 585//1081 586//1082
f 582//1083 586//1082 4863//1084
f 4861//1085 4862//1086 586//1082
f 4862//1086 7536//1087 4863//1084
f 582//1083 587//1088 583//1089
f 587//1088 4866//1090 4867//1091
f 4864//1092 4865//1093 587//1088
f 4865//1093 7621//1094 4866//1090
f 581//1080 583//1089 588//1095
f 588//1095 4847//1052 4846//1044
f 583//1089 4867//1091 4868//1096
f 4868//1096 7623//1053 4847//1052
f 581//1080 584//1097 589//1098
f 585//1081 589//1098 4860//1099
f 584//1097 4846//1044 4845//1043
f 589//1098 4845//1043 7538//1047
f 590//1100 594//1101 595//1102
f 591//1103 595//1102 4869//1104
f 4855//1075 4854//1068 595//1102
f 4854//1068 7624//1070 4869//1104
f 591//1103 596//1105 592//1106
f 596//1105 4872//1107 4873//1108
f 4870//1109 4871//1110 596//1105
f 4871//1110 7622//1111 4872//1107
f 590//1100 592//1106 597//1112
f 597//1112 4875//1113 4876//1114
f 592//1106 4873//1108 4874//1115
f 4874//1115 7537//1116 4875//1113
f 590//1100 593//1117 598//1118
f 594//1101 598//1118 4856//1076
f 593//1117 4876//1114 4877//1119
f 598//1118 4877//1119 7539//1077
f 599//1120 603//1121 604//1122
f 604//1122 4881//1123 4882//1124
f 4879//1125 4880//1126 604//1122
f 4880//1126 7534//1127 4881//1123
f 600//1128 605//1129 601//1130
f 605//1129 4884//1131 4885//1132
f 4882//1124 4883//1133 605//1129
f 4883//1133 7619//1134 4884//1131
f 599//1120 601//1130 606//1135
f 602//1136 606//1135 4865//1093
f 601//1130 4885//1132 4886//1137
f 606//1135 4886//1137 7621//1094
f 602//1136 607//1138 603//1121
f 603//1121 607//1138 4878//1139
f 4864//1092 4863//1084 607//1138
f 607//1138 4863//1084 7536//1087
f 608//1140 612//1141 613//1142
f 609//1143 613//1142 4887//1144
f 612//1141 4873//1108 4872//1107
f 613//1142 4872//1107 7622//1111
f 609//1143 614//1145 610//1146
f 614//1145 4890//1147 4891//1148
f 4888//1149 4889//1150 614//1145
f 4889//1150 7620//1151 4890//1147
f 608//1140 610//1146 615//1152
f 615//1152 4893//1153 4894//1154
f 4891//1148 4892//1155 615//1152
f 4892//1155 7535//1156 4893//1153
f 611//1157 616//1158 612//1141
f 616//1158 4874//1115 4873//1108
f 611//1157 4894//1154 4895//1159
f 616//1158 4895//1159 7537//1116
f 621//1160 622//1161 618//1162
f 622//1161 4899//1163 4900//1164
f 4897//1165 4898//1166 622//1161
f 4898//1166 7532//1167 4899//1163
f 618//1162 623//1168 619//1169
f 623//1168 4902//1170 4903//1171
f 4900//1164 4901//1172 623//1168
f 4901//1172 7617//1173 4902//1170
f 617//1174 619//1169 624//1175
f 620//1176 624//1175 4883//1133
f 619//1169 4903//1171 4904//1177
f 624//1175 4904//1177 7619//1134
f 617//1174 620//1176 625//1178
f 621//1160 625//1178 4896//1179
f 620//1176 4882//1124 4881//1123
f 625//1178 4881//1123 7534//1127
f 626//1180 630//1181 631//1182
f 627//1183 631//1182 4905//1184
f 630//1181 4891//1148 4890//1147
f 631//1182 4890//1147 7620//1151
f 627//1183 632//1185 628//1186
f 632//1185 4908//1187 4909//1188
f 4906//1189 4907//1190 632//1185
f 4907//1190 7618//1191 4908//1187
f 628//1186 633//1192 629//1193
f 633//1192 4911//1194 4912//1195
f 4909//1188 4910//1196 633//1192
f 4910//1196 7533//1197 4911//1194
f 626//1180 629//1193 634//1198
f 630//1181 634//1198 4892//1155
f 629//1193 4912//1195 4913//1199
f 634//1198 4913//1199 7535//1156
f 635//1200 639//1201 640//1202
f 636//1203 640//1202 4917//1204
f 639//1201 4915//1205 4916//1206
f 640//1202 4916//1206 7530//1207
f 636//1203 641//1208 637//1209
f 641//1208 4920//1210 4921//1211
f 4918//1212 4919//1213 641//1208
f 4919//1213 7543//1214 4920//1210
f 635//1200 637//1209 642//1215
f 638//1216 642//1215 4923//1217
f 637//1209 4921//1211 4922//1218
f 642//1215 4922//1218 7597//1219
f 638//1216 643//1220 639//1201
f 643//1220 4914//1221 4915//1205
f 4924//1222 4925//1223 643//1220
f 4925//1223 7615//1224 4914//1221
f 644//1225 648//1226 649//1227
f 645//1228 649//1227 4929//1229
f 648//1226 4927//1230 4928//1231
f 649//1227 4928//1231 7598//1232
f 645//1228 650//1233 646//1234
f 650//1233 4932//1235 4933//1236
f 4930//1237 4931//1238 650//1233
f 4931//1238 7544//1239 4932//1235
f 644//1225 646//1234 651//1240
f 647//1241 651//1240 4935//1242
f 646//1234 4933//1236 4934//1243
f 651//1240 4934//1243 7531//1244
f 647//1241 652//1245 648//1226
f 652//1245 4926//1246 4927//1230
f 4936//1247 4937//1248 652//1245
f 4937//1248 7616//1249 4926//1246
f 653//1250 657//1251 658//1252
f 654//1253 658//1252 4938//1254
f 657//1251 4921//1211 4920//1210
f 658//1252 4920//1210 7543//1214
f 654//1253 659//1255 655//1256
f 659//1255 4941//1257 4942//1258
f 4939//1259 4940//1260 659//1255
f 659//1255 4940//1260 7545//1261
f 653//1250 655//1256 660//1262
f 656//1263 660//1262 4944//1264
f 655//1256 4942//1258 4943//1265
f 660//1262 4943//1265 7599//1266
f 656//1263 661//1267 657//1251
f 661//1267 4922//1218 4921//1211
f 4945//1268 4946//1269 661//1267
f 4946//1269 7597//1219 4922//1218
f 662//1270 666//1271 667//1272
f 663//1273 667//1272 4950//1274
f 666//1271 4948//1275 4949//1276
f 667//1272 4949//1276 7600//1277
f 663//1273 668//1278 664//1279
f 668//1278 4953//1280 4954//1281
f 4951//1282 4952//1283 668//1278
f 668//1278 4952//1283 7546//1284
f 662//1270 664//1279 669//1285
f 665//1286 669//1285 4931//1238
f 664//1279 4954//1281 4955//1287
f 669//1285 4955//1287 7544//1239
f 665//1286 670//1288 666//1271
f 670//1288 4947//1289 4948//1275
f 4930//1237 4929//1229 670//1288
f 4929//1229 7598//1232 4947//1289
f 671//1290 675//1291 676//1292
f 672//1293 676//1292 4956//1294
f 675//1291 4942//1258 4941//1257
f 676//1292 4941//1257 7545//1261
f 672//1293 677//1295 673//1296
f 673//1296 677//1295 4959//1297
f 4957//1298 4958//1299 677//1295
f 677//1295 4958//1299 7547//1300
f 671//1290 673//1296 678//1301
f 674//1302 678//1301 4962//1303
f 673//1296 4960//1304 4961//1305
f 678//1301 4961//1305 7601//1306
f 674//1302 679//1307 675//1291
f 679//1307 4943//1265 4942//1258
f 4963//1308 4964//1309 679//1307
f 4964//1309 7599//1266 4943//1265
f 680//1310 684//1311 685//1312
f 681//1313 685//1312 4968//1314
f 684//1311 4966//1315 4967//1316
f 685//1312 4967//1316 7602//1317
f 681//1313 686//1318 682//1319
f 686//1318 4971//1320 4972//1321
f 681//1313 4969//1322 4970//1323
f 686//1318 4970//1323 7548//1324
f 680//1310 682//1319 687//1325
f 683//1326 687//1325 4952//1283
f 682//1319 4972//1321 4973//1327
f 687//1325 4973//1327 7546//1284
f 683//1326 688//1328 684//1311
f 688//1328 4965//1329 4966//1315
f 4951//1282 4950//1274 688//1328
f 4950//1274 7600//1277 4965//1329
f 693//1330 694//1331 690//1332
f 694//1331 4974//1333 4975//1334
f 4960//1304 4959//1297 694//1331
f 4959//1297 7547//1300 4974//1333
f 689//1335 690//1332 695//1336
f 691//1337 695//1336 4977//1338
f 690//1332 4975//1334 4976//1339
f 695//1336 4976//1339 7549//1340
f 691//1337 696//1341 692//1342
f 692//1342 696//1341 4980//1343
f 4978//1344 4979//1345 696//1341
f 696//1341 4979//1345 7603//1346
f 689//1335 692//1342 697//1347
f 693//1330 697//1347 4961//1305
f 4981//1348 4982//1349 697//1347
f 4982//1349 7601//1306 4961//1305
f 702//1350 703//1351 699//1352
f 703//1351 4986//1353 4987//1354
f 702//1350 4984//1355 4985//1356
f 703//1351 4985//1356 7604//1357
f 698//1358 699//1352 704//1359
f 700//1360 704//1359 4989//1361
f 699//1352 4987//1354 4988//1362
f 704//1359 4988//1362 7550//1363
f 700//1360 705//1364 701//1365
f 705//1364 4970//1323 4969//1322
f 4990//1366 4991//1367 705//1364
f 4991//1367 7548//1324 4970//1323
f 698//1358 701//1365 706//1368
f 706//1368 4983//1369 4984//1355
f 701//1365 4969//1322 4968//1314
f 4968//1314 7602//1317 4983//1369
f 711//1370 712//1371 708//1372
f 712//1371 4992//1373 4993//1374
f 4978//1344 4977//1338 712//1371
f 4977//1338 7549//1340 4992//1373
f 707//1375 708//1372 713//1376
f 709//1377 713//1376 4995//1378
f 708//1372 4993//1374 4994//1379
f 713//1376 4994//1379 7551//1380
f 709//1377 714//1381 710//1382
f 714//1381 4998//1383 4999//1384
f 4996//1385 4997//1386 714//1381
f 4997//1386 7605//1387 4998//1383
f 707//1375 710//1382 715//1388
f 711//1370 715//1388 4979//1345
f 710//1382 4999//1384 5000//1389
f 715//1388 5000//1389 7603//1346
f 720//1390 721//1391 717//1392
f 721//1391 5004//1393 5005//1394
f 5002//1395 5003//1396 721//1391
f 5003//1396 7606//1397 5004//1393
f 716//1398 717//1392 722//1399
f 718//1400 722//1399 5007//1401
f 717//1392 5005//1394 5006//1402
f 722//1399 5006//1402 7552//1403
f 718//1400 723//1404 719//1405
f 723//1404 4988//1362 4987//1354
f 5008//1406 5009//1407 723//1404
f 5009//1407 7550//1363 4988//1362
f 716//1398 719//1405 724//1408
f 720//1390 724//1408 5001//1409
f 719//1405 4987//1354 4986//1353
f 724//1408 4986//1353 7604//1357
f 729//1410 730//1411 726//1412
f 730//1411 5010//1413 5011//1414
f 4996//1385 4995//1378 730//1411
f 4995//1378 7551//1380 5010//1413
f 725//1415 726//1412 731//1416
f 727//1417 731//1416 5013//1418
f 726//1412 5011//1414 5012//1419
f 731//1416 5012//1419 7553//1420
f 727//1417 732//1421 728//1422
f 732//1421 5016//1423 5017//1424
f 5014//1425 5015//1426 732//1421
f 5015//1426 7607//1427 5016//1423
f 725//1415 728//1422 733//1428
f 729//1410 733//1428 4997//1386
f 728//1422 5017//1424 5018//1429
f 733//1428 5018//1429 7605//1387
f 738//1430 739//1431 735//1432
f 739//1431 5022//1433 5023//1434
f 5020//1435 5021//1436 739//1431
f 5021//1436 7608//1437 5022//1433
f 734//1438 735//1432 740//1439
f 736//1440 740//1439 5025//1441
f 735//1432 5023//1434 5024//1442
f 740//1439 5024//1442 7554//1443
f 736//1440 741//1444 737//1445
f 741//1444 5006//1402 5005//1394
f 5026//1446 5027//1447 741//1444
f 5027//1447 7552//1403 5006//1402
f 734//1438 737//1445 742//1448
f 738//1430 742//1448 5019//1449
f 737//1445 5005//1394 5004//1393
f 742//1448 5004//1393 7606//1397
f 747//1450 748//1451 744//1452
f 748//1451 5028//1453 5029//1454
f 5014//1425 5013//1418 748//1451
f 5013//1418 7553//1420 5028//1453
f 743//1455 744//1452 749//1456
f 749//1456 5031//1457 5032//1458
f 744//1452 5029//1454 5030//1459
f 749//1456 5030//1459 7555//1460
f 743//1455 745//1461 750//1462
f 746//1463 750//1462 5034//1464
f 745//1461 5032//1458 5033//1465
f 750//1462 5033//1465 7609//1466
f 746//1463 751//1467 747//1450
f 747//1450 751//1467 5015//1426
f 5035//1468 5036//1469 751//1467
f 5036//1469 7607//1427 5015//1426
f 752//1470 756//1471 757//1472
f 753//1473 757//1472 5040//1474
f 756//1471 5038//1475 5039//1476
f 757//1472 5039//1476 7610//1477
f 752//1470 753//1473 758//1478
f 754//1479 758//1478 5043//1480
f 5041//1481 5042//1482 758//1478
f 758//1478 5042//1482 7556//1483
f 754//1479 759//1484 755//1485
f 759//1484 5024//1442 5023//1434
f 5044//1486 5045//1487 759//1484
f 5045//1487 7554//1443 5024//1442
f 755//1485 760//1488 756//1471
f 760//1488 5037//1489 5038//1475
f 755//1485 5023//1434 5022//1433
f 5022//1433 7608//1437 5037//1489
f 765//1490 766//1491 762//1492
f 766//1491 5046//1493 5047//1494
f 5032//1458 5031//1457 766//1491
f 5031//1457 7555//1460 5046//1493
f 761//1495 762//1492 767//1496
f 763//1497 767//1496 5049//1498
f 762//1492 5047//1494 5048//1499
f 767//1496 5048//1499 7557//1500
f 763//1497 768//1501 764//1502
f 768//1501 5052//1503 5053//1504
f 5050//1505 5051//1506 768//1501
f 5051//1506 7611//1507 5052//1503
f 761//1495 764//1502 769//1508
f 769//1508 5033//1465 5032//1458
f 5053//1504 5054//1509 769//1508
f 5054//1509 7609//1466 5033//1465
f 774//1510 775//1511 771//1512
f 775//1511 5058//1513 5059//1514
f 5056//1515 5057//1516 775//1511
f 5057//1516 7612//1517 5058//1513
f 770//1518 771//1512 776//1519
f 772//1520 776//1519 5061//1521
f 771//1512 5059//1514 5060//1522
f 776//1519 5060//1522 7558//1523
f 772//1520 777//1524 773//1525
f 777//1524 5042//1482 5041//1481
f 5062//1526 5063//1527 777//1524
f 5063//1527 7556//1483 5042//1482
f 770//1518 773//1525 778//1528
f 778//1528 5055//1529 5056//1515
f 5041//1481 5040//1474 778//1528
f 5040//1474 7610//1477 5055//1529
f 783//1530 784//1531 780//1532
f 784//1531 5064//1533 5065//1534
f 5050//1505 5049//1498 784//1531
f 5049//1498 7557//1500 5064//1533
f 779//1535 780//1532 785//1536
f 781//1537 785//1536 5067//1538
f 780//1532 5065//1534 5066//1539
f 785//1536 5066//1539 7559//1540
f 781//1537 786//1541 782//1542
f 786//1541 5070//1543 5071//1544
f 5068//1545 5069//1546 786//1541
f 5069//1546 7613//1547 5070//1543
f 779//1535 782//1542 787//1548
f 783//1530 787//1548 5051//1506
f 782//1542 5071//1544 5072//1549
f 787//1548 5072//1549 7611//1507
f 792//1550 793//1551 789//1552
f 793//1551 5076//1553 5077//1554
f 5074//1555 5075//1556 793//1551
f 5075//1556 7614//1557 5076//1553
f 788//1558 789//1552 794//1559
f 790//1560 794//1559 5079//1561
f 789//1552 5077//1554 5078//1562
f 794//1559 5078//1562 7560//1563
f 790//1560 795//1564 791//1565
f 795//1564 5060//1522 5059//1514
f 5080//1566 5081//1567 795//1564
f 5081//1567 7558//1523 5060//1522
f 788//1558 791//1565 796//1568
f 792//1550 796//1568 5073//1569
f 791//1565 5059//1514 5058//1513
f 796//1568 5058//1513 7612//1517
f 801//1570 802//1571 798//1572
f 802//1571 5082//1573 5083//1574
f 5068//1545 5067//1538 802//1571
f 5067//1538 7559//1540 5082//1573
f 797//1575 798//1572 803//1576
f 799//1577 803//1576 5085//1578
f 798//1572 5083//1574 5084//1579
f 803//1576 5084//1579 7518//1580
f 799//1577 804//1581 800//1582
f 804//1581 5088//1583 5089//1584
f 5086//1585 5087//1586 804//1581
f 5087//1586 7519//1587 5088//1583
f 797//1575 800//1582 805//1588
f 801//1570 805//1588 5069//1546
f 800//1582 5089//1584 5090//1589
f 805//1588 5090//1589 7613//1547
f 810//1590 811//1591 807//1592
f 811//1591 5087//1586 5086//1585
f 5092//1593 5093//1594 811//1591
f 5093//1594 7519//1587 5087//1586
f 806//1595 807//1592 812//1596
f 808//1597 812//1596 5094//1598
f 807//1592 5086//1585 5085//1578
f 812//1596 5085//1578 7518//1580
f 808//1597 813//1599 809//1600
f 813//1599 5078//1562 5077//1554
f 5095//1601 5096//1602 813//1599
f 5096//1602 7560//1563 5078//1562
f 806//1595 809//1600 814//1603
f 810//1590 814//1603 5091//1604
f 809//1600 5077//1554 5076//1553
f 814//1603 5076//1553 7614//1557
f 819//1605 820//1606 816//1607
f 820//1606 5100//1608 5101//1609
f 5098//1610 5099//1611 820//1606
f 820//1606 5099//1611 7561//1612
f 815//1613 816//1607 821//1614
f 817//1615 821//1614 5103//1616
f 816//1607 5101//1609 5102//1617
f 821//1614 5102//1617 7579//1618
f 817//1615 822//1619 818//1620
f 822//1619 5072//1549 5071//1544
f 5104//1621 5105//1622 822//1619
f 5105//1622 7611//1507 5072//1549
f 815//1613 818//1620 823//1623
f 819//1605 823//1623 5097//1624
f 818//1620 5071//1544 5070//1543
f 823//1623 5070//1543 7613//1547
f 828//1625 829//1626 825//1627
f 829//1626 5106//1628 5107//1629
f 5074//1555 5073//1569 829//1626
f 5073//1569 7612//1517 5106//1628
f 824//1630 825//1627 830//1631
f 826//1632 830//1631 5109//1633
f 825//1627 5107//1629 5108//1634
f 830//1631 5108//1634 7580//1635
f 826//1632 831//1636 827//1637
f 831//1636 5112//1638 5113//1639
f 5110//1640 5111//1641 831//1636
f 831//1636 5111//1641 7562//1642
f 824//1630 827//1637 832//1643
f 828//1625 832//1643 5075//1556
f 827//1637 5113//1639 5114//1644
f 832//1643 5114//1644 7614//1557
f 833//1645 837//1646 838//1647
f 834//1648 838//1647 5115//1649
f 5104//1621 5103//1616 838//1647
f 5103//1616 7579//1618 5115//1649
f 834//1648 839//1650 835//1651
f 839//1650 5118//1652 5119//1653
f 5116//1654 5117//1655 839//1650
f 5117//1655 7630//1656 5118//1652
f 833//1645 835//1651 840//1657
f 836//1658 840//1657 5054//1509
f 835//1651 5119//1653 5120//1659
f 840//1657 5120//1659 7609//1466
f 833//1645 836//1658 841//1660
f 837//1646 841//1660 5105//1622
f 836//1658 5053//1504 5052//1503
f 841//1660 5052//1503 7611//1507
f 842//1661 846//1662 847//1663
f 843//1664 847//1663 5121//1665
f 846//1662 5056//1515 5055//1529
f 847//1663 5055//1529 7610//1477
f 843//1664 848//1666 844//1667
f 848//1666 5124//1668 5125//1669
f 5122//1670 5123//1671 848//1666
f 5123//1671 7631//1672 5124//1668
f 842//1661 844//1667 849//1673
f 849//1673 5108//1634 5107//1629
f 844//1667 5125//1669 5126//1674
f 5126//1674 7580//1635 5108//1634
f 842//1661 845//1675 850//1676
f 846//1662 850//1676 5057//1516
f 845//1675 5107//1629 5106//1628
f 850//1676 5106//1628 7612//1517
f 855//1677 856//1678 852//1679
f 856//1678 5130//1680 5131//1681
f 5128//1682 5129//1683 856//1678
f 5129//1683 7577//1684 5130//1680
f 851//1685 852//1679 857//1686
f 853//1687 857//1686 5036//1469
f 852//1679 5131//1681 5132//1688
f 857//1686 5132//1688 7607//1427
f 853//1687 858//1689 854//1690
f 858//1689 5120//1659 5119//1653
f 5035//1468 5034//1464 858//1689
f 5034//1464 7609//1466 5120//1659
f 851//1685 854//1690 859//1691
f 855//1677 859//1691 5127//1692
f 854//1690 5119//1653 5118//1652
f 859//1691 5118//1652 7630//1656
f 864//1693 865//1694 861//1695
f 865//1694 5039//1476 5038//1475
f 5122//1670 5121//1665 865//1694
f 5121//1665 7610//1477 5039//1476
f 860//1696 861//1695 866//1697
f 862//1698 866//1697 5133//1699
f 861//1695 5038//1475 5037//1489
f 866//1697 5037//1489 7608//1437
f 862//1698 867//1700 863//1701
f 867//1700 5136//1702 5137//1703
f 5134//1704 5135//1705 867//1700
f 5135//1705 7578//1706 5136//1702
f 860//1696 863//1701 868//1707
f 864//1693 868//1707 5123//1671
f 863//1701 5137//1703 5138//1708
f 868//1707 5138//1708 7631//1672
f 869//1709 873//1710 874//1711
f 870//1712 874//1711 5142//1713
f 873//1710 5140//1714 5141//1715
f 874//1711 5141//1715 7575//1716
f 870//1712 875//1717 871//1718
f 875//1717 5018//1429 5017//1424
f 5143//1719 5144//1720 875//1717
f 5144//1720 7605//1387 5018//1429
f 871//1718 876//1721 872//1722
f 876//1721 5132//1688 5131//1681
f 5017//1424 5016//1423 876//1721
f 5016//1423 7607//1427 5132//1688
f 869//1709 872//1722 877//1723
f 873//1710 877//1723 5139//1724
f 872//1722 5131//1681 5130//1680
f 877//1723 5130//1680 7577//1684
f 882//1725 883//1726 879//1727
f 883//1726 5021//1436 5020//1435
f 5134//1704 5133//1699 883//1726
f 5133//1699 7608//1437 5021//1436
f 879//1727 884//1728 880//1729
f 884//1728 5145//1730 5146//1731
f 5020//1435 5019//1449 884//1728
f 5019//1449 7606//1397 5145//1730
f 878//1732 880//1729 885//1733
f 881//1734 885//1733 5148//1735
f 880//1729 5146//1731 5147//1736
f 885//1733 5147//1736 7576//1737
f 878//1732 881//1734 886//1738
f 882//1725 886//1738 5135//1705
f 881//1734 5149//1739 5150//1740
f 886//1738 5150//1740 7578//1706
f 891//1741 892//1742 888//1743
f 892//1742 5154//1744 5155//1745
f 5152//1746 5153//1747 892//1742
f 5153//1747 7573//1748 5154//1744
f 887//1749 888//1743 893//1750
f 893//1750 5000//1389 4999//1384
f 888//1743 5155//1745 5156//1751
f 893//1750 5156//1751 7603//1346
f 887//1749 889//1752 894//1753
f 890//1754 894//1753 5144//1720
f 889//1752 4999//1384 4998//1383
f 894//1753 4998//1383 7605//1387
f 890//1754 895//1755 891//1741
f 895//1755 5151//1756 5152//1746
f 5143//1719 5142//1713 895//1755
f 5142//1713 7575//1716 5151//1756
f 896//1757 900//1758 901//1759
f 897//1760 901//1759 5003//1396
f 900//1758 5146//1731 5145//1730
f 901//1759 5145//1730 7606//1397
f 896//1757 897//1760 902//1761
f 898//1762 902//1761 5157//1763
f 5002//1395 5001//1409 902//1761
f 902//1761 5001//1409 7604//1357
f 898//1762 903//1764 899//1765
f 903//1764 5160//1766 5161//1767
f 5158//1768 5159//1769 903//1764
f 5159//1769 7574//1770 5160//1766
f 899//1765 904//1771 900//1758
f 904//1771 5147//1736 5146//1731
f 5161//1767 5162//1772 904//1771
f 5162//1772 7576//1737 5147//1736
f 909//1773 910//1774 906//1775
f 910//1774 5166//1776 5167//1777
f 5164//1778 5165//1779 910//1774
f 5165//1779 7571//1780 5166//1776
f 905//1781 906//1775 911//1782
f 907//1783 911//1782 4982//1349
f 906//1775 5167//1777 5168//1784
f 911//1782 5168//1784 7601//1306
f 907//1783 912//1785 908//1786
f 912//1785 5156//1751 5155//1745
f 4981//1348 4980//1343 912//1785
f 4980//1343 7603//1346 5156//1751
f 905//1781 908//1786 913//1787
f 909//1773 913//1787 5163//1788
f 908//1786 5155//1745 5154//1744
f 913//1787 5154//1744 7573//1748
f 918//1789 919//1790 915//1791
f 919//1790 4985//1356 4984//1355
f 5158//1768 5157//1763 919//1790
f 5157//1763 7604//1357 4985//1356
f 914//1792 915//1791 920//1793
f 916//1794 920//1793 5169//1795
f 915//1791 4984//1355 4983//1369
f 920//1793 4983//1369 7602//1317
f 916//1794 921//1796 917//1797
f 921//1796 5172//1798 5173//1799
f 5170//1800 5171//1801 921//1796
f 5171//1801 7572//1802 5172//1798
f 914//1792 917//1797 922//1803
f 918//1789 922//1803 5159//1769
f 917//1797 5173//1799 5174//1804
f 922//1803 5174//1804 7574//1770
f 927//1805 928//1806 924//1807
f 928//1806 5178//1808 5179//1809
f 5176//1810 5177//1811 928//1806
f 5177//1811 7569//1812 5178//1808
f 923//1813 924//1807 929//1814
f 925//1815 929//1814 4964//1309
f 924//1807 5179//1809 5180//1816
f 929//1814 5180//1816 7599//1266
f 925//1815 930//1817 926//1818
f 930//1817 5168//1784 5167//1777
f 4963//1308 4962//1303 930//1817
f 4962//1303 7601//1306 5168//1784
f 923//1813 926//1818 931//1819
f 927//1805 931//1819 5175//1820
f 926//1818 5167//1777 5166//1776
f 931//1819 5166//1776 7571//1780
f 936//1821 937//1822 933//1823
f 937//1822 4967//1316 4966//1315
f 5170//1800 5169//1795 937//1822
f 5169//1795 7602//1317 4967//1316
f 932//1824 933//1823 938//1825
f 934//1826 938//1825 5181//1827
f 933//1823 4966//1315 4965//1329
f 938//1825 4965//1329 7600//1277
f 934//1826 939//1828 935//1829
f 939//1828 5184//1830 5185//1831
f 5182//1832 5183//1833 939//1828
f 5183//1833 7570//1834 5184//1830
f 932//1824 935//1829 940//1835
f 936//1821 940//1835 5171//1801
f 935//1829 5185//1831 5186//1836
f 940//1835 5186//1836 7572//1802
f 945//1837 946//1838 942//1839
f 946//1838 5190//1840 5191//1841
f 5188//1842 5189//1843 946//1838
f 5189//1843 7567//1844 5190//1840
f 941//1845 942//1839 947//1846
f 943//1847 947//1846 4946//1269
f 942//1839 5191//1841 5192//1848
f 947//1846 5192//1848 7597//1219
f 943//1847 948//1849 944//1850
f 948//1849 5180//1816 5179//1809
f 4945//1268 4944//1264 948//1849
f 4944//1264 7599//1266 5180//1816
f 941//1845 944//1850 949//1851
f 945//1837 949//1851 5187//1852
f 944//1850 5179//1809 5178//1808
f 949//1851 5178//1808 7569//1812
f 954//1853 955//1854 951//1855
f 955//1854 4949//1276 4948//1275
f 5182//1832 5181//1827 955//1854
f 5181//1827 7600//1277 4949//1276
f 950//1856 951//1855 956//1857
f 952//1858 956//1857 5193//1859
f 951//1855 4948//1275 4947//1289
f 956//1857 4947//1289 7598//1232
f 952//1858 957//1860 953//1861
f 957//1860 5196//1862 5197//1863
f 5194//1864 5195//1865 957//1860
f 5195//1865 7568//1866 5196//1862
f 950//1856 953//1861 958//1867
f 954//1853 958//1867 5183//1833
f 953//1861 5197//1863 5198//1868
f 958//1867 5198//1868 7570//1834
f 959//1869 963//1870 964//1871
f 960//1872 964//1871 5202//1873
f 963//1870 5200//1874 5201//1875
f 964//1871 5201//1875 7565//1876
f 960//1872 965//1877 961//1878
f 961//1878 965//1877 4925//1223
f 5203//1879 5204//1880 965//1877
f 5204//1880 7615//1224 4925//1223
f 961//1878 966//1881 962//1882
f 966//1881 5192//1848 5191//1841
f 4924//1222 4923//1217 966//1881
f 4923//1217 7597//1219 5192//1848
f 959//1869 962//1882 967//1883
f 963//1870 967//1883 5199//1884
f 962//1882 5191//1841 5190//1840
f 967//1883 5190//1840 7567//1844
f 972//1885 973//1886 969//1887
f 973//1886 4928//1231 4927//1230
f 5194//1864 5193//1859 973//1886
f 5193//1859 7598//1232 4928//1231
f 969//1887 974//1888 970//1889
f 974//1888 5205//1890 5206//1891
f 969//1887 4927//1230 4926//1246
f 4926//1246 7616//1249 5205//1890
f 968//1892 970//1889 975//1893
f 971//1894 975//1893 5208//1895
f 970//1889 5206//1891 5207//1896
f 975//1893 5207//1896 7566//1897
f 968//1892 971//1894 976//1898
f 972//1885 976//1898 5195//1865
f 971//1894 5209//1899 5210//1900
f 976//1898 5210//1900 7568//1866
f 977//1901 981//1902 982//1903
f 978//1904 982//1903 5211//1905
f 5203//1879 5202//1873 982//1903
f 5202//1873 7565//1876 5211//1905
f 978//1904 983//1906 979//1907
f 983//1906 5214//1908 5215//1909
f 5212//1910 5213//1911 983//1906
f 5213//1911 7632//1912 5214//1908
f 977//1901 979//1907 984//1913
f 980//1914 984//1913 5217//1915
f 979//1907 5215//1909 5216//1916
f 5216//1916 7628//1917 5217//1915
f 980//1914 985//1918 981//1902
f 985//1918 5204//1880 5203//1879
f 5218//1919 5219//1920 985//1918
f 5219//1920 7615//1224 5204//1880
f 986//1921 990//1922 991//1923
f 987//1924 991//1923 5223//1925
f 990//1922 5221//1926 5222//1927
f 5222//1927 7628//1917 5223//1925
f 987//1924 992//1928 988//1929
f 992//1928 5226//1930 5227//1931
f 5224//1932 5225//1933 992//1928
f 5225//1933 7633//1934 5226//1930
f 986//1921 988//1929 993//1935
f 993//1935 5207//1896 5206//1891
f 988//1929 5227//1931 5228//1936
f 5228//1936 7566//1897 5207//1896
f 989//1937 994//1938 990//1922
f 994//1938 5220//1939 5221//1926
f 5206//1891 5205//1890 994//1938
f 5205//1890 7616//1249 5220//1939
f 999//1940 1000//1941 996//1942
f 1000//1941 5099//1611 5098//1610
f 5230//1943 5231//1944 1000//1941
f 5231//1944 7561//1612 5099//1611
f 995//1945 996//1942 1001//1946
f 997//1947 1001//1946 5090//1589
f 996//1942 5098//1610 5097//1624
f 5097//1624 7613//1547 5090//1589
f 997//1947 1002//1948 998//1949
f 1002//1948 5232//1950 5233//1951
f 5089//1584 5088//1583 1002//1948
f 5088//1583 7519//1587 5232//1950
f 995//1945 998//1949 1003//1952
f 999//1940 1003//1952 5229//1953
f 998//1949 5233//1951 5234//1954
f 5234//1954 7563//1955 5229//1953
f 1008//1956 1009//1957 1005//1958
f 1009//1957 5093//1594 5092//1593
f 5236//1959 5237//1960 1009//1957
f 5237//1960 7519//1587 5093//1594
f 1004//1961 1005//1958 1010//1962
f 1006//1963 1010//1962 5114//1644
f 1005//1958 5092//1593 5091//1604
f 5091//1604 7614//1557 5114//1644
f 1006//1963 1011//1964 1007//1965
f 1011//1964 5238//1966 5239//1967
f 5113//1639 5112//1638 1011//1964
f 5112//1638 7562//1642 5238//1966
f 1004//1961 1007//1965 1012//1968
f 1008//1956 1012//1968 5235//1969
f 1007//1965 5239//1967 5240//1970
f 5240//1970 7564//1971 5235//1969
f 1013//1972 1017//1973 1018//1974
f 1014//1975 1018//1974 5234//1954
f 1017//1973 5242//1976 5243//1977
f 1018//1974 5243//1977 7563//1955
f 1014//1975 1019//1978 1015//1979
f 1019//1978 5244//1980 5245//1981
f 5233//1951 5232//1950 1019//1978
f 5232//1950 7519//1587 5244//1980
f 1013//1972 1015//1979 1020//1982
f 1016//1983 1020//1982 5247//1984
f 1015//1979 5245//1981 5246//1985
f 1020//1982 5246//1985 7629//1986
f 1016//1983 1021//1987 1017//1973
f 1021//1987 5241//1988 5242//1976
f 5248//1989 5249//1990 1021//1987
f 5249//1990 7634//1991 5241//1988
f 1022//1992 1026//1993 1027//1994
f 1023//1995 1027//1994 5246//1985
f 1026//1993 5251//1996 5252//1997
f 1027//1994 5252//1997 7629//1986
f 1023//1995 1028//1998 1024//1999
f 1028//1998 5237//1960 5236//1959
f 5245//1981 5244//1980 1028//1998
f 5244//1980 7519//1587 5237//1960
f 1022//1992 1024//1999 1029//2000
f 1025//2001 1029//2000 5253//2002
f 1024//1999 5236//1959 5235//1969
f 1029//2000 5235//1969 7564//1971
f 1025//2001 1030//2003 1026//1993
f 1030//2003 5250//2004 5251//1996
f 5254//2005 5255//2006 1030//2003
f 5255//2006 7635//2007 5250//2004
f 1035//2008 1036//2009 1032//2010
f 1036//2009 5216//1916 5215//1909
f 5257//2011 5258//2012 1036//2009
f 5258//2012 7628//1917 5216//1916
f 1031//2013 1032//2010 1037//2014
f 1033//2015 1037//2014 5259//2016
f 1032//2010 5215//1909 5214//1908
f 1037//2014 5214//1908 7632//1912
f 1033//2015 1038//2017 1034//2018
f 1034//2018 1038//2017 5249//1990
f 5260//2019 5261//2020 1038//2017
f 1038//2017 5261//2020 7634//1991
f 1031//2013 1034//2018 1039//2021
f 1035//2008 1039//2021 5256//2022
f 1034//2018 5248//1989 5247//1984
f 1039//2021 5247//1984 7629//1986
f 1044//2023 1045//2024 1041//2025
f 1045//2024 5262//2026 5263//2027
f 1044//2023 5251//1996 5250//2004
f 1045//2024 5250//2004 7635//2007
f 1040//2028 1041//2025 1046//2029
f 1042//2030 1046//2029 5225//1933
f 1041//2025 5263//2027 5264//2031
f 1046//2029 5264//2031 7633//1934
f 1042//2030 1047//2032 1043//2033
f 1047//2032 5258//2012 5257//2011
f 5224//1932 5223//1925 1047//2032
f 5223//1925 7628//1917 5258//2012
f 1040//2028 1043//2033 1048//2034
f 1044//2023 1048//2034 5252//1997
f 1043//2033 5257//2011 5256//2022
f 1048//2034 5256//2022 7629//1986
f 1049//2035 1053//2036 1054//2037
f 1050//2038 1054//2037 5268//2039
f 1053//2036 5266//2040 5267//2041
f 1054//2037 5267//2041 7586//2042
f 1050//2038 1055//2043 1051//2044
f 1055//2043 5271//2045 5272//2046
f 5269//2047 5270//2048 1055//2043
f 5270//2048 7588//2049 5271//2045
f 1049//2035 1051//2044 1056//2050
f 1052//2051 1056//2050 4829//1014
f 1051//2044 5272//2046 5273//2052
f 1056//2050 5273//2052 7627//1015
f 1052//2051 1057//2053 1053//2036
f 1057//2053 5265//2054 5266//2040
f 4828//1013 4827//1006 1057//2053
f 4827//1006 7625//1008 5265//2054
f 1058//2055 1062//2056 1063//2057
f 1059//2058 1063//2057 5273//2052
f 1062//2056 4834//1024 4833//1023
f 1063//2057 4833//1023 7627//1015
f 1059//2058 1064//2059 1060//2060
f 1064//2059 5274//2061 5275//2062
f 5272//2046 5271//2045 1064//2059
f 5271//2045 7588//2049 5274//2061
f 1058//2055 1060//2060 1065//2063
f 1061//2064 1065//2063 5277//2065
f 1060//2060 5275//2062 5276//2066
f 1065//2063 5276//2066 7587//2067
f 1061//2064 1066//2068 1062//2056
f 1066//2068 4835//1029 4834//1024
f 5278//2069 5279//2070 1066//2068
f 5279//2070 7626//1030 4835//1029
f 1067//2071 1071//2072 1072//2073
f 1068//2074 1072//2073 5283//2075
f 5281//2076 5282//2077 1072//2073
f 5282//2077 7584//2078 5283//2075
f 1068//2074 1073//2079 1069//2080
f 1073//2079 5267//2041 5266//2040
f 5284//2081 5285//2082 1073//2079
f 5285//2082 7586//2042 5267//2041
f 1067//2071 1069//2080 1074//2083
f 1070//2084 1074//2083 4850//1057
f 1069//2080 5266//2040 5265//2054
f 1074//2083 5265//2054 7625//1008
f 1070//2084 1075//2085 1071//2072
f 1075//2085 5280//2086 5281//2076
f 4849//1056 4848//1051 1075//2085
f 4848//1051 7623//1053 5280//2086
f 1076//2087 1080//2088 1081//2089
f 1077//2090 1081//2089 5279//2070
f 1080//2088 4852//1064 4851//1063
f 1081//2089 4851//1063 7626//1030
f 1077//2090 1082//2091 1078//2092
f 1082//2091 5286//2093 5287//2094
f 5278//2069 5277//2065 1082//2091
f 5277//2065 7587//2067 5286//2093
f 1076//2087 1078//2092 1083//2095
f 1083//2095 5289//2096 5290//2097
f 1078//2092 5287//2094 5288//2098
f 5288//2098 7585//2099 5289//2096
f 1079//2100 1084//2101 1080//2088
f 1084//2101 4853//1069 4852//1064
f 5290//2097 5291//2102 1084//2101
f 5291//2102 7624//1070 4853//1069
f 1089//2103 1090//2104 1086//2105
f 1090//2104 5295//2106 5296//2107
f 5293//2108 5294//2109 1090//2104
f 5294//2109 7582//2110 5295//2106
f 1085//2111 1086//2105 1091//2112
f 1087//2113 1091//2112 5282//2077
f 1086//2105 5296//2107 5297//2114
f 1091//2112 5297//2114 7584//2078
f 1087//2113 1092//2115 1088//2116
f 1092//2115 4868//1096 4867//1091
f 5281//2076 5280//2086 1092//2115
f 5280//2086 7623//1053 4868//1096
f 1085//2111 1088//2116 1093//2117
f 1089//2103 1093//2117 5292//2118
f 1088//2116 4867//1091 4866//1090
f 1093//2117 4866//1090 7621//1094
f 1098//2119 1099//2120 1095//2121
f 1099//2120 5291//2102 5290//2097
f 4870//1109 4869//1104 1099//2120
f 4869//1104 7624//1070 5291//2102
f 1094//2122 1095//2121 1100//2123
f 1096//2124 1100//2123 5298//2125
f 1095//2121 5290//2097 5289//2096
f 1100//2123 5289//2096 7585//2099
f 1096//2124 1101//2126 1097//2127
f 1101//2126 5301//2128 5302//2129
f 5299//2130 5300//2131 1101//2126
f 5300//2131 7583//2132 5301//2128
f 1094//2122 1097//2127 1102//2133
f 1098//2119 1102//2133 4871//1110
f 1097//2127 5302//2129 5303//2134
f 1102//2133 5303//2134 7622//1111
f 1103//2135 1107//2136 1108//2137
f 1104//2138 1108//2137 5304//2139
f 1107//2136 4903//1171 4902//1170
f 1108//2137 4902//1170 7617//1173
f 1104//2138 1109//2140 1105//2141
f 1109//2140 5307//2142 5308//2143
f 5305//2144 5306//2145 1109//2140
f 5306//2145 7638//2146 5307//2142
f 1103//2135 1105//2141 1110//2147
f 1106//2148 1110//2147 5310//2149
f 1105//2141 5308//2143 5309//2150
f 1110//2147 5309//2150 7636//2151
f 1106//2148 1111//2152 1107//2136
f 1111//2152 4904//1177 4903//1171
f 5311//2153 5312//2154 1111//2152
f 5312//2154 7619//1134 4904//1177
f 1112//2155 1116//2156 1117//2157
f 1113//2158 1117//2157 5316//2159
f 1116//2156 5314//2160 5315//2161
f 1117//2157 5315//2161 7637//2162
f 1113//2158 1118//2163 1114//2164
f 1118//2163 5319//2165 5320//2166
f 5317//2167 5318//2168 1118//2163
f 5318//2168 7639//2169 5319//2165
f 1112//2155 1114//2164 1119//2170
f 1115//2171 1119//2170 4907//1190
f 1114//2164 5320//2166 5321//2172
f 1119//2170 5321//2172 7618//1191
f 1115//2171 1120//2173 1116//2156
f 1120//2173 5313//2174 5314//2160
f 4906//1189 4905//1184 1120//2173
f 4905//1184 7620//1151 5313//2174
f 1121//2175 1125//2176 1126//2177
f 1122//2178 1126//2177 5294//2109
f 1125//2176 5323//2179 5324//2180
f 1126//2177 5324//2180 7582//2110
f 1122//2178 1127//2181 1123//2182
f 1127//2181 4886//1137 4885//1132
f 5293//2108 5292//2118 1127//2181
f 5292//2118 7621//1094 4886//1137
f 1121//2175 1123//2182 1128//2183
f 1124//2184 1128//2183 5312//2154
f 1123//2182 4885//1132 4884//1131
f 1128//2183 4884//1131 7619//1134
f 1124//2184 1129//2185 1125//2176
f 1129//2185 5322//2186 5323//2179
f 5311//2153 5310//2149 1129//2185
f 5310//2149 7636//2151 5322//2186
f 1130//2187 1134//2188 1135//2189
f 1131//2190 1135//2189 4889//1150
f 1134//2188 5314//2160 5313//2174
f 1135//2189 5313//2174 7620//1151
f 1131//2190 1136//2191 1132//2192
f 1136//2191 5303//2134 5302//2129
f 4888//1149 4887//1144 1136//2191
f 4887//1144 7622//1111 5303//2134
f 1130//2187 1132//2192 1137//2193
f 1133//2194 1137//2193 5325//2195
f 1132//2192 5302//2129 5301//2128
f 1137//2193 5301//2128 7583//2132
f 1133//2194 1138//2196 1134//2188
f 1138//2196 5315//2161 5314//2160
f 5326//2197 5327//2198 1138//2196
f 5327//2198 7637//2162 5315//2161
f 1143//2199 1144//2200 1140//2201
f 1144//2200 5331//2202 5332//2203
f 5329//2204 5330//2205 1144//2200
f 5330//2205 7595//2206 5331//2202
f 1139//2207 1140//2201 1145//2208
f 1141//2209 1145//2208 5334//2210
f 1140//2201 5332//2203 5333//2211
f 1145//2208 5333//2211 7641//2212
f 1141//2209 1146//2213 1142//2214
f 1146//2213 5337//2215 5338//2216
f 5335//2217 5336//2218 1146//2213
f 5336//2218 7640//2219 5337//2215
f 1139//2207 1142//2214 1147//2220
f 1143//2199 1147//2220 5328//2221
f 1142//2214 5338//2216 5339//2222
f 5339//2222 7638//2146 5328//2221
f 1152//2223 1153//2224 1149//2225
f 1153//2224 5336//2218 5335//2217
f 5341//2226 5342//2227 1153//2224
f 5342//2227 7640//2219 5336//2218
f 1148//2228 1149//2225 1154//2229
f 1150//2230 1154//2229 5343//2231
f 1149//2225 5335//2217 5334//2210
f 1154//2229 5334//2210 7641//2212
f 1150//2230 1155//2232 1151//2233
f 1155//2232 5346//2234 5347//2235
f 5344//2236 5345//2237 1155//2232
f 5345//2237 7596//2238 5346//2234
f 1148//2228 1151//2233 1156//2239
f 1152//2223 1156//2239 5340//2240
f 1151//2233 5347//2235 5348//2241
f 5348//2241 7639//2169 5340//2240
f 1161//2242 1162//2243 1158//2244
f 1162//2243 5309//2150 5308//2143
f 5350//2245 5351//2246 1162//2243
f 5351//2246 7636//2151 5309//2150
f 1157//2247 1158//2244 1163//2248
f 1159//2249 1163//2248 5339//2222
f 1158//2244 5308//2143 5307//2142
f 1163//2248 5307//2142 7638//2146
f 1159//2249 1164//2250 1160//2251
f 1164//2250 5352//2252 5353//2253
f 5338//2216 5337//2215 1164//2250
f 5337//2215 7640//2219 5352//2252
f 1157//2247 1160//2251 1165//2254
f 1161//2242 1165//2254 5349//2255
f 1160//2251 5353//2253 5354//2256
f 1165//2254 5354//2256 7520//2257
f 1170//2258 1171//2259 1167//2260
f 1171//2259 5342//2227 5341//2226
f 5353//2253 5352//2252 1171//2259
f 5352//2252 7640//2219 5342//2227
f 1166//2261 1167//2260 1172//2262
f 1168//2263 1172//2262 5318//2168
f 1167//2260 5341//2226 5340//2240
f 1172//2262 5340//2240 7639//2169
f 1168//2263 1173//2264 1169//2265
f 1173//2264 5355//2266 5356//2267
f 5317//2167 5316//2159 1173//2264
f 5316//2159 7637//2162 5355//2266
f 1166//2261 1169//2265 1174//2268
f 1170//2258 1174//2268 5354//2256
f 1169//2265 5356//2267 5357//2269
f 1174//2268 5357//2269 7520//2257
f 1179//2270 1180//2271 1176//2272
f 1180//2271 5361//2273 5362//2274
f 5359//2275 5360//2276 1180//2271
f 5360//2276 7581//2277 5361//2273
f 1175//2278 1176//2272 1181//2279
f 1181//2279 5324//2180 5323//2179
f 1176//2272 5362//2274 5363//2280
f 1181//2279 5363//2280 7582//2110
f 1175//2278 1177//2281 1182//2282
f 1178//2283 1182//2282 5351//2246
f 1177//2281 5323//2179 5322//2186
f 1182//2282 5322//2186 7636//2151
f 1175//2278 1178//2283 1183//2284
f 1179//2270 1183//2284 5358//2285
f 5350//2245 5349//2255 1183//2284
f 1183//2284 5349//2255 7520//2257
f 1184//2286 1188//2287 1189//2288
f 1185//2289 1189//2288 5327//2198
f 1188//2287 5356//2267 5355//2266
f 1189//2288 5355//2266 7637//2162
f 1184//2286 1185//2289 1190//2290
f 1186//2291 1190//2290 5364//2292
f 5326//2197 5325//2195 1190//2290
f 1190//2290 5325//2195 7583//2132
f 1186//2291 1191//2293 1187//2294
f 1191//2293 5360//2276 5359//2275
f 5365//2295 5366//2296 1191//2293
f 5366//2296 7581//2277 5360//2276
f 1184//2286 1187//2294 1192//2297
f 1192//2297 5357//2269 5356//2267
f 1187//2294 5359//2275 5358//2285
f 1192//2297 5358//2285 7520//2257
f 1193//2298 1197//2299 1198//2300
f 1194//2301 1198//2300 5370//2302
f 1197//2299 5368//2303 5369//2304
f 1198//2300 5369//2304 7593//2305
f 1194//2301 1199//2306 1195//2307
f 1199//2306 5373//2308 5374//2309
f 5371//2310 5372//2311 1199//2306
f 5372//2311 7644//2312 5373//2308
f 1193//2298 1195//2307 1200//2313
f 1196//2314 1200//2313 5376//2315
f 1195//2307 5374//2309 5375//2316
f 1200//2313 5375//2316 7642//2317
f 1196//2314 1201//2318 1197//2299
f 1201//2318 5367//2319 5368//2303
f 5377//2320 5378//2321 1201//2318
f 5378//2321 7595//2206 5367//2319
f 1202//2322 1206//2323 1207//2324
f 1203//2325 1207//2324 5382//2326
f 1206//2323 5380//2327 5381//2328
f 1207//2324 5381//2328 7643//2329
f 1203//2325 1208//2330 1204//2331
f 1208//2330 5385//2332 5386//2333
f 5383//2334 5384//2335 1208//2330
f 5384//2335 7645//2336 5385//2332
f 1202//2322 1204//2331 1209//2337
f 1205//2338 1209//2337 5388//2339
f 1204//2331 5386//2333 5387//2340
f 1209//2337 5387//2340 7594//2341
f 1205//2338 1210//2342 1206//2323
f 1210//2342 5379//2343 5380//2327
f 5389//2344 5390//2345 1210//2342
f 5390//2345 7596//2238 5379//2343
f 1215//2346 1216//2347 1212//2348
f 1216//2347 5394//2349 5395//2350
f 5392//2351 5393//2352 1216//2347
f 5393//2352 7591//2353 5394//2349
f 1211//2354 1212//2348 1217//2355
f 1213//2356 1217//2355 5397//2357
f 1212//2348 5395//2350 5396//2358
f 1217//2355 5396//2358 7646//2359
f 1213//2356 1218//2360 1214//2361
f 1214//2361 1218//2360 5372//2311
f 5398//2362 5399//2363 1218//2360
f 1218//2360 5399//2363 7644//2312
f 1214//2361 1219//2364 1215//2346
f 1219//2364 5391//2365 5392//2351
f 5371//2310 5370//2302 1219//2364
f 5370//2302 7593//2305 5391//2365
f 1224//2366 1225//2367 1221//2368
f 1225//2367 5400//2369 5401//2370
f 1224//2366 5386//2333 5385//2332
f 1225//2367 5385//2332 7645//2336
f 1220//2371 1221//2368 1226//2372
f 1222//2373 1226//2372 5403//2374
f 1221//2368 5401//2370 5402//2375
f 1226//2372 5402//2375 7647//2376
f 1222//2373 1227//2377 1223//2378
f 1227//2377 5406//2379 5407//2380
f 5404//2381 5405//2382 1227//2377
f 5405//2382 7592//2383 5406//2379
f 1223//2378 1228//2384 1224//2366
f 1228//2384 5387//2340 5386//2333
f 5407//2380 5408//2385 1228//2384
f 5408//2385 7594//2341 5387//2340
f 1233//2386 1234//2387 1230//2388
f 1234//2387 5412//2389 5413//2390
f 5410//2391 5411//2392 1234//2387
f 5411//2392 7590//2393 5412//2389
f 1229//2394 1230//2388 1235//2395
f 1231//2396 1235//2395 5415//2397
f 1230//2388 5413//2390 5414//2398
f 1235//2395 5414//2398 7648//2399
f 1231//2396 1236//2400 1232//2401
f 1236//2400 5396//2358 5395//2350
f 5416//2402 5417//2403 1236//2400
f 5417//2403 7646//2359 5396//2358
f 1229//2394 1232//2401 1237//2404
f 1233//2386 1237//2404 5409//2405
f 1232//2401 5395//2350 5394//2349
f 1237//2404 5394//2349 7591//2353
f 1242//2406 1243//2407 1239//2408
f 1243//2407 5418//2409 5419//2410
f 5404//2381 5403//2374 1243//2407
f 5403//2374 7647//2376 5418//2409
f 1238//2411 1239//2408 1244//2412
f 1240//2413 1244//2412 5421//2414
f 1239//2408 5419//2410 5420//2415
f 1244//2412 5420//2415 7649//2416
f 1240//2413 1245//2417 1241//2418
f 1245//2417 5424//2419 5425//2420
f 5422//2421 5423//2422 1245//2417
f 5423//2422 7590//2393 5424//2419
f 1238//2411 1241//2418 1246//2423
f 1242//2406 1246//2423 5405//2382
f 1241//2418 5425//2420 5426//2424
f 1246//2423 5426//2424 7592//2383
f 1247//2425 1251//2426 1252//2427
f 1248//2428 1252//2427 5430//2429
f 1251//2426 5428//2430 5429//2431
f 1252//2427 5429//2431 7589//2432
f 1247//2425 1248//2428 1253//2433
f 1249//2434 1253//2433 5433//2435
f 5431//2436 5432//2437 1253//2433
f 5432//2437 7522//2438 5433//2435
f 1249//2434 1254//2439 1250//2440
f 1254//2439 5414//2398 5413//2390
f 5434//2441 5435//2442 1254//2439
f 5435//2442 7648//2399 5414//2398
f 1247//2425 1250//2440 1255//2443
f 1251//2426 1255//2443 5427//2444
f 1250//2440 5413//2390 5412//2389
f 1255//2443 5412//2389 7590//2393
f 1260//2445 1261//2446 1257//2447
f 1261//2446 5436//2448 5437//2449
f 5422//2421 5421//2414 1261//2446
f 5421//2414 7649//2416 5436//2448
f 1256//2450 1257//2447 1262//2451
f 1262//2451 5432//2437 5431//2436
f 1257//2447 5437//2449 5438//2452
f 5438//2452 7522//2438 5432//2437
f 1256//2450 1258//2453 1263//2454
f 1259//2455 1263//2454 5429//2431
f 1258//2453 5431//2436 5430//2429
f 1263//2454 5430//2429 7589//2432
f 1256//2450 1259//2455 1264//2456
f 1260//2445 1264//2456 5423//2422
f 1259//2455 5428//2430 5427//2444
f 1264//2456 5427//2444 7590//2393
f 1269//2457 1270//2458 1266//2459
f 1270//2458 5333//2211 5332//2203
f 5440//2460 5441//2461 1270//2458
f 5441//2461 7641//2212 5333//2211
f 1265//2462 1266//2459 1271//2463
f 1267//2464 1271//2463 5378//2321
f 1266//2459 5332//2203 5331//2202
f 1271//2463 5331//2202 7595//2206
f 1267//2464 1272//2465 1268//2466
f 1272//2465 5442//2467 5443//2468
f 5377//2320 5376//2315 1272//2465
f 5376//2315 7642//2317 5442//2467
f 1265//2462 1268//2466 1273//2469
f 1269//2457 1273//2469 5439//2470
f 1268//2466 5443//2468 5444//2471
f 1273//2469 5444//2471 7521//2472
f 1278//2473 1279//2474 1275//2475
f 1279//2474 5381//2328 5380//2327
f 5446//2476 5447//2477 1279//2474
f 5447//2477 7643//2329 5381//2328
f 1274//2478 1275//2475 1280//2479
f 1276//2480 1280//2479 5345//2237
f 1275//2475 5380//2327 5379//2343
f 1280//2479 5379//2343 7596//2238
f 1276//2480 1281//2481 1277//2482
f 1281//2481 5441//2461 5440//2460
f 5344//2236 5343//2231 1281//2481
f 5343//2231 7641//2212 5441//2461
f 1274//2478 1277//2482 1282//2483
f 1278//2473 1282//2483 5445//2484
f 1277//2482 5440//2460 5439//2470
f 1282//2483 5439//2470 7521//2472
f 1287//2485 1288//2486 1284//2487
f 1288//2486 5444//2471 5443//2468
f 5449//2488 5450//2489 1288//2486
f 5450//2489 7521//2472 5444//2471
f 1283//2490 1284//2487 1289//2491
f 1285//2492 1289//2491 5451//2493
f 1284//2487 5443//2468 5442//2467
f 1289//2491 5442//2467 7642//2317
f 1285//2492 1290//2494 1286//2495
f 1290//2494 5454//2496 5455//2497
f 1285//2492 5452//2498 5453//2499
f 1290//2494 5453//2499 7657//2500
f 1283//2490 1286//2495 1291//2501
f 1287//2485 1291//2501 5448//2502
f 1286//2495 5455//2497 5456//2503
f 1291//2501 5456//2503 7659//2504
f 1296//2505 1297//2506 1293//2507
f 1293//2507 1297//2506 5460//2508
f 5458//2509 5459//2510 1297//2506
f 1297//2506 5459//2510 7658//2511
f 1292//2512 1293//2507 1298//2513
f 1294//2514 1298//2513 5447//2477
f 1293//2507 5461//2515 5462//2516
f 1298//2513 5462//2516 7643//2329
f 1294//2514 1299//2517 1295//2518
f 1299//2517 5450//2489 5449//2488
f 5446//2476 5445//2484 1299//2517
f 5445//2484 7521//2472 5450//2489
f 1292//2512 1295//2518 1300//2519
f 1296//2505 1300//2519 5457//2520
f 1295//2518 5449//2488 5448//2502
f 1300//2519 5448//2502 7659//2504
f 1301//2521 1305//2522 1306//2523
f 1302//2524 1306//2523 5463//2525
f 1305//2522 5434//2441 5433//2435
f 1306//2523 5433//2435 7522//2438
f 1302//2524 1307//2526 1303//2527
f 1303//2527 1307//2526 5466//2528
f 5464//2529 5465//2530 1307//2526
f 5465//2530 7650//2531 5466//2528
f 1301//2521 1303//2527 1308//2532
f 1304//2533 1308//2532 5469//2534
f 1303//2527 5467//2535 5468//2536
f 1308//2532 5468//2536 7651//2537
f 1304//2533 1309//2538 1305//2522
f 1309//2538 5435//2442 5434//2441
f 5470//2539 5471//2540 1309//2538
f 5471//2540 7648//2399 5435//2442
f 1310//2541 1314//2542 1315//2543
f 1311//2544 1315//2543 5475//2545
f 1314//2542 5473//2546 5474//2547
f 1315//2543 5474//2547 7652//2548
f 1311//2544 1316//2549 1312//2550
f 1316//2549 5465//2530 5464//2529
f 1311//2544 5476//2551 5477//2552
f 5477//2552 7650//2531 5465//2530
f 1310//2541 1312//2550 1317//2553
f 1313//2554 1317//2553 5438//2452
f 1312//2550 5464//2529 5463//2525
f 1317//2553 5463//2525 7522//2438
f 1313//2554 1318//2555 1314//2542
f 1318//2555 5472//2556 5473//2546
f 5437//2449 5436//2448 1318//2555
f 5436//2448 7649//2416 5472//2556
f 1323//2557 1324//2558 1320//2559
f 1320//2559 1324//2558 5471//2540
f 5416//2402 5415//2397 1324//2558
f 5415//2397 7648//2399 5471//2540
f 1320//2559 1325//2560 1321//2561
f 1325//2560 5478//2562 5479//2563
f 5470//2539 5469//2534 1325//2560
f 5469//2534 7651//2537 5478//2562
f 1321//2561 1326//2564 1322//2565
f 1326//2564 5481//2566 5482//2567
f 5479//2563 5480//2568 1326//2564
f 5480//2568 7653//2569 5481//2566
f 1319//2570 1322//2565 1327//2571
f 1323//2557 1327//2571 5417//2403
f 1322//2565 5482//2567 5483//2572
f 1327//2571 5483//2572 7646//2359
f 1332//2573 1333//2574 1329//2575
f 1333//2574 5487//2576 5488//2577
f 5485//2578 5486//2579 1333//2574
f 5486//2579 7654//2580 5487//2576
f 1329//2575 1334//2581 1330//2582
f 1334//2581 5474//2547 5473//2546
f 5488//2577 5489//2583 1334//2581
f 5489//2583 7652//2548 5474//2547
f 1330//2582 1335//2584 1331//2585
f 1335//2584 5420//2415 5419//2410
f 1330//2582 5473//2546 5472//2556
f 5472//2556 7649//2416 5420//2415
f 1328//2586 1331//2585 1336//2587
f 1332//2573 1336//2587 5484//2588
f 1331//2585 5419//2410 5418//2409
f 1336//2587 5418//2409 7647//2376
f 1341//2589 1342//2590 1338//2591
f 1342//2590 5483//2572 5482//2567
f 5398//2362 5397//2357 1342//2590
f 5397//2357 7646//2359 5483//2572
f 1337//2592 1338//2591 1343//2593
f 1339//2594 1343//2593 5490//2595
f 1338//2591 5482//2567 5481//2566
f 1343//2593 5481//2566 7653//2569
f 1339//2594 1344//2596 1340//2597
f 1344//2596 5493//2598 5494//2599
f 1339//2594 5491//2600 5492//2601
f 5492//2601 7655//2602 5493//2598
f 1337//2592 1340//2597 1345//2603
f 1341//2589 1345//2603 5399//2363
f 1340//2597 5494//2599 5495//2604
f 1345//2603 5495//2604 7644//2312
f 1350//2605 1351//2606 1347//2607
f 1347//2607 1351//2606 5499//2608
f 5497//2609 5498//2610 1351//2606
f 5498//2610 7656//2611 5499//2608
f 1346//2612 1347//2607 1352//2613
f 1348//2614 1352//2613 5486//2579
f 1347//2607 5500//2615 5501//2616
f 1352//2613 5501//2616 7654//2580
f 1348//2614 1353//2617 1349//2618
f 1353//2617 5402//2375 5401//2370
f 5485//2578 5484//2588 1353//2617
f 5484//2588 7647//2376 5402//2375
f 1346//2612 1349//2618 1354//2619
f 1350//2605 1354//2619 5496//2620
f 1349//2618 5401//2370 5400//2369
f 1354//2619 5400//2369 7645//2336
f 1355//2621 1359//2622 1360//2623
f 1356//2624 1360//2623 5495//2604
f 1359//2622 5374//2309 5373//2308
f 1360//2623 5373//2308 7644//2312
f 1355//2621 1356//2624 1361//2625
f 1357//2626 1361//2625 5502//2627
f 1356//2624 5494//2599 5493//2598
f 1361//2625 5493//2598 7655//2602
f 1357//2626 1362//2628 1358//2629
f 1362//2628 5453//2499 5452//2498
f 5503//2630 5504//2631 1362//2628
f 5504//2631 7657//2500 5453//2499
f 1358//2629 1363//2632 1359//2622
f 1363//2632 5375//2316 5374//2309
f 5452//2498 5451//2493 1363//2632
f 5451//2493 7642//2317 5375//2316
f 1368//2633 1369//2634 1365//2635
f 1369//2634 5505//2636 5506//2637
f 5461//2515 5460//2508 1369//2634
f 5460//2508 7658//2511 5505//2636
f 1364//2638 1365//2635 1370//2639
f 1366//2640 1370//2639 5498//2610
f 1365//2635 5506//2637 5507//2641
f 1370//2639 5507//2641 7656//2611
f 1364//2638 1366//2640 1371//2642
f 1367//2643 1371//2642 5384//2335
f 1366//2640 5497//2609 5496//2620
f 1371//2642 5496//2620 7645//2336
f 1367//2643 1372//2644 1368//2633
f 1372//2644 5462//2516 5461//2515
f 5383//2334 5382//2326 1372//2644
f 5382//2326 7643//2329 5462//2516
f 1377//2645 1378//2646 1374//2647
f 1378//2646 5508//2648 5509//2649
f 5467//2535 5466//2528 1378//2646
f 5466//2528 7650//2531 5508//2648
f 1373//2650 1374//2647 1379//2651
f 1379//2651 5492//2601 5491//2600
f 1374//2647 5509//2649 5510//2652
f 1379//2651 5510//2652 7655//2602
f 1373//2650 1375//2653 1380//2654
f 1376//2655 1380//2654 5480//2568
f 1375//2653 5491//2600 5490//2595
f 1380//2654 5490//2595 7653//2569
f 1373//2650 1376//2655 1381//2656
f 1377//2645 1381//2656 5468//2536
f 1376//2655 5479//2563 5478//2562
f 1381//2656 5478//2562 7651//2537
f 1382//2657 1386//2658 1387//2659
f 1383//2660 1387//2659 5501//2616
f 1386//2658 5488//2577 5487//2576
f 1387//2659 5487//2576 7654//2580
f 1382//2657 1383//2660 1388//2661
f 1384//2662 1388//2661 5511//2663
f 5500//2615 5499//2608 1388//2661
f 1388//2661 5499//2608 7656//2611
f 1384//2662 1389//2664 1385//2665
f 1389//2664 5477//2552 5476//2551
f 5512//2666 5513//2667 1389//2664
f 5513//2667 7650//2531 5477//2552
f 1382//2657 1385//2665 1390//2668
f 1386//2658 1390//2668 5489//2583
f 1385//2665 5476//2551 5475//2545
f 1390//2668 5475//2545 7652//2548
f 1391//2669 1395//2670 1396//2671
f 1392//2672 1396//2671 5514//2673
f 1395//2670 5509//2649 5508//2648
f 5508//2648 7650//2531 5514//2673
f 1392//2672 1397//2674 1393//2675
f 1397//2674 5456//2503 5455//2497
f 5515//2676 5516//2677 1397//2674
f 5516//2677 7659//2504 5456//2503
f 1391//2669 1393//2675 1398//2678
f 1394//2679 1398//2678 5504//2631
f 1393//2675 5455//2497 5454//2496
f 1398//2678 5454//2496 7657//2500
f 1394//2679 1399//2680 1395//2670
f 1399//2680 5510//2652 5509//2649
f 5503//2630 5502//2627 1399//2680
f 5502//2627 7655//2602 5510//2652
f 1400//2681 1404//2682 1405//2683
f 1401//2684 1405//2683 5459//2510
f 1404//2682 5506//2637 5505//2636
f 1405//2683 5505//2636 7658//2511
f 1401//2684 1406//2685 1402//2686
f 1406//2685 5516//2677 5515//2676
f 5458//2509 5457//2520 1406//2685
f 5457//2520 7659//2504 5516//2677
f 1400//2681 1402//2686 1407//2687
f 1403//2688 1407//2687 5513//2667
f 1402//2686 5515//2676 5514//2673
f 5514//2673 7650//2531 5513//2667
f 1403//2688 1408//2689 1404//2682
f 1408//2689 5507//2641 5506//2637
f 5512//2666 5511//2663 1408//2689
f 5511//2663 7656//2611 5507//2641
f 1409//2690 1413//2691 1414//2692
f 1410//2693 1414//2692 5411//2392
f 1413//2691 5518//2694 5519//2695
f 5519//2695 7590//2393 5411//2392
f 1410//2693 1415//2696 1411//2697
f 1415//2696 5520//2698 5521//2699
f 5410//2391 5409//2405 1415//2696
f 5409//2405 7591//2353 5520//2698
f 1409//2690 1411//2697 1416//2700
f 1412//2701 1416//2700 5219//1920
f 1411//2697 5521//2699 5522//2702
f 1416//2700 5522//2702 7615//1224
f 1412//2701 1417//2703 1413//2691
f 1417//2703 5517//2704 5518//2694
f 5218//1919 5217//1915 1417//2703
f 5217//1915 7628//1917 5517//2704
f 1418//2705 1422//2706 1423//2707
f 1419//2708 1423//2707 5523//2709
f 1422//2706 5221//1926 5220//1939
f 1423//2707 5220//1939 7616//1249
f 1419//2708 1424//2710 1420//2711
f 1424//2710 5426//2424 5425//2420
f 5524//2712 5525//2713 1424//2710
f 5525//2713 7592//2383 5426//2424
f 1418//2705 1420//2711 1425//2714
f 1421//2715 1425//2714 5519//2695
f 1420//2711 5425//2420 5424//2419
f 5424//2419 7590//2393 5519//2695
f 1421//2715 1426//2716 1422//2706
f 1426//2716 5222//1927 5221//1926
f 5518//2694 5517//2704 1426//2716
f 5517//2704 7628//1917 5222//1927
f 1427//2717 1431//2718 1432//2719
f 1428//2720 1432//2719 5393//2352
f 1431//2718 5521//2699 5520//2698
f 1432//2719 5520//2698 7591//2353
f 1427//2717 1428//2720 1433//2721
f 1429//2722 1433//2721 5526//2723
f 1428//2720 5392//2351 5391//2365
f 1433//2721 5391//2365 7593//2305
f 1429//2722 1434//2724 1430//2725
f 1434//2724 5529//2726 5530//2727
f 5527//2728 5528//2729 1434//2724
f 5528//2729 7662//2730 5529//2726
f 1427//2717 1430//2725 1435//2731
f 1435//2731 5522//2702 5521//2699
f 1430//2725 5530//2727 5531//2732
f 5531//2732 7615//1224 5522//2702
f 1440//2733 1441//2734 1437//2735
f 1441//2734 5535//2736 5536//2737
f 5533//2738 5534//2739 1441//2734
f 5534//2739 7663//2740 5535//2736
f 1436//2741 1437//2735 1442//2742
f 1438//2743 1442//2742 5408//2385
f 1437//2735 5536//2737 5537//2744
f 1442//2742 5537//2744 7594//2341
f 1436//2741 1438//2743 1443//2745
f 1439//2746 1443//2745 5525//2713
f 1438//2743 5407//2380 5406//2379
f 1443//2745 5406//2379 7592//2383
f 1436//2741 1439//2746 1444//2747
f 1440//2733 1444//2747 5532//2748
f 5524//2712 5523//2709 1444//2747
f 5523//2709 7616//1249 5532//2748
f 1449//2749 1450//2750 1446//2751
f 1450//2750 5369//2304 5368//2303
f 5527//2728 5526//2723 1450//2750
f 5526//2723 7593//2305 5369//2304
f 1445//2752 1446//2751 1451//2753
f 1447//2754 1451//2753 5538//2755
f 1446//2751 5368//2303 5367//2319
f 5367//2319 7595//2206 5538//2755
f 1447//2754 1452//2756 1448//2757
f 1452//2756 5541//2758 5542//2759
f 5539//2760 5540//2761 1452//2756
f 5540//2761 7664//2762 5541//2758
f 1445//2752 1448//2757 1453//2763
f 1449//2749 1453//2763 5528//2729
f 1448//2757 5542//2759 5543//2764
f 1453//2763 5543//2764 7662//2730
f 1458//2765 1459//2766 1455//2767
f 1459//2766 5547//2768 5548//2769
f 5545//2770 5546//2771 1459//2766
f 5546//2771 7665//2772 5547//2768
f 1454//2773 1455//2767 1460//2774
f 1456//2775 1460//2774 5390//2345
f 1455//2767 5548//2769 5549//2776
f 5549//2776 7596//2238 5390//2345
f 1456//2775 1461//2777 1457//2778
f 1461//2777 5537//2744 5536//2737
f 5389//2344 5388//2339 1461//2777
f 5388//2339 7594//2341 5537//2744
f 1454//2773 1457//2778 1462//2779
f 1458//2765 1462//2779 5544//2780
f 1457//2778 5536//2737 5535//2736
f 1462//2779 5535//2736 7663//2740
f 1467//2781 1468//2782 1464//2783
f 1468//2782 5330//2205 5329//2204
f 5539//2760 5538//2755 1468//2782
f 5538//2755 7595//2206 5330//2205
f 1463//2784 1464//2783 1469//2785
f 1465//2786 1469//2785 5306//2145
f 1464//2783 5329//2204 5328//2221
f 1469//2785 5328//2221 7638//2146
f 1465//2786 1470//2787 1466//2788
f 1470//2787 5550//2789 5551//2790
f 5305//2144 5304//2139 1470//2787
f 5304//2139 7617//1173 5550//2789
f 1463//2784 1466//2788 1471//2791
f 1467//2781 1471//2791 5540//2761
f 1466//2788 5551//2790 5552//2792
f 1471//2791 5552//2792 7664//2762
f 1476//2793 1477//2794 1473//2795
f 1477//2794 5321//2172 5320//2166
f 5554//2796 5555//2797 1477//2794
f 5555//2797 7618//1191 5321//2172
f 1472//2798 1473//2795 1478//2799
f 1474//2800 1478//2799 5348//2241
f 1473//2795 5320//2166 5319//2165
f 1478//2799 5319//2165 7639//2169
f 1474//2800 1479//2801 1475//2802
f 1479//2801 5549//2776 5548//2769
f 5347//2235 5346//2234 1479//2801
f 5346//2234 7596//2238 5549//2776
f 1472//2798 1475//2802 1480//2803
f 1476//2793 1480//2803 5553//2804
f 1475//2802 5548//2769 5547//2768
f 1480//2803 5547//2768 7665//2772
f 1481//2805 1485//2806 1486//2807
f 1482//2808 1486//2807 5556//2809
f 1485//2806 4900//1164 4899//1163
f 1486//2807 4899//1163 7532//1167
f 1481//2805 1482//2808 1487//2810
f 1483//2811 1487//2810 5559//2812
f 5557//2813 5558//2814 1487//2810
f 5558//2814 7660//2815 5559//2812
f 1483//2811 1488//2816 1484//2817
f 1488//2816 5552//2792 5551//2790
f 5560//2818 5561//2819 1488//2816
f 5561//2819 7664//2762 5552//2792
f 1481//2805 1484//2817 1489//2820
f 1485//2806 1489//2820 4901//1172
f 1484//2817 5551//2790 5550//2789
f 1489//2820 5550//2789 7617//1173
f 1494//2821 1495//2822 1491//2823
f 1495//2822 5562//2824 5563//2825
f 5554//2796 5553//2804 1495//2822
f 5553//2804 7665//2772 5562//2824
f 1490//2826 1491//2823 1496//2827
f 1496//2827 5565//2828 5566//2829
f 1491//2823 5563//2825 5564//2830
f 5564//2830 7661//2831 5565//2828
f 1490//2826 1492//2832 1497//2833
f 1493//2834 1497//2833 4910//1196
f 1492//2832 5566//2829 5567//2835
f 1497//2833 5567//2835 7533//1197
f 1490//2826 1493//2834 1498//2836
f 1494//2821 1498//2836 5555//2797
f 1493//2834 4909//1188 4908//1187
f 1498//2836 4908//1187 7618//1191
f 1503//2837 1504//2838 1500//2839
f 1504//2838 5568//2840 5569//2841
f 5560//2818 5559//2812 1504//2838
f 1504//2838 5559//2812 7660//2815
f 1499//2842 1500//2839 1505//2843
f 1501//2844 1505//2843 5571//2845
f 1500//2839 5569//2841 5570//2846
f 1505//2843 5570//2846 7666//2847
f 1501//2844 1506//2848 1502//2849
f 1506//2848 5543//2764 5542//2759
f 5572//2850 5573//2851 1506//2848
f 5573//2851 7662//2730 5543//2764
f 1499//2842 1502//2849 1507//2852
f 1503//2837 1507//2852 5561//2819
f 1502//2849 5542//2759 5541//2758
f 1507//2852 5541//2758 7664//2762
f 1512//2853 1513//2854 1509//2855
f 1513//2854 5574//2856 5575//2857
f 5545//2770 5544//2780 1513//2854
f 5544//2780 7663//2740 5574//2856
f 1508//2858 1509//2855 1514//2859
f 1510//2860 1514//2859 5577//2861
f 1509//2855 5575//2857 5576//2862
f 1514//2859 5576//2862 7667//2863
f 1510//2860 1515//2864 1511//2865
f 1515//2864 5564//2830 5563//2825
f 5578//2866 5579//2867 1515//2864
f 1515//2864 5579//2867 7661//2831
f 1508//2858 1511//2865 1516//2868
f 1512//2853 1516//2868 5546//2771
f 1511//2865 5563//2825 5562//2824
f 1516//2868 5562//2824 7665//2772
f 1517//2869 1521//2870 1522//2871
f 1518//2872 1522//2871 4916//1206
f 1521//2870 5581//2873 5582//2874
f 5582//2874 7530//1207 4916//1206
f 1518//2872 1523//2875 1519//2876
f 1523//2875 5531//2732 5530//2727
f 4915//1205 4914//1221 1523//2875
f 4914//1221 7615//1224 5531//2732
f 1517//2869 1519//2876 1524//2877
f 1520//2878 1524//2877 5573//2851
f 1519//2876 5530//2727 5529//2726
f 1524//2877 5529//2726 7662//2730
f 1520//2878 1525//2879 1521//2870
f 1525//2879 5580//2880 5581//2873
f 5572//2850 5571//2845 1525//2879
f 5571//2845 7666//2847 5580//2880
f 1526//2881 1530//2882 1531//2883
f 1527//2884 1531//2883 5534//2739
f 1530//2882 5575//2857 5574//2856
f 1531//2883 5574//2856 7663//2740
f 1527//2884 1532//2885 1528//2886
f 1532//2885 4937//1248 4936//1247
f 5533//2738 5532//2748 1532//2885
f 5532//2748 7616//1249 4937//1248
f 1526//2881 1528//2886 1533//2887
f 1529//2888 1533//2887 5583//2889
f 1528//2886 4936//1247 4935//1242
f 4935//1242 7531//1244 5583//2889
f 1529//2888 1534//2890 1530//2882
f 1534//2890 5576//2862 5575//2857
f 5584//2891 5585//2892 1534//2890
f 5585//2892 7667//2863 5576//2862
f 1539//2893 1540//2894 1536//2895
f 1540//2894 5363//2280 5362//2274
f 5587//2896 5588//2897 1540//2894
f 5588//2897 7582//2110 5363//2280
f 1535//2898 1536//2895 1541//2899
f 1537//2900 1541//2899 5589//2901
f 1536//2895 5362//2274 5361//2273
f 1541//2899 5361//2273 7581//2277
f 1537//2900 1542//2902 1538//2903
f 1542//2902 5592//2904 5593//2905
f 5590//2906 5591//2907 1542//2902
f 5591//2907 7523//2908 5592//2904
f 1535//2898 1538//2903 1543//2909
f 1539//2893 1543//2909 5586//2910
f 1538//2903 5593//2905 5594//2911
f 1543//2909 5594//2911 7673//2912
f 1548//2913 1549//2914 1545//2915
f 1549//2914 5591//2907 5590//2906
f 5596//2916 5597//2917 1549//2914
f 5597//2917 7523//2908 5591//2907
f 1544//2918 1545//2915 1550//2919
f 1546//2920 1550//2919 5366//2296
f 1545//2915 5590//2906 5589//2901
f 1550//2919 5589//2901 7581//2277
f 1546//2920 1551//2921 1547//2922
f 1551//2921 5598//2923 5599//2924
f 5365//2295 5364//2292 1551//2921
f 5364//2292 7583//2132 5598//2923
f 1544//2918 1547//2922 1552//2925
f 1548//2913 1552//2925 5595//2926
f 1547//2922 5599//2924 5600//2927
f 1552//2925 5600//2927 7674//2928
f 1557//2929 1558//2930 1554//2931
f 1558//2930 5297//2114 5296//2107
f 5602//2932 5603//2933 1558//2930
f 5603//2933 7584//2078 5297//2114
f 1553//2934 1554//2931 1559//2935
f 1555//2936 1559//2935 5588//2897
f 1554//2931 5296//2107 5295//2106
f 1559//2935 5295//2106 7582//2110
f 1555//2936 1560//2937 1556//2938
f 1556//2938 1560//2937 5604//2939
f 5587//2896 5586//2910 1560//2937
f 1560//2937 5586//2910 7673//2912
f 1553//2934 1556//2938 1561//2940
f 1557//2929 1561//2940 5601//2941
f 5605//2942 5606//2943 1561//2940
f 5606//2943 7671//2944 5601//2941
f 1566//2945 1567//2946 1563//2947
f 1567//2946 5600//2927 5599//2924
f 1566//2945 5608//2948 5609//2949
f 1567//2946 5609//2949 7674//2928
f 1562//2950 1563//2947 1568//2951
f 1564//2952 1568//2951 5300//2131
f 1563//2947 5599//2924 5598//2923
f 1568//2951 5598//2923 7583//2132
f 1564//2952 1569//2953 1565//2954
f 1569//2953 5610//2955 5611//2956
f 5299//2130 5298//2125 1569//2953
f 5298//2125 7585//2099 5610//2955
f 1562//2950 1565//2954 1570//2957
f 1570//2957 5607//2958 5608//2948
f 1565//2954 5611//2956 5612//2959
f 5612//2959 7672//2960 5607//2958
f 1571//2961 1575//2962 1576//2963
f 1572//2964 1576//2963 5285//2082
f 1575//2962 5614//2965 5615//2966
f 1576//2963 5615//2966 7586//2042
f 1572//2964 1577//2967 1573//2968
f 1573//2968 1577//2967 5603//2933
f 5284//2081 5283//2075 1577//2967
f 1577//2967 5283//2075 7584//2078
f 1571//2961 1573//2968 1578//2969
f 1574//2970 1578//2969 5616//2971
f 5602//2932 5601//2941 1578//2969
f 1578//2969 5601//2941 7671//2944
f 1574//2970 1579//2972 1575//2962
f 1579//2972 5613//2973 5614//2965
f 5617//2974 5618//2975 1579//2972
f 5618//2975 7669//2976 5613//2973
f 1580//2977 1584//2978 1585//2979
f 1585//2979 5612//2959 5611//2956
f 1584//2978 5620//2980 5621//2981
f 1585//2979 5621//2981 7672//2960
f 1581//2982 1586//2983 1582//2984
f 1586//2983 5288//2098 5287//2094
f 1581//2982 5611//2956 5610//2955
f 1586//2983 5610//2955 7585//2099
f 1580//2977 1582//2984 1587//2985
f 1583//2986 1587//2985 5622//2987
f 1582//2984 5287//2094 5286//2093
f 1587//2985 5286//2093 7587//2067
f 1583//2986 1588//2988 1584//2978
f 1588//2988 5619//2989 5620//2980
f 5623//2990 5624//2991 1588//2988
f 5624//2991 7670//2992 5619//2989
f 1589//2993 1593//2994 1594//2995
f 1590//2996 1594//2995 5270//2048
f 1593//2994 5626//2997 5627//2998
f 1594//2995 5627//2998 7588//2049
f 1590//2996 1595//2999 1591//3000
f 1595//2999 5615//2966 5614//2965
f 5269//2047 5268//2039 1595//2999
f 5268//2039 7586//2042 5615//2966
f 1589//2993 1591//3000 1596//3001
f 1592//3002 1596//3001 5628//3003
f 1591//3000 5614//2965 5613//2973
f 1596//3001 5613//2973 7669//2976
f 1592//3002 1597//3004 1593//2994
f 1597//3004 5625//3005 5626//2997
f 5629//3006 5630//3007 1597//3004
f 5630//3007 7668//3008 5625//3005
f 1598//3009 1602//3010 1603//3011
f 1599//3012 1603//3011 5624//2991
f 1602//3010 5632//3013 5633//3014
f 1603//3011 5633//3014 7670//2992
f 1599//3012 1604//3015 1600//3016
f 1604//3015 5276//2066 5275//2062
f 5623//2990 5622//2987 1604//3015
f 5622//2987 7587//2067 5276//2066
f 1598//3009 1600//3016 1605//3017
f 1601//3018 1605//3017 5627//2998
f 1600//3016 5275//2062 5274//2061
f 1605//3017 5274//2061 7588//2049
f 1601//3018 1606//3019 1602//3010
f 1606//3019 5631//3020 5632//3013
f 5626//2997 5625//3005 1606//3019
f 5625//3005 7668//3008 5631//3020
f 1611//3021 1612//3022 1608//3023
f 1608//3023 1612//3022 5630//3007
f 5635//3024 5636//3025 1612//3022
f 1612//3022 5636//3025 7668//3008
f 1607//3026 1608//3023 1613//3027
f 1609//3028 1613//3027 5637//3029
f 5629//3006 5628//3003 1613//3027
f 5628//3003 7669//2976 5637//3029
f 1609//3028 1614//3030 1610//3031
f 1614//3030 5640//3032 5641//3033
f 5638//3034 5639//3035 1614//3030
f 5639//3035 7680//3036 5640//3032
f 1607//3026 1610//3031 1615//3037
f 1611//3021 1615//3037 5634//3038
f 1610//3031 5641//3033 5642//3039
f 1615//3037 5642//3039 7682//3040
f 1620//3041 1621//3042 1617//3043
f 1621//3042 5646//3044 5647//3045
f 5644//3046 5645//3047 1621//3042
f 5645//3047 7681//3048 5646//3044
f 1616//3049 1617//3043 1622//3050
f 1622//3050 5633//3014 5632//3013
f 1617//3043 5647//3045 5648//3051
f 5648//3051 7670//2992 5633//3014
f 1618//3052 1623//3053 1619//3054
f 1623//3053 5636//3025 5635//3024
f 1618//3052 5632//3013 5631//3020
f 1623//3053 5631//3020 7668//3008
f 1616//3049 1619//3054 1624//3055
f 1620//3041 1624//3055 5643//3056
f 1619//3054 5635//3024 5634//3038
f 1624//3055 5634//3038 7682//3040
f 1625//3057 1629//3058 1630//3059
f 1626//3060 1630//3059 5618//2975
f 5638//3034 5637//3029 1630//3059
f 1630//3059 5637//3029 7669//2976
f 1626//3060 1631//3061 1627//3062
f 1631//3061 5649//3063 5650//3064
f 5617//2974 5616//2971 1631//3061
f 5616//2971 7671//2944 5649//3063
f 1625//3057 1627//3062 1632//3065
f 1632//3065 5652//3066 5653//3067
f 1627//3062 5650//3064 5651//3068
f 1632//3065 5651//3068 7678//3069
f 1625//3057 1628//3070 1633//3071
f 1629//3058 1633//3071 5639//3035
f 1628//3070 5653//3067 5654//3072
f 1633//3071 5654//3072 7680//3036
f 1634//3073 1638//3074 1639//3075
f 1635//3076 1639//3075 5658//3077
f 5656//3078 5657//3079 1639//3075
f 1639//3075 5657//3079 7679//3080
f 1635//3076 1640//3081 1636//3082
f 1640//3081 5621//2981 5620//2980
f 5659//3083 5660//3084 1640//3081
f 5660//3084 7672//2960 5621//2981
f 1634//3073 1636//3082 1641//3085
f 1641//3085 5648//3051 5647//3045
f 1636//3082 5620//2980 5619//2989
f 1641//3085 5619//2989 7670//2992
f 1634//3073 1637//3086 1642//3087
f 1638//3074 1642//3087 5655//3088
f 1637//3086 5647//3045 5646//3044
f 1642//3087 5646//3044 7681//3048
f 1643//3089 1647//3090 1648//3091
f 1644//3092 1648//3091 5606//2943
f 1647//3090 5650//3064 5649//3063
f 1648//3091 5649//3063 7671//2944
f 1644//3092 1649//3093 1645//3094
f 1649//3093 5661//3095 5662//3096
f 5605//2942 5604//2939 1649//3093
f 5604//2939 7673//2912 5661//3095
f 1643//3089 1645//3094 1650//3097
f 1646//3098 1650//3097 5664//3099
f 1645//3094 5662//3096 5663//3100
f 1650//3097 5663//3100 7676//3101
f 1646//3098 1651//3102 1647//3090
f 1651//3102 5651//3068 5650//3064
f 5665//3103 5666//3104 1651//3102
f 5666//3104 7678//3069 5651//3068
f 1652//3105 1656//3106 1657//3107
f 1653//3108 1657//3107 5670//3109
f 1656//3106 5668//3110 5669//3111
f 1657//3107 5669//3111 7677//3112
f 1653//3108 1658//3113 1654//3114
f 1658//3113 5609//2949 5608//2948
f 5671//3115 5672//3116 1658//3113
f 5672//3116 7674//2928 5609//2949
f 1652//3105 1654//3114 1659//3117
f 1655//3118 1659//3117 5660//3084
f 1654//3114 5608//2948 5607//2958
f 1659//3117 5607//2958 7672//2960
f 1655//3118 1660//3119 1656//3106
f 1660//3119 5667//3120 5668//3110
f 5659//3083 5658//3077 1660//3119
f 5658//3077 7679//3080 5667//3120
f 1665//3121 1666//3122 1662//3123
f 1666//3122 5594//2911 5593//2905
f 5662//3096 5661//3095 1666//3122
f 5661//3095 7673//2912 5594//2911
f 1661//3124 1662//3123 1667//3125
f 1663//3126 1667//3125 5673//3127
f 1662//3123 5593//2905 5592//2904
f 1667//3125 5592//2904 7523//2908
f 1663//3126 1668//3128 1664//3129
f 1668//3128 5676//3130 5677//3131
f 5674//3132 5675//3133 1668//3128
f 5675//3133 7675//3134 5676//3130
f 1661//3124 1664//3129 1669//3135
f 1665//3121 1669//3135 5663//3100
f 1664//3129 5677//3131 5678//3136
f 1669//3135 5678//3136 7676//3101
f 1674//3137 1675//3138 1671//3139
f 1675//3138 5675//3133 5674//3132
f 5680//3140 5681//3141 1675//3138
f 5681//3141 7675//3134 5675//3133
f 1670//3142 1671//3139 1676//3143
f 1672//3144 1676//3143 5597//2917
f 1671//3139 5674//3132 5673//3127
f 1676//3143 5673//3127 7523//2908
f 1672//3144 1677//3145 1673//3146
f 1677//3145 5672//3116 5671//3115
f 5596//2916 5595//2926 1677//3145
f 5595//2926 7674//2928 5672//3116
f 1670//3142 1673//3146 1678//3147
f 1674//3137 1678//3147 5679//3148
f 1673//3146 5671//3115 5670//3109
f 1678//3147 5670//3109 7677//3112
f 1679//3149 1683//3150 1684//3151
f 1680//3152 1684//3151 5682//3153
f 1683//3150 5677//3131 5676//3130
f 1684//3151 5676//3130 7675//3134
f 1680//3152 1685//3154 1681//3155
f 1685//3154 5642//3039 5641//3033
f 5683//3156 5684//3157 1685//3154
f 5684//3157 7682//3040 5642//3039
f 1679//3149 1681//3155 1686//3158
f 1682//3159 1686//3158 5685//3160
f 1681//3155 5641//3033 5640//3032
f 1686//3158 5640//3032 7680//3036
f 1682//3159 1687//3161 1683//3150
f 1687//3161 5678//3136 5677//3131
f 5686//3162 5687//3163 1687//3161
f 5687//3163 7676//3101 5678//3136
f 1688//3164 1692//3165 1693//3166
f 1689//3167 1693//3166 5645//3047
f 1692//3165 5689//3168 5690//3169
f 1693//3166 5690//3169 7681//3048
f 1689//3167 1694//3170 1690//3171
f 1694//3170 5684//3157 5683//3156
f 5644//3046 5643//3056 1694//3170
f 5643//3056 7682//3040 5684//3157
f 1688//3164 1690//3171 1695//3172
f 1691//3173 1695//3172 5681//3141
f 1690//3171 5683//3156 5682//3153
f 1695//3172 5682//3153 7675//3134
f 1691//3173 1696//3174 1692//3165
f 1696//3174 5688//3175 5689//3168
f 5680//3140 5679//3148 1696//3174
f 5679//3148 7677//3112 5688//3175
f 1700//3176 1701//3177 1698//3178
f 1698//3178 1701//3177 5687//3163
f 5665//3103 5664//3099 1701//3177
f 5664//3099 7676//3101 5687//3163
f 1698//3178 1702//3179 1699//3180
f 1702//3179 5654//3072 5653//3067
f 5686//3162 5685//3160 1702//3179
f 5685//3160 7680//3036 5654//3072
f 1697//3181 1699//3180 1703//3182
f 1700//3176 1703//3182 5666//3104
f 1699//3180 5653//3067 5652//3066
f 1703//3182 5652//3066 7678//3069
f 1704//3183 1707//3184 1708//3185
f 1705//3186 1708//3185 5657//3079
f 1707//3184 5668//3110 5667//3120
f 1708//3185 5667//3120 7679//3080
f 1705//3186 1709//3187 1706//3188
f 1709//3187 5690//3169 5689//3168
f 5656//3078 5655//3088 1709//3187
f 5655//3088 7681//3048 5690//3169
f 1706//3188 1710//3189 1707//3184
f 1710//3189 5669//3111 5668//3110
f 1706//3188 5689//3168 5688//3175
f 5688//3175 7677//3112 5669//3111
f 1711//3190 1715//3191 1716//3192
f 1712//3193 1716//3192 5261//2020
f 1715//3191 5692//3194 5693//3195
f 5693//3195 7634//1991 5261//2020
f 1712//3193 1717//3196 1713//3197
f 1717//3196 5694//3198 5695//3199
f 5260//2019 5259//2016 1717//3196
f 5259//2016 7632//1912 5694//3198
f 1711//3190 1713//3197 1718//3200
f 1714//3201 1718//3200 5697//3202
f 1713//3197 5695//3199 5696//3203
f 1718//3200 5696//3203 7685//3204
f 1714//3201 1719//3205 1715//3191
f 1719//3205 5691//3206 5692//3194
f 5698//3207 5699//3208 1719//3205
f 5699//3208 7683//3209 5691//3206
f 1720//3210 1724//3211 1725//3212
f 1721//3213 1725//3212 5703//3214
f 1724//3211 5701//3215 5702//3216
f 1725//3212 5702//3216 7686//3217
f 1721//3213 1726//3218 1722//3219
f 1726//3218 5264//2031 5263//2027
f 5704//3220 5705//3221 1726//3218
f 5705//3221 7633//1934 5264//2031
f 1720//3210 1722//3219 1727//3222
f 1723//3223 1727//3222 5706//3224
f 1722//3219 5263//2027 5262//2026
f 5262//2026 7635//2007 5706//3224
f 1723//3223 1728//3225 1724//3211
f 1728//3225 5700//3226 5701//3215
f 5707//3227 5708//3228 1728//3225
f 5708//3228 7684//3229 5700//3226
f 1733//3230 1734//3231 1730//3232
f 1734//3231 5243//1977 5242//1976
f 5710//3233 5711//3234 1734//3231
f 5711//3234 7563//1955 5243//1977
f 1729//3235 1730//3232 1735//3236
f 1731//3237 1735//3236 5693//3195
f 1730//3232 5242//1976 5241//1988
f 1735//3236 5241//1988 7634//1991
f 1729//3235 1731//3237 1736//3238
f 1732//3239 1736//3238 5712//3240
f 1731//3237 5692//3194 5691//3206
f 1736//3238 5691//3206 7683//3209
f 1732//3239 1737//3241 1733//3230
f 1737//3241 5709//3242 5710//3233
f 5713//3243 5714//3244 1737//3241
f 5714//3244 7705//3245 5709//3242
f 1738//3246 1742//3247 1743//3248
f 1739//3249 1743//3248 5708//3228
f 1742//3247 5716//3250 5717//3251
f 1743//3248 5717//3251 7684//3229
f 1738//3246 1739//3249 1744//3252
f 1740//3253 1744//3252 5255//2006
f 1739//3249 5707//3227 5706//3224
f 1744//3252 5706//3224 7635//2007
f 1740//3253 1745//3254 1741//3255
f 1745//3254 5718//3256 5719//3257
f 5254//2005 5253//2002 1745//3254
f 5253//2002 7564//1971 5718//3256
f 1741//3255 1746//3258 1742//3247
f 1746//3258 5715//3259 5716//3250
f 5719//3257 5720//3260 1746//3258
f 5720//3260 7706//3261 5715//3259
f 1751//3262 1752//3263 1748//3264
f 1748//3264 1752//3263 5231//1944
f 1751//3262 5722//3265 5723//3266
f 1752//3263 5723//3266 7561//1612
f 1747//3267 1748//3264 1753//3268
f 1749//3269 1753//3268 5711//3234
f 5230//1943 5229//1953 1753//3268
f 1753//3268 5229//1953 7563//1955
f 1749//3269 1754//3270 1750//3271
f 1754//3270 5724//3272 5725//3273
f 5710//3233 5709//3242 1754//3270
f 1754//3270 5709//3242 7705//3245
f 1747//3267 1750//3271 1755//3274
f 1751//3262 1755//3274 5721//3275
f 1750//3271 5725//3273 5726//3276
f 1755//3274 5726//3276 7707//3277
f 1760//3278 1761//3279 1757//3280
f 1761//3279 5720//3260 5719//3257
f 5728//3281 5729//3282 1761//3279
f 1761//3279 5729//3282 7706//3261
f 1756//3283 1757//3280 1762//3284
f 1762//3284 5240//1970 5239//1967
f 1757//3280 5719//3257 5718//3256
f 1762//3284 5718//3256 7564//1971
f 1758//3285 1763//3286 1759//3287
f 1759//3287 1763//3286 5730//3288
f 1758//3285 5239//1967 5238//1966
f 1763//3286 5238//1966 7562//1642
f 1756//3283 1759//3287 1764//3289
f 1760//3278 1764//3289 5727//3290
f 1759//3287 5731//3291 5732//3292
f 1764//3289 5732//3292 7708//3293
f 1765//3294 1769//3295 1770//3296
f 1766//3297 1770//3296 5213//1911
f 1769//3295 5695//3199 5694//3198
f 1770//3296 5694//3198 7632//1912
f 1765//3294 1766//3297 1771//3298
f 1767//3299 1771//3298 5733//3300
f 5212//1910 5211//1905 1771//3298
f 1771//3298 5211//1905 7565//1876
f 1767//3299 1772//3301 1768//3302
f 1772//3301 5736//3303 5737//3304
f 5734//3305 5735//3306 1772//3301
f 5735//3306 7703//3307 5736//3303
f 1765//3294 1768//3302 1773//3308
f 1773//3308 5696//3203 5695//3199
f 1768//3302 5737//3304 5738//3309
f 5738//3309 7685//3204 5696//3203
f 1778//3310 1779//3311 1775//3312
f 1779//3311 5742//3313 5743//3314
f 5740//3315 5741//3316 1779//3311
f 5741//3316 7704//3317 5742//3313
f 1774//3318 1775//3312 1780//3319
f 1780//3319 5228//1936 5227//1931
f 1775//3312 5743//3314 5744//3320
f 1780//3319 5744//3320 7566//1897
f 1774//3318 1776//3321 1781//3322
f 1777//3323 1781//3322 5705//3221
f 1776//3321 5227//1931 5226//1930
f 1781//3322 5226//1930 7633//1934
f 1774//3318 1777//3323 1782//3324
f 1778//3310 1782//3324 5739//3325
f 5704//3220 5703//3214 1782//3324
f 5703//3214 7686//3217 5739//3325
f 1783//3326 1787//3327 1788//3328
f 1784//3329 1788//3328 5201//1875
f 1787//3327 5734//3305 5733//3300
f 5733//3300 7565//1876 5201//1875
f 1784//3329 1789//3330 1785//3331
f 1789//3330 5745//3332 5746//3333
f 5200//1874 5199//1884 1789//3330
f 5199//1884 7567//1844 5745//3332
f 1783//3326 1785//3331 1790//3334
f 1786//3335 1790//3334 5748//3336
f 1785//3331 5746//3333 5747//3337
f 1790//3334 5747//3337 7701//3338
f 1786//3335 1791//3339 1787//3327
f 1787//3327 1791//3339 5735//3306
f 5749//3340 5750//3341 1791//3339
f 1791//3339 5750//3341 7703//3307
f 1792//3342 1796//3343 1797//3344
f 1793//3345 1797//3344 5754//3346
f 1796//3343 5752//3347 5753//3348
f 1797//3344 5753//3348 7702//3349
f 1793//3345 1798//3350 1794//3351
f 1798//3350 5210//1900 5209//1899
f 5755//3352 5756//3353 1798//3350
f 5756//3353 7568//1866 5210//1900
f 1792//3342 1794//3351 1799//3354
f 1795//3355 1799//3354 5744//3320
f 1794//3351 5209//1899 5208//1895
f 5208//1895 7566//1897 5744//3320
f 1795//3355 1800//3356 1796//3343
f 1800//3356 5751//3357 5752//3347
f 1795//3355 5743//3314 5742//3313
f 1800//3356 5742//3313 7704//3317
f 1801//3358 1805//3359 1806//3360
f 1802//3361 1806//3360 5189//1843
f 1805//3359 5746//3333 5745//3332
f 1806//3360 5745//3332 7567//1844
f 1802//3361 1807//3362 1803//3363
f 1807//3362 5757//3364 5758//3365
f 5188//1842 5187//1852 1807//3362
f 5187//1852 7569//1812 5757//3364
f 1801//3358 1803//3363 1808//3366
f 1804//3367 1808//3366 5760//3368
f 1803//3363 5758//3365 5759//3369
f 1808//3366 5759//3369 7699//3370
f 1804//3367 1809//3371 1805//3359
f 1809//3371 5747//3337 5746//3333
f 5761//3372 5762//3373 1809//3371
f 5762//3373 7701//3338 5747//3337
f 1810//3374 1814//3375 1815//3376
f 1811//3377 1815//3376 5766//3378
f 1814//3375 5764//3379 5765//3380
f 1815//3376 5765//3380 7700//3381
f 1811//3377 1816//3382 1812//3383
f 1816//3382 5198//1868 5197//1863
f 5767//3384 5768//3385 1816//3382
f 5768//3385 7570//1834 5198//1868
f 1810//3374 1812//3383 1817//3386
f 1813//3387 1817//3386 5756//3353
f 1812//3383 5197//1863 5196//1862
f 1817//3386 5196//1862 7568//1866
f 1813//3387 1818//3388 1814//3375
f 1818//3388 5763//3389 5764//3379
f 5755//3352 5754//3346 1818//3388
f 5754//3346 7702//3349 5763//3389
f 1819//3390 1823//3391 1824//3392
f 1820//3393 1824//3392 5177//1811
f 1823//3391 5758//3365 5757//3364
f 1824//3392 5757//3364 7569//1812
f 1820//3393 1825//3394 1821//3395
f 1825//3394 5769//3396 5770//3397
f 5176//1810 5175//1820 1825//3394
f 5175//1820 7571//1780 5769//3396
f 1819//3390 1821//3395 1826//3398
f 1822//3399 1826//3398 5772//3400
f 1821//3395 5770//3397 5771//3401
f 1826//3398 5771//3401 7697//3402
f 1822//3399 1827//3403 1823//3391
f 1827//3403 5759//3369 5758//3365
f 5773//3404 5774//3405 1827//3403
f 5774//3405 7699//3370 5759//3369
f 1828//3406 1832//3407 1833//3408
f 1829//3409 1833//3408 5778//3410
f 1832//3407 5776//3411 5777//3412
f 1833//3408 5777//3412 7698//3413
f 1829//3409 1834//3414 1830//3415
f 1834//3414 5186//1836 5185//1831
f 5779//3416 5780//3417 1834//3414
f 5780//3417 7572//1802 5186//1836
f 1828//3406 1830//3415 1835//3418
f 1831//3419 1835//3418 5768//3385
f 1830//3415 5185//1831 5184//1830
f 1835//3418 5184//1830 7570//1834
f 1831//3419 1836//3420 1832//3407
f 1836//3420 5775//3421 5776//3411
f 5767//3384 5766//3378 1836//3420
f 5766//3378 7700//3381 5775//3421
f 1837//3422 1841//3423 1842//3424
f 1838//3425 1842//3424 5165//1779
f 1841//3423 5770//3397 5769//3396
f 1842//3424 5769//3396 7571//1780
f 1838//3425 1843//3426 1839//3427
f 1843//3426 5781//3428 5782//3429
f 5164//1778 5163//1788 1843//3426
f 5163//1788 7573//1748 5781//3428
f 1837//3422 1839//3427 1844//3430
f 1840//3431 1844//3430 5784//3432
f 1839//3427 5782//3429 5783//3433
f 1844//3430 5783//3433 7695//3434
f 1840//3431 1845//3435 1841//3423
f 1845//3435 5771//3401 5770//3397
f 5785//3436 5786//3437 1845//3435
f 5786//3437 7697//3402 5771//3401
f 1846//3438 1850//3439 1851//3440
f 1847//3441 1851//3440 5790//3442
f 1850//3439 5788//3443 5789//3444
f 1851//3440 5789//3444 7696//3445
f 1847//3441 1852//3446 1848//3447
f 1852//3446 5174//1804 5173//1799
f 5791//3448 5792//3449 1852//3446
f 5792//3449 7574//1770 5174//1804
f 1846//3438 1848//3447 1853//3450
f 1849//3451 1853//3450 5780//3417
f 1848//3447 5173//1799 5172//1798
f 1853//3450 5172//1798 7572//1802
f 1849//3451 1854//3452 1850//3439
f 1854//3452 5787//3453 5788//3443
f 5779//3416 5778//3410 1854//3452
f 5778//3410 7698//3413 5787//3453
f 1859//3454 1860//3455 1856//3456
f 1860//3455 5153//1747 5152//1746
f 1859//3454 5782//3429 5781//3428
f 1860//3455 5781//3428 7573//1748
f 1855//3457 1856//3456 1861//3458
f 1857//3459 1861//3458 5793//3460
f 1856//3456 5152//1746 5151//1756
f 1861//3458 5151//1756 7575//1716
f 1857//3459 1862//3461 1858//3462
f 1862//3461 5796//3463 5797//3464
f 5794//3465 5795//3466 1862//3461
f 5795//3466 7693//3467 5796//3463
f 1855//3457 1858//3462 1863//3468
f 1863//3468 5783//3433 5782//3429
f 1858//3462 5797//3464 5798//3469
f 1863//3468 5798//3469 7695//3434
f 1868//3470 1869//3471 1865//3472
f 1869//3471 5802//3473 5803//3474
f 5800//3475 5801//3476 1869//3471
f 5801//3476 7694//3477 5802//3473
f 1864//3478 1865//3472 1870//3479
f 1866//3480 1870//3479 5162//1772
f 1865//3472 5803//3474 5804//3481
f 1870//3479 5804//3481 7576//1737
f 1866//3480 1871//3482 1867//3483
f 1867//3483 1871//3482 5792//3449
f 5161//1767 5160//1766 1871//3482
f 1871//3482 5160//1766 7574//1770
f 1864//3478 1867//3483 1872//3484
f 1868//3470 1872//3484 5799//3485
f 5791//3448 5790//3442 1872//3484
f 1872//3484 5790//3442 7696//3445
f 1877//3486 1878//3487 1874//3488
f 1878//3487 5141//1715 5140//1714
f 5794//3465 5793//3460 1878//3487
f 5793//3460 7575//1716 5141//1715
f 1873//3489 1874//3488 1879//3490
f 1875//3491 1879//3490 5805//3492
f 1874//3488 5140//1714 5139//1724
f 5139//1724 7577//1684 5805//3492
f 1875//3491 1880//3493 1876//3494
f 1880//3493 5808//3495 5809//3496
f 5806//3497 5807//3498 1880//3493
f 5807//3498 7691//3499 5808//3495
f 1873//3489 1876//3494 1881//3500
f 1877//3486 1881//3500 5795//3466
f 1876//3494 5809//3496 5810//3501
f 1881//3500 5810//3501 7693//3467
f 1886//3502 1887//3503 1883//3504
f 1887//3503 5814//3505 5815//3506
f 5812//3507 5813//3508 1887//3503
f 5813//3508 7692//3509 5814//3505
f 1882//3510 1883//3504 1888//3511
f 1884//3512 1888//3511 5150//1740
f 1883//3504 5815//3506 5816//3513
f 5816//3513 7578//1706 5150//1740
f 1884//3512 1889//3514 1885//3515
f 1889//3514 5804//3481 5803//3474
f 5149//1739 5148//1735 1889//3514
f 5148//1735 7576//1737 5804//3481
f 1882//3510 1885//3515 1890//3516
f 1886//3502 1890//3516 5811//3517
f 1885//3515 5803//3474 5802//3473
f 1890//3516 5802//3473 7694//3477
f 1891//3518 1895//3519 1896//3520
f 1892//3521 1896//3520 5129//1683
f 1895//3519 5806//3497 5805//3492
f 1896//3520 5805//3492 7577//1684
f 1892//3521 1897//3522 1893//3523
f 1897//3522 5817//3524 5818//3525
f 5128//1682 5127//1692 1897//3522
f 5127//1692 7630//1656 5817//3524
f 1891//3518 1893//3523 1898//3526
f 1894//3527 1898//3526 5820//3528
f 1893//3523 5818//3525 5819//3529
f 1898//3526 5819//3529 7687//3530
f 1894//3527 1899//3531 1895//3519
f 1899//3531 5807//3498 5806//3497
f 5821//3532 5822//3533 1899//3531
f 1899//3531 5822//3533 7691//3499
f 1900//3534 1904//3535 1905//3536
f 1901//3537 1905//3536 5826//3538
f 1904//3535 5824//3539 5825//3540
f 1905//3536 5825//3540 7688//3541
f 1901//3537 1906//3542 1902//3543
f 1906//3542 5138//1708 5137//1703
f 5827//3544 5828//3545 1906//3542
f 5828//3545 7631//1672 5138//1708
f 1900//3534 1902//3543 1907//3546
f 1903//3547 1907//3546 5816//3513
f 1902//3543 5137//1703 5136//1702
f 1907//3546 5136//1702 7578//1706
f 1903//3547 1908//3548 1904//3535
f 1908//3548 5823//3549 5824//3539
f 5815//3506 5814//3505 1908//3548
f 1908//3548 5814//3505 7692//3509
f 1909//3550 1913//3551 1914//3552
f 1910//3553 1914//3552 5117//1655
f 1913//3551 5818//3525 5817//3524
f 1914//3552 5817//3524 7630//1656
f 1910//3553 1915//3554 1911//3555
f 1915//3554 5829//3556 5830//3557
f 5116//1654 5115//1649 1915//3554
f 5115//1649 7579//1618 5829//3556
f 1909//3550 1911//3555 1916//3558
f 1912//3559 1916//3558 5832//3560
f 1911//3555 5830//3557 5831//3561
f 1916//3558 5831//3561 7689//3562
f 1912//3559 1917//3563 1913//3551
f 1917//3563 5819//3529 5818//3525
f 5833//3564 5834//3565 1917//3563
f 5834//3565 7687//3530 5819//3529
f 1918//3566 1922//3567 1923//3568
f 1919//3569 1923//3568 5838//3570
f 1922//3567 5836//3571 5837//3572
f 1923//3568 5837//3572 7690//3573
f 1919//3569 1924//3574 1920//3575
f 1924//3574 5126//1674 5125//1669
f 5839//3576 5840//3577 1924//3574
f 5840//3577 7580//1635 5126//1674
f 1918//3566 1920//3575 1925//3578
f 1921//3579 1925//3578 5828//3545
f 1920//3575 5125//1669 5124//1668
f 1925//3578 5124//1668 7631//1672
f 1921//3579 1926//3580 1922//3567
f 1926//3580 5835//3581 5836//3571
f 5827//3544 5826//3538 1926//3580
f 5826//3538 7688//3541 5835//3581
f 1927//3582 1931//3583 1932//3584
f 1932//3584 5102//1617 5101//1609
f 1931//3583 5830//3557 5829//3556
f 5829//3556 7579//1618 5102//1617
f 1928//3585 1933//3586 1929//3587
f 1933//3586 5723//3266 5722//3265
f 1928//3585 5101//1609 5100//1608
f 5100//1608 7561//1612 5723//3266
f 1927//3582 1929//3587 1934//3588
f 1930//3589 1934//3588 5841//3590
f 1929//3587 5722//3265 5721//3275
f 1934//3588 5721//3275 7707//3277
f 1930//3589 1935//3591 1931//3583
f 1935//3591 5831//3561 5830//3557
f 5842//3592 5843//3593 1935//3591
f 5843//3593 7689//3562 5831//3561
f 1936//3594 1940//3595 1941//3596
f 1937//3597 1941//3596 5732//3292
f 1940//3595 5845//3598 5846//3599
f 1941//3596 5846//3599 7708//3293
f 1937//3597 1942//3600 1938//3601
f 1938//3601 1942//3600 5111//1641
f 5731//3291 5730//3288 1942//3600
f 5730//3288 7562//1642 5111//1641
f 1936//3594 1938//3601 1943//3602
f 1939//3603 1943//3602 5840//3577
f 5110//1640 5109//1633 1943//3602
f 5109//1633 7580//1635 5840//3577
f 1939//3603 1944//3604 1940//3595
f 1944//3604 5844//3605 5845//3598
f 5839//3576 5838//3570 1944//3604
f 5838//3570 7690//3573 5844//3605
f 1945//3606 1949//3607 1950//3608
f 1946//3609 1950//3608 5843//3593
f 1949//3607 5848//3610 5849//3611
f 1950//3608 5849//3611 7689//3562
f 1946//3609 1951//3612 1947//3613
f 1951//3612 5850//3614 5851//3615
f 5842//3592 5841//3590 1951//3612
f 5841//3590 7707//3277 5850//3614
f 1945//3606 1947//3613 1952//3616
f 1952//3616 5853//3617 5854//3618
f 1947//3613 5851//3615 5852//3619
f 5852//3619 7709//3620 5853//3617
f 1945//3606 1948//3621 1953//3622
f 1953//3622 5847//3623 5848//3610
f 1948//3621 5854//3618 5855//3624
f 1953//3622 5855//3624 7727//3625
f 1954//3626 1958//3627 1959//3628
f 1955//3629 1959//3628 5859//3630
f 5857//3631 5858//3632 1959//3628
f 5858//3632 7710//3633 5859//3630
f 1955//3629 1960//3634 1956//3635
f 1960//3634 5846//3599 5845//3598
f 5860//3636 5861//3637 1960//3634
f 5861//3637 7708//3293 5846//3599
f 1954//3626 1956//3635 1961//3638
f 1957//3639 1961//3638 5862//3640
f 1956//3635 5845//3598 5844//3605
f 1961//3638 5844//3605 7690//3573
f 1954//3626 1957//3639 1962//3641
f 1958//3627 1962//3641 5856//3642
f 5863//3643 5864//3644 1962//3641
f 1962//3641 5864//3644 7728//3645
f 1963//3646 1967//3647 1968//3648
f 1964//3649 1968//3648 5834//3565
f 1967//3647 5866//3650 5867//3651
f 1968//3648 5867//3651 7687//3530
f 1964//3649 1969//3652 1965//3653
f 1969//3652 5849//3611 5848//3610
f 5833//3564 5832//3560 1969//3652
f 5832//3560 7689//3562 5849//3611
f 1963//3646 1965//3653 1970//3654
f 1966//3655 1970//3654 5868//3656
f 1965//3653 5848//3610 5847//3623
f 1970//3654 5847//3623 7727//3625
f 1966//3655 1971//3657 1967//3647
f 1971//3657 5865//3658 5866//3650
f 5869//3659 5870//3660 1971//3657
f 5870//3660 7729//3661 5865//3658
f 1972//3662 1976//3663 1977//3664
f 1973//3665 1977//3664 5864//3644
f 1976//3663 5872//3666 5873//3667
f 1977//3664 5873//3667 7728//3645
f 1973//3665 1978//3668 1974//3669
f 1978//3668 5837//3572 5836//3571
f 5863//3643 5862//3640 1978//3668
f 5862//3640 7690//3573 5837//3572
f 1972//3662 1974//3669 1979//3670
f 1975//3671 1979//3670 5874//3672
f 1974//3669 5836//3571 5835//3581
f 1979//3670 5835//3581 7688//3541
f 1975//3671 1980//3673 1976//3663
f 1980//3673 5871//3674 5872//3666
f 5875//3675 5876//3676 1980//3673
f 5876//3676 7730//3677 5871//3674
f 1981//3678 1985//3679 1986//3680
f 1982//3681 1986//3680 5822//3533
f 5878//3682 5879//3683 1986//3680
f 5879//3683 7691//3499 5822//3533
f 1982//3681 1987//3684 1983//3685
f 1987//3684 5867//3651 5866//3650
f 5821//3532 5820//3528 1987//3684
f 5820//3528 7687//3530 5867//3651
f 1981//3678 1983//3685 1988//3686
f 1984//3687 1988//3686 5880//3688
f 1983//3685 5866//3650 5865//3658
f 1988//3686 5865//3658 7729//3661
f 1984//3687 1989//3689 1985//3679
f 1985//3679 1989//3689 5877//3690
f 5881//3691 5882//3692 1989//3689
f 5882//3692 7725//3693 5877//3690
f 1990//3694 1994//3695 1995//3696
f 1991//3697 1995//3696 5876//3676
f 1994//3695 5884//3698 5885//3699
f 1995//3696 5885//3699 7730//3677
f 1991//3697 1996//3700 1992//3701
f 1996//3700 5825//3540 5824//3539
f 5875//3675 5874//3672 1996//3700
f 5874//3672 7688//3541 5825//3540
f 1990//3694 1992//3701 1997//3702
f 1997//3702 5886//3703 5887//3704
f 1992//3701 5824//3539 5823//3549
f 5823//3549 7692//3509 5886//3703
f 1993//3705 1998//3706 1994//3695
f 1998//3706 5883//3707 5884//3698
f 1993//3705 5887//3704 5888//3708
f 5888//3708 7726//3709 5883//3707
f 2003//3710 2004//3711 2000//3712
f 2004//3711 5810//3501 5809//3496
f 5890//3713 5891//3714 2004//3711
f 5891//3714 7693//3467 5810//3501
f 1999//3715 2000//3712 2005//3716
f 2001//3717 2005//3716 5879//3683
f 2000//3712 5809//3496 5808//3495
f 2005//3716 5808//3495 7691//3499
f 2001//3717 2006//3718 2002//3719
f 2006//3718 5892//3720 5893//3721
f 5878//3682 5877//3690 2006//3718
f 2006//3718 5877//3690 7725//3693
f 1999//3715 2002//3719 2007//3722
f 2003//3710 2007//3722 5889//3723
f 2002//3719 5893//3721 5894//3724
f 2007//3722 5894//3724 7723//3725
f 2012//3726 2013//3727 2009//3728
f 2013//3727 5888//3708 5887//3704
f 5896//3729 5897//3730 2013//3727
f 2013//3727 5897//3730 7726//3709
f 2008//3731 2009//3728 2014//3732
f 2010//3733 2014//3732 5813//3508
f 2009//3728 5887//3704 5886//3703
f 2014//3732 5886//3703 7692//3509
f 2010//3733 2015//3734 2011//3735
f 2015//3734 5898//3736 5899//3737
f 5812//3507 5811//3517 2015//3734
f 5811//3517 7694//3477 5898//3736
f 2008//3731 2011//3735 2016//3738
f 2012//3726 2016//3738 5895//3739
f 2011//3735 5899//3737 5900//3740
f 2016//3738 5900//3740 7724//3741
f 2021//3742 2022//3743 2018//3744
f 2022//3743 5798//3469 5797//3464
f 2021//3742 5902//3745 5903//3746
f 2022//3743 5903//3746 7695//3434
f 2017//3747 2018//3744 2023//3748
f 2019//3749 2023//3748 5891//3714
f 2018//3744 5797//3464 5796//3463
f 2023//3748 5796//3463 7693//3467
f 2019//3749 2024//3750 2020//3751
f 2024//3750 5904//3752 5905//3753
f 5890//3713 5889//3723 2024//3750
f 5889//3723 7723//3725 5904//3752
f 2017//3747 2020//3751 2025//3754
f 2025//3754 5901//3755 5902//3745
f 5905//3753 5906//3756 2025//3754
f 5906//3756 7721//3757 5901//3755
f 2030//3758 2031//3759 2027//3760
f 2031//3759 5900//3740 5899//3737
f 5908//3761 5909//3762 2031//3759
f 5909//3762 7724//3741 5900//3740
f 2026//3763 2027//3760 2032//3764
f 2028//3765 2032//3764 5801//3476
f 2027//3760 5899//3737 5898//3736
f 2032//3764 5898//3736 7694//3477
f 2028//3765 2033//3766 2029//3767
f 2029//3767 2033//3766 5910//3768
f 5800//3475 5799//3485 2033//3766
f 2033//3766 5799//3485 7696//3445
f 2026//3763 2029//3767 2034//3769
f 2034//3769 5907//3770 5908//3761
f 5911//3771 5912//3772 2034//3769
f 5912//3772 7722//3773 5907//3770
f 2035//3774 2039//3775 2040//3776
f 2036//3777 2040//3776 5786//3437
f 2039//3775 5914//3778 5915//3779
f 2040//3776 5915//3779 7697//3402
f 2036//3777 2041//3780 2037//3781
f 2041//3780 5903//3746 5902//3745
f 5785//3436 5784//3432 2041//3780
f 5784//3432 7695//3434 5903//3746
f 2035//3774 2037//3781 2042//3782
f 2038//3783 2042//3782 5916//3784
f 2037//3781 5902//3745 5901//3755
f 2042//3782 5901//3755 7721//3757
f 2038//3783 2043//3785 2039//3775
f 2043//3785 5913//3786 5914//3778
f 5917//3787 5918//3788 2043//3785
f 5918//3788 7719//3789 5913//3786
f 2044//3790 2048//3791 2049//3792
f 2045//3793 2049//3792 5912//3772
f 2048//3791 5920//3794 5921//3795
f 2049//3792 5921//3795 7722//3773
f 2045//3793 2050//3796 2046//3797
f 2050//3796 5789//3444 5788//3443
f 5911//3771 5910//3768 2050//3796
f 5910//3768 7696//3445 5789//3444
f 2044//3790 2046//3797 2051//3798
f 2047//3799 2051//3798 5922//3800
f 2046//3797 5788//3443 5787//3453
f 2051//3798 5787//3453 7698//3413
f 2047//3799 2052//3801 2048//3791
f 2052//3801 5919//3802 5920//3794
f 5923//3803 5924//3804 2052//3801
f 5924//3804 7720//3805 5919//3802
f 2053//3806 2057//3807 2058//3808
f 2054//3809 2058//3808 5774//3405
f 2057//3807 5926//3810 5927//3811
f 2058//3808 5927//3811 7699//3370
f 2054//3809 2059//3812 2055//3813
f 2059//3812 5915//3779 5914//3778
f 5773//3404 5772//3400 2059//3812
f 5772//3400 7697//3402 5915//3779
f 2053//3806 2055//3813 2060//3814
f 2056//3815 2060//3814 5928//3816
f 2055//3813 5914//3778 5913//3786
f 2060//3814 5913//3786 7719//3789
f 2056//3815 2061//3817 2057//3807
f 2061//3817 5925//3818 5926//3810
f 5929//3819 5930//3820 2061//3817
f 2061//3817 5930//3820 7717//3821
f 2062//3822 2066//3823 2067//3824
f 2063//3825 2067//3824 5924//3804
f 2066//3823 5932//3826 5933//3827
f 2067//3824 5933//3827 7720//3805
f 2063//3825 2068//3828 2064//3829
f 2068//3828 5777//3412 5776//3411
f 5923//3803 5922//3800 2068//3828
f 5922//3800 7698//3413 5777//3412
f 2062//3822 2064//3829 2069//3830
f 2065//3831 2069//3830 5934//3832
f 2064//3829 5776//3411 5775//3421
f 2069//3830 5775//3421 7700//3381
f 2065//3831 2070//3833 2066//3823
f 2070//3833 5931//3834 5932//3826
f 5935//3835 5936//3836 2070//3833
f 2070//3833 5936//3836 7718//3837
f 2075//3838 2076//3839 2072//3840
f 2072//3840 2076//3839 5762//3373
f 5938//3841 5939//3842 2076//3839
f 2076//3839 5939//3842 7701//3338
f 2071//3843 2072//3840 2077//3844
f 2073//3845 2077//3844 5927//3811
f 5761//3372 5760//3368 2077//3844
f 5760//3368 7699//3370 5927//3811
f 2073//3845 2078//3846 2074//3847
f 2078//3846 5940//3848 5941//3849
f 5926//3810 5925//3818 2078//3846
f 5925//3818 7717//3821 5940//3848
f 2071//3843 2074//3847 2079//3850
f 2075//3838 2079//3850 5937//3851
f 2074//3847 5941//3849 5942//3852
f 2079//3850 5942//3852 7715//3853
f 2084//3854 2085//3855 2081//3856
f 2085//3855 5936//3836 5935//3835
f 5944//3857 5945//3858 2085//3855
f 5945//3858 7718//3837 5936//3836
f 2080//3859 2081//3856 2086//3860
f 2086//3860 5765//3380 5764//3379
f 2081//3856 5935//3835 5934//3832
f 5934//3832 7700//3381 5765//3380
f 2082//3861 2087//3862 2083//3863
f 2087//3862 5946//3864 5947//3865
f 2082//3861 5764//3379 5763//3389
f 2087//3862 5763//3389 7702//3349
f 2080//3859 2083//3863 2088//3866
f 2084//3854 2088//3866 5943//3867
f 2083//3863 5947//3865 5948//3868
f 2088//3866 5948//3868 7716//3869
f 2093//3870 2094//3871 2090//3872
f 2094//3871 5750//3341 5749//3340
f 5950//3873 5951//3874 2094//3871
f 5951//3874 7703//3307 5750//3341
f 2089//3875 2090//3872 2095//3876
f 2091//3877 2095//3876 5939//3842
f 2090//3872 5749//3340 5748//3336
f 5748//3336 7701//3338 5939//3842
f 2091//3877 2096//3878 2092//3879
f 2096//3878 5952//3880 5953//3881
f 5938//3841 5937//3851 2096//3878
f 5937//3851 7715//3853 5952//3880
f 2089//3875 2092//3879 2097//3882
f 2093//3870 2097//3882 5949//3883
f 2092//3879 5953//3881 5954//3884
f 2097//3882 5954//3884 7713//3885
f 2102//3886 2103//3887 2099//3888
f 2103//3887 5948//3868 5947//3865
f 5956//3889 5957//3890 2103//3887
f 5957//3890 7716//3869 5948//3868
f 2098//3891 2099//3888 2104//3892
f 2100//3893 2104//3892 5753//3348
f 2099//3888 5947//3865 5946//3864
f 5946//3864 7702//3349 5753//3348
f 2100//3893 2105//3894 2101//3895
f 2105//3894 5958//3896 5959//3897
f 5752//3347 5751//3357 2105//3894
f 5751//3357 7704//3317 5958//3896
f 2098//3891 2101//3895 2106//3898
f 2102//3886 2106//3898 5955//3899
f 2101//3895 5959//3897 5960//3900
f 2106//3898 5960//3900 7714//3901
f 2107//3902 2111//3903 2112//3904
f 2112//3904 5738//3309 5737//3304
f 2111//3903 5962//3905 5963//3906
f 2112//3904 5963//3906 7685//3204
f 2107//3902 2108//3907 2113//3908
f 2109//3909 2113//3908 5951//3874
f 2108//3907 5737//3304 5736//3303
f 2113//3908 5736//3303 7703//3307
f 2109//3909 2114//3910 2110//3911
f 2114//3910 5964//3912 5965//3913
f 5950//3873 5949//3883 2114//3910
f 5949//3883 7713//3885 5964//3912
f 2110//3911 2115//3914 2111//3903
f 2115//3914 5961//3915 5962//3905
f 5965//3913 5966//3916 2115//3914
f 5966//3916 7731//3917 5961//3915
f 2120//3918 2121//3919 2117//3920
f 2121//3919 5960//3900 5959//3897
f 5968//3921 5969//3922 2121//3919
f 5969//3922 7714//3901 5960//3900
f 2116//3923 2117//3920 2122//3924
f 2118//3925 2122//3924 5741//3316
f 2117//3920 5959//3897 5958//3896
f 2122//3924 5958//3896 7704//3317
f 2116//3923 2118//3925 2123//3926
f 2119//3927 2123//3926 5970//3928
f 5740//3315 5739//3325 2123//3926
f 2123//3926 5739//3325 7686//3217
f 2119//3927 2124//3929 2120//3918
f 2124//3929 5967//3930 5968//3921
f 5971//3931 5972//3932 2124//3929
f 5972//3932 7732//3933 5967//3930
f 2125//3934 2129//3935 2130//3936
f 2126//3937 2130//3936 5726//3276
f 2129//3935 5851//3615 5850//3614
f 5850//3614 7707//3277 5726//3276
f 2126//3937 2131//3938 2127//3939
f 2131//3938 5973//3940 5974//3941
f 5725//3273 5724//3272 2131//3938
f 5724//3272 7705//3245 5973//3940
f 2125//3934 2127//3939 2132//3942
f 2128//3943 2132//3942 5976//3944
f 2127//3939 5974//3941 5975//3945
f 2132//3942 5975//3945 7711//3946
f 2128//3943 2133//3947 2129//3935
f 2133//3947 5852//3619 5851//3615
f 5977//3948 5978//3949 2133//3947
f 5978//3949 7709//3620 5852//3619
f 2134//3950 2138//3951 2139//3952
f 2135//3953 2139//3952 5982//3954
f 2138//3951 5980//3955 5981//3956
f 2139//3952 5981//3956 7712//3957
f 2135//3953 2140//3958 2136//3959
f 2140//3958 5729//3282 5728//3281
f 5983//3960 5984//3961 2140//3958
f 5984//3961 7706//3261 5729//3282
f 2134//3950 2136//3959 2141//3962
f 2137//3963 2141//3962 5861//3637
f 2136//3959 5728//3281 5727//3290
f 5727//3290 7708//3293 5861//3637
f 2137//3963 2142//3964 2138//3951
f 2142//3964 5979//3965 5980//3955
f 5860//3636 5859//3630 2142//3964
f 5859//3630 7710//3633 5979//3965
f 2143//3966 2147//3967 2148//3968
f 2144//3969 2148//3968 5714//3244
f 2147//3967 5974//3941 5973//3940
f 2148//3968 5973//3940 7705//3245
f 2144//3969 2149//3970 2145//3971
f 2149//3970 5985//3972 5986//3973
f 5713//3243 5712//3240 2149//3970
f 5712//3240 7683//3209 5985//3972
f 2143//3966 2145//3971 2150//3974
f 2146//3975 2150//3974 5988//3976
f 2145//3971 5986//3973 5987//3977
f 2150//3974 5987//3977 7733//3978
f 2146//3975 2151//3979 2147//3967
f 2151//3979 5975//3945 5974//3941
f 5989//3980 5990//3981 2151//3979
f 5990//3981 7711//3946 5975//3945
f 2152//3982 2156//3983 2157//3984
f 2153//3985 2157//3984 5994//3986
f 2156//3983 5992//3987 5993//3988
f 2157//3984 5993//3988 7734//3989
f 2153//3985 2158//3990 2154//3991
f 2158//3990 5717//3251 5716//3250
f 5995//3992 5996//3993 2158//3990
f 5996//3993 7684//3229 5717//3251
f 2152//3982 2154//3991 2159//3994
f 2155//3995 2159//3994 5984//3961
f 2154//3991 5716//3250 5715//3259
f 2159//3994 5715//3259 7706//3261
f 2155//3995 2160//3996 2156//3983
f 2160//3996 5991//3997 5992//3987
f 5983//3960 5982//3954 2160//3996
f 5982//3954 7712//3957 5991//3997
f 2161//3998 2165//3999 2166//4000
f 2162//4001 2166//4000 5699//3208
f 2165//3999 5986//3973 5985//3972
f 2166//4000 5985//3972 7683//3209
f 2162//4001 2167//4002 2163//4003
f 2167//4002 5963//3906 5962//3905
f 5698//3207 5697//3202 2167//4002
f 5697//3202 7685//3204 5963//3906
f 2161//3998 2163//4003 2168//4004
f 2164//4005 2168//4004 5997//4006
f 2163//4003 5962//3905 5961//3915
f 2168//4004 5961//3915 7731//3917
f 2164//4005 2169//4007 2165//3999
f 2169//4007 5987//3977 5986//3973
f 5998//4008 5999//4009 2169//4007
f 5999//4009 7733//3978 5987//3977
f 2170//4010 2174//4011 2175//4012
f 2171//4013 2175//4012 5972//3932
f 2174//4011 6001//4014 6002//4015
f 2175//4012 6002//4015 7732//3933
f 2171//4013 2176//4016 2172//4017
f 2176//4016 5702//3216 5701//3215
f 5971//3931 5970//3928 2176//4016
f 5970//3928 7686//3217 5702//3216
f 2170//4010 2172//4017 2177//4018
f 2173//4019 2177//4018 5996//3993
f 2172//4017 5701//3215 5700//3226
f 2177//4018 5700//3226 7684//3229
f 2173//4019 2178//4020 2174//4011
f 2178//4020 6000//4021 6001//4014
f 5995//3992 5994//3986 2178//4020
f 5994//3986 7734//3989 6000//4021
f 2183//4022 2184//4023 2180//4024
f 2184//4023 5084//1579 5083//1574
f 2183//4022 6004//4025 6005//4026
f 6005//4026 7518//1580 5084//1579
f 2179//4027 2180//4024 2185//4028
f 2181//4029 2185//4028 6006//4030
f 2180//4024 5083//1574 5082//1573
f 2185//4028 5082//1573 7559//1540
f 2181//4029 2186//4031 2182//4032
f 2186//4031 6009//4033 6010//4034
f 6007//4035 6008//4036 2186//4031
f 6008//4036 7735//4037 6009//4033
f 2179//4027 2182//4032 2187//4038
f 2183//4022 2187//4038 6003//4039
f 2182//4032 6010//4034 6011//4040
f 2187//4038 6011//4040 7524//4041
f 2192//4042 2193//4043 2189//4044
f 2193//4043 6015//4045 6016//4046
f 6013//4047 6014//4048 2193//4043
f 6014//4048 7736//4049 6015//4045
f 2188//4050 2189//4044 2194//4051
f 2190//4052 2194//4051 5096//1602
f 2189//4044 6016//4046 6017//4053
f 2194//4051 6017//4053 7560//1563
f 2190//4052 2195//4054 2191//4055
f 2191//4055 2195//4054 6005//4026
f 5095//1601 5094//1598 2195//4054
f 5094//1598 7518//1580 6005//4026
f 2188//4050 2191//4055 2196//4056
f 2192//4042 2196//4056 6012//4057
f 2191//4055 6004//4025 6003//4039
f 2196//4056 6003//4039 7524//4041
f 2201//4058 2202//4059 2198//4060
f 2202//4059 5066//1539 5065//1534
f 6007//4035 6006//4030 2202//4059
f 6006//4030 7559//1540 5066//1539
f 2197//4061 2198//4060 2203//4062
f 2199//4063 2203//4062 6018//4064
f 2198//4060 5065//1534 5064//1533
f 2203//4062 5064//1533 7557//1500
f 2199//4063 2204//4065 2200//4066
f 2204//4065 6021//4067 6022//4068
f 2199//4063 6019//4069 6020//4070
f 2204//4065 6020//4070 7737//4071
f 2197//4061 2200//4066 2205//4072
f 2201//4058 2205//4072 6008//4036
f 2200//4066 6022//4068 6023//4073
f 2205//4072 6023//4073 7735//4037
f 2210//4074 2211//4075 2207//4076
f 2207//4076 2211//4075 6027//4077
f 6025//4078 6026//4079 2211//4075
f 2211//4075 6026//4079 7738//4080
f 2206//4081 2207//4076 2212//4082
f 2208//4083 2212//4082 5081//1567
f 2207//4076 6028//4084 6029//4085
f 2212//4082 6029//4085 7558//1523
f 2208//4083 2213//4086 2209//4087
f 2213//4086 6017//4053 6016//4046
f 5080//1566 5079//1561 2213//4086
f 5079//1561 7560//1563 6017//4053
f 2206//4081 2209//4087 2214//4088
f 2210//4074 2214//4088 6024//4089
f 2209//4087 6016//4046 6015//4045
f 2214//4088 6015//4045 7736//4049
f 2219//4090 2220//4091 2216//4092
f 2220//4091 5048//1499 5047//1494
f 6019//4069 6018//4064 2220//4091
f 6018//4064 7557//1500 5048//1499
f 2215//4093 2216//4092 2221//4094
f 2217//4095 2221//4094 6030//4096
f 2216//4092 5047//1494 5046//1493
f 2221//4094 5046//1493 7555//1460
f 2217//4095 2222//4097 2218//4098
f 2222//4097 6033//4099 6034//4100
f 6031//4101 6032//4102 2222//4097
f 6032//4102 7739//4103 6033//4099
f 2215//4093 2218//4098 2223//4104
f 2219//4090 2223//4104 6020//4070
f 2218//4098 6034//4100 6035//4105
f 2223//4104 6035//4105 7737//4071
f 2228//4106 2229//4107 2225//4108
f 2229//4107 6039//4109 6040//4110
f 6037//4111 6038//4112 2229//4107
f 6038//4112 7740//4113 6039//4109
f 2224//4114 2225//4108 2230//4115
f 2226//4116 2230//4115 5063//1527
f 2225//4108 6040//4110 6041//4117
f 2230//4115 6041//4117 7556//1483
f 2226//4116 2231//4118 2227//4119
f 2231//4118 6029//4085 6028//4084
f 5062//1526 5061//1521 2231//4118
f 5061//1521 7558//1523 6029//4085
f 2224//4114 2227//4119 2232//4120
f 2228//4106 2232//4120 6036//4121
f 2227//4119 6028//4084 6027//4077
f 2232//4120 6027//4077 7738//4080
f 2237//4122 2238//4123 2234//4124
f 2238//4123 5030//1459 5029//1454
f 6031//4101 6030//4096 2238//4123
f 6030//4096 7555//1460 5030//1459
f 2233//4125 2234//4124 2239//4126
f 2235//4127 2239//4126 6042//4128
f 2234//4124 5029//1454 5028//1453
f 2239//4126 5028//1453 7553//1420
f 2235//4127 2240//4129 2236//4130
f 2236//4130 2240//4129 6045//4131
f 6043//4132 6044//4133 2240//4129
f 2240//4129 6044//4133 7741//4134
f 2233//4125 2236//4130 2241//4135
f 2237//4122 2241//4135 6032//4102
f 2236//4130 6046//4136 6047//4137
f 2241//4135 6047//4137 7739//4103
f 2246//4138 2247//4139 2243//4140
f 2247//4139 6051//4141 6052//4142
f 2246//4138 6049//4143 6050//4144
f 2247//4139 6050//4144 7742//4145
f 2242//4146 2243//4140 2248//4147
f 2244//4148 2248//4147 5045//1487
f 2243//4140 6052//4142 6053//4149
f 2248//4147 6053//4149 7554//1443
f 2244//4148 2249//4150 2245//4151
f 2249//4150 6041//4117 6040//4110
f 5044//1486 5043//1480 2249//4150
f 5043//1480 7556//1483 6041//4117
f 2242//4146 2245//4151 2250//4152
f 2246//4138 2250//4152 6048//4153
f 2245//4151 6040//4110 6039//4109
f 2250//4152 6039//4109 7740//4113
f 2255//4154 2256//4155 2252//4156
f 2256//4155 5012//1419 5011//1414
f 6043//4132 6042//4128 2256//4155
f 6042//4128 7553//1420 5012//1419
f 2251//4157 2252//4156 2257//4158
f 2253//4159 2257//4158 6054//4160
f 2252//4156 5011//1414 5010//1413
f 2257//4158 5010//1413 7551//1380
f 2253//4159 2258//4161 2254//4162
f 2258//4161 6057//4163 6058//4164
f 6055//4165 6056//4166 2258//4161
f 6056//4166 7743//4167 6057//4163
f 2251//4157 2254//4162 2259//4168
f 2255//4154 2259//4168 6044//4133
f 2254//4162 6058//4164 6059//4169
f 6059//4169 7741//4134 6044//4133
f 2264//4170 2265//4171 2261//4172
f 2265//4171 6063//4173 6064//4174
f 6061//4175 6062//4176 2265//4171
f 6062//4176 7744//4177 6063//4173
f 2260//4178 2261//4172 2266//4179
f 2262//4180 2266//4179 5027//1447
f 2261//4172 6064//4174 6065//4181
f 2266//4179 6065//4181 7552//1403
f 2262//4180 2267//4182 2263//4183
f 2267//4182 6053//4149 6052//4142
f 5026//1446 5025//1441 2267//4182
f 5025//1441 7554//1443 6053//4149
f 2260//4178 2263//4183 2268//4184
f 2264//4170 2268//4184 6060//4185
f 2263//4183 6052//4142 6051//4141
f 6051//4141 7742//4145 6060//4185
f 2273//4186 2274//4187 2270//4188
f 2274//4187 4994//1379 4993//1374
f 6055//4165 6054//4160 2274//4187
f 6054//4160 7551//1380 4994//1379
f 2269//4189 2270//4188 2275//4190
f 2271//4191 2275//4190 6066//4192
f 2270//4188 4993//1374 4992//1373
f 2275//4190 4992//1373 7549//1340
f 2271//4191 2276//4193 2272//4194
f 2276//4193 6069//4195 6070//4196
f 6067//4197 6068//4198 2276//4193
f 6068//4198 7745//4199 6069//4195
f 2269//4189 2272//4194 2277//4200
f 2273//4186 2277//4200 6056//4166
f 2272//4194 6070//4196 6071//4201
f 2277//4200 6071//4201 7743//4167
f 2282//4202 2283//4203 2279//4204
f 2283//4203 6075//4205 6076//4206
f 6073//4207 6074//4208 2283//4203
f 6074//4208 7746//4209 6075//4205
f 2278//4210 2279//4204 2284//4211
f 2280//4212 2284//4211 5009//1407
f 2279//4204 6076//4206 6077//4213
f 2284//4211 6077//4213 7550//1363
f 2280//4212 2285//4214 2281//4215
f 2285//4214 6065//4181 6064//4174
f 5008//1406 5007//1401 2285//4214
f 5007//1401 7552//1403 6065//4181
f 2278//4210 2281//4215 2286//4216
f 2282//4202 2286//4216 6072//4217
f 2281//4215 6064//4174 6063//4173
f 2286//4216 6063//4173 7744//4177
f 2291//4218 2292//4219 2288//4220
f 2292//4219 4976//1339 4975//1334
f 6067//4197 6066//4192 2292//4219
f 6066//4192 7549//1340 4976//1339
f 2287//4221 2288//4220 2293//4222
f 2289//4223 2293//4222 6078//4224
f 2288//4220 4975//1334 4974//1333
f 2293//4222 4974//1333 7547//1300
f 2289//4223 2294//4225 2290//4226
f 2294//4225 6081//4227 6082//4228
f 6079//4229 6080//4230 2294//4225
f 6080//4230 7747//4231 6081//4227
f 2287//4221 2290//4226 2295//4232
f 2291//4218 2295//4232 6068//4198
f 2290//4226 6082//4228 6083//4233
f 2295//4232 6083//4233 7745//4199
f 2300//4234 2301//4235 2297//4236
f 2301//4235 6087//4237 6088//4238
f 6085//4239 6086//4240 2301//4235
f 6086//4240 7748//4241 6087//4237
f 2296//4242 2297//4236 2302//4243
f 2298//4244 2302//4243 4991//1367
f 2297//4236 6088//4238 6089//4245
f 2302//4243 6089//4245 7548//1324
f 2298//4244 2303//4246 2299//4247
f 2303//4246 6077//4213 6076//4206
f 4990//1366 4989//1361 2303//4246
f 4989//1361 7550//1363 6077//4213
f 2296//4242 2299//4247 2304//4248
f 2300//4234 2304//4248 6084//4249
f 2299//4247 6076//4206 6075//4205
f 2304//4248 6075//4205 7746//4209
f 2305//4250 2309//4251 2310//4252
f 2306//4253 2310//4252 4958//1299
f 6079//4229 6078//4224 2310//4252
f 6078//4224 7547//1300 4958//1299
f 2306//4253 2311//4254 2307//4255
f 2311//4254 6090//4256 6091//4257
f 4957//1298 4956//1294 2311//4254
f 4956//1294 7545//1261 6090//4256
f 2305//4250 2307//4255 2312//4258
f 2308//4259 2312//4258 6093//4260
f 2307//4255 6091//4257 6092//4261
f 2312//4258 6092//4261 7749//4262
f 2308//4259 2313//4263 2309//4251
f 2313//4263 6080//4230 6079//4229
f 6094//4264 6095//4265 2313//4263
f 6095//4265 7747//4231 6080//4230
f 2314//4266 2318//4267 2319//4268
f 2315//4269 2319//4268 6099//4270
f 2318//4267 6097//4271 6098//4272
f 2319//4268 6098//4272 7750//4273
f 2315//4269 2320//4274 2316//4275
f 2320//4274 4973//1327 4972//1321
f 6100//4276 6101//4277 2320//4274
f 6101//4277 7546//1284 4973//1327
f 2314//4266 2316//4275 2321//4278
f 2321//4278 6089//4245 6088//4238
f 2316//4275 4972//1321 4971//1320
f 4971//1320 7548//1324 6089//4245
f 2317//4279 2322//4280 2318//4267
f 2322//4280 6096//4281 6097//4271
f 6088//4238 6087//4237 2322//4280
f 6087//4237 7748//4241 6096//4281
f 2323//4282 2327//4283 2328//4284
f 2324//4285 2328//4284 4940//1260
f 2327//4283 6091//4257 6090//4256
f 2328//4284 6090//4256 7545//1261
f 2324//4285 2329//4286 2325//4287
f 2329//4286 6102//4288 6103//4289
f 4939//1259 4938//1254 2329//4286
f 4938//1254 7543//1214 6102//4288
f 2323//4282 2325//4287 2330//4290
f 2326//4291 2330//4290 6105//4292
f 2325//4287 6103//4289 6104//4293
f 2330//4290 6104//4293 7751//4294
f 2326//4291 2331//4295 2327//4283
f 2331//4295 6092//4261 6091//4257
f 6106//4296 6107//4297 2331//4295
f 6107//4297 7749//4262 6092//4261
f 2332//4298 2336//4299 2337//4300
f 2333//4301 2337//4300 6111//4302
f 2336//4299 6109//4303 6110//4304
f 2337//4300 6110//4304 7752//4305
f 2333//4301 2338//4306 2334//4307
f 2338//4306 4955//1287 4954//1281
f 6112//4308 6113//4309 2338//4306
f 6113//4309 7544//1239 4955//1287
f 2332//4298 2334//4307 2339//4310
f 2335//4311 2339//4310 6101//4277
f 2334//4307 4954//1281 4953//1280
f 2339//4310 4953//1280 7546//1284
f 2335//4311 2340//4312 2336//4299
f 2340//4312 6108//4313 6109//4303
f 6100//4276 6099//4270 2340//4312
f 6099//4270 7750//4273 6108//4313
f 2345//4314 2346//4315 2342//4316
f 2346//4315 6117//4317 6118//4318
f 6115//4319 6116//4320 2346//4315
f 6116//4320 7759//4321 6117//4317
f 2341//4322 2342//4316 2347//4323
f 2343//4324 2347//4323 6120//4325
f 2342//4316 6118//4318 6119//4326
f 2347//4323 6119//4326 7760//4327
f 2343//4324 2348//4328 2344//4329
f 2348//4328 6123//4330 6124//4331
f 6121//4332 6122//4333 2348//4328
f 6122//4333 7779//4334 6123//4330
f 2341//4322 2344//4329 2349//4335
f 2345//4314 2349//4335 6114//4336
f 2344//4329 6124//4331 6125//4337
f 2349//4335 6125//4337 7789//4338
f 2354//4339 2355//4340 2351//4341
f 2355//4340 6129//4342 6130//4343
f 6127//4344 6128//4345 2355//4340
f 6128//4345 7780//4346 6129//4342
f 2350//4347 2351//4341 2356//4348
f 2352//4349 2356//4348 6119//4326
f 2351//4341 6130//4343 6131//4350
f 2356//4348 6131//4350 7760//4327
f 2352//4349 2357//4351 2353//4352
f 2357//4351 6132//4353 6133//4354
f 6118//4318 6117//4317 2357//4351
f 6117//4317 7759//4321 6132//4353
f 2350//4347 2353//4352 2358//4355
f 2354//4339 2358//4355 6126//4356
f 2353//4352 6133//4354 6134//4357
f 2358//4355 6134//4357 7790//4358
f 2363//4359 2364//4360 2360//4361
f 2364//4360 6138//4362 6139//4363
f 6136//4364 6137//4365 2364//4360
f 6137//4365 7758//4366 6138//4362
f 2359//4367 2360//4361 2365//4368
f 2361//4369 2365//4368 6116//4320
f 2360//4361 6139//4363 6140//4370
f 2365//4368 6140//4370 7759//4321
f 2361//4369 2366//4371 2362//4372
f 2366//4371 6141//4373 6142//4374
f 6115//4319 6114//4336 2366//4371
f 6114//4336 7789//4338 6141//4373
f 2359//4367 2362//4372 2367//4375
f 2363//4359 2367//4375 6135//4376
f 2362//4372 6142//4374 6143//4377
f 2367//4375 6143//4377 7787//4378
f 2372//4379 2373//4380 2369//4381
f 2373//4380 6134//4357 6133//4354
f 6145//4382 6146//4383 2373//4380
f 6146//4383 7790//4358 6134//4357
f 2368//4384 2369//4381 2374//4385
f 2370//4386 2374//4385 6140//4370
f 2369//4381 6133//4354 6132//4353
f 2374//4385 6132//4353 7759//4321
f 2370//4386 2375//4387 2371//4388
f 2375//4387 6147//4389 6148//4390
f 6139//4363 6138//4362 2375//4387
f 6138//4362 7758//4366 6147//4389
f 2368//4384 2371//4388 2376//4391
f 2372//4379 2376//4391 6144//4392
f 2371//4388 6148//4390 6149//4393
f 2376//4391 6149//4393 7788//4394
f 2381//4395 2382//4396 2378//4397
f 2382//4396 6153//4398 6154//4399
f 6151//4400 6152//4401 2382//4396
f 6152//4401 7757//4402 6153//4398
f 2377//4403 2378//4397 2383//4404
f 2379//4405 2383//4404 6137//4365
f 2378//4397 6154//4399 6155//4406
f 2383//4404 6155//4406 7758//4366
f 2379//4405 2384//4407 2380//4408
f 2384//4407 6156//4409 6157//4410
f 6136//4364 6135//4376 2384//4407
f 6135//4376 7787//4378 6156//4409
f 2377//4403 2380//4408 2385//4411
f 2381//4395 2385//4411 6150//4412
f 2380//4408 6157//4410 6158//4413
f 2385//4411 6158//4413 7791//4414
f 2390//4415 2391//4416 2387//4417
f 2391//4416 6149//4393 6148//4390
f 6160//4418 6161//4419 2391//4416
f 6161//4419 7788//4394 6149//4393
f 2386//4420 2387//4417 2392//4421
f 2388//4422 2392//4421 6155//4406
f 2387//4417 6148//4390 6147//4389
f 2392//4421 6147//4389 7758//4366
f 2388//4422 2393//4423 2389//4424
f 2393//4423 6162//4425 6163//4426
f 6154//4399 6153//4398 2393//4423
f 6153//4398 7757//4402 6162//4425
f 2386//4420 2389//4424 2394//4427
f 2390//4415 2394//4427 6159//4428
f 2389//4424 6163//4426 6164//4429
f 2394//4427 6164//4429 7792//4430
f 2395//4431 2399//4432 2400//4433
f 2396//4434 2400//4433 4823//1001
f 2399//4432 6166//4435 6167//4436
f 2400//4433 6167//4436 7540//1002
f 2396//4434 2401//4437 2397//4438
f 2401//4437 6168//4439 6169//4440
f 4822//1000 4821//1017 2401//4437
f 4821//1017 7542//1019 6168//4439
f 2395//4431 2397//4438 2402//4441
f 2398//4442 2402//4441 6152//4401
f 2397//4438 6169//4440 6170//4443
f 2402//4441 6170//4443 7757//4402
f 2398//4442 2403//4444 2399//4432
f 2403//4444 6165//4445 6166//4435
f 6151//4400 6150//4412 2403//4444
f 6150//4412 7791//4414 6165//4445
f 2404//4446 2408//4447 2409//4448
f 2405//4449 2409//4448 6170//4443
f 2408//4447 6163//4426 6162//4425
f 2409//4448 6162//4425 7757//4402
f 2405//4449 2410//4450 2406//4451
f 2410//4450 4841//1039 4840//1034
f 6169//4440 6168//4439 2410//4450
f 6168//4439 7542//1019 4841//1039
f 2404//4446 2406//4451 2411//4452
f 2407//4453 2411//4452 6171//4454
f 2406//4451 4840//1034 4839//1033
f 2411//4452 4839//1033 7541//1037
f 2407//4453 2412//4455 2408//4447
f 2412//4455 6164//4429 6163//4426
f 6172//4456 6173//4457 2412//4455
f 6173//4457 7792//4430 6164//4429
f 2413//4458 2417//4459 2418//4460
f 2414//4461 2418//4460 4844//1046
f 2417//4459 6175//4462 6176//4463
f 2418//4460 6176//4463 7538//1047
f 2414//4461 2419//4464 2415//4465
f 2419//4464 6167//4436 6166//4435
f 4843//1045 4842//1059 2419//4464
f 4842//1059 7540//1002 6167//4436
f 2413//4458 2415//4465 2420//4466
f 2416//4467 2420//4466 6177//4468
f 2415//4465 6166//4435 6165//4445
f 2420//4466 6165//4445 7791//4414
f 2416//4467 2421//4469 2417//4459
f 2421//4469 6174//4470 6175//4462
f 6178//4471 6179//4472 2421//4469
f 6179//4472 7785//4473 6174//4470
f 2422//4474 2426//4475 2427//4476
f 2423//4477 2427//4476 6173//4457
f 2426//4475 6181//4478 6182//4479
f 2427//4476 6182//4479 7792//4430
f 2423//4477 2428//4480 2424//4481
f 2428//4480 4859//1079 4858//1074
f 6172//4456 6171//4454 2428//4480
f 6171//4454 7541//1037 4859//1079
f 2422//4474 2424//4481 2429//4482
f 2425//4483 2429//4482 6183//4484
f 2424//4481 4858//1074 4857//1073
f 2429//4482 4857//1073 7539//1077
f 2425//4483 2430//4485 2426//4475
f 2430//4485 6180//4486 6181//4478
f 6184//4487 6185//4488 2430//4485
f 6185//4488 7786//4489 6180//4486
f 2431//4490 2435//4491 2436//4492
f 2432//4493 2436//4492 4862//1086
f 2435//4491 6187//4494 6188//4495
f 2436//4492 6188//4495 7536//1087
f 2432//4493 2437//4496 2433//4497
f 2437//4496 6176//4463 6175//4462
f 4861//1085 4860//1099 2437//4496
f 4860//1099 7538//1047 6176//4463
f 2431//4490 2433//4497 2438//4498
f 2434//4499 2438//4498 6189//4500
f 2433//4497 6175//4462 6174//4470
f 2438//4498 6174//4470 7785//4473
f 2434//4499 2439//4501 2435//4491
f 2439//4501 6186//4502 6187//4494
f 6190//4503 6191//4504 2439//4501
f 6191//4504 7781//4505 6186//4502
f 2440//4506 2444//4507 2445//4508
f 2441//4509 2445//4508 6185//4488
f 2444//4507 6193//4510 6194//4511
f 2445//4508 6194//4511 7786//4489
f 2441//4509 2446//4512 2442//4513
f 2446//4512 4877//1119 4876//1114
f 6184//4487 6183//4484 2446//4512
f 6183//4484 7539//1077 4877//1119
f 2440//4506 2442//4513 2447//4514
f 2443//4515 2447//4514 6195//4516
f 2442//4513 4876//1114 4875//1113
f 2447//4514 4875//1113 7537//1116
f 2443//4515 2448//4517 2444//4507
f 2448//4517 6192//4518 6193//4510
f 6196//4519 6197//4520 2448//4517
f 6197//4520 7782//4521 6192//4518
f 2449//4522 2453//4523 2454//4524
f 2450//4525 2454//4524 4880//1126
f 2453//4523 6199//4526 6200//4527
f 2454//4524 6200//4527 7534//1127
f 2450//4525 2455//4528 2451//4529
f 2455//4528 6188//4495 6187//4494
f 4879//1125 4878//1139 2455//4528
f 4878//1139 7536//1087 6188//4495
f 2449//4522 2451//4529 2456//4530
f 2452//4531 2456//4530 6201//4532
f 2451//4529 6187//4494 6186//4502
f 2456//4530 6186//4502 7781//4505
f 2452//4531 2457//4533 2453//4523
f 2457//4533 6198//4534 6199//4526
f 6202//4535 6203//4536 2457//4533
f 6203//4536 7783//4537 6198//4534
f 2458//4538 2462//4539 2463//4540
f 2459//4541 2463//4540 6197//4520
f 2462//4539 6205//4542 6206//4543
f 2463//4540 6206//4543 7782//4521
f 2459//4541 2464//4544 2460//4545
f 2464//4544 4895//1159 4894//1154
f 6196//4519 6195//4516 2464//4544
f 6195//4516 7537//1116 4895//1159
f 2458//4538 2460//4545 2465//4546
f 2461//4547 2465//4546 6207//4548
f 2460//4545 4894//1154 4893//1153
f 2465//4546 4893//1153 7535//1156
f 2461//4547 2466//4549 2462//4539
f 2466//4549 6204//4550 6205//4542
f 6208//4551 6209//4552 2466//4549
f 6209//4552 7784//4553 6204//4550
f 2471//4554 2472//4555 2468//4556
f 2472//4555 6210//4557 6211//4558
f 6202//4535 6201//4532 2472//4555
f 6201//4532 7781//4505 6210//4557
f 2468//4556 2473//4559 2469//4560
f 2473//4559 6143//4377 6142//4374
f 6211//4558 6212//4561 2473//4559
f 6212//4561 7787//4378 6143//4377
f 2467//4562 2469//4560 2474//4563
f 2470//4564 2474//4563 6213//4565
f 2469//4560 6142//4374 6141//4373
f 2474//4563 6141//4373 7789//4338
f 2467//4562 2470//4564 2475//4566
f 2471//4554 2475//4566 6203//4536
f 2470//4564 6214//4567 6215//4568
f 2475//4566 6215//4568 7783//4537
f 2476//4569 2480//4570 2481//4571
f 2477//4572 2481//4571 6146//4383
f 2480//4570 6217//4573 6218//4574
f 2481//4571 6218//4574 7790//4358
f 2477//4572 2482//4575 2478//4576
f 2482//4575 6219//4577 6220//4578
f 6145//4382 6144//4392 2482//4575
f 6144//4392 7788//4394 6219//4577
f 2478//4576 2483//4579 2479//4580
f 2483//4579 6206//4543 6205//4542
f 6220//4578 6221//4581 2483//4579
f 6221//4581 7782//4521 6206//4543
f 2476//4569 2479//4580 2484//4582
f 2480//4570 2484//4582 6216//4583
f 2479//4580 6205//4542 6204//4550
f 2484//4582 6204//4550 7784//4553
f 2485//4584 2489//4585 2490//4586
f 2486//4587 2490//4586 6191//4504
f 2489//4585 6211//4558 6210//4557
f 2490//4586 6210//4557 7781//4505
f 2485//4584 2486//4587 2491//4588
f 2487//4589 2491//4588 6179//4472
f 6190//4503 6189//4500 2491//4588
f 2491//4588 6189//4500 7785//4473
f 2487//4589 2492//4590 2488//4591
f 2492//4590 6158//4413 6157//4410
f 6178//4471 6177//4468 2492//4590
f 6177//4468 7791//4414 6158//4413
f 2485//4584 2488//4591 2493//4592
f 2489//4585 2493//4592 6212//4561
f 2488//4591 6157//4410 6156//4409
f 2493//4592 6156//4409 7787//4378
f 2498//4593 2499//4594 2495//4595
f 2499//4594 6182//4479 6181//4478
f 6160//4418 6159//4428 2499//4594
f 6159//4428 7792//4430 6182//4479
f 2494//4596 2495//4595 2500//4597
f 2500//4597 6194//4511 6193//4510
f 2495//4595 6181//4478 6180//4486
f 2500//4597 6180//4486 7786//4489
f 2494//4596 2496//4598 2501//4599
f 2497//4600 2501//4599 6221//4581
f 2496//4598 6193//4510 6192//4518
f 2501//4599 6192//4518 7782//4521
f 2494//4596 2497//4600 2502//4601
f 2498//4593 2502//4601 6161//4419
f 2497//4600 6220//4578 6219//4577
f 2502//4601 6219//4577 7788//4394
f 2507//4602 2508//4603 2504//4604
f 2504//4604 2508//4603 6225//4605
f 6223//4606 6224//4607 2508//4603
f 2508//4603 6224//4607 7777//4608
f 2504//4604 2509//4609 2505//4610
f 2509//4609 6215//4568 6214//4567
f 6226//4611 6227//4612 2509//4609
f 6227//4612 7783//4537 6215//4568
f 2505//4610 2510//4613 2506//4614
f 2510//4613 6125//4337 6124//4331
f 6214//4567 6213//4565 2510//4613
f 6213//4565 7789//4338 6125//4337
f 2503//4615 2506//4614 2511//4616
f 2507//4602 2511//4616 6222//4617
f 2506//4614 6124//4331 6123//4330
f 2511//4616 6123//4330 7779//4334
f 2516//4618 2517//4619 2513//4620
f 2517//4619 6218//4574 6217//4573
f 6127//4344 6126//4356 2517//4619
f 6126//4356 7790//4358 6218//4574
f 2513//4620 2518//4621 2514//4622
f 2518//4621 6228//4623 6229//4624
f 6217//4573 6216//4583 2518//4621
f 6216//4583 7784//4553 6228//4623
f 2514//4622 2519//4625 2515//4626
f 2519//4625 6231//4627 6232//4628
f 2514//4622 6229//4624 6230//4629
f 2519//4625 6230//4629 7778//4630
f 2512//4631 2515//4626 2520//4632
f 2516//4618 2520//4632 6128//4345
f 2515//4626 6232//4628 6233//4633
f 2520//4632 6233//4633 7780//4346
f 2521//4634 2525//4635 2526//4636
f 2522//4637 2526//4636 4898//1166
f 2525//4635 6235//4638 6236//4639
f 2526//4636 6236//4639 7532//1167
f 2522//4637 2527//4640 2523//4641
f 2527//4640 6200//4527 6199//4526
f 4897//1165 4896//1179 2527//4640
f 4896//1179 7534//1127 6200//4527
f 2521//4634 2523//4641 2528//4642
f 2524//4643 2528//4642 6227//4612
f 2523//4641 6199//4526 6198//4534
f 2528//4642 6198//4534 7783//4537
f 2524//4643 2529//4644 2525//4635
f 2529//4644 6234//4645 6235//4638
f 6226//4611 6225//4605 2529//4644
f 6225//4605 7777//4608 6234//4645
f 2530//4646 2534//4647 2535//4648
f 2531//4649 2535//4648 6209//4552
f 2534//4647 6229//4624 6228//4623
f 2535//4648 6228//4623 7784//4553
f 2531//4649 2536//4650 2532//4651
f 2536//4650 4913//1199 4912//1195
f 6208//4551 6207//4548 2536//4650
f 6207//4548 7535//1156 4913//1199
f 2530//4646 2532//4651 2537//4652
f 2533//4653 2537//4652 6237//4654
f 2532//4651 4912//1195 4911//1194
f 2537//4652 4911//1194 7533//1197
f 2533//4653 2538//4655 2534//4647
f 2538//4655 6230//4629 6229//4624
f 6238//4656 6239//4657 2538//4655
f 6239//4657 7778//4630 6230//4629
f 2539//4658 2543//4659 2544//4660
f 2544//4660 6240//4661 6241//4662
f 5569//2841 5568//2840 2544//4660
f 5568//2840 7660//2815 6240//4661
f 2540//4663 2545//4664 2541//4665
f 2545//4664 6243//4666 6244//4667
f 6241//4662 6242//4668 2545//4664
f 6242//4668 7793//4669 6243//4666
f 2539//4658 2541//4665 2546//4670
f 2542//4671 2546//4670 6246//4672
f 2541//4665 6244//4667 6245//4673
f 2546//4670 6245//4673 7795//4674
f 2542//4671 2547//4675 2543//4659
f 2547//4675 5570//2846 5569//2841
f 6247//4676 6248//4677 2547//4675
f 6248//4677 7666//2847 5570//2846
f 2548//4678 2552//4679 2553//4680
f 2549//4681 2553//4680 6252//4682
f 2552//4679 6250//4683 6251//4684
f 2553//4680 6251//4684 7796//4685
f 2549//4681 2554//4686 2550//4687
f 2554//4686 6255//4688 6256//4689
f 6253//4690 6254//4691 2554//4686
f 6254//4691 7794//4692 6255//4688
f 2548//4678 2550//4687 2555//4693
f 2555//4693 5579//2867 5578//2866
f 6256//4689 6257//4694 2555//4693
f 6257//4694 7661//2831 5579//2867
f 2551//4695 2556//4696 2552//4679
f 2556//4696 6249//4697 6250//4683
f 5578//2866 5577//2861 2556//4696
f 5577//2861 7667//2863 6249//4697
f 2561//4698 2562//4699 2558//4700
f 2562//4699 6236//4639 6235//4638
f 5557//2813 5556//2809 2562//4699
f 5556//2809 7532//1167 6236//4639
f 2557//4701 2558//4700 2563//4702
f 2559//4703 2563//4702 6258//4704
f 2558//4700 6235//4638 6234//4645
f 2563//4702 6234//4645 7777//4608
f 2559//4703 2564//4705 2560//4706
f 2564//4705 6242//4668 6241//4662
f 6259//4707 6260//4708 2564//4705
f 6260//4708 7793//4669 6242//4668
f 2557//4701 2560//4706 2565//4709
f 2561//4698 2565//4709 5558//2814
f 2560//4706 6241//4662 6240//4661
f 2565//4709 6240//4661 7660//2815
f 2570//4710 2571//4711 2567//4712
f 2571//4711 6261//4713 6262//4714
f 6256//4689 6255//4688 2571//4711
f 6255//4688 7794//4692 6261//4713
f 2566//4715 2567//4712 2572//4716
f 2568//4717 2572//4716 6239//4657
f 2567//4712 6262//4714 6263//4718
f 2572//4716 6263//4718 7778//4630
f 2568//4717 2573//4719 2569//4720
f 2573//4719 5567//2835 5566//2829
f 6238//4656 6237//4654 2573//4719
f 6237//4654 7533//1197 5567//2835
f 2566//4715 2569//4720 2574//4721
f 2570//4710 2574//4721 6257//4694
f 2569//4720 5566//2829 5565//2828
f 2574//4721 5565//2828 7661//2831
f 2579//4722 2580//4723 2576//4724
f 2580//4723 5582//2874 5581//2873
f 2579//4722 6265//4725 6266//4726
f 2580//4723 6266//4726 7530//1207
f 2575//4727 2576//4724 2581//4728
f 2577//4729 2581//4728 6248//4677
f 2576//4724 5581//2873 5580//2880
f 2581//4728 5580//2880 7666//2847
f 2577//4729 2582//4730 2578//4731
f 2578//4731 2582//4730 6267//4732
f 6247//4676 6246//4672 2582//4730
f 6246//4672 7795//4674 6267//4732
f 2578//4731 2583//4733 2579//4722
f 2583//4733 6264//4734 6265//4725
f 6268//4735 6269//4736 2583//4733
f 6269//4736 7797//4737 6264//4734
f 2588//4738 2589//4739 2585//4740
f 2589//4739 6251//4684 6250//4683
f 2588//4738 6271//4741 6272//4742
f 6272//4742 7796//4685 6251//4684
f 2584//4743 2585//4740 2590//4744
f 2586//4745 2590//4744 5585//2892
f 2585//4740 6250//4683 6249//4697
f 2590//4744 6249//4697 7667//2863
f 2586//4745 2591//4746 2587//4747
f 2587//4747 2591//4746 6273//4748
f 5584//2891 5583//2889 2591//4746
f 2591//4746 5583//2889 7531//1244
f 2587//4747 2592//4749 2588//4738
f 2592//4749 6270//4750 6271//4741
f 6274//4751 6275//4752 2592//4749
f 6275//4752 7798//4753 6270//4750
f 2597//4754 2598//4755 2594//4756
f 2598//4755 6266//4726 6265//4725
f 4918//1212 4917//1204 2598//4755
f 4917//1204 7530//1207 6266//4726
f 2593//4757 2594//4756 2599//4758
f 2599//4758 6276//4759 6277//4760
f 2594//4756 6265//4725 6264//4734
f 2599//4758 6264//4734 7797//4737
f 2595//4761 2600//4762 2596//4763
f 2600//4762 6104//4293 6103//4289
f 2595//4761 6277//4760 6278//4764
f 2600//4762 6278//4764 7751//4294
f 2593//4757 2596//4763 2601//4765
f 2597//4754 2601//4765 4919//1213
f 2596//4763 6103//4289 6102//4288
f 2601//4765 6102//4288 7543//1214
f 2606//4766 2607//4767 2603//4768
f 2603//4768 2607//4767 6279//4769
f 6112//4308 6111//4302 2607//4767
f 2607//4767 6111//4302 7752//4305
f 2602//4770 2603//4768 2608//4771
f 2604//4772 2608//4771 6275//4752
f 6280//4773 6281//4774 2608//4771
f 2608//4771 6281//4774 7798//4753
f 2604//4772 2609//4775 2605//4776
f 2609//4775 4934//1243 4933//1236
f 6274//4751 6273//4748 2609//4775
f 6273//4748 7531//1244 4934//1243
f 2602//4770 2605//4776 2610//4777
f 2606//4766 2610//4777 6113//4309
f 2605//4776 4933//1236 4932//1235
f 2610//4777 4932//1235 7544//1239
f 2615//4778 2616//4779 2612//4780
f 2616//4779 6285//4781 6286//4782
f 6283//4783 6284//4784 2616//4779
f 6284//4784 7528//4785 6285//4781
f 2611//4786 2612//4780 2617//4787
f 2613//4788 2617//4787 6288//4789
f 2612//4780 6286//4782 6287//4790
f 2617//4787 6287//4790 7775//4791
f 2613//4788 2618//4792 2614//4793
f 2618//4792 6291//4794 6292//4795
f 6289//4796 6290//4797 2618//4792
f 6290//4797 7803//4798 6291//4794
f 2611//4786 2614//4793 2619//4799
f 2615//4778 2619//4799 6282//4800
f 2614//4793 6292//4795 6293//4801
f 2619//4799 6293//4801 7755//4802
f 2624//4803 2625//4804 2621//4805
f 2625//4804 6297//4806 6298//4807
f 6295//4808 6296//4809 2625//4804
f 6296//4809 7804//4810 6297//4806
f 2620//4811 2621//4805 2626//4812
f 2622//4813 2626//4812 6300//4814
f 2621//4805 6298//4807 6299//4815
f 2626//4812 6299//4815 7776//4816
f 2622//4813 2627//4817 2623//4818
f 2627//4817 6284//4784 6283//4783
f 6301//4819 6302//4820 2627//4817
f 6302//4820 7528//4785 6284//4784
f 2620//4811 2623//4818 2628//4821
f 2624//4803 2628//4821 6294//4822
f 2623//4818 6283//4783 6282//4800
f 2628//4821 6282//4800 7755//4802
f 2633//4823 2634//4824 2630//4825
f 2634//4824 6293//4801 6292//4795
f 6304//4826 6305//4827 2634//4824
f 6305//4827 7755//4802 6293//4801
f 2629//4828 2630//4825 2635//4829
f 2635//4829 6306//4830 6307//4831
f 2630//4825 6292//4795 6291//4794
f 2635//4829 6291//4794 7803//4798
f 2631//4832 2636//4833 2632//4834
f 2636//4833 6309//4835 6310//4836
f 2631//4832 6307//4831 6308//4837
f 2636//4833 6308//4837 7801//4838
f 2629//4828 2632//4834 2637//4839
f 2633//4823 2637//4839 6303//4840
f 2632//4834 6310//4836 6311//4841
f 2637//4839 6311//4841 7529//4842
f 2642//4843 2643//4844 2639//4845
f 2639//4845 2643//4844 6315//4846
f 6313//4847 6314//4848 2643//4844
f 2643//4844 6314//4848 7802//4849
f 2638//4850 2639//4845 2644//4851
f 2640//4852 2644//4851 6296//4809
f 6316//4853 6317//4854 2644//4851
f 2644//4851 6317//4854 7804//4810
f 2640//4852 2645//4855 2641//4856
f 2645//4855 6305//4827 6304//4826
f 6295//4808 6294//4822 2645//4855
f 6294//4822 7755//4802 6305//4827
f 2638//4850 2641//4856 2646//4857
f 2642//4843 2646//4857 6312//4858
f 2641//4856 6304//4826 6303//4840
f 2646//4857 6303//4840 7529//4842
f 2647//4859 2651//4860 2652//4861
f 2652//4861 6311//4841 6310//4836
f 6319//4862 6320//4863 2652//4861
f 6320//4863 7529//4842 6311//4841
f 2648//4864 2653//4865 2649//4866
f 2653//4865 6321//4867 6322//4868
f 2648//4864 6310//4836 6309//4835
f 6309//4835 7801//4838 6321//4867
f 2647//4859 2649//4866 2654//4869
f 2650//4870 2654//4869 6324//4871
f 2649//4866 6322//4868 6323//4872
f 6323//4872 7799//4873 6324//4871
f 2650//4870 2655//4874 2651//4860
f 2655//4874 6318//4875 6319//4862
f 6325//4876 6326//4877 2655//4874
f 6326//4877 7756//4878 6318//4875
f 2656//4879 2660//4880 2661//4881
f 2657//4882 2661//4881 6330//4883
f 2660//4880 6328//4884 6329//4885
f 6329//4885 7800//4886 6330//4883
f 2657//4882 2662//4887 2658//4888
f 2658//4888 2662//4887 6314//4848
f 6331//4889 6332//4890 2662//4887
f 6332//4890 7802//4849 6314//4848
f 2656//4879 2658//4888 2663//4891
f 2663//4891 6320//4863 6319//4862
f 6313//4847 6312//4858 2663//4891
f 6312//4858 7529//4842 6320//4863
f 2659//4892 2664//4893 2660//4880
f 2664//4893 6327//4894 6328//4884
f 6319//4862 6318//4875 2664//4893
f 6318//4875 7756//4878 6327//4894
f 2665//4895 2669//4896 2670//4897
f 2666//4898 2670//4897 6326//4877
f 2669//4896 6334//4899 6335//4900
f 2670//4897 6335//4900 7756//4878
f 2666//4898 2671//4901 2667//4902
f 2671//4901 6336//4903 6337//4904
f 6325//4876 6324//4871 2671//4901
f 2671//4901 6324//4871 7799//4873
f 2665//4895 2667//4902 2672//4905
f 2668//4906 2672//4905 6122//4333
f 2667//4902 6337//4904 6338//4907
f 2672//4905 6338//4907 7779//4334
f 2668//4906 2673//4908 2669//4896
f 2673//4908 6333//4909 6334//4899
f 6121//4332 6120//4325 2673//4908
f 6120//4325 7760//4327 6333//4909
f 2674//4910 2678//4911 2679//4912
f 2675//4913 2679//4912 6339//4914
f 2678//4911 6130//4343 6129//4342
f 2679//4912 6129//4342 7780//4346
f 2675//4913 2680//4915 2676//4916
f 2680//4915 6329//4885 6328//4884
f 6340//4917 6341//4918 2680//4915
f 2680//4915 6341//4918 7800//4886
f 2674//4910 2676//4916 2681//4919
f 2677//4920 2681//4919 6335//4900
f 2676//4916 6328//4884 6327//4894
f 2681//4919 6327//4894 7756//4878
f 2677//4920 2682//4921 2678//4911
f 2682//4921 6131//4350 6130//4343
f 6334//4899 6333//4909 2682//4921
f 6333//4909 7760//4327 6131//4350
f 2687//4922 2688//4923 2684//4924
f 2688//4923 6224//4607 6223//4606
f 6259//4707 6258//4704 2688//4923
f 6258//4704 7777//4608 6224//4607
f 2683//4925 2684//4924 2689//4926
f 2685//4927 2689//4926 6338//4907
f 2684//4924 6223//4606 6222//4617
f 6222//4617 7779//4334 6338//4907
f 2685//4927 2690//4928 2686//4929
f 2690//4928 6342//4930 6343//4931
f 6337//4904 6336//4903 2690//4928
f 6336//4903 7799//4873 6342//4930
f 2683//4925 2686//4929 2691//4932
f 2687//4922 2691//4932 6260//4708
f 2686//4929 6343//4931 6344//4933
f 2691//4932 6344//4933 7793//4669
f 2696//4934 2697//4935 2693//4936
f 2697//4935 6341//4918 6340//4917
f 6346//4937 6347//4938 2697//4935
f 6347//4938 7800//4886 6341//4918
f 2692//4939 2693//4936 2698//4940
f 2694//4941 2698//4940 6233//4633
f 2693//4936 6340//4917 6339//4914
f 6339//4914 7780//4346 6233//4633
f 2694//4941 2699//4942 2695//4943
f 2699//4942 6263//4718 6262//4714
f 6232//4628 6231//4627 2699//4942
f 6231//4627 7778//4630 6263//4718
f 2692//4939 2695//4943 2700//4944
f 2696//4934 2700//4944 6345//4945
f 2695//4943 6262//4714 6261//4713
f 2700//4944 6261//4713 7794//4692
f 2701//4946 2705//4947 2706//4948
f 2702//4949 2706//4948 6095//4265
f 2705//4947 6349//4950 6350//4951
f 2706//4948 6350//4951 7747//4231
f 2702//4949 2707//4952 2703//4953
f 2707//4952 6351//4954 6352//4955
f 6094//4264 6093//4260 2707//4952
f 6093//4260 7749//4262 6351//4954
f 2701//4946 2703//4953 2708//4956
f 2704//4957 2708//4956 6354//4958
f 2703//4953 6352//4955 6353//4959
f 2708//4956 6353//4959 7769//4960
f 2704//4957 2709//4961 2705//4947
f 2705//4947 2709//4961 6348//4962
f 6355//4963 6356//4964 2709//4961
f 2709//4961 6356//4964 7761//4965
f 2710//4966 2714//4967 2715//4968
f 2711//4969 2715//4968 6360//4970
f 2714//4967 6358//4971 6359//4972
f 2715//4968 6359//4972 7770//4973
f 2711//4969 2716//4974 2712//4975
f 2716//4974 6098//4272 6097//4271
f 6361//4976 6362//4977 2716//4974
f 6362//4977 7750//4273 6098//4272
f 2710//4966 2712//4975 2717//4978
f 2713//4979 2717//4978 6363//4980
f 2712//4975 6097//4271 6096//4281
f 2717//4978 6096//4281 7748//4241
f 2713//4979 2718//4981 2714//4967
f 2718//4981 6357//4982 6358//4971
f 2713//4979 6364//4983 6365//4984
f 2718//4981 6365//4984 7762//4985
f 2723//4986 2724//4987 2720//4988
f 2724//4987 6369//4989 6370//4990
f 6367//4991 6368//4992 2724//4987
f 6368//4992 7527//4993 6369//4989
f 2719//4994 2720//4988 2725//4995
f 2721//4996 2725//4995 6372//4997
f 2720//4988 6370//4990 6371//4998
f 2725//4995 6371//4998 7767//4999
f 2721//4996 2726//5000 2722//5001
f 2726//5000 6287//4790 6286//4782
f 6373//5002 6374//5003 2726//5000
f 6374//5003 7775//4791 6287//4790
f 2719//4994 2722//5001 2727//5004
f 2723//4986 2727//5004 6366//5005
f 2722//5001 6286//4782 6285//4781
f 2727//5004 6285//4781 7528//4785
f 2732//5006 2733//5007 2729//5008
f 2733//5007 6375//5009 6376//5010
f 6301//4819 6300//4814 2733//5007
f 6300//4814 7776//4816 6375//5009
f 2728//5011 2729//5008 2734//5012
f 2730//5013 2734//5012 6378//5014
f 2729//5008 6376//5010 6377//5015
f 2734//5012 6377//5015 7768//5016
f 2730//5013 2735//5017 2731//5018
f 2735//5017 6368//4992 6367//4991
f 6379//5019 6380//5020 2735//5017
f 6380//5020 7527//4993 6368//4992
f 2728//5011 2731//5018 2736//5021
f 2732//5006 2736//5021 6302//4820
f 2731//5018 6367//4991 6366//5005
f 2736//5021 6366//5005 7528//4785
f 2741//5022 2742//5023 2738//5024
f 2742//5023 6384//5025 6385//5026
f 6382//5027 6383//5028 2742//5023
f 6383//5028 7753//5029 6384//5025
f 2737//5030 2738//5024 2743//5031
f 2739//5032 2743//5031 6387//5033
f 2738//5024 6385//5026 6386//5034
f 2743//5031 6386//5034 7809//5035
f 2739//5032 2744//5036 2740//5037
f 2744//5036 6390//5038 6391//5039
f 6388//5040 6389//5041 2744//5036
f 6389//5041 7807//5042 6390//5038
f 2737//5030 2740//5037 2745//5043
f 2741//5022 2745//5043 6381//5044
f 6391//5039 6392//5045 2745//5043
f 6392//5045 7754//5046 6381//5044
f 2750//5047 2751//5048 2747//5049
f 2751//5048 6396//5050 6397//5051
f 6394//5052 6395//5053 2751//5048
f 6395//5053 7808//5054 6396//5050
f 2746//5055 2747//5049 2752//5056
f 2748//5057 2752//5056 6399//5058
f 2747//5049 6397//5051 6398//5059
f 2752//5056 6398//5059 7810//5060
f 2748//5057 2753//5061 2749//5062
f 2753//5061 6383//5028 6382//5027
f 6400//5063 6401//5064 2753//5061
f 6401//5064 7753//5029 6383//5028
f 2746//5055 2749//5062 2754//5065
f 2754//5065 6393//5066 6394//5052
f 2749//5062 6382//5027 6381//5044
f 6381//5044 7754//5046 6393//5066
f 2755//5067 2759//5068 2760//5069
f 2756//5070 2760//5069 6392//5045
f 2759//5068 6403//5071 6404//5072
f 2760//5069 6404//5072 7754//5046
f 2756//5070 2761//5073 2757//5074
f 2757//5074 2761//5073 6405//5075
f 6391//5039 6390//5038 2761//5073
f 2761//5073 6390//5038 7807//5042
f 2755//5067 2757//5074 2762//5076
f 2758//5077 2762//5076 6408//5078
f 6406//5079 6407//5080 2762//5076
f 6407//5080 7805//5081 6408//5078
f 2758//5077 2763//5082 2759//5068
f 2763//5082 6402//5083 6403//5071
f 6409//5084 6410//5085 2763//5082
f 6410//5085 7526//5086 6402//5083
f 2764//5087 2768//5088 2769//5089
f 2769//5089 6414//5090 6415//5091
f 2768//5088 6412//5092 6413//5093
f 6413//5093 7806//5094 6414//5090
f 2765//5095 2770//5096 2766//5097
f 2770//5096 6395//5053 6394//5052
f 2765//5095 6415//5091 6416//5098
f 2770//5096 6416//5098 7808//5054
f 2764//5087 2766//5097 2771//5099
f 2767//5100 2771//5099 6404//5072
f 2766//5097 6394//5052 6393//5066
f 2771//5099 6393//5066 7754//5046
f 2767//5100 2772//5101 2768//5088
f 2772//5101 6411//5102 6412//5092
f 6403//5071 6402//5083 2772//5101
f 6402//5083 7526//5086 6411//5102
f 2773//5103 2777//5104 2778//5105
f 2774//5106 2778//5105 6410//5085
f 2777//5104 6418//5107 6419//5108
f 2778//5105 6419//5108 7526//5086
f 2774//5106 2779//5109 2775//5110
f 2775//5110 2779//5109 6420//5111
f 6409//5084 6408//5078 2779//5109
f 2779//5109 6408//5078 7805//5081
f 2773//5103 2775//5110 2780//5112
f 2780//5112 6371//4998 6370//4990
f 6421//5113 6422//5114 2780//5112
f 6422//5114 7767//4999 6371//4998
f 2776//5115 2781//5116 2777//5104
f 2781//5116 6417//5117 6418//5107
f 2776//5115 6370//4990 6369//4989
f 6369//4989 7527//4993 6417//5117
f 2782//5118 2786//5119 2787//5120
f 2787//5120 6423//5121 6424//5122
f 6379//5019 6378//5014 2787//5120
f 6378//5014 7768//5016 6423//5121
f 2783//5123 2788//5124 2784//5125
f 2788//5124 6413//5093 6412//5092
f 2783//5123 6424//5122 6425//5126
f 2788//5124 6425//5126 7806//5094
f 2782//5118 2784//5125 2789//5127
f 2785//5128 2789//5127 6419//5108
f 2784//5125 6412//5092 6411//5102
f 2789//5127 6411//5102 7526//5086
f 2785//5128 2790//5129 2786//5119
f 2786//5119 2790//5129 6380//5020
f 6418//5107 6417//5117 2790//5129
f 6417//5117 7527//4993 6380//5020
f 2791//5130 2795//5131 2796//5132
f 2792//5133 2796//5132 6071//4201
f 2795//5131 6427//5134 6428//5135
f 6428//5135 7743//4167 6071//4201
f 2791//5130 2792//5133 2797//5136
f 2793//5137 2797//5136 6429//5138
f 2792//5133 6070//4196 6069//4195
f 2797//5136 6069//4195 7745//4199
f 2791//5130 2793//5137 2798//5139
f 2794//5140 2798//5139 6432//5141
f 6430//5142 6431//5143 2798//5139
f 6431//5143 7813//5144 6432//5141
f 2794//5140 2799//5145 2795//5131
f 2799//5145 6426//5146 6427//5134
f 6433//5147 6434//5148 2799//5145
f 6434//5148 7815//5149 6426//5146
f 2800//5150 2804//5151 2805//5152
f 2805//5152 6438//5153 6439//5154
f 2804//5151 6436//5155 6437//5156
f 6437//5156 7814//5157 6438//5153
f 2800//5150 2801//5158 2806//5159
f 2802//5160 2806//5159 6074//4208
f 2801//5158 6439//5154 6440//5161
f 2806//5159 6440//5161 7746//4209
f 2800//5150 2802//5160 2807//5162
f 2803//5163 2807//5162 6441//5164
f 2802//5160 6073//4207 6072//4217
f 6072//4217 7744//4177 6441//5164
f 2803//5163 2808//5165 2804//5151
f 2808//5165 6435//5166 6436//5155
f 6442//5167 6443//5168 2808//5165
f 6443//5168 7816//5169 6435//5166
f 2809//5170 2813//5171 2814//5172
f 2810//5173 2814//5172 6434//5148
f 2813//5171 6445//5174 6446//5175
f 2814//5172 6446//5175 7815//5149
f 2810//5173 2815//5176 2811//5177
f 2815//5176 6447//5178 6448//5179
f 6433//5147 6432//5141 2815//5176
f 6432//5141 7813//5144 6447//5178
f 2809//5170 2811//5177 2816//5180
f 2812//5181 2816//5180 6450//5182
f 2811//5177 6448//5179 6449//5183
f 2816//5180 6449//5183 7819//5184
f 2812//5181 2817//5185 2813//5171
f 2817//5185 6444//5186 6445//5174
f 6451//5187 6452//5188 2817//5185
f 6452//5188 7817//5189 6444//5186
f 2818//5190 2822//5191 2823//5192
f 2819//5193 2823//5192 6456//5194
f 2822//5191 6454//5195 6455//5196
f 2823//5192 6455//5196 7820//5197
f 2819//5193 2824//5198 2820//5199
f 2824//5198 6437//5156 6436//5155
f 6457//5200 6458//5201 2824//5198
f 6458//5201 7814//5157 6437//5156
f 2818//5190 2820//5199 2825//5202
f 2821//5203 2825//5202 6459//5204
f 2820//5199 6436//5155 6435//5166
f 2825//5202 6435//5166 7816//5169
f 2821//5203 2826//5205 2822//5191
f 2826//5205 6453//5206 6454//5195
f 6460//5207 6461//5208 2826//5205
f 6461//5208 7818//5209 6453//5206
f 2827//5210 2831//5211 2832//5212
f 2828//5213 2832//5212 6452//5188
f 2831//5211 6463//5214 6464//5215
f 2832//5212 6464//5215 7817//5189
f 2828//5213 2833//5216 2829//5217
f 2833//5216 6465//5218 6466//5219
f 6451//5187 6450//5182 2833//5216
f 6450//5182 7819//5184 6465//5218
f 2827//5210 2829//5217 2834//5220
f 2830//5221 2834//5220 6468//5222
f 2829//5217 6466//5219 6467//5223
f 2834//5220 6467//5223 7821//5224
f 2830//5221 2835//5225 2831//5211
f 2835//5225 6462//5226 6463//5214
f 6469//5227 6470//5228 2835//5225
f 6470//5228 7823//5229 6462//5226
f 2836//5230 2840//5231 2841//5232
f 2837//5233 2841//5232 6474//5234
f 2840//5231 6472//5235 6473//5236
f 2841//5232 6473//5236 7822//5237
f 2837//5233 2842//5238 2838//5239
f 2842//5238 6455//5196 6454//5195
f 6475//5240 6476//5241 2842//5238
f 6476//5241 7820//5197 6455//5196
f 2836//5230 2838//5239 2843//5242
f 2839//5243 2843//5242 6477//5244
f 2838//5239 6454//5195 6453//5206
f 2843//5242 6453//5206 7818//5209
f 2839//5243 2844//5245 2840//5231
f 2844//5245 6471//5246 6472//5235
f 6478//5247 6479//5248 2844//5245
f 6479//5248 7824//5249 6471//5246
f 2849//5250 2850//5251 2846//5252
f 2846//5252 2850//5251 6470//5228
f 6481//5253 6482//5254 2850//5251
f 6482//5254 7823//5229 6470//5228
f 2846//5252 2851//5255 2847//5256
f 2847//5256 2851//5255 6483//5257
f 6469//5227 6468//5222 2851//5255
f 2851//5255 6468//5222 7821//5224
f 2847//5256 2852//5258 2848//5259
f 2852//5258 6486//5260 6487//5261
f 6484//5262 6485//5263 2852//5258
f 6485//5263 7827//5264 6486//5260
f 2845//5265 2848//5259 2853//5266
f 2849//5250 2853//5266 6480//5267
f 2848//5259 6487//5261 6488//5268
f 2853//5266 6488//5268 7825//5269
f 2858//5270 2859//5271 2855//5272
f 2859//5271 6492//5273 6493//5274
f 6490//5275 6491//5276 2859//5271
f 6491//5276 7828//5277 6492//5273
f 2855//5272 2860//5278 2856//5279
f 2860//5278 6473//5236 6472//5235
f 2855//5272 6493//5274 6494//5280
f 2860//5278 6494//5280 7822//5237
f 2856//5279 2861//5281 2857//5282
f 2861//5281 6495//5283 6496//5284
f 2856//5279 6472//5235 6471//5246
f 6471//5246 7824//5249 6495//5283
f 2854//5285 2857//5282 2862//5286
f 2858//5270 2862//5286 6489//5287
f 2857//5282 6496//5284 6497//5288
f 2862//5286 6497//5288 7826//5289
f 2867//5290 2868//5291 2864//5292
f 2864//5292 2868//5291 6501//5293
f 2867//5290 6499//5294 6500//5295
f 2868//5291 6500//5295 7765//5296
f 2863//5297 2864//5292 2869//5298
f 2865//5299 2869//5298 6504//5300
f 2864//5292 6502//5301 6503//5302
f 2869//5298 6503//5302 7829//5303
f 2865//5299 2870//5304 2866//5305
f 2870//5304 6488//5268 6487//5261
f 6505//5306 6506//5307 2870//5304
f 6506//5307 7825//5269 6488//5268
f 2863//5297 2866//5305 2871//5308
f 2871//5308 6498//5309 6499//5294
f 2866//5305 6487//5261 6486//5260
f 2871//5308 6486//5260 7827//5264
f 2876//5310 2877//5311 2873//5312
f 2877//5311 6507//5313 6508//5314
f 6490//5275 6489//5287 2877//5311
f 6489//5287 7826//5289 6507//5313
f 2872//5315 2873//5312 2878//5316
f 2874//5317 2878//5316 6510//5318
f 2873//5312 6508//5314 6509//5319
f 2878//5316 6509//5319 7830//5320
f 2874//5317 2879//5321 2875//5322
f 2875//5322 2879//5321 6513//5323
f 2874//5317 6511//5324 6512//5325
f 2879//5321 6512//5325 7766//5326
f 2872//5315 2875//5322 2880//5327
f 2876//5310 2880//5327 6491//5276
f 6514//5328 6515//5329 2880//5327
f 2880//5327 6515//5329 7828//5277
f 2881//5330 2885//5331 2886//5332
f 2882//5333 2886//5332 6422//5114
f 2885//5331 6517//5334 6518//5335
f 2886//5332 6518//5335 7767//4999
f 2882//5333 2887//5336 2883//5337
f 2887//5336 6519//5338 6520//5339
f 6421//5113 6420//5111 2887//5336
f 6420//5111 7805//5081 6519//5338
f 2881//5330 2883//5337 2888//5340
f 2884//5341 2888//5340 6506//5307
f 2883//5337 6520//5339 6521//5342
f 2888//5340 6521//5342 7825//5269
f 2884//5341 2889//5343 2885//5331
f 2889//5343 6516//5344 6517//5334
f 6505//5306 6504//5300 2889//5343
f 6504//5300 7829//5303 6516//5344
f 2890//5345 2894//5346 2895//5347
f 2891//5348 2895//5347 6522//5349
f 2894//5346 6508//5314 6507//5313
f 2895//5347 6507//5313 7826//5289
f 2891//5348 2896//5350 2892//5351
f 2896//5350 6425//5126 6424//5122
f 6523//5352 6524//5353 2896//5350
f 6524//5353 7806//5094 6425//5126
f 2890//5345 2892//5351 2897//5354
f 2893//5355 2897//5354 6525//5356
f 2892//5351 6424//5122 6423//5121
f 2897//5354 6423//5121 7768//5016
f 2893//5355 2898//5357 2894//5346
f 2898//5357 6509//5319 6508//5314
f 6526//5358 6527//5359 2898//5357
f 6527//5359 7830//5320 6509//5319
f 2899//5360 2903//5361 2904//5362
f 2900//5363 2904//5362 6407//5080
f 2903//5361 6520//5339 6519//5338
f 2904//5362 6519//5338 7805//5081
f 2900//5363 2905//5364 2901//5365
f 2905//5364 6528//5366 6529//5367
f 6406//5079 6405//5075 2905//5364
f 6405//5075 7807//5042 6528//5366
f 2899//5360 2901//5365 2906//5368
f 2902//5369 2906//5368 6482//5254
f 2901//5365 6529//5367 6530//5370
f 2906//5368 6530//5370 7823//5229
f 2902//5369 2907//5371 2903//5361
f 2907//5371 6521//5342 6520//5339
f 6481//5253 6480//5267 2907//5371
f 6480//5267 7825//5269 6521//5342
f 2908//5372 2912//5373 2913//5374
f 2909//5375 2913//5374 6531//5376
f 2912//5373 6496//5284 6495//5283
f 2913//5374 6495//5283 7824//5249
f 2909//5375 2914//5377 2910//5378
f 2914//5377 6416//5098 6415//5091
f 6532//5379 6533//5380 2914//5377
f 6533//5380 7808//5054 6416//5098
f 2908//5372 2910//5378 2915//5381
f 2911//5382 2915//5381 6524//5353
f 2910//5378 6415//5091 6414//5090
f 2915//5381 6414//5090 7806//5094
f 2911//5382 2916//5383 2912//5373
f 2916//5383 6497//5288 6496//5284
f 6523//5352 6522//5349 2916//5383
f 6522//5349 7826//5289 6497//5288
f 2917//5384 2921//5385 2922//5386
f 2918//5387 2922//5386 6389//5041
f 2921//5385 6529//5367 6528//5366
f 2922//5386 6528//5366 7807//5042
f 2918//5387 2923//5388 2919//5389
f 2923//5388 6534//5390 6535//5391
f 6388//5040 6387//5033 2923//5388
f 6387//5033 7809//5035 6534//5390
f 2917//5384 2919//5389 2924//5392
f 2920//5393 2924//5392 6464//5215
f 2919//5389 6535//5391 6536//5394
f 2924//5392 6536//5394 7817//5189
f 2920//5393 2925//5395 2921//5385
f 2925//5395 6530//5370 6529//5367
f 6463//5214 6462//5226 2925//5395
f 6462//5226 7823//5229 6530//5370
f 2926//5396 2930//5397 2931//5398
f 2927//5399 2931//5398 6537//5400
f 2930//5397 6478//5247 6477//5244
f 2931//5398 6477//5244 7818//5209
f 2927//5399 2932//5401 2928//5402
f 2932//5401 6398//5059 6397//5051
f 6538//5403 6539//5404 2932//5401
f 6539//5404 7810//5060 6398//5059
f 2926//5396 2928//5402 2933//5405
f 2929//5406 2933//5405 6533//5380
f 2928//5402 6397//5051 6396//5050
f 2933//5405 6396//5050 7808//5054
f 2929//5406 2934//5407 2930//5397
f 2934//5407 6479//5248 6478//5247
f 6532//5379 6531//5376 2934//5407
f 6531//5376 7824//5249 6479//5248
f 2935//5408 2939//5409 2940//5410
f 2936//5411 2940//5410 6540//5412
f 2939//5409 6535//5391 6534//5390
f 2940//5410 6534//5390 7809//5035
f 2936//5411 2941//5413 2937//5414
f 2941//5413 6543//5415 6544//5416
f 6541//5417 6542//5418 2941//5413
f 6542//5418 7811//5419 6543//5415
f 2935//5408 2937//5414 2942//5420
f 2942//5420 6446//5175 6445//5174
f 2937//5414 6544//5416 6545//5421
f 2942//5420 6545//5421 7815//5149
f 2938//5422 2943//5423 2939//5409
f 2943//5423 6536//5394 6535//5391
f 2938//5422 6445//5174 6444//5186
f 2943//5423 6444//5186 7817//5189
f 2944//5424 2948//5425 2949//5426
f 2945//5427 2949//5426 6546//5428
f 6460//5207 6459//5204 2949//5426
f 2949//5426 6459//5204 7816//5169
f 2945//5427 2950//5429 2946//5430
f 2950//5429 6549//5431 6550//5432
f 6547//5433 6548//5434 2950//5429
f 6548//5434 7812//5435 6549//5431
f 2944//5424 2946//5430 2951//5436
f 2947//5437 2951//5436 6539//5404
f 2946//5430 6550//5432 6551//5438
f 2951//5436 6551//5438 7810//5060
f 2947//5437 2952//5439 2948//5425
f 2948//5425 2952//5439 6461//5208
f 6538//5403 6537//5400 2952//5439
f 2952//5439 6537//5400 7818//5209
f 2957//5440 2958//5441 2954//5442
f 2958//5441 6059//4169 6058//4164
f 6553//5443 6554//5444 2958//5441
f 6554//5444 7741//4134 6059//4169
f 2953//5445 2954//5442 2959//5446
f 2955//5447 2959//5446 6428//5135
f 2954//5442 6058//4164 6057//4163
f 2959//5446 6057//4163 7743//4167
f 2955//5447 2960//5448 2956//5449
f 2960//5448 6545//5421 6544//5416
f 6427//5134 6426//5146 2960//5448
f 6426//5146 7815//5149 6545//5421
f 2953//5445 2956//5449 2961//5450
f 2957//5440 2961//5450 6552//5451
f 2956//5449 6544//5416 6543//5415
f 2961//5450 6543//5415 7811//5419
f 2966//5452 2967//5453 2963//5454
f 2967//5453 6443//5168 6442//5167
f 6547//5433 6546//5428 2967//5453
f 6546//5428 7816//5169 6443//5168
f 2962//5455 2963//5454 2968//5456
f 2964//5457 2968//5456 6062//4176
f 2963//5454 6442//5167 6441//5164
f 2968//5456 6441//5164 7744//4177
f 2964//5457 2969//5458 2965//5459
f 2969//5458 6555//5460 6556//5461
f 6061//4175 6060//4185 2969//5458
f 6060//4185 7742//4145 6555//5460
f 2962//5455 2965//5459 2970//5462
f 2966//5452 2970//5462 6548//5434
f 2965//5459 6556//5461 6557//5463
f 2970//5462 6557//5463 7812//5435
f 2975//5464 2976//5465 2972//5466
f 2976//5465 6561//5467 6562//5468
f 6559//5469 6560//5470 2976//5465
f 6560//5470 7525//5471 6561//5467
f 2971//5472 2972//5466 2977//5473
f 2973//5474 2977//5473 6542//5418
f 2972//5466 6562//5468 6563//5475
f 2977//5473 6563//5475 7811//5419
f 2973//5474 2978//5476 2974//5477
f 2978//5476 6386//5034 6385//5026
f 6541//5417 6540//5412 2978//5476
f 6540//5412 7809//5035 6386//5034
f 2971//5472 2974//5477 2979//5478
f 2975//5464 2979//5478 6558//5479
f 2974//5477 6385//5026 6384//5025
f 2979//5478 6384//5025 7753//5029
f 2984//5480 2985//5481 2981//5482
f 2985//5481 6551//5438 6550//5432
f 6400//5063 6399//5058 2985//5481
f 6399//5058 7810//5060 6551//5438
f 2980//5483 2981//5482 2986//5484
f 2982//5485 2986//5484 6564//5486
f 2981//5482 6550//5432 6549//5431
f 2986//5484 6549//5431 7812//5435
f 2982//5485 2987//5487 2983//5488
f 2987//5487 6560//5470 6559//5469
f 6565//5489 6566//5490 2987//5487
f 6566//5490 7525//5471 6560//5470
f 2980//5483 2983//5488 2988//5491
f 2984//5480 2988//5491 6401//5064
f 2983//5488 6559//5469 6558//5479
f 2988//5491 6558//5479 7753//5029
f 2993//5492 2994//5493 2990//5494
f 2994//5493 6023//4073 6022//4068
f 6568//5495 6569//5496 2994//5493
f 6569//5496 7735//4037 6023//4073
f 2989//5497 2990//5494 2995//5498
f 2991//5499 2995//5498 6035//4105
f 2990//5494 6022//4068 6021//4067
f 2995//5498 6021//4067 7737//4071
f 2989//5497 2991//5499 2996//5500
f 2992//5501 2996//5500 6047//4137
f 2991//5499 6034//4100 6033//4099
f 2996//5500 6033//4099 7739//4103
f 2992//5501 2997//5502 2993//5492
f 2997//5502 6567//5503 6568//5495
f 6046//4136 6045//4131 2997//5502
f 6045//4131 7741//4134 6567//5503
f 2998//5504 3002//5505 3003//5506
f 2999//5507 3003//5506 6038//4112
f 3002//5505 6049//4143 6048//4153
f 3003//5506 6048//4153 7740//4113
f 2998//5504 2999//5507 3004//5508
f 3000//5509 3004//5508 6026//4079
f 2999//5507 6037//4111 6036//4121
f 3004//5508 6036//4121 7738//4080
f 3000//5509 3005//5510 3001//5511
f 3005//5510 6570//5512 6571//5513
f 6025//4078 6024//4089 3005//5510
f 6024//4089 7736//4049 6570//5512
f 3001//5511 3006//5514 3002//5505
f 3006//5514 6050//4144 6049//4143
f 6571//5513 6572//5515 3006//5514
f 6572//5515 7742//4145 6050//4144
f 3007//5516 3011//5517 3012//5518
f 3008//5519 3012//5518 6569//5496
f 3011//5517 6574//5520 6575//5521
f 3012//5518 6575//5521 7735//4037
f 3008//5519 3013//5522 3009//5523
f 3013//5522 6554//5444 6553//5443
f 6568//5495 6567//5503 3013//5522
f 3013//5522 6567//5503 7741//4134
f 3007//5516 3009//5523 3014//5524
f 3010//5525 3014//5524 6563//5475
f 6553//5443 6552//5451 3014//5524
f 6552//5451 7811//5419 6563//5475
f 3010//5525 3015//5526 3011//5517
f 3015//5526 6573//5527 6574//5520
f 6562//5468 6561//5467 3015//5526
f 6561//5467 7525//5471 6573//5527
f 3016//5528 3020//5529 3021//5530
f 3021//5530 6557//5463 6556//5461
f 3020//5529 6565//5489 6564//5486
f 6564//5486 7812//5435 6557//5463
f 3017//5531 3022//5532 3018//5533
f 3022//5532 6572//5515 6571//5513
f 6556//5461 6555//5460 3022//5532
f 3022//5532 6555//5460 7742//4145
f 3016//5528 3018//5533 3023//5534
f 3019//5535 3023//5534 6576//5536
f 3018//5533 6571//5513 6570//5512
f 3023//5534 6570//5512 7736//4049
f 3019//5535 3024//5537 3020//5529
f 3024//5537 6566//5490 6565//5489
f 6577//5538 6578//5539 3024//5537
f 6578//5539 7525//5471 6566//5490
f 3025//5540 3028//5541 3029//5542
f 3029//5542 6011//4040 6010//4034
f 3028//5541 6580//5543 6581//5544
f 3029//5542 6581//5544 7524//4041
f 3025//5540 3026//5545 3030//5546
f 3030//5546 6575//5521 6574//5520
f 3026//5545 6010//4034 6009//4033
f 3030//5546 6009//4033 7735//4037
f 3025//5540 3027//5547 3031//5548
f 3031//5548 6579//5549 6580//5543
f 3027//5547 6574//5520 6573//5527
f 3031//5548 6573//5527 7525//5471
f 3032//5550 3035//5551 3036//5552
f 3033//5553 3036//5552 6578//5539
f 6580//5543 6579//5549 3036//5552
f 3036//5552 6579//5549 7525//5471
f 3032//5550 3033//5553 3037//5554
f 3034//5555 3037//5554 6014//4048
f 6577//5538 6576//5536 3037//5554
f 3037//5554 6576//5536 7736//4049
f 3032//5550 3034//5555 3038//5556
f 3035//5551 3038//5556 6581//5544
f 6013//4047 6012//4057 3038//5556
f 3038//5556 6012//4057 7524//4041
f 3043//5557 3044//5558 3040//5559
f 3044//5558 6083//4233 6082//4228
f 6430//5142 6429//5138 3044//5558
f 6429//5138 7745//4199 6083//4233
f 3039//5560 3040//5559 3045//5561
f 3041//5562 3045//5561 6350//4951
f 3040//5559 6082//4228 6081//4227
f 3045//5561 6081//4227 7747//4231
f 3041//5562 3046//5563 3042//5564
f 3046//5563 6582//5565 6583//5566
f 6349//4950 6348//4962 3046//5563
f 6348//4962 7761//4965 6582//5565
f 3039//5560 3042//5564 3047//5567
f 3043//5557 3047//5567 6431//5143
f 3042//5564 6583//5566 6584//5568
f 3047//5567 6584//5568 7813//5144
f 3052//5569 3053//5570 3049//5571
f 3053//5570 6365//4984 6364//4983
f 6586//5572 6587//5573 3053//5570
f 6587//5573 7762//4985 6365//4984
f 3048//5574 3049//5571 3054//5575
f 3050//5576 3054//5575 6086//4240
f 3049//5571 6364//4983 6363//4980
f 3054//5575 6363//4980 7748//4241
f 3050//5576 3055//5577 3051//5578
f 3055//5577 6440//5161 6439//5154
f 6085//4239 6084//4249 3055//5577
f 6084//4249 7746//4209 6440//5161
f 3048//5574 3051//5578 3056//5579
f 3052//5569 3056//5579 6585//5580
f 3051//5578 6439//5154 6438//5153
f 3056//5579 6438//5153 7814//5157
f 3057//5581 3061//5582 3062//5583
f 3058//5584 3062//5583 6588//5585
f 3061//5582 6583//5566 6582//5565
f 3062//5583 6582//5565 7761//4965
f 3058//5584 3063//5586 3059//5587
f 3063//5586 6591//5588 6592//5589
f 6589//5590 6590//5591 3063//5586
f 6590//5591 7763//5592 6591//5588
f 3057//5581 3059//5587 3064//5593
f 3060//5594 3064//5593 6449//5183
f 3059//5587 6592//5589 6593//5595
f 3064//5593 6593//5595 7819//5184
f 3060//5594 3065//5596 3061//5582
f 3065//5596 6584//5568 6583//5566
f 6448//5179 6447//5178 3065//5596
f 6447//5178 7813//5144 6584//5568
f 3066//5597 3070//5598 3071//5599
f 3067//5600 3071//5599 6594//5601
f 3070//5598 6457//5200 6456//5194
f 3071//5599 6456//5194 7820//5197
f 3067//5600 3072//5602 3068//5603
f 3072//5602 6597//5604 6598//5605
f 6595//5606 6596//5607 3072//5602
f 6596//5607 7764//5608 6597//5604
f 3066//5597 3068//5603 3073//5609
f 3069//5610 3073//5609 6587//5573
f 3068//5603 6598//5605 6599//5611
f 3073//5609 6599//5611 7762//4985
f 3069//5610 3074//5612 3070//5598
f 3074//5612 6458//5201 6457//5200
f 6586//5572 6585//5580 3074//5612
f 6585//5580 7814//5157 6458//5201
f 3075//5613 3079//5614 3080//5615
f 3076//5616 3080//5615 6600//5617
f 3079//5614 6592//5589 6591//5588
f 6591//5588 7763//5592 6600//5617
f 3076//5616 3081//5618 3077//5619
f 3081//5618 6603//5620 6604//5621
f 6601//5622 6602//5623 3081//5618
f 6602//5623 7833//5624 6603//5620
f 3075//5613 3077//5619 3082//5625
f 3078//5626 3082//5625 6467//5223
f 3077//5619 6604//5621 6605//5627
f 3082//5625 6605//5627 7821//5224
f 3078//5626 3083//5628 3079//5614
f 3083//5628 6593//5595 6592//5589
f 6466//5219 6465//5218 3083//5628
f 6465//5218 7819//5184 6593//5595
f 3084//5629 3088//5630 3089//5631
f 3085//5632 3089//5631 6606//5633
f 3088//5630 6475//5240 6474//5234
f 3089//5631 6474//5234 7822//5237
f 3085//5632 3090//5634 3086//5635
f 3090//5634 6609//5636 6610//5637
f 6607//5638 6608//5639 3090//5634
f 6608//5639 7834//5640 6609//5636
f 3084//5629 3086//5635 3091//5641
f 3087//5642 3091//5641 6596//5607
f 3086//5635 6610//5637 6611//5643
f 6611//5643 7764//5608 6596//5607
f 3087//5642 3092//5644 3088//5630
f 3092//5644 6476//5241 6475//5240
f 6595//5606 6594//5601 3092//5644
f 6594//5601 7820//5197 6476//5241
f 3097//5645 3098//5646 3094//5647
f 3098//5646 6500//5295 6499//5294
f 6613//5648 6614//5649 3098//5646
f 6614//5649 7765//5296 6500//5295
f 3093//5650 3094//5647 3099//5651
f 3095//5652 3099//5651 6485//5263
f 3094//5647 6499//5294 6498//5309
f 3099//5651 6498//5309 7827//5264
f 3095//5652 3100//5653 3096//5654
f 3100//5653 6605//5627 6604//5621
f 6484//5262 6483//5257 3100//5653
f 6483//5257 7821//5224 6605//5627
f 3093//5650 3096//5654 3101//5655
f 3097//5645 3101//5655 6612//5656
f 3096//5654 6604//5621 6603//5620
f 3101//5655 6603//5620 7833//5624
f 3106//5657 3107//5658 3103//5659
f 3107//5658 6494//5280 6493//5274
f 6607//5638 6606//5633 3107//5658
f 6606//5633 7822//5237 6494//5280
f 3102//5660 3103//5659 3108//5661
f 3104//5662 3108//5661 6515//5329
f 3103//5659 6493//5274 6492//5273
f 3108//5661 6492//5273 7828//5277
f 3104//5662 3109//5663 3105//5664
f 3109//5663 6615//5665 6616//5666
f 6514//5328 6513//5323 3109//5663
f 6513//5323 7766//5326 6615//5665
f 3102//5660 3105//5664 3110//5667
f 3106//5657 3110//5667 6608//5639
f 3105//5664 6616//5666 6617//5668
f 3110//5667 6617//5668 7834//5640
f 3115//5669 3116//5670 3112//5671
f 3116//5670 6323//4872 6322//4868
f 6619//5672 6620//5673 3116//5670
f 6620//5673 7799//4873 6323//4872
f 3111//5674 3112//5671 3117//5675
f 3113//5676 3117//5675 6621//5677
f 3112//5671 6322//4868 6321//4867
f 3117//5675 6321//4867 7801//4838
f 3113//5676 3118//5678 3114//5679
f 3118//5678 6624//5680 6625//5681
f 6622//5682 6623//5683 3118//5678
f 6623//5683 7837//5684 6624//5680
f 3111//5674 3114//5679 3119//5685
f 3115//5669 3119//5685 6618//5686
f 3114//5679 6625//5681 6626//5687
f 6626//5687 7835//5688 6618//5686
f 3124//5689 3125//5690 3121//5691
f 3125//5690 6630//5692 6631//5693
f 6628//5694 6629//5695 3125//5690
f 6629//5695 7838//5696 6630//5692
f 3120//5697 3121//5691 3126//5698
f 3122//5699 3126//5698 6332//4890
f 3121//5691 6631//5693 6632//5700
f 3126//5698 6632//5700 7802//4849
f 3122//5699 3127//5701 3123//5702
f 3127//5701 6633//5703 6634//5704
f 6331//4889 6330//4883 3127//5701
f 6330//4883 7800//4886 6633//5703
f 3120//5697 3123//5702 3128//5705
f 3124//5689 3128//5705 6627//5706
f 3123//5702 6634//5704 6635//5707
f 6635//5707 7836//5708 6627//5706
f 3133//5709 3134//5710 3130//5711
f 3130//5711 3134//5710 6639//5712
f 6637//5713 6638//5714 3134//5710
f 6638//5714 7769//4960 6639//5712
f 3130//5711 3135//5715 3131//5716
f 3135//5715 6626//5687 6625//5681
f 6640//5717 6641//5718 3135//5715
f 6641//5718 7835//5688 6626//5687
f 3131//5716 3136//5719 3132//5720
f 3136//5719 6642//5721 6643//5722
f 3131//5716 6625//5681 6624//5680
f 6624//5680 7837//5684 6642//5721
f 3129//5723 3132//5720 3137//5724
f 3133//5709 3137//5724 6636//5725
f 3132//5720 6643//5722 6644//5726
f 3137//5724 6644//5726 7771//5727
f 3142//5728 3143//5729 3139//5730
f 3139//5730 3143//5729 6629//5695
f 6646//5731 6647//5732 3143//5729
f 6647//5732 7838//5696 6629//5695
f 3139//5730 3144//5733 3140//5734
f 3144//5733 6648//5735 6649//5736
f 6628//5694 6627//5706 3144//5733
f 6627//5706 7836//5708 6648//5735
f 3140//5734 3145//5737 3141//5738
f 3145//5737 6651//5739 6652//5740
f 3140//5734 6649//5736 6650//5741
f 6650//5741 7770//4973 6651//5739
f 3138//5742 3141//5738 3146//5743
f 3142//5728 3146//5743 6645//5744
f 3141//5738 6652//5740 6653//5745
f 3146//5743 6653//5745 7772//5746
f 3147//5747 3151//5748 3152//5749
f 3148//5750 3152//5749 6107//4297
f 3151//5748 6352//4955 6351//4954
f 3152//5749 6351//4954 7749//4262
f 3148//5750 3153//5751 3149//5752
f 3153//5751 6654//5753 6655//5754
f 6106//4296 6105//4292 3153//5751
f 6105//4292 7751//4294 6654//5753
f 3147//5747 3149//5752 3154//5755
f 3150//5756 3154//5755 6641//5718
f 3149//5752 6655//5754 6656//5757
f 3154//5755 6656//5757 7835//5688
f 3150//5756 3155//5758 3151//5748
f 3155//5758 6353//4959 6352//4955
f 6640//5717 6639//5712 3155//5758
f 6639//5712 7769//4960 6353//4959
f 3156//5759 3160//5760 3161//5761
f 3157//5762 3161//5761 6657//5763
f 3160//5760 6649//5736 6648//5735
f 3161//5761 6648//5735 7836//5708
f 3157//5762 3162//5764 3158//5765
f 3162//5764 6110//4304 6109//4303
f 6658//5766 6659//5767 3162//5764
f 6659//5767 7752//4305 6110//4304
f 3156//5759 3158//5765 3163//5768
f 3159//5769 3163//5768 6362//4977
f 3158//5765 6109//4303 6108//4313
f 3163//5768 6108//4313 7750//4273
f 3159//5769 3164//5770 3160//5760
f 3164//5770 6650//5741 6649//5736
f 6361//4976 6360//4970 3164//5770
f 6360//4970 7770//4973 6650//5741
f 3165//5771 3169//5772 3170//5773
f 3166//5774 3170//5773 6660//5775
f 3169//5772 6655//5754 6654//5753
f 3170//5773 6654//5753 7751//4294
f 3166//5774 3171//5776 3167//5777
f 3171//5776 6245//4673 6244//4667
f 6661//5778 6662//5779 3171//5776
f 6662//5779 7795//4674 6245//4673
f 3165//5771 3167//5777 3172//5780
f 3168//5781 3172//5780 6663//5782
f 3167//5777 6244//4667 6243//4666
f 3172//5780 6243//4666 7793//4669
f 3168//5781 3173//5783 3169//5772
f 3173//5783 6656//5757 6655//5754
f 6664//5784 6665//5785 3173//5783
f 6665//5785 7835//5688 6656//5757
f 3174//5786 3178//5787 3179//5788
f 3175//5789 3179//5788 6254//4691
f 3178//5787 6667//5790 6668//5791
f 3179//5788 6668//5791 7794//4692
f 3175//5789 3180//5792 3176//5793
f 3180//5792 6669//5794 6670//5795
f 6253//4690 6252//4682 3180//5792
f 6252//4682 7796//4685 6669//5794
f 3174//5786 3176//5793 3181//5796
f 3177//5797 3181//5796 6659//5767
f 3176//5793 6670//5795 6671//5798
f 3181//5796 6671//5798 7752//4305
f 3177//5797 3182//5799 3178//5787
f 3182//5799 6666//5800 6667//5790
f 6658//5766 6657//5763 3182//5799
f 6657//5763 7836//5708 6666//5800
f 3186//5801 3187//5802 3184//5803
f 3187//5802 6344//4933 6343//4931
f 6664//5784 6663//5782 3187//5802
f 6663//5782 7793//4669 6344//4933
f 3183//5804 3184//5803 3188//5805
f 3185//5806 3188//5805 6620//5673
f 3184//5803 6343//4931 6342//4930
f 3188//5805 6342//4930 7799//4873
f 3183//5804 3185//5806 3189//5807
f 3186//5801 3189//5807 6665//5785
f 6619//5672 6618//5686 3189//5807
f 6618//5686 7835//5688 6665//5785
f 3190//5808 3193//5809 3194//5810
f 3194//5810 6635//5707 6634//5704
f 3193//5809 6667//5790 6666//5800
f 6666//5800 7836//5708 6635//5707
f 3190//5808 3191//5811 3195//5812
f 3192//5813 3195//5812 6347//4938
f 3191//5811 6634//5704 6633//5703
f 3195//5812 6633//5703 7800//4886
f 3192//5813 3196//5814 3193//5809
f 3196//5814 6668//5791 6667//5790
f 6346//4937 6345//4945 3196//5814
f 6345//4945 7794//4692 6668//5791
f 3200//5815 3201//5816 3198//5817
f 3201//5816 6278//4764 6277//4760
f 6661//5778 6660//5775 3201//5816
f 6660//5775 7751//4294 6278//4764
f 3197//5818 3198//5817 3202//5819
f 3199//5820 3202//5819 6269//4736
f 3198//5817 6277//4760 6276//4759
f 3202//5819 6276//4759 7797//4737
f 3197//5818 3199//5820 3203//5821
f 3200//5815 3203//5821 6662//5779
f 3199//5820 6268//4735 6267//4732
f 3203//5821 6267//4732 7795//4674
f 3204//5822 3207//5823 3208//5824
f 3205//5825 3208//5824 6272//4742
f 3207//5823 6670//5795 6669//5794
f 3208//5824 6669//5794 7796//4685
f 3204//5822 3205//5825 3209//5826
f 3206//5827 3209//5826 6281//4774
f 3205//5825 6271//4741 6270//4750
f 3209//5826 6270//4750 7798//4753
f 3206//5827 3210//5828 3207//5823
f 3210//5828 6671//5798 6670//5795
f 6280//4773 6279//4769 3210//5828
f 6279//4769 7752//4305 6671//5798
f 3215//5829 3216//5830 3212//5831
f 3216//5830 6672//5832 6673//5833
f 6502//5301 6501//5293 3216//5830
f 6501//5293 7765//5296 6672//5832
f 3211//5834 3212//5831 3217//5835
f 3217//5835 6675//5836 6676//5837
f 3212//5831 6673//5833 6674//5838
f 6674//5838 7773//5839 6675//5836
f 3213//5840 3218//5841 3214//5842
f 3214//5842 3218//5841 6678//5843
f 3213//5840 6676//5837 6677//5844
f 6677//5844 7831//5845 6678//5843
f 3211//5834 3214//5842 3219//5846
f 3219//5846 6503//5302 6502//5301
f 6679//5847 6680//5848 3219//5846
f 6680//5848 7829//5303 6503//5302
f 3224//5849 3225//5850 3221//5851
f 3221//5851 3225//5850 6684//5852
f 3224//5849 6682//5853 6683//5854
f 6683//5854 7832//5855 6684//5852
f 3220//5856 3221//5851 3226//5857
f 3222//5858 3226//5857 6687//5859
f 6685//5860 6686//5861 3226//5857
f 6686//5861 7774//5862 6687//5859
f 3222//5858 3227//5863 3223//5864
f 3227//5863 6512//5325 6511//5324
f 6688//5865 6689//5866 3227//5863
f 6689//5866 7766//5326 6512//5325
f 3220//5856 3223//5864 3228//5867
f 3228//5867 6681//5868 6682//5853
f 6511//5324 6510//5318 3228//5867
f 6510//5318 7830//5320 6681//5868
f 3233//5869 3234//5870 3230//5871
f 3234//5870 6518//5335 6517//5334
f 6373//5002 6372//4997 3234//5870
f 6372//4997 7767//4999 6518//5335
f 3229//5872 3230//5871 3235//5873
f 3231//5874 3235//5873 6680//5848
f 3230//5871 6517//5334 6516//5344
f 3235//5873 6516//5344 7829//5303
f 3231//5874 3236//5875 3232//5876
f 3236//5875 6690//5877 6691//5878
f 6679//5847 6678//5843 3236//5875
f 6678//5843 7831//5845 6690//5877
f 3229//5872 3232//5876 3237//5879
f 3233//5869 3237//5879 6374//5003
f 3232//5876 6691//5878 6692//5880
f 6692//5880 7775//4791 6374//5003
f 3242//5881 3243//5882 3239//5883
f 3243//5882 6683//5854 6682//5853
f 6694//5884 6695//5885 3243//5882
f 6695//5885 7832//5855 6683//5854
f 3238//5886 3239//5883 3244//5887
f 3240//5888 3244//5887 6527//5359
f 3239//5883 6682//5853 6681//5868
f 3244//5887 6681//5868 7830//5320
f 3240//5888 3245//5889 3241//5890
f 3245//5889 6377//5015 6376//5010
f 6526//5358 6525//5356 3245//5889
f 6525//5356 7768//5016 6377//5015
f 3238//5886 3241//5890 3246//5891
f 3242//5881 3246//5891 6693//5892
f 3241//5890 6376//5010 6375//5009
f 6375//5009 7776//4816 6693//5892
f 3251//5893 3252//5894 3248//5895
f 3252//5894 6644//5726 6643//5722
f 6697//5896 6698//5897 3252//5894
f 6698//5897 7771//5727 6644//5726
f 3247//5898 3248//5895 3253//5899
f 3253//5899 6699//5900 6700//5901
f 3248//5895 6643//5722 6642//5721
f 6642//5721 7837//5684 6699//5900
f 3249//5902 3254//5903 3250//5904
f 3254//5903 6677//5844 6676//5837
f 3249//5902 6700//5901 6701//5905
f 6701//5905 7831//5845 6677//5844
f 3247//5898 3250//5904 3255//5906
f 3251//5893 3255//5906 6696//5907
f 3250//5904 6676//5837 6675//5836
f 3255//5906 6675//5836 7773//5839
f 3260//5908 3261//5909 3257//5910
f 3257//5910 3261//5909 6702//5911
f 6685//5860 6684//5852 3261//5909
f 6684//5852 7832//5855 6702//5911
f 3256//5912 3257//5910 3262//5913
f 3258//5914 3262//5913 6647//5732
f 6703//5915 6704//5916 3262//5913
f 6704//5916 7838//5696 6647//5732
f 3258//5914 3263//5917 3259//5918
f 3263//5917 6705//5919 6706//5920
f 6646//5731 6645//5744 3263//5917
f 6645//5744 7772//5746 6705//5919
f 3256//5912 3259//5918 3264//5921
f 3260//5908 3264//5921 6686//5861
f 3259//5918 6706//5920 6707//5922
f 3264//5921 6707//5922 7774//5862
f 3269//5923 3270//5924 3266//5925
f 3270//5924 6308//4837 6307//4831
f 6622//5682 6621//5677 3270//5924
f 6621//5677 7801//4838 6308//4837
f 3265//5926 3266//5925 3271//5927
f 3267//5928 3271//5927 6708//5929
f 3266//5925 6307//4831 6306//4830
f 3271//5927 6306//4830 7803//4798
f 3267//5928 3272//5930 3268//5931
f 3272//5930 6701//5905 6700//5901
f 6709//5932 6710//5933 3272//5930
f 6710//5933 7831//5845 6701//5905
f 3265//5926 3268//5931 3273//5934
f 3269//5923 3273//5934 6623//5683
f 3268//5931 6700//5901 6699//5900
f 3273//5934 6699//5900 7837//5684
f 3278//5935 3279//5936 3275//5937
f 3279//5936 6711//5938 6712//5939
f 6703//5915 6702//5911 3279//5936
f 6702//5911 7832//5855 6711//5938
f 3274//5940 3275//5937 3280//5941
f 3276//5942 3280//5941 6317//4854
f 3275//5937 6712//5939 6713//5943
f 3280//5941 6713//5943 7804//4810
f 3276//5942 3281//5944 3277//5945
f 3281//5944 6632//5700 6631//5693
f 6316//4853 6315//4846 3281//5944
f 6315//4846 7802//4849 6632//5700
f 3274//5940 3277//5945 3282//5946
f 3278//5935 3282//5946 6704//5916
f 3277//5945 6631//5693 6630//5692
f 3282//5946 6630//5692 7838//5696
f 3283//5947 3286//5948 3287//5949
f 3287//5949 6692//5880 6691//5878
f 3286//5948 6289//4796 6288//4789
f 3287//5949 6288//4789 7775//4791
f 3283//5947 3284//5950 3288//5951
f 3285//5952 3288//5951 6710//5933
f 3284//5950 6691//5878 6690//5877
f 3288//5951 6690//5877 7831//5845
f 3283//5947 3285//5952 3289//5953
f 3286//5948 3289//5953 6290//4797
f 6709//5932 6708//5929 3289//5953
f 6708//5929 7803//4798 6290//4797
f 3290//5954 3293//5955 3294//5956
f 3294//5956 6713//5943 6712//5939
f 3293//5955 6298//4807 6297//4806
f 6297//4806 7804//4810 6713//5943
f 3290//5954 3291//5957 3295//5958
f 3292//5959 3295//5958 6695//5885
f 3291//5957 6712//5939 6711//5938
f 3295//5958 6711//5938 7832//5855
f 3290//5954 3292//5959 3296//5960
f 3293//5955 3296//5960 6299//4815
f 6694//5884 6693//5892 3296//5960
f 3296//5960 6693//5892 7776//4816
f 3301//5961 3302//5962 3298//5963
f 3302//5962 6717//5964 6718//5965
f 6715//5966 6716//5967 3302//5962
f 6716//5967 7851//5968 6717//5964
f 3297//5969 3298//5963 3303//5970
f 3299//5971 3303//5970 6720//5972
f 3298//5963 6718//5965 6719//5973
f 3303//5970 6719//5973 7839//5974
f 3299//5971 3304//5975 3300//5976
f 3304//5975 6723//5977 6724//5978
f 6721//5979 6722//5980 3304//5975
f 6722//5980 7865//5981 6723//5977
f 3297//5969 3300//5976 3305//5982
f 3301//5961 3305//5982 6714//5983
f 3300//5976 6724//5978 6725//5984
f 3305//5982 6725//5984 7853//5985
f 3310//5986 3311//5987 3307//5988
f 3311//5987 6729//5989 6730//5990
f 6727//5991 6728//5992 3311//5987
f 6728//5992 7866//5993 6729//5989
f 3306//5994 3307//5988 3312//5995
f 3308//5996 3312//5995 6732//5997
f 3307//5988 6730//5990 6731//5998
f 3312//5995 6731//5998 7840//5999
f 3308//5996 3313//6000 3309//6001
f 3313//6000 6735//6002 6736//6003
f 6733//6004 6734//6005 3313//6000
f 6734//6005 7852//6006 6735//6002
f 3306//5994 3309//6001 3314//6007
f 3310//5986 3314//6007 6726//6008
f 3309//6001 6736//6003 6737//6009
f 3314//6007 6737//6009 7854//6010
f 3315//6011 3319//6012 3320//6013
f 3316//6014 3320//6013 6716//5967
f 3319//6012 6739//6015 6740//6016
f 3320//6013 6740//6016 7851//5968
f 3316//6014 3321//6017 3317//6018
f 3321//6017 6741//6019 6742//6020
f 6715//5966 6714//5983 3321//6017
f 6714//5983 7853//5985 6741//6019
f 3315//6011 3317//6018 3322//6021
f 3318//6022 3322//6021 6744//6023
f 3317//6018 6742//6020 6743//6024
f 3322//6021 6743//6024 7855//6025
f 3318//6022 3323//6026 3319//6012
f 3323//6026 6738//6027 6739//6015
f 6745//6028 6746//6029 3323//6026
f 6746//6029 7849//6030 6738//6027
f 3324//6031 3328//6032 3329//6033
f 3325//6034 3329//6033 6750//6035
f 3328//6032 6748//6036 6749//6037
f 3329//6033 6749//6037 7856//6038
f 3325//6034 3330//6039 3326//6040
f 3330//6039 6737//6009 6736//6003
f 6751//6041 6752//6042 3330//6039
f 6752//6042 7854//6010 6737//6009
f 3324//6031 3326//6040 3331//6043
f 3327//6044 3331//6043 6753//6045
f 3326//6040 6736//6003 6735//6002
f 3331//6043 6735//6002 7852//6006
f 3327//6044 3332//6046 3328//6032
f 3332//6046 6747//6047 6748//6036
f 6754//6048 6755//6049 3332//6046
f 6755//6049 7850//6050 6747//6047
f 3333//6051 3337//6052 3338//6053
f 3334//6054 3338//6053 6746//6029
f 3337//6052 6757//6055 6758//6056
f 3338//6053 6758//6056 7849//6030
f 3333//6051 3334//6054 3339//6057
f 3335//6058 3339//6057 6759//6059
f 6745//6028 6744//6023 3339//6057
f 3339//6057 6744//6023 7855//6025
f 3335//6058 3340//6060 3336//6061
f 3340//6060 6762//6062 6763//6063
f 6760//6064 6761//6065 3340//6060
f 6761//6065 7857//6066 6762//6062
f 3333//6051 3336//6061 3341//6067
f 3341//6067 6756//6068 6757//6055
f 3336//6061 6763//6063 6764//6069
f 3341//6067 6764//6069 7847//6070
f 3346//6071 3347//6072 3343//6073
f 3347//6072 6768//6074 6769//6075
f 6766//6076 6767//6077 3347//6072
f 6767//6077 7858//6078 6768//6074
f 3342//6079 3343//6073 3348//6080
f 3348//6080 6749//6037 6748//6036
f 3343//6073 6769//6075 6770//6081
f 3348//6080 6770//6081 7856//6038
f 3342//6079 3344//6082 3349//6083
f 3345//6084 3349//6083 6771//6085
f 3344//6082 6748//6036 6747//6047
f 3349//6083 6747//6047 7850//6050
f 3342//6079 3345//6084 3350//6086
f 3346//6071 3350//6086 6765//6087
f 6772//6088 6773//6089 3350//6086
f 3350//6086 6773//6089 7848//6090
f 3355//6091 3356//6092 3352//6093
f 3356//6092 6764//6069 6763//6063
f 6775//6094 6776//6095 3356//6092
f 6776//6095 7847//6070 6764//6069
f 3351//6096 3352//6093 3357//6097
f 3353//6098 3357//6097 6777//6099
f 3352//6093 6763//6063 6762//6062
f 3357//6097 6762//6062 7857//6066
f 3353//6098 3358//6100 3354//6101
f 3358//6100 6780//6102 6781//6103
f 6778//6104 6779//6105 3358//6100
f 6779//6105 7859//6106 6780//6102
f 3351//6096 3354//6101 3359//6107
f 3355//6091 3359//6107 6774//6108
f 3354//6101 6781//6103 6782//6109
f 3359//6107 6782//6109 7845//6110
f 3364//6111 3365//6112 3361//6113
f 3365//6112 6786//6114 6787//6115
f 6784//6116 6785//6117 3365//6112
f 6785//6117 7860//6118 6786//6114
f 3360//6119 3361//6113 3366//6120
f 3362//6121 3366//6120 6767//6077
f 3361//6113 6787//6115 6788//6122
f 3366//6120 6788//6122 7858//6078
f 3362//6121 3367//6123 3363//6124
f 3367//6123 6789//6125 6790//6126
f 6766//6076 6765//6087 3367//6123
f 6765//6087 7848//6090 6789//6125
f 3360//6119 3363//6124 3368//6127
f 3364//6111 3368//6127 6783//6128
f 3363//6124 6790//6126 6791//6129
f 3368//6127 6791//6129 7846//6130
f 3373//6131 3374//6132 3370//6133
f 3374//6132 6782//6109 6781//6103
f 6793//6134 6794//6135 3374//6132
f 6794//6135 7845//6110 6782//6109
f 3369//6136 3370//6133 3375//6137
f 3371//6138 3375//6137 6795//6139
f 3370//6133 6781//6103 6780//6102
f 3375//6137 6780//6102 7859//6106
f 3371//6138 3376//6140 3372//6141
f 3372//6141 3376//6140 6798//6142
f 3371//6138 6796//6143 6797//6144
f 3376//6140 6797//6144 7861//6145
f 3369//6136 3372//6141 3377//6146
f 3373//6131 3377//6146 6792//6147
f 3372//6141 6799//6148 6800//6149
f 3377//6146 6800//6149 7843//6150
f 3382//6151 3383//6152 3379//6153
f 3379//6153 3383//6152 6804//6154
f 3382//6151 6802//6155 6803//6156
f 3383//6152 6803//6156 7862//6157
f 3378//6158 3379//6153 3384//6159
f 3380//6160 3384//6159 6785//6117
f 3379//6153 6805//6161 6806//6162
f 3384//6159 6806//6162 7860//6118
f 3380//6160 3385//6163 3381//6164
f 3385//6163 6807//6165 6808//6166
f 6784//6116 6783//6128 3385//6163
f 6783//6128 7846//6130 6807//6165
f 3378//6158 3381//6164 3386//6167
f 3382//6151 3386//6167 6801//6168
f 3381//6164 6808//6166 6809//6169
f 3386//6167 6809//6169 7844//6170
f 3391//6171 3392//6172 3388//6173
f 3392//6172 6800//6149 6799//6148
f 6811//6174 6812//6175 3392//6172
f 6812//6175 7843//6150 6800//6149
f 3388//6173 3393//6176 3389//6177
f 3393//6176 6813//6178 6814//6179
f 6799//6148 6798//6142 3393//6176
f 6798//6142 7861//6145 6813//6178
f 3387//6180 3389//6177 3394//6181
f 3390//6182 3394//6181 6816//6183
f 3389//6177 6814//6179 6815//6184
f 3394//6181 6815//6184 7863//6185
f 3390//6182 3395//6186 3391//6171
f 3391//6171 3395//6186 6810//6187
f 6817//6188 6818//6189 3395//6186
f 3395//6186 6818//6189 7841//6190
f 3396//6191 3400//6192 3401//6193
f 3397//6194 3401//6193 6822//6195
f 3400//6192 6820//6196 6821//6197
f 3401//6193 6821//6197 7864//6198
f 3397//6194 3402//6199 3398//6200
f 3402//6199 6803//6156 6802//6155
f 6823//6201 6824//6202 3402//6199
f 6824//6202 7862//6157 6803//6156
f 3398//6200 3403//6203 3399//6204
f 3403//6203 6825//6205 6826//6206
f 6802//6155 6801//6168 3403//6203
f 6801//6168 7844//6170 6825//6205
f 3399//6204 3404//6207 3400//6192
f 3404//6207 6819//6208 6820//6196
f 3399//6204 6826//6206 6827//6209
f 3404//6207 6827//6209 7842//6210
f 3405//6211 3409//6212 3410//6213
f 3406//6214 3410//6213 6828//6215
f 3409//6212 6814//6179 6813//6178
f 3410//6213 6813//6178 7861//6145
f 3406//6214 3411//6216 3407//6217
f 3411//6216 6831//6218 6832//6219
f 6829//6220 6830//6221 3411//6216
f 6830//6221 7871//6222 6831//6218
f 3405//6211 3407//6217 3412//6223
f 3408//6224 3412//6223 6834//6225
f 3407//6217 6832//6219 6833//6226
f 3412//6223 6833//6226 7869//6227
f 3408//6224 3413//6228 3409//6212
f 3413//6228 6815//6184 6814//6179
f 6835//6229 6836//6230 3413//6228
f 6836//6230 7863//6185 6815//6184
f 3414//6231 3418//6232 3419//6233
f 3415//6234 3419//6233 6840//6235
f 3418//6232 6838//6236 6839//6237
f 3419//6233 6839//6237 7870//6238
f 3415//6234 3420//6239 3416//6240
f 3420//6239 6843//6241 6844//6242
f 6841//6243 6842//6244 3420//6239
f 6842//6244 7872//6245 6843//6241
f 3414//6231 3416//6240 3421//6246
f 3417//6247 3421//6246 6824//6202
f 3416//6240 6844//6242 6845//6248
f 3421//6246 6845//6248 7862//6157
f 3417//6247 3422//6249 3418//6232
f 3422//6249 6837//6250 6838//6236
f 6823//6201 6822//6195 3422//6249
f 6822//6195 7864//6198 6837//6250
f 3423//6251 3427//6252 3428//6253
f 3424//6254 3428//6253 6846//6255
f 3427//6252 6796//6143 6795//6139
f 6795//6139 7859//6106 6846//6255
f 3424//6254 3429//6256 3425//6257
f 3429//6256 6849//6258 6850//6259
f 6847//6260 6848//6261 3429//6256
f 6848//6261 7873//6262 6849//6258
f 3423//6251 3425//6257 3430//6263
f 3426//6264 3430//6263 6830//6221
f 3425//6257 6850//6259 6851//6265
f 3430//6263 6851//6265 7871//6222
f 3426//6264 3431//6266 3427//6252
f 3431//6266 6797//6144 6796//6143
f 6829//6220 6828//6215 3431//6266
f 6828//6215 7861//6145 6797//6144
f 3432//6267 3436//6268 3437//6269
f 3433//6270 3437//6269 6852//6271
f 3436//6268 6844//6242 6843//6241
f 3437//6269 6843//6241 7872//6245
f 3433//6270 3438//6272 3434//6273
f 3438//6272 6855//6274 6856//6275
f 6853//6276 6854//6277 3438//6272
f 6854//6277 7874//6278 6855//6274
f 3432//6267 3434//6273 3439//6279
f 3435//6280 3439//6279 6806//6162
f 3434//6273 6856//6275 6857//6281
f 6857//6281 7860//6118 6806//6162
f 3435//6280 3440//6282 3436//6268
f 3440//6282 6845//6248 6844//6242
f 6805//6161 6804//6154 3440//6282
f 6804//6154 7862//6157 6845//6248
f 3445//6283 3446//6284 3442//6285
f 3446//6284 6858//6286 6859//6287
f 6778//6104 6777//6099 3446//6284
f 6777//6099 7857//6066 6858//6286
f 3441//6288 3442//6285 3447//6289
f 3443//6290 3447//6289 6861//6291
f 3442//6285 6859//6287 6860//6292
f 3447//6289 6860//6292 7875//6293
f 3443//6290 3448//6294 3444//6295
f 3444//6295 3448//6294 6848//6261
f 6862//6296 6863//6297 3448//6294
f 3448//6294 6863//6297 7873//6262
f 3441//6288 3444//6295 3449//6298
f 3445//6283 3449//6298 6779//6105
f 3444//6295 6847//6260 6846//6255
f 3449//6298 6846//6255 7859//6106
f 3454//6299 3455//6300 3451//6301
f 3455//6300 6864//6302 6865//6303
f 3454//6299 6856//6275 6855//6274
f 3455//6300 6855//6274 7874//6278
f 3450//6304 3451//6301 3456//6305
f 3452//6306 3456//6305 6867//6307
f 3451//6301 6865//6303 6866//6308
f 3456//6305 6866//6308 7876//6309
f 3452//6306 3457//6310 3453//6311
f 3457//6310 6788//6122 6787//6115
f 6868//6312 6869//6313 3457//6310
f 6869//6313 7858//6078 6788//6122
f 3450//6304 3453//6311 3458//6314
f 3454//6299 3458//6314 6857//6281
f 3453//6311 6787//6115 6786//6114
f 3458//6314 6786//6114 7860//6118
f 3463//6315 3464//6316 3460//6317
f 3464//6316 6870//6318 6871//6319
f 6760//6064 6759//6059 3464//6316
f 6759//6059 7855//6025 6870//6318
f 3459//6320 3460//6317 3465//6321
f 3461//6322 3465//6321 6873//6323
f 3460//6317 6871//6319 6872//6324
f 3465//6321 6872//6324 7877//6325
f 3461//6322 3466//6326 3462//6327
f 3466//6326 6860//6292 6859//6287
f 6874//6328 6875//6329 3466//6326
f 6875//6329 7875//6293 6860//6292
f 3459//6320 3462//6327 3467//6330
f 3463//6315 3467//6330 6761//6065
f 3462//6327 6859//6287 6858//6286
f 3467//6330 6858//6286 7857//6066
f 3472//6331 3473//6332 3469//6333
f 3473//6332 6876//6334 6877//6335
f 6868//6312 6867//6307 3473//6332
f 6867//6307 7876//6309 6876//6334
f 3468//6336 3469//6333 3474//6337
f 3470//6338 3474//6337 6879//6339
f 3469//6333 6877//6335 6878//6340
f 3474//6337 6878//6340 7878//6341
f 3470//6338 3475//6342 3471//6343
f 3475//6342 6770//6081 6769//6075
f 6880//6344 6881//6345 3475//6342
f 6881//6345 7856//6038 6770//6081
f 3468//6336 3471//6343 3476//6346
f 3472//6331 3476//6346 6869//6313
f 3471//6343 6769//6075 6768//6074
f 3476//6346 6768//6074 7858//6078
f 3481//6347 3482//6348 3478//6349
f 3482//6348 6882//6350 6883//6351
f 3481//6347 6742//6020 6741//6019
f 6741//6019 7853//5985 6882//6350
f 3477//6352 3478//6349 3483//6353
f 3479//6354 3483//6353 6885//6355
f 3478//6349 6883//6351 6884//6356
f 3483//6353 6884//6356 7879//6357
f 3479//6354 3484//6358 3480//6359
f 3484//6358 6872//6324 6871//6319
f 6886//6360 6887//6361 3484//6358
f 6887//6361 7877//6325 6872//6324
f 3477//6352 3480//6359 3485//6362
f 3481//6347 3485//6362 6743//6024
f 3480//6359 6871//6319 6870//6318
f 3485//6362 6870//6318 7855//6025
f 3490//6363 3491//6364 3487//6365
f 3491//6364 6888//6366 6889//6367
f 6880//6344 6879//6339 3491//6364
f 6879//6339 7878//6341 6888//6366
f 3486//6368 3487//6365 3492//6369
f 3488//6370 3492//6369 6891//6371
f 3487//6365 6889//6367 6890//6372
f 3492//6369 6890//6372 7880//6373
f 3488//6370 3493//6374 3489//6375
f 3489//6375 3493//6374 6752//6042
f 6892//6376 6893//6377 3493//6374
f 6893//6377 7854//6010 6752//6042
f 3486//6368 3489//6375 3494//6378
f 3490//6363 3494//6378 6881//6345
f 3489//6375 6751//6041 6750//6035
f 3494//6378 6750//6035 7856//6038
f 3495//6379 3499//6380 3500//6381
f 3496//6382 3500//6381 6725//5984
f 3499//6380 6883//6351 6882//6350
f 3500//6381 6882//6350 7853//5985
f 3496//6382 3501//6383 3497//6384
f 3501//6383 6894//6385 6895//6386
f 6724//5978 6723//5977 3501//6383
f 6723//5977 7865//5981 6894//6385
f 3495//6379 3497//6384 3502//6387
f 3498//6388 3502//6387 6897//6389
f 3497//6384 6895//6386 6896//6390
f 3502//6387 6896//6390 7867//6391
f 3498//6388 3503//6392 3499//6380
f 3503//6392 6884//6356 6883//6351
f 6898//6393 6899//6394 3503//6392
f 6899//6394 7879//6357 6884//6356
f 3504//6395 3508//6396 3509//6397
f 3505//6398 3509//6397 6903//6399
f 3508//6396 6901//6400 6902//6401
f 3509//6397 6902//6401 7868//6402
f 3505//6398 3510//6403 3506//6404
f 3510//6403 6728//5992 6727//5991
f 6904//6405 6905//6406 3510//6403
f 6905//6406 7866//5993 6728//5992
f 3504//6395 3506//6404 3511//6407
f 3507//6408 3511//6407 6893//6377
f 3506//6404 6727//5991 6726//6008
f 3511//6407 6726//6008 7854//6010
f 3507//6408 3512//6409 3508//6396
f 3512//6409 6900//6410 6901//6400
f 6892//6376 6891//6371 3512//6409
f 6891//6371 7880//6373 6900//6410
f 3517//6411 3518//6412 3514//6413
f 3514//6413 3518//6412 6638//5714
f 6907//6414 6908//6415 3518//6412
f 6908//6415 7769//4960 6638//5714
f 3514//6413 3519//6416 3515//6417
f 3519//6416 6909//6418 6910//6419
f 6637//5713 6636//5725 3519//6416
f 6636//5725 7771//5727 6909//6418
f 3515//6417 3520//6420 3516//6421
f 3520//6420 6912//6422 6913//6423
f 6910//6419 6911//6424 3520//6420
f 6911//6424 7895//6425 6912//6422
f 3513//6426 3516//6421 3521//6427
f 3521//6427 6906//6428 6907//6414
f 3516//6421 6913//6423 6914//6429
f 3521//6427 6914//6429 7893//6430
f 3526//6431 3527//6432 3523//6433
f 3527//6432 6918//6434 6919//6435
f 6916//6436 6917//6437 3527//6432
f 6917//6437 7896//6438 6918//6434
f 3523//6433 3528//6439 3524//6440
f 3528//6439 6653//5745 6652//5740
f 6919//6435 6920//6441 3528//6439
f 6920//6441 7772//5746 6653//5745
f 3524//6440 3529//6442 3525//6443
f 3529//6442 6921//6444 6922//6445
f 3524//6440 6652//5740 6651//5739
f 6651//5739 7770//4973 6921//6444
f 3522//6446 3525//6443 3530//6447
f 3526//6431 3530//6447 6915//6448
f 6922//6445 6923//6449 3530//6447
f 3530//6447 6923//6449 7894//6450
f 3535//6451 3536//6452 3532//6453
f 3536//6452 6924//6454 6925//6455
f 6910//6419 6909//6418 3536//6452
f 6909//6418 7771//5727 6924//6454
f 3531//6456 3532//6453 3537//6457
f 3533//6458 3537//6457 6818//6189
f 3532//6453 6925//6455 6926//6459
f 3537//6457 6926//6459 7841//6190
f 3533//6458 3538//6460 3534//6461
f 3538//6460 6927//6462 6928//6463
f 6817//6188 6816//6183 3538//6460
f 6816//6183 7863//6185 6927//6462
f 3531//6456 3534//6461 3539//6464
f 3535//6451 3539//6464 6911//6424
f 3534//6461 6928//6463 6929//6465
f 3539//6464 6929//6465 7895//6425
f 3544//6466 3545//6467 3541//6468
f 3545//6467 6821//6197 6820//6196
f 6931//6469 6932//6470 3545//6467
f 6932//6470 7864//6198 6821//6197
f 3540//6471 3541//6468 3546//6472
f 3542//6473 3546//6472 6933//6474
f 3541//6468 6820//6196 6819//6208
f 3546//6472 6819//6208 7842//6210
f 3542//6473 3547//6475 3543//6476
f 3547//6475 6920//6441 6919//6435
f 6934//6477 6935//6478 3547//6475
f 6935//6478 7772//5746 6920//6441
f 3540//6471 3543//6476 3548//6479
f 3544//6466 3548//6479 6930//6480
f 3543//6476 6919//6435 6918//6434
f 3548//6479 6918//6434 7896//6438
f 3549//6481 3553//6482 3554//6483
f 3550//6484 3554//6483 6356//4964
f 3553//6482 6589//5590 6588//5585
f 3554//6483 6588//5585 7761//4965
f 3550//6484 3555//6485 3551//6486
f 3555//6485 6908//6415 6907//6414
f 6355//4963 6354//4958 3555//6485
f 6354//4958 7769//4960 6908//6415
f 3549//6481 3551//6486 3556//6487
f 3552//6488 3556//6487 6936//6489
f 3551//6486 6907//6414 6906//6428
f 3556//6487 6906//6428 7893//6430
f 3552//6488 3557//6490 3553//6482
f 3557//6490 6590//5591 6589//5590
f 6937//6491 6938//6492 3557//6490
f 6938//6492 7763//5592 6590//5591
f 3558//6493 3562//6494 3563//6495
f 3559//6496 3563//6495 6923//6449
f 3562//6494 6940//6497 6941//6498
f 3563//6495 6941//6498 7894//6450
f 3559//6496 3564//6499 3560//6500
f 3564//6499 6359//4972 6358//4971
f 6922//6445 6921//6444 3564//6499
f 6921//6444 7770//4973 6359//4972
f 3558//6493 3560//6500 3565//6501
f 3561//6502 3565//6501 6599//5611
f 3560//6500 6358//4971 6357//4982
f 3565//6501 6357//4982 7762//4985
f 3561//6502 3566//6503 3562//6494
f 3566//6503 6939//6504 6940//6497
f 6598//5605 6597//5604 3566//6503
f 6597//5604 7764//5608 6939//6504
f 3567//6505 3571//6506 3572//6507
f 3568//6508 3572//6507 6945//6509
f 3571//6506 6943//6510 6944//6511
f 3572//6507 6944//6511 7833//5624
f 3568//6508 3573//6512 3569//6513
f 3573//6512 6948//6514 6949//6515
f 6946//6516 6947//6517 3573//6512
f 6947//6517 7881//6518 6948//6514
f 3567//6505 3569//6513 3574//6519
f 3570//6520 3574//6519 6722//5980
f 3569//6513 6949//6515 6950//6521
f 3574//6519 6950//6521 7865//5981
f 3570//6520 3575//6522 3571//6506
f 3575//6522 6942//6523 6943//6510
f 6721//5979 6720//5972 3575//6522
f 6720//5972 7839//5974 6942//6523
f 3576//6524 3580//6525 3581//6526
f 3577//6527 3581//6526 6951//6528
f 3580//6525 6730//5990 6729//5989
f 3581//6526 6729//5989 7866//5993
f 3577//6527 3582//6529 3578//6530
f 3582//6529 6954//6531 6955//6532
f 6952//6533 6953//6534 3582//6529
f 6953//6534 7882//6535 6954//6531
f 3576//6524 3578//6530 3583//6536
f 3579//6537 3583//6536 6957//6538
f 3578//6530 6955//6532 6956//6539
f 3583//6536 6956//6539 7834//5640
f 3579//6537 3584//6540 3580//6525
f 3584//6540 6731//5998 6730//5990
f 6958//6541 6959//6542 3584//6540
f 6959//6542 7840//5999 6731//5998
f 3585//6543 3589//6544 3590//6545
f 3586//6546 3590//6545 6836//6230
f 3589//6544 6928//6463 6927//6462
f 3590//6545 6927//6462 7863//6185
f 3586//6546 3591//6547 3587//6548
f 3591//6547 6960//6549 6961//6550
f 6835//6229 6834//6225 3591//6547
f 6834//6225 7869//6227 6960//6549
f 3585//6543 3587//6548 3592//6551
f 3588//6552 3592//6551 6963//6553
f 3587//6548 6961//6550 6962//6554
f 6962//6554 7891//6555 6963//6553
f 3588//6552 3593//6556 3589//6544
f 3593//6556 6929//6465 6928//6463
f 6964//6557 6965//6558 3593//6556
f 6965//6558 7895//6425 6929//6465
f 3594//6559 3598//6560 3599//6561
f 3595//6562 3599//6561 6969//6563
f 3598//6560 6967//6564 6968//6565
f 6968//6565 7892//6566 6969//6563
f 3595//6562 3600//6567 3596//6568
f 3600//6567 6839//6237 6838//6236
f 6970//6569 6971//6570 3600//6567
f 6971//6570 7870//6238 6839//6237
f 3594//6559 3596//6568 3601//6571
f 3597//6572 3601//6571 6932//6470
f 3596//6568 6838//6236 6837//6250
f 3601//6571 6837//6250 7864//6198
f 3597//6572 3602//6573 3598//6560
f 3602//6573 6966//6574 6967//6564
f 6931//6469 6930//6480 3602//6573
f 6930//6480 7896//6438 6966//6574
f 3607//6575 3608//6576 3604//6577
f 3608//6576 6975//6578 6976//6579
f 6973//6580 6974//6581 3608//6576
f 6974//6581 7889//6582 6975//6578
f 3603//6583 3604//6577 3609//6584
f 3605//6585 3609//6584 6978//6586
f 3604//6577 6976//6579 6977//6587
f 3609//6584 6977//6587 7897//6588
f 3605//6585 3610//6589 3606//6590
f 3610//6589 6965//6558 6964//6557
f 6979//6591 6980//6592 3610//6589
f 6980//6592 7895//6425 6965//6558
f 3603//6583 3606//6590 3611//6593
f 3607//6575 3611//6593 6972//6594
f 3606//6590 6964//6557 6963//6553
f 3611//6593 6963//6553 7891//6555
f 3616//6595 3617//6596 3613//6597
f 3617//6596 6981//6598 6982//6599
f 6967//6564 6966//6574 3617//6596
f 6966//6574 7896//6438 6981//6598
f 3612//6600 3613//6597 3618//6601
f 3614//6602 3618//6601 6984//6603
f 3613//6597 6982//6599 6983//6604
f 3618//6601 6983//6604 7898//6605
f 3614//6602 3619//6606 3615//6607
f 3619//6606 6987//6608 6988//6609
f 6985//6610 6986//6611 3619//6606
f 6986//6611 7890//6612 6987//6608
f 3612//6600 3615//6607 3620//6613
f 3616//6595 3620//6613 6968//6565
f 3615//6607 6988//6609 6989//6614
f 3620//6613 6989//6614 7892//6566
f 3621//6615 3625//6616 3626//6617
f 3626//6617 6993//6618 6994//6619
f 3625//6616 6991//6620 6992//6621
f 6992//6621 7885//6622 6993//6618
f 3622//6623 3627//6624 3623//6625
f 3627//6624 6977//6587 6976//6579
f 6994//6619 6995//6626 3627//6624
f 6995//6626 7897//6588 6977//6587
f 3621//6615 3623//6625 3628//6627
f 3624//6628 3628//6627 6996//6629
f 3623//6625 6976//6579 6975//6578
f 3628//6627 6975//6578 7889//6582
f 3624//6628 3629//6630 3625//6616
f 3629//6630 6990//6631 6991//6620
f 3624//6628 6997//6632 6998//6633
f 3629//6630 6998//6633 7887//6634
f 3630//6635 3634//6636 3635//6637
f 3631//6638 3635//6637 6986//6611
f 3634//6636 7000//6639 7001//6640
f 3635//6637 7001//6640 7890//6612
f 3631//6638 3636//6641 3632//6642
f 3636//6641 7002//6643 7003//6644
f 6985//6610 6984//6603 3636//6641
f 6984//6603 7898//6605 7002//6643
f 3630//6635 3632//6642 3637//6645
f 3633//6646 3637//6645 7005//6647
f 7003//6644 7004//6648 3637//6645
f 7004//6648 7886//6649 7005//6647
f 3633//6646 3638//6650 3634//6636
f 3634//6636 3638//6650 6999//6651
f 7006//6652 7007//6653 3638//6650
f 3638//6650 7007//6653 7888//6654
f 3643//6655 3644//6656 3640//6657
f 3644//6656 7011//6658 7012//6659
f 7009//6660 7010//6661 3644//6656
f 7010//6661 7883//6662 7011//6658
f 3639//6663 3640//6657 3645//6664
f 3645//6664 7014//6665 7015//6666
f 7012//6659 7013//6667 3645//6664
f 7013//6667 7899//6668 7014//6665
f 3641//6669 3646//6670 3642//6671
f 3646//6670 6995//6626 6994//6619
f 7015//6666 7016//6672 3646//6670
f 7016//6672 7897//6588 6995//6626
f 3639//6663 3642//6671 3647//6673
f 3643//6655 3647//6673 7008//6674
f 3642//6671 6994//6619 6993//6618
f 3647//6673 6993//6618 7885//6622
f 3652//6675 3653//6676 3649//6677
f 3653//6676 7017//6678 7018//6679
f 7003//6644 7002//6643 3653//6676
f 7002//6643 7898//6605 7017//6678
f 3648//6680 3649//6677 3654//6681
f 3654//6681 7020//6682 7021//6683
f 7018//6679 7019//6684 3654//6681
f 7019//6684 7900//6685 7020//6682
f 3650//6686 3655//6687 3651//6688
f 3655//6687 7023//6689 7024//6690
f 7021//6683 7022//6691 3655//6687
f 7022//6691 7884//6692 7023//6689
f 3648//6680 3651//6688 3656//6693
f 3652//6675 3656//6693 7004//6648
f 3651//6688 7024//6690 7025//6694
f 3656//6693 7025//6694 7886//6649
f 3661//6695 3662//6696 3658//6697
f 3662//6696 7029//6698 7030//6699
f 7027//6700 7028//6701 3662//6696
f 7028//6701 7881//6518 7029//6698
f 3657//6702 3658//6697 3663//6703
f 3659//6704 3663//6703 7013//6667
f 3658//6697 7030//6699 7031//6705
f 3663//6703 7031//6705 7899//6668
f 3659//6704 3664//6706 3660//6707
f 3664//6706 7032//6708 7033//6709
f 7012//6659 7011//6658 3664//6706
f 3664//6706 7011//6658 7883//6662
f 3657//6702 3660//6707 3665//6710
f 3661//6695 3665//6710 7026//6711
f 3660//6707 7033//6709 7034//6712
f 3665//6710 7034//6712 7901//6713
f 3670//6714 3671//6715 3667//6716
f 3671//6715 7022//6691 7021//6683
f 7036//6717 7037//6718 3671//6715
f 3671//6715 7037//6718 7884//6692
f 3666//6719 3667//6716 3672//6720
f 3668//6721 3672//6720 7038//6722
f 3667//6716 7021//6683 7020//6682
f 3672//6720 7020//6682 7900//6685
f 3668//6721 3673//6723 3669//6724
f 3673//6723 7041//6725 7042//6726
f 7039//6727 7040//6728 3673//6723
f 7040//6728 7882//6535 7041//6725
f 3666//6719 3669//6724 3674//6729
f 3670//6714 3674//6729 7035//6730
f 3669//6724 7042//6726 7043//6731
f 3674//6729 7043//6731 7902//6732
f 3675//6733 3679//6734 3680//6735
f 3680//6735 6950//6521 6949//6515
f 3679//6734 6895//6386 6894//6385
f 3680//6735 6894//6385 7865//5981
f 3675//6733 3676//6736 3681//6737
f 3677//6738 3681//6737 7028//6701
f 3676//6736 6949//6515 6948//6514
f 3681//6737 6948//6514 7881//6518
f 3675//6733 3677//6738 3682//6739
f 3678//6740 3682//6739 7044//6741
f 7027//6700 7026//6711 3682//6739
f 7026//6711 7901//6713 7044//6741
f 3678//6740 3683//6742 3679//6734
f 3683//6742 6896//6390 6895//6386
f 7045//6743 7046//6744 3683//6742
f 7046//6744 7867//6391 6896//6390
f 3684//6745 3688//6746 3689//6747
f 3689//6747 7043//6731 7042//6726
f 3688//6746 7048//6748 7049//6749
f 7049//6749 7902//6732 7043//6731
f 3684//6745 3685//6750 3690//6751
f 3686//6752 3690//6751 6953//6534
f 3685//6750 7042//6726 7041//6725
f 3690//6751 7041//6725 7882//6535
f 3684//6745 3686//6752 3691//6753
f 3687//6754 3691//6753 6905//6406
f 6952//6533 6951//6528 3691//6753
f 3691//6753 6951//6528 7866//5993
f 3687//6754 3692//6755 3688//6746
f 3692//6755 7047//6756 7048//6748
f 6904//6405 6903//6399 3692//6755
f 6903//6399 7868//6402 7047//6756
f 3693//6757 3697//6758 3698//6759
f 3694//6760 3698//6759 7050//6761
f 6601//5622 6600//5617 3698//6759
f 3698//6759 6600//5617 7763//5592
f 3694//6760 3699//6762 3695//6763
f 3699//6762 7031//6705 7030//6699
f 7051//6764 7052//6765 3699//6762
f 7052//6765 7899//6668 7031//6705
f 3693//6757 3695//6763 3700//6766
f 3696//6767 3700//6766 6947//6517
f 3695//6763 7030//6699 7029//6698
f 3700//6766 7029//6698 7881//6518
f 3693//6757 3696//6767 3701//6768
f 3697//6758 3701//6768 6602//5623
f 6946//6516 6945//6509 3701//6768
f 6945//6509 7833//5624 6602//5623
f 3702//6769 3706//6770 3707//6771
f 3703//6772 3707//6771 7040//6728
f 3706//6770 6955//6532 6954//6531
f 3707//6771 6954//6531 7882//6535
f 3703//6772 3708//6773 3704//6774
f 3708//6773 7053//6775 7054//6776
f 7039//6727 7038//6722 3708//6773
f 7038//6722 7900//6685 7053//6775
f 3702//6769 3704//6774 3709//6777
f 3709//6777 6611//5643 6610//5637
f 3704//6774 7054//6776 7055//6778
f 3709//6777 7055//6778 7764//5608
f 3702//6769 3705//6779 3710//6780
f 3710//6780 6956//6539 6955//6532
f 3705//6779 6610//5637 6609//5636
f 6609//5636 7834//5640 6956//6539
f 3715//6781 3716//6782 3712//6783
f 3716//6782 6938//6492 6937//6491
f 7051//6764 7050//6761 3716//6782
f 7050//6761 7763//5592 6938//6492
f 3711//6784 3712//6783 3717//6785
f 3713//6786 3717//6785 7056//6787
f 3712//6783 6937//6491 6936//6489
f 3717//6785 6936//6489 7893//6430
f 3713//6786 3718//6788 3714//6789
f 3718//6788 7016//6672 7015//6666
f 7057//6790 7058//6791 3718//6788
f 7058//6791 7897//6588 7016//6672
f 3711//6784 3714//6789 3719//6792
f 3715//6781 3719//6792 7052//6765
f 3714//6789 7015//6666 7014//6665
f 3719//6792 7014//6665 7899//6668
f 3724//6793 3725//6794 3721//6795
f 3725//6794 7059//6796 7060//6797
f 7018//6679 7017//6678 3725//6794
f 7017//6678 7898//6605 7059//6796
f 3720//6798 3721//6795 3726//6799
f 3722//6800 3726//6799 6941//6498
f 3721//6795 7060//6797 7061//6801
f 3726//6799 7061//6801 7894//6450
f 3722//6800 3727//6802 3723//6803
f 3727//6802 7055//6778 7054//6776
f 6940//6497 6939//6504 3727//6802
f 6939//6504 7764//5608 7055//6778
f 3720//6798 3723//6803 3728//6804
f 3724//6793 3728//6804 7019//6684
f 3723//6803 7054//6776 7053//6775
f 3728//6804 7053//6775 7900//6685
f 3729//6805 3732//6806 3733//6807
f 3733//6807 6914//6429 6913//6423
f 7057//6790 7056//6787 3733//6807
f 7056//6787 7893//6430 6914//6429
f 3729//6805 3730//6808 3734//6809
f 3731//6810 3734//6809 6980//6592
f 3730//6808 6913//6423 6912//6422
f 3734//6809 6912//6422 7895//6425
f 3729//6805 3731//6810 3735//6811
f 3735//6811 7058//6791 7057//6790
f 6979//6591 6978//6586 3735//6811
f 6978//6586 7897//6588 7058//6791
f 3736//6812 3739//6813 3740//6814
f 3740//6814 6983//6604 6982//6599
f 7060//6797 7059//6796 3740//6814
f 7059//6796 7898//6605 6983//6604
f 3736//6812 3737//6815 3741//6816
f 3738//6817 3741//6816 6917//6437
f 3737//6815 6982//6599 6981//6598
f 3741//6816 6981//6598 7896//6438
f 3736//6812 3738//6817 3742//6818
f 3742//6818 7061//6801 7060//6797
f 6916//6436 6915//6448 3742//6818
f 6915//6448 7894//6450 7061//6801
f 3743//6819 3747//6820 3748//6821
f 3744//6822 3748//6821 7046//6744
f 3747//6820 7063//6823 7064//6824
f 3748//6821 7064//6824 7867//6391
f 3744//6822 3749//6825 3745//6826
f 3749//6825 7065//6827 7066//6828
f 7045//6743 7044//6741 3749//6825
f 7044//6741 7901//6713 7065//6827
f 3743//6819 3745//6826 3750//6829
f 3746//6830 3750//6829 7068//6831
f 3745//6826 7066//6828 7067//6832
f 3750//6829 7067//6832 7903//6833
f 3746//6830 3751//6834 3747//6820
f 3751//6834 7062//6835 7063//6823
f 7069//6836 7070//6837 3751//6834
f 7070//6837 7927//6838 7062//6835
f 3752//6839 3756//6840 3757//6841
f 3753//6842 3757//6841 7074//6843
f 3756//6840 7072//6844 7073//6845
f 3757//6841 7073//6845 7904//6846
f 3753//6842 3758//6847 3754//6848
f 3758//6847 7049//6749 7048//6748
f 7075//6849 7076//6850 3758//6847
f 7076//6850 7902//6732 7049//6749
f 3752//6839 3754//6848 3759//6851
f 3755//6852 3759//6851 7077//6853
f 3754//6848 7048//6748 7047//6756
f 3759//6851 7047//6756 7868//6402
f 3755//6852 3760//6854 3756//6840
f 3760//6854 7071//6855 7072//6844
f 7078//6856 7079//6857 3760//6854
f 7079//6857 7928//6858 7071//6855
f 3765//6859 3766//6860 3762//6861
f 3766//6860 7034//6712 7033//6709
f 7066//6828 7065//6827 3766//6860
f 7065//6827 7901//6713 7034//6712
f 3761//6862 3762//6861 3767//6863
f 3767//6863 7080//6864 7081//6865
f 3762//6861 7033//6709 7032//6708
f 7032//6708 7883//6662 7080//6864
f 3763//6866 3768//6867 3764//6868
f 3768//6867 7083//6869 7084//6870
f 3763//6866 7081//6865 7082//6871
f 7082//6871 7913//6872 7083//6869
f 3761//6862 3764//6868 3769//6873
f 3769//6873 7067//6832 7066//6828
f 3764//6868 7084//6870 7085//6874
f 7085//6874 7903//6833 7067//6832
f 3774//6875 3775//6876 3771//6877
f 3771//6877 3775//6876 7089//6878
f 7087//6879 7088//6880 3775//6876
f 7088//6880 7914//6881 7089//6878
f 3770//6882 3771//6877 3776//6883
f 3772//6884 3776//6883 7037//6718
f 7090//6885 7091//6886 3776//6883
f 7091//6886 7884//6692 7037//6718
f 3772//6884 3777//6887 3773//6888
f 3777//6887 7076//6850 7075//6849
f 7036//6717 7035//6730 3777//6887
f 7035//6730 7902//6732 7076//6850
f 3770//6882 3773//6888 3778//6889
f 3774//6875 3778//6889 7086//6890
f 7075//6849 7074//6843 3778//6889
f 7074//6843 7904//6846 7086//6890
f 3779//6891 3783//6892 3784//6893
f 3780//6894 3784//6893 7010//6661
f 3783//6892 7081//6865 7080//6864
f 3784//6893 7080//6864 7883//6662
f 3780//6894 3785//6895 3781//6896
f 3785//6895 7092//6897 7093//6898
f 7009//6660 7008//6674 3785//6895
f 7008//6674 7885//6622 7092//6897
f 3779//6891 3781//6896 3786//6899
f 3782//6900 3786//6899 7095//6901
f 3781//6896 7093//6898 7094//6902
f 3786//6899 7094//6902 7911//6903
f 3782//6900 3787//6904 3783//6892
f 3787//6904 7082//6871 7081//6865
f 7096//6905 7097//6906 3787//6904
f 7097//6906 7913//6872 7082//6871
f 3788//6907 3792//6908 3793//6909
f 3789//6910 3793//6909 7101//6911
f 3792//6908 7099//6912 7100//6913
f 3793//6909 7100//6913 7912//6914
f 3789//6910 3794//6915 3790//6916
f 3794//6915 7025//6694 7024//6690
f 7102//6917 7103//6918 3794//6915
f 7103//6918 7886//6649 7025//6694
f 3788//6907 3790//6916 3795//6919
f 3791//6920 3795//6919 7091//6886
f 3790//6916 7024//6690 7023//6689
f 3795//6919 7023//6689 7884//6692
f 3791//6920 3796//6921 3792//6908
f 3796//6921 7098//6922 7099//6912
f 7090//6885 7089//6878 3796//6921
f 7089//6878 7914//6881 7098//6922
f 3801//6923 3802//6924 3798//6925
f 3802//6924 6992//6621 6991//6620
f 3801//6923 7093//6898 7092//6897
f 3802//6924 7092//6897 7885//6622
f 3797//6926 3798//6925 3803//6927
f 3799//6928 3803//6927 7104//6929
f 3798//6925 6991//6620 6990//6631
f 3803//6927 6990//6631 7887//6634
f 3799//6928 3804//6930 3800//6931
f 3804//6930 7107//6932 7108//6933
f 7105//6934 7106//6935 3804//6930
f 7106//6935 7909//6936 7107//6932
f 3797//6926 3800//6931 3805//6937
f 3805//6937 7094//6902 7093//6898
f 3800//6931 7108//6933 7109//6938
f 3805//6937 7109//6938 7911//6903
f 3810//6939 3811//6940 3807//6941
f 3811//6940 7113//6942 7114//6943
f 7111//6944 7112//6945 3811//6940
f 7112//6945 7910//6946 7113//6942
f 3806//6947 3807//6941 3812//6948
f 3808//6949 3812//6948 7007//6653
f 3807//6941 7114//6943 7115//6950
f 3812//6948 7115//6950 7888//6654
f 3808//6949 3813//6951 3809//6952
f 3809//6952 3813//6951 7103//6918
f 7006//6652 7005//6647 3813//6951
f 3813//6951 7005//6647 7886//6649
f 3806//6947 3809//6952 3814//6953
f 3810//6939 3814//6953 7110//6954
f 7102//6917 7101//6911 3814//6953
f 3814//6953 7101//6911 7912//6914
f 3819//6955 3820//6956 3816//6957
f 3820//6956 6998//6633 6997//6632
f 7105//6934 7104//6929 3820//6956
f 7104//6929 7887//6634 6998//6633
f 3815//6958 3816//6957 3821//6959
f 3817//6960 3821//6959 7116//6961
f 3816//6957 6997//6632 6996//6629
f 3821//6959 6996//6629 7889//6582
f 3817//6960 3822//6962 3818//6963
f 3818//6963 3822//6962 7119//6964
f 3817//6960 7117//6965 7118//6966
f 3822//6962 7118//6966 7907//6967
f 3815//6958 3818//6963 3823//6968
f 3819//6955 3823//6968 7106//6935
f 3818//6963 7120//6969 7121//6970
f 3823//6968 7121//6970 7909//6936
f 3828//6971 3829//6972 3825//6973
f 3825//6973 3829//6972 7125//6974
f 3828//6971 7123//6975 7124//6976
f 3829//6972 7124//6976 7908//6977
f 3824//6978 3825//6973 3830//6979
f 3826//6980 3830//6979 7001//6640
f 3825//6973 7126//6981 7127//6982
f 3830//6979 7127//6982 7890//6612
f 3826//6980 3831//6983 3827//6984
f 3831//6983 7115//6950 7114//6943
f 7000//6639 6999//6651 3831//6983
f 6999//6651 7888//6654 7115//6950
f 3824//6978 3827//6984 3832//6985
f 3828//6971 3832//6985 7122//6986
f 3827//6984 7114//6943 7113//6942
f 3832//6985 7113//6942 7910//6946
f 3833//6987 3837//6988 3838//6989
f 3834//6990 3838//6989 6974//6581
f 3837//6988 7117//6965 7116//6961
f 3838//6989 7116//6961 7889//6582
f 3834//6990 3839//6991 3835//6992
f 3839//6991 7128//6993 7129//6994
f 6973//6580 6972//6594 3839//6991
f 6972//6594 7891//6555 7128//6993
f 3833//6987 3835//6992 3840//6995
f 3836//6996 3840//6995 7131//6997
f 3835//6992 7129//6994 7130//6998
f 3840//6995 7130//6998 7905//6999
f 3836//6996 3841//7000 3837//6988
f 3841//7000 7118//6966 7117//6965
f 7132//7001 7133//7002 3841//7000
f 7133//7002 7907//6967 7118//6966
f 3842//7003 3846//7004 3847//7005
f 3843//7006 3847//7005 7137//7007
f 3846//7004 7135//7008 7136//7009
f 3847//7005 7136//7009 7906//7010
f 3843//7006 3848//7011 3844//7012
f 3848//7011 6989//6614 6988//6609
f 7138//7013 7139//7014 3848//7011
f 7139//7014 7892//6566 6989//6614
f 3842//7003 3844//7012 3849//7015
f 3845//7016 3849//7015 7127//6982
f 3844//7012 6988//6609 6987//6608
f 3849//7015 6987//6608 7890//6612
f 3845//7016 3850//7017 3846//7004
f 3850//7017 7134//7018 7135//7008
f 7126//6981 7125//6974 3850//7017
f 7125//6974 7908//6977 7134//7018
f 3851//7019 3855//7020 3856//7021
f 3852//7022 3856//7021 6962//6554
f 3855//7020 7129//6994 7128//6993
f 3856//7021 7128//6993 7891//6555
f 3851//7019 3852//7022 3857//7023
f 3853//7024 3857//7023 7140//7025
f 3852//7022 6961//6550 6960//6549
f 3857//7023 6960//6549 7869//6227
f 3853//7024 3858//7026 3854//7027
f 3858//7026 7143//7028 7144//7029
f 7141//7030 7142//7031 3858//7026
f 7142//7031 7925//7032 7143//7028
f 3854//7027 3859//7033 3855//7020
f 3859//7033 7130//6998 7129//6994
f 3854//7027 7144//7029 7145//7034
f 3859//7033 7145//7034 7905//6999
f 3864//7035 3865//7036 3861//7037
f 3865//7036 7149//7038 7150//7039
f 7147//7040 7148//7041 3865//7036
f 7148//7041 7926//7042 7149//7038
f 3860//7043 3861//7037 3866//7044
f 3862//7045 3866//7044 6971//6570
f 3861//7037 7150//7039 7151//7046
f 3866//7044 7151//7046 7870//6238
f 3860//7043 3862//7045 3867//7047
f 3863//7048 3867//7047 7139//7014
f 3862//7045 6970//6569 6969//6563
f 3867//7047 6969//6563 7892//6566
f 3863//7048 3868//7049 3864//7035
f 3864//7035 3868//7049 7146//7050
f 7138//7013 7137//7007 3868//7049
f 3868//7049 7137//7007 7906//7010
f 3869//7051 3873//7052 3874//7053
f 3870//7054 3874//7053 6899//6394
f 3873//7052 7153//7055 7154//7056
f 3874//7053 7154//7056 7879//6357
f 3870//7054 3875//7057 3871//7058
f 3875//7057 7064//6824 7063//6823
f 6898//6393 6897//6389 3875//7057
f 6897//6389 7867//6391 7064//6824
f 3869//7051 3871//7058 3876//7059
f 3872//7060 3876//7059 7155//7061
f 3871//7058 7063//6823 7062//6835
f 3876//7059 7062//6835 7927//6838
f 3872//7060 3877//7062 3873//7052
f 3877//7062 7152//7063 7153//7055
f 7156//7064 7157//7065 3877//7062
f 7157//7065 7915//7066 7152//7063
f 3878//7067 3882//7068 3883//7069
f 3879//7070 3883//7069 7079//6857
f 3882//7068 7159//7071 7160//7072
f 3883//7069 7160//7072 7928//6858
f 3879//7070 3884//7073 3880//7074
f 3884//7073 6902//6401 6901//6400
f 7078//6856 7077//6853 3884//7073
f 7077//6853 7868//6402 6902//6401
f 3878//7067 3880//7074 3885//7075
f 3881//7076 3885//7075 7161//7077
f 3880//7074 6901//6400 6900//6410
f 3885//7075 6900//6410 7880//6373
f 3881//7076 3886//7078 3882//7068
f 3886//7078 7158//7079 7159//7071
f 7162//7080 7163//7081 3886//7078
f 7163//7081 7916//7082 7158//7079
f 3887//7083 3891//7084 3892//7085
f 3888//7086 3892//7085 6887//6361
f 3891//7084 7165//7087 7166//7088
f 3892//7085 7166//7088 7877//6325
f 3888//7086 3893//7089 3889//7090
f 3893//7089 7154//7056 7153//7055
f 6886//6360 6885//6355 3893//7089
f 6885//6355 7879//6357 7154//7056
f 3887//7083 3889//7090 3894//7091
f 3890//7092 3894//7091 7167//7093
f 3889//7090 7153//7055 7152//7063
f 3894//7091 7152//7063 7915//7066
f 3890//7092 3895//7094 3891//7084
f 3895//7094 7164//7095 7165//7087
f 7168//7096 7169//7097 3895//7094
f 3895//7094 7169//7097 7917//7098
f 3896//7099 3900//7100 3901//7101
f 3897//7102 3901//7101 7163//7081
f 3900//7100 7171//7103 7172//7104
f 3901//7101 7172//7104 7916//7082
f 3897//7102 3902//7105 3898//7106
f 3902//7105 6890//6372 6889//6367
f 7162//7080 7161//7077 3902//7105
f 7161//7077 7880//6373 6890//6372
f 3896//7099 3898//7106 3903//7107
f 3899//7108 3903//7107 7173//7109
f 3898//7106 6889//6367 6888//6366
f 3903//7107 6888//6366 7878//6341
f 3899//7108 3904//7110 3900//7100
f 3904//7110 7170//7111 7171//7103
f 7174//7112 7175//7113 3904//7110
f 3904//7110 7175//7113 7918//7114
f 3905//7115 3909//7116 3910//7117
f 3906//7118 3910//7117 6875//6329
f 3909//7116 7177//7119 7178//7120
f 3910//7117 7178//7120 7875//6293
f 3906//7118 3911//7121 3907//7122
f 3911//7121 7166//7088 7165//7087
f 6874//6328 6873//6323 3911//7121
f 6873//6323 7877//6325 7166//7088
f 3905//7115 3907//7122 3912//7123
f 3912//7123 7179//7124 7180//7125
f 3907//7122 7165//7087 7164//7095
f 7164//7095 7917//7098 7179//7124
f 3908//7126 3913//7127 3909//7116
f 3913//7127 7176//7128 7177//7119
f 7180//7125 7181//7129 3913//7127
f 7181//7129 7919//7130 7176//7128
f 3914//7131 3918//7132 3919//7133
f 3915//7134 3919//7133 7175//7113
f 7183//7135 7184//7136 3919//7133
f 7184//7136 7918//7114 7175//7113
f 3915//7134 3920//7137 3916//7138
f 3920//7137 6878//6340 6877//6335
f 7174//7112 7173//7109 3920//7137
f 7173//7109 7878//6341 6878//6340
f 3914//7131 3916//7138 3921//7139
f 3917//7140 3921//7139 7185//7141
f 3916//7138 6877//6335 6876//6334
f 3921//7139 6876//6334 7876//6309
f 3917//7140 3922//7142 3918//7132
f 3922//7142 7182//7143 7183//7135
f 7186//7144 7187//7145 3922//7142
f 7187//7145 7920//7146 7182//7143
f 3927//7147 3928//7148 3924//7149
f 3924//7149 3928//7148 6863//6297
f 7189//7150 7190//7151 3928//7148
f 7190//7151 7873//6262 6863//6297
f 3924//7149 3929//7152 3925//7153
f 3929//7152 7178//7120 7177//7119
f 6862//6296 6861//6291 3929//7152
f 6861//6291 7875//6293 7178//7120
f 3923//7154 3925//7153 3930//7155
f 3926//7156 3930//7155 7191//7157
f 3925//7153 7177//7119 7176//7128
f 3930//7155 7176//7128 7919//7130
f 3926//7156 3931//7158 3927//7147
f 3927//7147 3931//7158 7188//7159
f 7192//7160 7193//7161 3931//7158
f 7193//7161 7921//7162 7188//7159
f 3932//7163 3936//7164 3937//7165
f 3933//7166 3937//7165 7187//7145
f 3936//7164 7195//7167 7196//7168
f 3937//7165 7196//7168 7920//7146
f 3933//7166 3938//7169 3934//7170
f 3938//7169 6866//6308 6865//6303
f 7186//7144 7185//7141 3938//7169
f 7185//7141 7876//6309 6866//6308
f 3934//7170 3939//7171 3935//7172
f 3939//7171 7197//7173 7198//7174
f 3934//7170 6865//6303 6864//6302
f 6864//6302 7874//6278 7197//7173
f 3935//7172 3940//7175 3936//7164
f 3940//7175 7194//7176 7195//7167
f 3935//7172 7198//7174 7199//7177
f 7199//7177 7922//7178 7194//7176
f 3945//7179 3946//7180 3942//7181
f 3946//7180 6851//6265 6850//6259
f 7201//7182 7202//7183 3946//7180
f 7202//7183 7871//6222 6851//6265
f 3941//7184 3942//7181 3947//7185
f 3943//7186 3947//7185 7190//7151
f 3942//7181 6850//6259 6849//6258
f 3947//7185 6849//6258 7873//6262
f 3943//7186 3948//7187 3944//7188
f 3944//7188 3948//7187 7203//7189
f 7189//7150 7188//7159 3948//7187
f 3948//7187 7188//7159 7921//7162
f 3941//7184 3944//7188 3949//7190
f 3945//7179 3949//7190 7200//7191
f 3944//7188 7204//7192 7205//7193
f 3949//7190 7205//7193 7923//7194
f 3954//7195 3955//7196 3951//7197
f 3955//7196 7199//7177 7198//7174
f 3954//7195 7207//7198 7208//7199
f 3955//7196 7208//7199 7922//7178
f 3950//7200 3951//7197 3956//7201
f 3952//7202 3956//7201 6854//6277
f 3951//7197 7198//7174 7197//7173
f 3956//7201 7197//7173 7874//6278
f 3952//7202 3957//7203 3953//7204
f 3957//7203 7209//7205 7210//7206
f 6853//6276 6852//6271 3957//7203
f 6852//6271 7872//6245 7209//7205
f 3950//7200 3953//7204 3958//7207
f 3954//7195 3958//7207 7206//7208
f 3953//7204 7210//7206 7211//7209
f 3958//7207 7211//7209 7924//7210
f 3963//7211 3964//7212 3960//7213
f 3964//7212 6833//6226 6832//6219
f 7141//7030 7140//7025 3964//7212
f 7140//7025 7869//6227 6833//6226
f 3959//7214 3960//7213 3965//7215
f 3961//7216 3965//7215 7202//7183
f 3960//7213 6832//6219 6831//6218
f 3965//7215 6831//6218 7871//6222
f 3961//7216 3966//7217 3962//7218
f 3966//7217 7212//7219 7213//7220
f 7201//7182 7200//7191 3966//7217
f 7200//7191 7923//7194 7212//7219
f 3959//7214 3962//7218 3967//7221
f 3963//7211 3967//7221 7142//7031
f 3962//7218 7213//7220 7214//7222
f 3967//7221 7214//7222 7925//7032
f 3972//7223 3973//7224 3969//7225
f 3973//7224 7211//7209 7210//7206
f 7216//7226 7217//7227 3973//7224
f 7217//7227 7924//7210 7211//7209
f 3968//7228 3969//7225 3974//7229
f 3970//7230 3974//7229 6842//6244
f 3969//7225 7210//7206 7209//7205
f 3974//7229 7209//7205 7872//6245
f 3970//7230 3975//7231 3971//7232
f 3975//7231 7151//7046 7150//7039
f 6841//6243 6840//6235 3975//7231
f 6840//6235 7870//6238 7151//7046
f 3968//7228 3971//7232 3976//7233
f 3972//7223 3976//7233 7215//7234
f 3971//7232 7150//7039 7149//7038
f 3976//7233 7149//7038 7926//7042
f 3981//7235 3982//7236 3978//7237
f 3982//7236 7121//6970 7120//6969
f 7219//7238 7220//7239 3982//7236
f 7220//7239 7909//6936 7121//6970
f 3978//7237 3983//7240 3979//7241
f 3983//7240 7221//7242 7222//7243
f 7120//6969 7119//6964 3983//7240
f 7119//6964 7907//6967 7221//7242
f 3977//7244 3979//7241 3984//7245
f 3980//7246 3984//7245 7224//7247
f 3979//7241 7222//7243 7223//7248
f 3984//7245 7223//7248 7931//7249
f 3977//7244 3980//7246 3985//7250
f 3981//7235 3985//7250 7218//7251
f 3980//7246 7225//7252 7226//7253
f 3985//7250 7226//7253 7929//7254
f 3986//7255 3990//7256 3991//7257
f 3987//7258 3991//7257 7230//7259
f 3990//7256 7228//7260 7229//7261
f 3991//7257 7229//7261 7932//7262
f 3987//7258 3992//7263 3988//7264
f 3992//7263 7124//6976 7123//6975
f 7231//7265 7232//7266 3992//7263
f 7232//7266 7908//6977 7124//6976
f 3988//7264 3993//7267 3989//7268
f 3993//7267 7233//7269 7234//7270
f 7123//6975 7122//6986 3993//7267
f 7122//6986 7910//6946 7233//7269
f 3986//7255 3989//7268 3994//7271
f 3990//7256 3994//7271 7227//7272
f 3989//7268 7234//7270 7235//7273
f 3994//7271 7235//7273 7930//7274
f 3999//7275 4000//7276 3996//7277
f 4000//7276 7226//7253 7225//7252
f 7237//7278 7238//7279 4000//7276
f 7238//7279 7929//7254 7226//7253
f 3996//7277 4001//7280 3997//7281
f 4001//7280 7239//7282 7240//7283
f 7225//7252 7224//7247 4001//7280
f 7224//7247 7931//7249 7239//7282
f 3995//7284 3997//7281 4002//7285
f 3998//7286 4002//7285 7242//7287
f 3997//7281 7240//7283 7241//7288
f 4002//7285 7241//7288 7933//7289
f 3998//7286 4003//7290 3999//7275
f 3999//7275 4003//7290 7236//7291
f 7243//7292 7244//7293 4003//7290
f 4003//7290 7244//7293 7935//7294
f 4004//7295 4008//7296 4009//7297
f 4005//7298 4009//7297 7248//7299
f 4008//7296 7246//7300 7247//7301
f 4009//7297 7247//7301 7934//7302
f 4005//7298 4010//7303 4006//7304
f 4010//7303 7229//7261 7228//7260
f 7249//7305 7250//7306 4010//7303
f 7250//7306 7932//7262 7229//7261
f 4006//7304 4011//7307 4007//7308
f 4011//7307 7251//7309 7252//7310
f 7228//7260 7227//7272 4011//7307
f 7227//7272 7930//7274 7251//7309
f 4007//7308 4012//7311 4008//7296
f 4012//7311 7245//7312 7246//7300
f 4007//7308 7252//7310 7253//7313
f 4012//7311 7253//7313 7936//7314
f 4013//7315 4017//7316 4018//7317
f 4014//7318 4018//7317 7244//7293
f 7255//7319 7256//7320 4018//7317
f 7256//7320 7935//7294 7244//7293
f 4014//7318 4019//7321 4015//7322
f 4015//7322 4019//7321 7257//7323
f 7243//7292 7242//7287 4019//7321
f 7242//7287 7933//7289 7257//7323
f 4015//7322 4020//7324 4016//7325
f 4020//7324 7260//7326 7261//7327
f 7258//7328 7259//7329 4020//7324
f 7259//7329 7939//7330 7260//7326
f 4013//7315 4016//7325 4021//7331
f 4017//7316 4021//7331 7254//7332
f 4016//7325 7261//7327 7262//7333
f 4021//7331 7262//7333 7937//7334
f 4026//7335 4027//7336 4023//7337
f 4027//7336 7266//7338 7267//7339
f 7264//7340 7265//7341 4027//7336
f 7265//7341 7940//7342 7266//7338
f 4023//7337 4028//7343 4024//7344
f 4028//7343 7247//7301 7246//7300
f 4023//7337 7267//7339 7268//7345
f 7268//7345 7934//7302 7247//7301
f 4022//7346 4024//7344 4029//7347
f 4029//7347 7269//7348 7270//7349
f 4024//7344 7246//7300 7245//7312
f 7245//7312 7936//7314 7269//7348
f 4022//7346 4025//7350 4030//7351
f 4026//7335 4030//7351 7263//7352
f 4025//7350 7270//7349 7271//7353
f 4030//7351 7271//7353 7938//7354
f 4035//7355 4036//7356 4032//7357
f 4036//7356 7262//7333 7261//7327
f 7273//7358 7274//7359 4036//7356
f 7274//7359 7937//7334 7262//7333
f 4031//7360 4032//7357 4037//7361
f 4033//7362 4037//7361 7275//7363
f 4032//7357 7261//7327 7260//7326
f 4037//7361 7260//7326 7939//7330
f 4033//7362 4038//7364 4034//7365
f 4038//7364 7278//7366 7279//7367
f 7276//7368 7277//7369 4038//7364
f 7277//7369 7941//7370 7278//7366
f 4031//7360 4034//7365 4039//7371
f 4035//7355 4039//7371 7272//7372
f 4034//7365 7279//7367 7280//7373
f 4039//7371 7280//7373 7943//7374
f 4044//7375 4045//7376 4041//7377
f 4045//7376 7284//7378 7285//7379
f 7282//7380 7283//7381 4045//7376
f 7283//7381 7942//7382 7284//7378
f 4040//7383 4041//7377 4046//7384
f 4042//7385 4046//7384 7265//7341
f 4041//7377 7285//7379 7286//7386
f 4046//7384 7286//7386 7940//7342
f 4042//7385 4047//7387 4043//7388
f 4047//7387 7287//7389 7288//7390
f 7264//7340 7263//7352 4047//7387
f 7263//7352 7938//7354 7287//7389
f 4040//7383 4043//7388 4048//7391
f 4044//7375 4048//7391 7281//7392
f 4043//7388 7288//7390 7289//7393
f 4048//7391 7289//7393 7944//7394
f 4049//7395 4053//7396 4054//7397
f 4050//7398 4054//7397 7157//7065
f 4053//7396 7291//7399 7292//7400
f 4054//7397 7292//7400 7915//7066
f 4050//7398 4055//7401 4051//7402
f 4055//7401 7293//7403 7294//7404
f 7156//7064 7155//7061 4055//7401
f 7155//7061 7927//6838 7293//7403
f 4049//7395 4051//7402 4056//7405
f 4052//7406 4056//7405 7274//7359
f 4051//7402 7294//7404 7295//7407
f 4056//7405 7295//7407 7937//7334
f 4052//7406 4057//7408 4053//7396
f 4057//7408 7290//7409 7291//7399
f 7273//7358 7272//7372 4057//7408
f 7272//7372 7943//7374 7290//7409
f 4058//7410 4062//7411 4063//7412
f 4059//7413 4063//7412 7296//7414
f 4062//7411 7288//7390 7287//7389
f 4063//7412 7287//7389 7938//7354
f 4059//7413 4064//7415 4060//7416
f 4064//7415 7160//7072 7159//7071
f 7297//7417 7298//7418 4064//7415
f 7298//7418 7928//6858 7160//7072
f 4058//7410 4060//7416 4065//7419
f 4061//7420 4065//7419 7299//7421
f 4060//7416 7159//7071 7158//7079
f 4065//7419 7158//7079 7916//7082
f 4061//7420 4066//7422 4062//7411
f 4066//7422 7289//7393 7288//7390
f 7300//7423 7301//7424 4066//7422
f 7301//7424 7944//7394 7289//7393
f 4071//7425 4072//7426 4068//7427
f 4072//7426 7302//7428 7303//7429
f 7069//6836 7068//6831 4072//7426
f 7068//6831 7903//6833 7302//7428
f 4067//7430 4068//7427 4073//7431
f 4069//7432 4073//7431 7256//7320
f 4068//7427 7303//7429 7304//7433
f 4073//7431 7304//7433 7935//7294
f 4069//7432 4074//7434 4070//7435
f 4074//7434 7295//7407 7294//7404
f 7255//7319 7254//7332 4074//7434
f 7254//7332 7937//7334 7295//7407
f 4067//7430 4070//7435 4075//7436
f 4071//7425 4075//7436 7070//6837
f 4070//7435 7294//7404 7293//7403
f 4075//7436 7293//7403 7927//6838
f 4080//7437 4081//7438 4077//7439
f 4081//7438 7271//7353 7270//7349
f 7297//7417 7296//7414 4081//7438
f 7296//7414 7938//7354 7271//7353
f 4076//7440 4077//7439 4082//7441
f 4078//7442 4082//7441 7305//7443
f 4077//7439 7270//7349 7269//7348
f 4082//7441 7269//7348 7936//7314
f 4078//7442 4083//7444 4079//7445
f 4083//7444 7073//6845 7072//6844
f 7306//7446 7307//7447 4083//7444
f 7307//7447 7904//6846 7073//6845
f 4076//7440 4079//7445 4084//7448
f 4080//7437 4084//7448 7298//7418
f 4079//7445 7072//6844 7071//6855
f 4084//7448 7071//6855 7928//6858
f 4085//7449 4089//7450 4090//7451
f 4090//7451 7085//6874 7084//6870
f 4089//7450 7303//7429 7302//7428
f 4090//7451 7302//7428 7903//6833
f 4085//7449 4086//7452 4091//7453
f 4091//7453 7308//7454 7309//7455
f 4086//7452 7084//6870 7083//6869
f 4091//7453 7083//6869 7913//6872
f 4085//7449 4087//7456 4092//7457
f 4088//7458 4092//7457 7238//7279
f 4087//7456 7309//7455 7310//7459
f 4092//7457 7310//7459 7929//7254
f 4088//7458 4093//7460 4089//7450
f 4093//7460 7304//7433 7303//7429
f 7237//7278 7236//7291 4093//7460
f 7236//7291 7935//7294 7304//7433
f 4094//7461 4098//7462 4099//7463
f 4095//7464 4099//7463 7311//7465
f 4098//7462 7252//7310 7251//7309
f 4099//7463 7251//7309 7930//7274
f 4094//7461 4095//7464 4100//7466
f 4096//7467 4100//7466 7088//6880
f 7312//7468 7313//7469 4100//7466
f 4100//7466 7313//7469 7914//6881
f 4094//7461 4096//7467 4101//7470
f 4097//7471 4101//7470 7307//7447
f 7087//6879 7086//6890 4101//7470
f 4101//7470 7086//6890 7904//6846
f 4097//7471 4102//7472 4098//7462
f 4102//7472 7253//7313 7252//7310
f 7306//7446 7305//7443 4102//7472
f 7305//7443 7936//7314 7253//7313
f 4103//7473 4107//7474 4108//7475
f 4104//7476 4108//7475 7220//7239
f 4107//7474 7108//6933 7107//6932
f 4108//7475 7107//6932 7909//6936
f 4104//7476 4109//7477 4105//7478
f 4109//7477 7310//7459 7309//7455
f 7219//7238 7218//7251 4109//7477
f 7218//7251 7929//7254 7310//7459
f 4103//7473 4105//7478 4110//7479
f 4106//7480 4110//7479 7097//6906
f 4105//7478 7309//7455 7308//7454
f 4110//7479 7308//7454 7913//6872
f 4106//7480 4111//7481 4107//7474
f 4111//7481 7109//6938 7108//6933
f 7096//6905 7095//6901 4111//7481
f 4111//7481 7095//6901 7911//6903
f 4112//7482 4116//7483 4117//7484
f 4113//7485 4117//7484 7313//7469
f 4116//7483 7099//6912 7098//6922
f 4117//7484 7098//6922 7914//6881
f 4113//7485 4118//7486 4114//7487
f 4118//7486 7235//7273 7234//7270
f 7312//7468 7311//7465 4118//7486
f 7311//7465 7930//7274 7235//7273
f 4112//7482 4114//7487 4119//7488
f 4115//7489 4119//7488 7112//6945
f 4114//7487 7234//7270 7233//7269
f 4119//7488 7233//7269 7910//6946
f 4115//7489 4120//7490 4116//7483
f 4120//7490 7100//6913 7099//6912
f 7111//6944 7110//6954 4120//7490
f 4120//7490 7110//6954 7912//6914
f 4125//7491 4126//7492 4122//7493
f 4126//7492 7145//7034 7144//7029
f 7132//7001 7131//6997 4126//7492
f 7131//6997 7905//6999 7145//7034
f 4121//7494 4122//7493 4127//7495
f 4123//7496 4127//7495 7314//7497
f 4122//7493 7144//7029 7143//7028
f 4127//7495 7143//7028 7925//7032
f 4123//7496 4128//7498 4124//7499
f 4128//7498 7223//7248 7222//7243
f 7315//7500 7316//7501 4128//7498
f 7316//7501 7931//7249 7223//7248
f 4121//7494 4124//7499 4129//7502
f 4125//7491 4129//7502 7133//7002
f 4124//7499 7222//7243 7221//7242
f 4129//7502 7221//7242 7907//6967
f 4134//7503 4135//7504 4131//7505
f 4135//7504 7317//7506 7318//7507
f 7231//7265 7230//7259 4135//7504
f 7230//7259 7932//7262 7317//7506
f 4130//7508 4131//7505 4136//7509
f 4132//7510 4136//7509 7148//7041
f 4131//7505 7318//7507 7319//7511
f 4136//7509 7319//7511 7926//7042
f 4132//7510 4137//7512 4133//7513
f 4137//7512 7136//7009 7135//7008
f 7147//7040 7146//7050 4137//7512
f 7146//7050 7906//7010 7136//7009
f 4130//7508 4133//7513 4138//7514
f 4134//7503 4138//7514 7232//7266
f 4133//7513 7135//7008 7134//7018
f 4138//7514 7134//7018 7908//6977
f 4139//7515 4143//7516 4144//7517
f 4140//7518 4144//7517 7320//7519
f 4143//7516 7213//7220 7212//7219
f 4144//7517 7212//7219 7923//7194
f 4140//7518 4145//7520 4141//7521
f 4145//7520 7241//7288 7240//7283
f 7321//7522 7322//7523 4145//7520
f 7322//7523 7933//7289 7241//7288
f 4139//7515 4141//7521 4146//7524
f 4142//7525 4146//7524 7316//7501
f 4141//7521 7240//7283 7239//7282
f 4146//7524 7239//7282 7931//7249
f 4142//7525 4147//7526 4143//7516
f 4147//7526 7214//7222 7213//7220
f 7315//7500 7314//7497 4147//7526
f 7314//7497 7925//7032 7214//7222
f 4148//7527 4152//7528 4153//7529
f 4149//7530 4153//7529 7250//7306
f 4152//7528 7318//7507 7317//7506
f 4153//7529 7317//7506 7932//7262
f 4149//7530 4154//7531 4150//7532
f 4154//7531 7323//7533 7324//7534
f 7249//7305 7248//7299 4154//7531
f 7248//7299 7934//7302 7323//7533
f 4148//7527 4150//7532 4155//7535
f 4151//7536 4155//7535 7217//7227
f 4150//7532 7324//7534 7325//7537
f 4155//7535 7325//7537 7924//7210
f 4151//7536 4156//7538 4152//7528
f 4156//7538 7319//7511 7318//7507
f 7216//7226 7215//7234 4156//7538
f 7215//7234 7926//7042 7319//7511
f 4161//7539 4162//7540 4158//7541
f 4162//7540 7326//7542 7327//7543
f 7204//7192 7203//7189 4162//7540
f 7203//7189 7921//7162 7326//7542
f 4157//7544 4158//7541 4163//7545
f 4159//7546 4163//7545 7259//7329
f 4158//7541 7327//7543 7328//7547
f 4163//7545 7328//7547 7939//7330
f 4159//7546 4164//7548 4160//7549
f 4164//7548 7322//7523 7321//7522
f 7258//7328 7257//7323 4164//7548
f 7257//7323 7933//7289 7322//7523
f 4157//7544 4160//7549 4165//7550
f 4161//7539 4165//7550 7205//7193
f 4160//7549 7321//7522 7320//7519
f 4165//7550 7320//7519 7923//7194
f 4170//7551 4171//7552 4167//7553
f 4171//7552 7268//7345 7267//7339
f 7324//7534 7323//7533 4171//7552
f 7323//7533 7934//7302 7268//7345
f 4166//7554 4167//7553 4172//7555
f 4168//7556 4172//7555 7329//7557
f 4167//7553 7267//7339 7266//7338
f 4172//7555 7266//7338 7940//7342
f 4168//7556 4173//7558 4169//7559
f 4173//7558 7208//7199 7207//7198
f 7330//7560 7331//7561 4173//7558
f 7331//7561 7922//7178 7208//7199
f 4166//7554 4169//7559 4174//7562
f 4170//7551 4174//7562 7325//7537
f 4169//7559 7207//7198 7206//7208
f 4174//7562 7206//7208 7924//7210
f 4179//7563 4180//7564 4176//7565
f 4180//7564 7332//7566 7333//7567
f 7192//7160 7191//7157 4180//7564
f 7191//7157 7919//7130 7332//7566
f 4175//7568 4176//7565 4181//7569
f 4177//7570 4181//7569 7277//7369
f 4176//7565 7333//7567 7334//7571
f 4181//7569 7334//7571 7941//7370
f 4177//7570 4182//7572 4178//7573
f 4182//7572 7328//7547 7327//7543
f 7276//7368 7275//7363 4182//7572
f 7275//7363 7939//7330 7328//7547
f 4175//7568 4178//7573 4183//7574
f 4179//7563 4183//7574 7193//7161
f 4178//7573 7327//7543 7326//7542
f 4183//7574 7326//7542 7921//7162
f 4188//7575 4189//7576 4185//7577
f 4189//7576 7286//7386 7285//7379
f 7330//7560 7329//7557 4189//7576
f 7329//7557 7940//7342 7286//7386
f 4184//7578 4185//7577 4190//7579
f 4186//7580 4190//7579 7335//7581
f 4185//7577 7285//7379 7284//7378
f 4190//7579 7284//7378 7942//7382
f 4186//7580 4191//7582 4187//7583
f 4191//7582 7196//7168 7195//7167
f 7336//7584 7337//7585 4191//7582
f 7337//7585 7920//7146 7196//7168
f 4184//7578 4187//7583 4192//7586
f 4188//7575 4192//7586 7331//7561
f 4187//7583 7195//7167 7194//7176
f 4192//7586 7194//7176 7922//7178
f 4193//7587 4197//7588 4198//7589
f 4194//7590 4198//7589 7338//7591
f 4197//7588 7180//7125 7179//7124
f 4198//7589 7179//7124 7917//7098
f 4194//7590 4199//7592 4195//7593
f 4199//7592 7280//7373 7279//7367
f 7339//7594 7340//7595 4199//7592
f 7340//7595 7943//7374 7280//7373
f 4193//7587 4195//7593 4200//7596
f 4196//7597 4200//7596 7334//7571
f 4195//7593 7279//7367 7278//7366
f 4200//7596 7278//7366 7941//7370
f 4196//7597 4201//7598 4197//7588
f 4201//7598 7181//7129 7180//7125
f 4196//7597 7333//7567 7332//7566
f 4201//7598 7332//7566 7919//7130
f 4202//7599 4206//7600 4207//7601
f 4203//7602 4207//7601 7283//7381
f 4206//7600 7336//7584 7335//7581
f 4207//7601 7335//7581 7942//7382
f 4203//7602 4208//7603 4204//7604
f 4208//7603 7341//7605 7342//7606
f 7282//7380 7281//7392 4208//7603
f 7281//7392 7944//7394 7341//7605
f 4202//7599 4204//7604 4209//7607
f 4205//7608 4209//7607 7184//7136
f 4204//7604 7342//7606 7343//7609
f 4209//7607 7343//7609 7918//7114
f 4205//7608 4210//7610 4206//7600
f 4206//7600 4210//7610 7337//7585
f 7183//7135 7182//7143 4210//7610
f 4210//7610 7182//7143 7920//7146
f 4211//7611 4214//7612 4215//7613
f 4215//7613 7292//7400 7291//7399
f 4214//7612 7168//7096 7167//7093
f 7167//7093 7915//7066 7292//7400
f 4211//7611 4212//7614 4216//7615
f 4213//7616 4216//7615 7340//7595
f 4212//7614 7291//7399 7290//7409
f 4216//7615 7290//7409 7943//7374
f 4213//7616 4217//7617 4214//7612
f 4217//7617 7169//7097 7168//7096
f 7339//7594 7338//7591 4217//7617
f 7338//7591 7917//7098 7169//7097
f 4221//7618 4222//7619 4219//7620
f 4222//7619 7343//7609 7342//7606
f 7171//7103 7170//7111 4222//7619
f 7170//7111 7918//7114 7343//7609
f 4218//7621 4219//7620 4223//7622
f 4220//7623 4223//7622 7301//7424
f 4219//7620 7342//7606 7341//7605
f 4223//7622 7341//7605 7944//7394
f 4218//7621 4220//7623 4224//7624
f 4221//7618 4224//7624 7172//7104
f 7300//7423 7299//7421 4224//7624
f 7299//7421 7916//7082 7172//7104
f 4225//7625 4229//7626 4230//7627
f 4226//7628 4230//7627 6812//6175
f 4229//7626 7345//7629 7346//7630
f 4230//7627 7346//7630 7843//6150
f 4226//7628 4231//7631 4227//7632
f 4231//7631 7347//7633 7348//7634
f 6811//6174 6810//6187 4231//7631
f 6810//6187 7841//6190 7347//7633
f 4225//7625 4227//7632 4232//7635
f 4228//7636 4232//7635 7350//7637
f 4227//7632 7348//7634 7349//7638
f 4232//7635 7349//7638 7955//7639
f 4228//7636 4233//7640 4229//7626
f 4233//7640 7344//7641 7345//7629
f 7351//7642 7352//7643 4233//7640
f 7352//7643 7953//7644 7344//7641
f 4234//7645 4238//7646 4239//7647
f 4235//7648 4239//7647 7356//7649
f 4238//7646 7354//7650 7355//7651
f 4239//7647 7355//7651 7956//7652
f 4235//7648 4240//7653 4236//7654
f 4240//7653 6827//6209 6826//6206
f 7357//7655 7358//7656 4240//7653
f 7358//7656 7842//6210 6827//6209
f 4234//7645 4236//7654 4241//7657
f 4237//7658 4241//7657 7359//7659
f 4236//7654 6826//6206 6825//6205
f 4241//7657 6825//6205 7844//6170
f 4237//7658 4242//7660 4238//7646
f 4242//7660 7353//7661 7354//7650
f 7360//7662 7361//7663 4242//7660
f 7361//7663 7954//7664 7353//7661
f 4243//7665 4247//7666 4248//7667
f 4244//7668 4248//7667 6794//6135
f 4247//7666 7363//7669 7364//7670
f 4248//7667 7364//7670 7845//6110
f 4244//7668 4249//7671 4245//7672
f 4249//7671 7346//7630 7345//7629
f 6793//6134 6792//6147 4249//7671
f 6792//6147 7843//6150 7346//7630
f 4243//7665 4245//7672 4250//7673
f 4246//7674 4250//7673 7365//7675
f 4245//7672 7345//7629 7344//7641
f 4250//7673 7344//7641 7953//7644
f 4246//7674 4251//7676 4247//7666
f 4251//7676 7362//7677 7363//7669
f 7366//7678 7367//7679 4251//7676
f 7367//7679 7951//7680 7362//7677
f 4252//7681 4256//7682 4257//7683
f 4253//7684 4257//7683 7361//7663
f 4256//7682 7369//7685 7370//7686
f 4257//7683 7370//7686 7954//7664
f 4253//7684 4258//7687 4254//7688
f 4258//7687 6809//6169 6808//6166
f 7360//7662 7359//7659 4258//7687
f 7359//7659 7844//6170 6809//6169
f 4252//7681 4254//7688 4259//7689
f 4255//7690 4259//7689 7371//7691
f 4254//7688 6808//6166 6807//6165
f 4259//7689 6807//6165 7846//6130
f 4255//7690 4260//7692 4256//7682
f 4260//7692 7368//7693 7369//7685
f 7372//7694 7373//7695 4260//7692
f 7373//7695 7952//7696 7368//7693
f 4261//7697 4265//7698 4266//7699
f 4262//7700 4266//7699 6776//6095
f 7375//7701 7376//7702 4266//7699
f 7376//7702 7847//6070 6776//6095
f 4262//7700 4267//7703 4263//7704
f 4267//7703 7364//7670 7363//7669
f 6775//6094 6774//6108 4267//7703
f 6774//6108 7845//6110 7364//7670
f 4261//7697 4263//7704 4268//7705
f 4264//7706 4268//7705 7377//7707
f 4263//7704 7363//7669 7362//7677
f 4268//7705 7362//7677 7951//7680
f 4264//7706 4269//7708 4265//7698
f 4265//7698 4269//7708 7374//7709
f 7378//7710 7379//7711 4269//7708
f 7379//7711 7949//7712 7374//7709
f 4270//7713 4274//7714 4275//7715
f 4271//7716 4275//7715 7373//7695
f 4274//7714 7381//7717 7382//7718
f 4275//7715 7382//7718 7952//7696
f 4271//7716 4276//7719 4272//7720
f 4276//7719 6791//6129 6790//6126
f 7372//7694 7371//7691 4276//7719
f 7371//7691 7846//6130 6791//6129
f 4270//7713 4272//7720 4277//7721
f 4277//7721 7383//7722 7384//7723
f 4272//7720 6790//6126 6789//6125
f 6789//6125 7848//6090 7383//7722
f 4273//7724 4278//7725 4274//7714
f 4278//7725 7380//7726 7381//7717
f 4273//7724 7384//7723 7385//7727
f 7385//7727 7950//7728 7380//7726
f 4283//7729 4284//7730 4280//7731
f 4284//7730 6758//6056 6757//6055
f 7387//7732 7388//7733 4284//7730
f 7388//7733 7849//6030 6758//6056
f 4279//7734 4280//7731 4285//7735
f 4281//7736 4285//7735 7376//7702
f 4280//7731 6757//6055 6756//6068
f 4285//7735 6756//6068 7847//6070
f 4281//7736 4286//7737 4282//7738
f 4286//7737 7389//7739 7390//7740
f 7375//7701 7374//7709 4286//7737
f 7374//7709 7949//7712 7389//7739
f 4279//7734 4282//7738 4287//7741
f 4283//7729 4287//7741 7386//7742
f 4282//7738 7390//7740 7391//7743
f 4287//7741 7391//7743 7947//7744
f 4292//7745 4293//7746 4289//7747
f 4293//7746 7385//7727 7384//7723
f 7393//7748 7394//7749 4293//7746
f 7394//7749 7950//7728 7385//7727
f 4288//7750 4289//7747 4294//7751
f 4290//7752 4294//7751 6773//6089
f 4289//7747 7384//7723 7383//7722
f 4294//7751 7383//7722 7848//6090
f 4290//7752 4295//7753 4291//7754
f 4295//7753 7395//7755 7396//7756
f 6772//6088 6771//6085 4295//7753
f 6771//6085 7850//6050 7395//7755
f 4288//7750 4291//7754 4296//7757
f 4292//7745 4296//7757 7392//7758
f 4291//7754 7396//7756 7397//7759
f 4296//7757 7397//7759 7948//7760
f 4301//7761 4302//7762 4298//7763
f 4302//7762 6740//6016 6739//6015
f 7399//7764 7400//7765 4302//7762
f 7400//7765 7851//5968 6740//6016
f 4297//7766 4298//7763 4303//7767
f 4299//7768 4303//7767 7388//7733
f 4298//7763 6739//6015 6738//6027
f 4303//7767 6738//6027 7849//6030
f 4299//7768 4304//7769 4300//7770
f 4304//7769 7401//7771 7402//7772
f 7387//7732 7386//7742 4304//7769
f 7386//7742 7947//7744 7401//7771
f 4297//7766 4300//7770 4305//7773
f 4301//7761 4305//7773 7398//7774
f 4300//7770 7402//7772 7403//7775
f 7403//7775 7945//7776 7398//7774
f 4310//7777 4311//7778 4307//7779
f 4311//7778 7397//7759 7396//7756
f 7405//7780 7406//7781 4311//7778
f 7406//7781 7948//7760 7397//7759
f 4306//7782 4307//7779 4312//7783
f 4308//7784 4312//7783 6755//6049
f 4307//7779 7396//7756 7395//7755
f 4312//7783 7395//7755 7850//6050
f 4308//7784 4313//7785 4309//7786
f 4313//7785 7407//7787 7408//7788
f 6754//6048 6753//6045 4313//7785
f 6753//6045 7852//6006 7407//7787
f 4306//7782 4309//7786 4314//7789
f 4310//7777 4314//7789 7404//7790
f 4309//7786 7408//7788 7409//7791
f 7409//7791 7946//7792 7404//7790
f 4319//7793 4320//7794 4316//7795
f 4320//7794 6719//5973 6718//5965
f 7411//7796 7412//7797 4320//7794
f 7412//7797 7839//5974 6719//5973
f 4315//7798 4316//7795 4321//7799
f 4317//7800 4321//7799 7400//7765
f 4316//7795 6718//5965 6717//5964
f 4321//7799 6717//5964 7851//5968
f 4317//7800 4322//7801 4318//7802
f 4318//7802 4322//7801 7413//7803
f 7399//7764 7398//7774 4322//7801
f 4322//7801 7398//7774 7945//7776
f 4318//7802 4323//7804 4319//7793
f 4323//7804 7410//7805 7411//7796
f 7414//7806 7415//7807 4323//7804
f 7415//7807 7957//7808 7410//7805
f 4328//7809 4329//7810 4325//7811
f 4329//7810 7409//7791 7408//7788
f 4328//7809 7417//7812 7418//7813
f 4329//7810 7418//7813 7946//7792
f 4324//7814 4325//7811 4330//7815
f 4326//7816 4330//7815 6734//6005
f 4325//7811 7408//7788 7407//7787
f 4330//7815 7407//7787 7852//6006
f 4326//7816 4331//7817 4327//7818
f 4331//7817 7419//7819 7420//7820
f 6733//6004 6732//5997 4331//7817
f 6732//5997 7840//5999 7419//7819
f 4327//7818 4332//7821 4328//7809
f 4332//7821 7416//7822 7417//7812
f 7420//7820 7421//7823 4332//7821
f 7421//7823 7958//7824 7416//7822
f 4337//7825 4338//7826 4334//7827
f 4338//7826 7422//7828 7423//7829
f 7414//7806 7413//7803 4338//7826
f 7413//7803 7945//7776 7422//7828
f 4333//7830 4334//7827 4339//7831
f 4335//7832 4339//7831 7352//7643
f 4334//7827 7423//7829 7424//7833
f 4339//7831 7424//7833 7953//7644
f 4335//7832 4340//7834 4336//7835
f 4340//7834 7425//7836 7426//7837
f 7351//7642 7350//7637 4340//7834
f 7350//7637 7955//7639 7425//7836
f 4333//7830 4336//7835 4341//7838
f 4337//7825 4341//7838 7415//7807
f 4336//7835 7426//7837 7427//7839
f 4341//7838 7427//7839 7957//7808
f 4346//7840 4347//7841 4343//7842
f 4347//7841 7355//7651 7354//7650
f 7429//7843 7430//7844 4347//7841
f 7430//7844 7956//7652 7355//7651
f 4342//7845 4343//7842 4348//7846
f 4344//7847 4348//7846 7431//7848
f 4343//7842 7354//7650 7353//7661
f 4348//7846 7353//7661 7954//7664
f 4344//7847 4349//7849 4345//7850
f 4349//7849 7418//7813 7417//7812
f 7432//7851 7433//7852 4349//7849
f 7433//7852 7946//7792 7418//7813
f 4342//7845 4345//7850 4350//7853
f 4346//7840 4350//7853 7428//7854
f 4345//7850 7417//7812 7416//7822
f 4350//7853 7416//7822 7958//7824
f 4351//7855 4355//7856 4356//7857
f 4352//7858 4356//7857 7403//7775
f 4355//7856 7423//7829 7422//7828
f 4356//7857 7422//7828 7945//7776
f 4352//7858 4357//7859 4353//7860
f 4357//7859 7434//7861 7435//7862
f 7402//7772 7401//7771 4357//7859
f 4357//7859 7401//7771 7947//7744
f 4351//7855 4353//7860 4358//7863
f 4354//7864 4358//7863 7367//7679
f 4353//7860 7435//7862 7436//7865
f 4358//7863 7436//7865 7951//7680
f 4354//7864 4359//7866 4355//7856
f 4359//7866 7424//7833 7423//7829
f 7366//7678 7365//7675 4359//7866
f 7365//7675 7953//7644 7424//7833
f 4360//7867 4364//7868 4365//7869
f 4361//7870 4365//7869 7437//7871
f 4364//7868 7369//7685 7368//7693
f 4365//7869 7368//7693 7952//7696
f 4361//7870 4366//7872 4362//7873
f 4366//7872 7406//7781 7405//7780
f 7438//7874 7439//7875 4366//7872
f 4366//7872 7439//7875 7948//7760
f 4360//7867 4362//7873 4367//7876
f 4363//7877 4367//7876 7433//7852
f 4362//7873 7405//7780 7404//7790
f 4367//7876 7404//7790 7946//7792
f 4363//7877 4368//7878 4364//7868
f 4368//7878 7370//7686 7369//7685
f 7432//7851 7431//7848 4368//7878
f 7431//7848 7954//7664 7370//7686
f 4372//7879 4373//7880 4370//7881
f 4373//7880 7391//7743 7390//7740
f 4372//7879 7435//7862 7434//7861
f 7434//7861 7947//7744 7391//7743
f 4369//7882 4370//7881 4374//7883
f 4371//7884 4374//7883 7379//7711
f 4370//7881 7390//7740 7389//7739
f 4374//7883 7389//7739 7949//7712
f 4371//7884 4375//7885 4372//7879
f 4375//7885 7436//7865 7435//7862
f 7378//7710 7377//7707 4375//7885
f 7377//7707 7951//7680 7436//7865
f 4379//7886 4380//7887 4377//7888
f 4380//7887 7382//7718 7381//7717
f 7438//7874 7437//7871 4380//7887
f 7437//7871 7952//7696 7382//7718
f 4376//7889 4377//7888 4381//7890
f 4378//7891 4381//7890 7394//7749
f 4377//7888 7381//7717 7380//7726
f 4381//7890 7380//7726 7950//7728
f 4378//7891 4382//7892 4379//7886
f 4379//7886 4382//7892 7439//7875
f 7393//7748 7392//7758 4382//7892
f 7392//7758 7948//7760 7439//7875
f 4387//7893 4388//7894 4384//7895
f 4384//7895 4388//7894 6614//5649
f 7441//7896 7442//7897 4388//7894
f 7442//7897 7765//5296 6614//5649
f 4383//7898 4384//7895 4389//7899
f 4389//7899 6944//6511 6943//6510
f 6613//5648 6612//5656 4389//7899
f 6612//5656 7833//5624 6944//6511
f 4385//7900 4390//7901 4386//7902
f 4390//7901 7412//7797 7411//7796
f 4385//7900 6943//6510 6942//6523
f 4390//7901 6942//6523 7839//5974
f 4383//7898 4386//7902 4391//7903
f 4387//7893 4391//7903 7440//7904
f 4386//7902 7411//7796 7410//7805
f 4391//7903 7410//7805 7957//7808
f 4396//7905 4397//7906 4393//7907
f 4393//7907 4397//7906 6959//6542
f 7420//7820 7419//7819 4397//7906
f 4397//7906 7419//7819 7840//5999
f 4392//7908 4393//7907 4398//7909
f 4398//7909 6617//5668 6616//5666
f 6958//6541 6957//6538 4398//7909
f 6957//6538 7834//5640 6617//5668
f 4394//7910 4399//7911 4395//7912
f 4399//7911 7443//7913 7444//7914
f 4394//7910 6616//5666 6615//5665
f 6615//5665 7766//5326 7443//7913
f 4392//7908 4395//7912 4400//7915
f 4396//7905 4400//7915 7421//7823
f 4395//7912 7444//7914 7445//7916
f 4400//7915 7445//7916 7958//7824
f 4401//7917 4405//7918 4406//7919
f 4402//7920 4406//7919 7442//7897
f 4405//7918 6673//5833 6672//5832
f 4406//7919 6672//5832 7765//5296
f 4402//7920 4407//7921 4403//7922
f 4407//7921 7427//7839 7426//7837
f 7441//7896 7440//7904 4407//7921
f 7440//7904 7957//7808 7427//7839
f 4401//7917 4403//7922 4408//7923
f 4408//7923 7446//7924 7447//7925
f 4403//7922 7426//7837 7425//7836
f 4408//7923 7425//7836 7955//7639
f 4404//7926 4409//7927 4405//7918
f 4409//7927 6674//5838 6673//5833
f 4404//7926 7447//7925 7448//7928
f 4409//7927 7448//7928 7773//5839
f 4410//7929 4414//7930 4415//7931
f 4411//7932 4415//7931 7430//7844
f 7450//7933 7451//7934 4415//7931
f 4415//7931 7451//7934 7956//7652
f 4411//7932 4416//7935 4412//7936
f 4416//7935 7445//7916 7444//7914
f 7429//7843 7428//7854 4416//7935
f 7428//7854 7958//7824 7445//7916
f 4410//7929 4412//7936 4417//7937
f 4413//7938 4417//7937 6689//5866
f 4412//7936 7444//7914 7443//7913
f 4417//7937 7443//7913 7766//5326
f 4413//7938 4418//7939 4414//7930
f 4414//7930 4418//7939 7449//7940
f 6688//5865 6687//5859 4418//7939
f 4418//7939 6687//5859 7774//5862
f 4419//7941 4423//7942 4424//7943
f 4420//7944 4424//7943 6698//5897
f 4423//7942 6925//6455 6924//6454
f 4424//7943 6924//6454 7771//5727
f 4420//7944 4425//7945 4421//7946
f 4425//7945 7448//7928 7447//7925
f 6697//5896 6696//5907 4425//7945
f 6696//5907 7773//5839 7448//7928
f 4419//7941 4421//7946 4426//7947
f 4426//7947 7349//7638 7348//7634
f 4421//7946 7447//7925 7446//7924
f 7446//7924 7955//7639 7349//7638
f 4422//7948 4427//7949 4423//7942
f 4427//7949 6926//6459 6925//6455
f 4422//7948 7348//7634 7347//7633
f 4427//7949 7347//7633 7841//6190
f 4428//7950 4432//7951 4433//7952
f 4429//7953 4433//7952 7451//7934
f 7357//7655 7356//7649 4433//7952
f 7356//7649 7956//7652 7451//7934
f 4429//7953 4434//7954 4430//7955
f 4434//7954 6707//5922 6706//5920
f 7450//7933 7449//7940 4434//7954
f 7449//7940 7774//5862 6707//5922
f 4428//7950 4430//7955 4435//7956
f 4431//7957 4435//7956 6935//6478
f 4430//7955 6706//5920 6705//5919
f 4435//7956 6705//5919 7772//5746
f 4431//7957 4436//7958 4432//7951
f 4432//7951 4436//7958 7358//7656
f 6934//6477 6933//6474 4436//7958
f 4436//7958 6933//6474 7842//6210
f 2//4 1//1 6//3
f 4441//13 2//4 4440//5
f 6//3 5//2 4439//7
f 4440//5 6//3 7498//8
f 1//1 2//4 3//10
f 3//10 7//9 4444//12
f 2//4 4441//13 7//9
f 7//9 4442//14 4443//11
f 4//17 1//1 8//16
f 4447//23 4//17 4446//18
f 8//16 3//10 4445//19
f 4446//18 8//16 7454//20
f 1//1 4//17 5//2
f 5//2 9//21 4438//6
f 4//17 4447//23 9//21
f 9//21 4448//24 4437//22
f 11//29 10//26 15//28
f 4453//38 11//29 4452//30
f 15//28 14//27 4451//32
f 4452//30 15//28 7455//33
f 10//26 11//29 12//35
f 12//35 16//34 4456//37
f 11//29 4453//38 16//34
f 16//34 4454//39 4455//36
f 13//42 10//26 17//41
f 4459//48 13//42 4458//43
f 17//41 12//35 4457//44
f 4458//43 17//41 7499//45
f 10//26 13//42 14//27
f 14//27 18//46 4450//31
f 13//42 4459//48 18//46
f 18//46 4460//49 4449//47
f 20//54 19//51 24//53
f 4447//23 20//54 4448//24
f 24//53 23//52 4463//56
f 4448//24 24//53 7496//25
f 19//51 20//54 21//58
f 21//58 25//57 4465//60
f 20//54 4447//23 25//57
f 25//57 4446//18 4464//59
f 22//62 19//51 26//61
f 4468//68 22//62 4467//63
f 26//61 21//58 4466//64
f 4467//63 26//61 7456//65
f 19//51 22//62 23//52
f 23//52 27//66 4462//55
f 22//62 4468//68 27//66
f 27//66 4469//69 4461//67
f 29//74 28//71 33//73
f 4474//81 29//74 4473//75
f 33//73 32//72 4472//77
f 4473//75 33//73 7457//78
f 28//71 29//74 30//80
f 30//80 34//79 4450//31
f 29//74 4474//81 34//79
f 34//79 4475//82 4451//32
f 31//84 28//71 35//83
f 4477//88 31//84 4476//85
f 35//83 30//80 4449//47
f 4476//85 35//83 7497//50
f 28//71 31//84 32//72
f 32//72 36//86 4471//76
f 31//84 4477//88 36//86
f 36//86 4478//89 4470//87
f 38//94 37//91 42//93
f 4480//100 38//94 4479//95
f 42//93 41//92 4464//59
f 4479//95 42//93 7454//20
f 37//91 38//94 39//97
f 39//97 43//96 4483//99
f 38//94 4480//100 43//96
f 43//96 4481//101 4482//98
f 40//104 37//91 44//103
f 4486//109 40//104 4485//105
f 44//103 39//97 4484//106
f 4485//105 44//103 7458//107
f 37//91 40//104 41//92
f 41//92 45//108 4465//60
f 40//104 4486//109 45//108
f 45//108 4487//110 4466//64
f 47//114 46//111 51//113
f 4492//123 47//114 4491//115
f 51//113 50//112 4490//117
f 4491//115 51//113 7459//118
f 46//111 47//114 48//120
f 48//120 52//119 4495//122
f 47//114 4492//123 52//119
f 52//119 4493//124 4494//121
f 49//127 46//111 53//126
f 4474//81 49//127 4475//82
f 53//126 48//120 4496//128
f 4475//82 53//126 7455//33
f 46//111 49//127 50//112
f 50//112 54//129 4489//116
f 49//127 4474//81 54//129
f 54//129 4473//75 4488//130
f 56//134 55//131 60//133
f 4498//140 56//134 4497//135
f 60//133 59//132 4443//11
f 4497//135 60//133 7452//15
f 55//131 56//134 57//137
f 57//137 61//136 4501//139
f 56//134 4498//140 61//136
f 61//136 4499//141 4500//138
f 58//144 55//131 62//143
f 4480//100 58//144 4481//101
f 62//143 57//137 4502//145
f 4481//101 62//143 7460//102
f 55//131 58//144 59//132
f 59//132 63//146 4444//12
f 58//144 4480//100 63//146
f 63//146 4479//95 4445//19
f 65//150 64//147 69//149
f 4504//156 65//150 4503//151
f 69//149 68//148 4494//121
f 4503//151 69//149 7461//125
f 64//147 65//150 66//153
f 66//153 70//152 4507//155
f 65//150 4504//156 70//152
f 70//152 4505//157 4506//154
f 67//160 64//147 71//159
f 4453//38 67//160 4454//39
f 71//159 66//153 4508//161
f 4454//39 71//159 7453//40
f 64//147 67//160 68//148
f 68//148 72//162 4495//122
f 67//160 4453//38 72//162
f 72//162 4452//30 4496//128
f 74//166 73//163 78//165
f 4510//172 74//166 4509//167
f 78//165 77//164 4500//138
f 4509//167 78//165 7462//142
f 73//163 74//166 75//169
f 75//169 79//168 4513//171
f 74//166 4510//172 79//168
f 79//168 4511//173 4512//170
f 76//176 73//163 80//175
f 4516//181 76//176 4515//177
f 80//175 75//169 4514//178
f 4515//177 80//175 7466//179
f 73//163 76//176 77//164
f 77//164 81//180 4501//139
f 76//176 4516//181 81//180
f 81//180 4517//182 4502//145
f 83//186 82//183 87//185
f 4522//195 83//186 4521//187
f 87//185 86//184 4520//189
f 4521//187 87//185 7467//190
f 82//183 83//186 84//192
f 84//192 88//191 4525//194
f 83//186 4522//195 88//191
f 88//191 4523//196 4524//193
f 85//199 82//183 89//198
f 4504//156 85//199 4505//157
f 89//198 84//192 4526//200
f 4505//157 89//198 7463//158
f 82//183 85//199 86//184
f 86//184 90//201 4519//188
f 85//199 4504//156 90//201
f 90//201 4503//151 4518//202
f 92//206 91//203 96//205
f 4516//181 92//206 4517//182
f 96//205 95//204 4482//98
f 4517//182 96//205 7460//102
f 91//203 92//206 93//208
f 93//208 97//207 4528//210
f 92//206 4516//181 97//207
f 97//207 4515//177 4527//209
f 94//212 91//203 98//211
f 4531//217 94//212 4530//213
f 98//211 93//208 4529//214
f 4530//213 98//211 7468//215
f 91//203 94//212 95//204
f 95//204 99//216 4483//99
f 94//212 4531//217 99//216
f 99//216 4532//218 4484//106
f 101//222 100//219 105//221
f 4537//229 101//222 4536//223
f 105//221 104//220 4535//225
f 4536//223 105//221 7469//226
f 100//219 101//222 102//228
f 102//228 106//227 4519//188
f 101//222 4537//229 106//227
f 106//227 4538//230 4520//189
f 103//232 100//219 107//231
f 4492//123 103//232 4493//124
f 107//231 102//228 4518//202
f 4493//124 107//231 7461//125
f 100//219 103//232 104//220
f 104//220 108//233 4534//224
f 103//232 4492//123 108//233
f 108//233 4491//115 4533//234
f 110//238 109//235 114//237
f 4540//243 110//238 4539//239
f 114//237 113//236 4527//209
f 4539//239 114//237 7466//179
f 111//241 109//235 115//240
f 4543//249 111//241 4542//242
f 115//240 110//238 4541//244
f 4542//242 115//240 7472//245
f 109//235 111//241 112//247
f 4546//253 112//247 4545//248
f 111//241 4543//249 116//246
f 116//246 4544//250 4545//248
f 109//235 112//247 113//236
f 113//236 117//252 4528//210
f 112//247 4546//253 117//252
f 117//252 4547//254 4529//214
f 118//263 122//255 119//257
f 119//257 123//256 4552//259
f 123//256 122//255 4550//261
f 123//256 4550//261 4551//258
f 120//265 118//263 124//264
f 4555//271 120//265 4554//266
f 124//264 119//257 4553//267
f 4554//266 124//264 7473//268
f 121//270 118//263 125//269
f 4537//229 121//270 4538//230
f 125//269 120//265 4556//272
f 4538//230 125//269 7467//190
f 118//263 121//270 122//255
f 122//255 126//273 4549//260
f 121//270 4537//229 126//273
f 126//273 4536//223 4548//274
f 128//278 127//275 132//277
f 4558//284 128//278 4557//279
f 132//277 131//276 4512//170
f 4557//279 132//277 7464//174
f 127//275 128//278 129//281
f 129//281 133//280 4561//283
f 128//278 4558//284 133//280
f 133//280 4559//285 4560//282
f 130//289 127//275 134//287
f 130//289 134//287 4540//243
f 129//281 4561//283 134//287
f 134//287 4562//288 4541//244
f 127//275 130//289 131//276
f 131//276 135//290 4513//171
f 130//289 4540//243 135//290
f 135//290 4539//239 4514//178
f 137//296 136//291 141//293
f 137//296 141//293 4564//295
f 140//292 4555//271 141//293
f 141//293 4554//266 4563//294
f 136//291 137//296 138//298
f 138//298 142//297 4567//300
f 137//296 4564//295 142//297
f 142//297 4565//301 4566//299
f 139//304 136//291 143//303
f 4522//195 139//304 4523//196
f 143//303 138//298 4568//305
f 4523//196 143//303 7465//197
f 136//291 139//304 140//292
f 140//292 144//306 4555//271
f 139//304 4522//195 144//306
f 144//306 4521//187 4556//272
f 146//310 145//307 150//309
f 4570//315 146//310 4569//311
f 150//309 149//308 4560//282
f 4569//311 150//309 7474//286
f 145//307 146//310 147//313
f 4573//321 147//313 4572//314
f 151//312 146//310 4571//316
f 4572//314 151//312 7476//317
f 148//324 145//307 152//318
f 148//324 152//318 4576//320
f 147//313 4573//321 152//318
f 152//318 4574//322 4575//319
f 145//307 148//324 149//308
f 149//308 153//325 4561//283
f 148//324 4576//320 153//325
f 153//325 4577//326 4562//288
f 155//335 154//327 159//329
f 155//335 159//329 4582//331
f 158//328 4579//332 159//329
f 159//329 4580//333 4581//330
f 154//327 155//335 156//337
f 4585//343 156//337 4584//338
f 160//336 155//335 4583//339
f 4584//338 160//336 7477//340
f 157//342 154//327 161//341
f 4564//295 157//342 4565//301
f 161//341 156//337 4586//344
f 4565//301 161//341 7475//302
f 154//327 157//342 158//328
f 158//328 162//345 4579//332
f 157//342 4564//295 162//345
f 162//345 4563//294 4578//346
f 163//350 167//347 164//349
f 164//349 168//348 4576//320
f 167//347 4543//249 168//348
f 4577//326 168//348 7472//245
f 165//352 163//350 169//351
f 4588//358 165//352 4587//353
f 169//351 164//349 4575//319
f 4587//353 169//351 7478//323
f 163//350 165//352 166//355
f 166//355 170//354 4591//357
f 165//352 4588//358 170//354
f 170//354 4589//359 4590//356
f 167//347 163//350 171//361
f 4543//249 167//347 4544//250
f 171//361 166//355 4592//362
f 4544//250 171//361 7470//251
f 172//371 176//363 173//365
f 173//365 177//364 4597//367
f 176//363 4594//368 177//364
f 177//364 4595//369 4596//366
f 174//373 172//371 178//372
f 4579//332 174//373 4580//333
f 178//372 173//365 4598//374
f 4580//333 178//372 7479//334
f 172//371 174//373 175//376
f 175//376 179//375 4552//259
f 174//373 4579//332 179//375
f 4553//267 179//375 7473//268
f 176//363 172//371 180//377
f 4594//368 176//363 4593//378
f 180//377 175//376 4551//258
f 4593//378 180//377 7471//262
f 181//384 185//379 182//381
f 182//381 186//380 4600//383
f 185//379 4588//358 186//380
f 186//380 4587//353 4599//382
f 183//386 181//384 187//385
f 4603//394 183//386 4602//387
f 187//385 182//381 4601//388
f 4602//387 187//385 7484//389
f 181//384 183//386 184//391
f 184//391 188//390 4606//393
f 183//386 4603//394 188//390
f 188//390 4604//395 4605//392
f 185//379 181//384 189//397
f 4588//358 185//379 4589//359
f 189//397 184//391 4607//398
f 4589//359 189//397 7480//360
f 190//407 194//399 191//401
f 191//401 195//400 4612//403
f 194//399 4609//404 195//400
f 195//400 4610//405 4611//402
f 192//409 190//407 196//408
f 4615//415 192//409 4614//410
f 196//408 191//401 4613//411
f 4614//410 196//408 7485//412
f 190//407 192//409 193//414
f 193//414 197//413 4597//367
f 192//409 4615//415 197//413
f 197//413 4616//416 4598//374
f 194//399 190//407 198//417
f 4609//404 194//399 4608//418
f 198//417 193//414 4596//366
f 4608//418 198//417 7481//370
f 199//424 203//419 200//421
f 200//421 204//420 4618//423
f 203//419 4573//321 204//420
f 204//420 4572//314 4617//422
f 201//426 199//424 205//425
f 4621//432 201//426 4620//427
f 205//425 200//421 4619//428
f 4620//427 205//425 7486//429
f 199//424 201//426 202//431
f 202//431 206//430 4600//383
f 201//426 4621//432 206//430
f 206//430 4622//433 4601//388
f 203//419 199//424 207//434
f 4573//321 203//419 4574//322
f 207//434 202//431 4599//382
f 4574//322 207//434 7478//323
f 208//440 212//435 209//437
f 209//437 213//436 4624//439
f 212//435 4615//415 213//436
f 213//436 4614//410 4623//438
f 210//442 208//440 214//441
f 4627//448 210//442 4626//443
f 214//441 209//437 4625//444
f 4626//443 214//441 7487//445
f 208//440 210//442 211//447
f 211//447 215//446 4582//331
f 210//442 4627//448 215//446
f 215//446 4628//449 4583//339
f 212//435 208//440 216//450
f 4615//415 212//435 4616//416
f 216//450 211//447 4581//330
f 4616//416 216//450 7479//334
f 217//456 221//451 218//453
f 218//453 222//452 4630//455
f 221//451 4621//432 222//452
f 222//452 4620//427 4629//454
f 219//458 217//456 223//457
f 4633//466 219//458 4632//459
f 223//457 218//453 4631//460
f 4632//459 223//457 7488//461
f 217//456 219//458 220//463
f 220//463 224//462 4636//465
f 219//458 4633//466 224//462
f 224//462 4634//467 4635//464
f 221//451 217//456 225//469
f 4621//432 221//451 4622//433
f 225//469 220//463 4637//470
f 4622//433 225//469 7484//389
f 226//479 230//471 227//473
f 227//473 231//472 4642//475
f 230//471 4639//476 231//472
f 231//472 4640//477 4641//474
f 228//481 226//479 232//480
f 4645//487 228//481 4644//482
f 232//480 227//473 4643//483
f 4644//482 232//480 7489//484
f 226//479 228//481 229//486
f 229//486 233//485 4624//439
f 228//481 4645//487 233//485
f 233//485 4646//488 4625//444
f 230//471 226//479 234//489
f 4639//476 230//471 4638//490
f 234//489 229//486 4623//438
f 4638//490 234//489 7485//412
f 235//494 239//491 236//493
f 236//493 240//492 4636//465
f 239//491 4603//394 240//492
f 240//492 4602//387 4637//470
f 237//496 235//494 241//495
f 4648//502 237//496 4647//497
f 241//495 236//493 4635//464
f 4647//497 241//495 7490//468
f 235//494 237//496 238//499
f 238//499 242//498 4651//501
f 237//496 4648//502 242//498
f 242//498 4649//503 4650//500
f 239//491 235//494 243//505
f 4603//394 239//491 4604//395
f 243//505 238//499 4652//506
f 4604//395 243//505 7482//396
f 244//515 248//507 245//509
f 245//509 249//508 4657//511
f 248//507 4654//512 249//508
f 249//508 4655//513 4656//510
f 246//517 244//515 250//516
f 4639//476 246//517 4640//477
f 250//516 245//509 4658//518
f 4640//477 250//516 7491//478
f 244//515 246//517 247//520
f 247//520 251//519 4612//403
f 246//517 4639//476 251//519
f 251//519 4638//490 4613//411
f 248//507 244//515 252//521
f 4654//512 248//507 4653//522
f 252//521 247//520 4611//402
f 4653//522 252//521 7483//406
f 253//528 257//523 254//525
f 254//525 258//524 4660//527
f 257//523 4648//502 258//524
f 258//524 4647//497 4659//526
f 255//530 253//528 259//529
f 4462//55 255//530 4463//56
f 259//529 254//525 4661//531
f 4463//56 259//529 7496//25
f 253//528 255//530 256//533
f 256//533 260//532 4663//535
f 255//530 4462//55 260//532
f 260//532 4461//67 4662//534
f 257//523 253//528 261//536
f 4648//502 257//523 4649//503
f 261//536 256//533 4664//537
f 4649//503 261//536 7492//504
f 262//543 266//538 263//540
f 263//540 267//539 4477//88
f 266//538 4666//541 267//539
f 267//539 4667//542 4478//89
f 264//545 262//543 268//544
f 4669//549 264//545 4668//546
f 268//544 263//540 4476//85
f 4668//546 268//544 7497//50
f 262//543 264//545 265//548
f 265//548 269//547 4657//511
f 264//545 4669//549 269//547
f 269//547 4670//550 4658//518
f 266//538 262//543 270//551
f 4666//541 266//538 4665//552
f 270//551 265//548 4656//510
f 4665//552 270//551 7493//514
f 271//558 275//553 272//555
f 272//555 276//554 4672//557
f 275//553 4633//466 276//554
f 276//554 4632//459 4671//556
f 273//560 271//558 277//559
f 4438//6 273//560 4439//7
f 277//559 272//555 4673//561
f 4439//7 277//559 7498//8
f 271//558 273//560 274//563
f 274//563 278//562 4660//527
f 273//560 4438//6 278//562
f 278//562 4437//22 4661//531
f 275//553 271//558 279//564
f 4633//466 275//553 4634//467
f 279//564 274//563 4659//526
f 4634//467 279//564 7490//468
f 280//568 284//565 281//567
f 281//567 285//566 4459//48
f 284//565 4669//549 285//566
f 285//566 4668//546 4460//49
f 282//570 280//568 286//569
f 4675//574 282//570 4674//571
f 286//569 281//567 4458//43
f 4674//571 286//569 7499//45
f 280//568 282//570 283//573
f 283//573 287//572 4642//475
f 282//570 4675//574 287//572
f 287//572 4676//575 4643//483
f 284//565 280//568 288//576
f 4669//549 284//565 4670//550
f 288//576 283//573 4641//474
f 4670//550 288//576 7491//478
f 289//582 293//577 290//579
f 290//579 294//578 4672//557
f 293//577 4678//580 294//578
f 294//578 4679//581 4673//561
f 291//584 289//582 295//583
f 4681//590 291//584 4680//585
f 295//583 290//579 4671//556
f 4680//585 295//583 7488//461
f 289//582 291//584 292//587
f 292//587 296//586 4684//589
f 291//584 4681//590 296//586
f 296//586 4682//591 4683//588
f 293//577 289//582 297//593
f 4678//580 293//577 4677//594
f 292//587 4684//589 297//593
f 297//593 4685//595 4677//594
f 298//605 302//597 299//599
f 299//599 303//598 4690//601
f 302//597 4687//602 303//598
f 303//598 4688//603 4689//600
f 300//607 298//605 304//606
f 4675//574 300//607 4676//575
f 304//606 299//599 4691//608
f 4676//575 304//606 7489//484
f 298//605 300//607 301//610
f 301//610 305//609 4693//612
f 300//607 4675//574 305//609
f 305//609 4674//571 4692//611
f 302//597 298//605 306//613
f 302//597 306//613 4687//602
f 306//613 301//610 4694//615
f 306//613 4694//615 4686//614
f 307//620 311//617 308//619
f 308//619 312//618 4630//455
f 311//617 4681//590 312//618
f 312//618 4680//585 4631//460
f 309//622 307//620 313//621
f 4696//628 309//622 4695//623
f 313//621 308//619 4629//454
f 4695//623 313//621 7486//429
f 307//620 309//622 310//625
f 310//625 314//624 4699//627
f 309//622 4696//628 314//624
f 314//624 4697//629 4698//626
f 311//617 307//620 315//631
f 4681//590 311//617 4682//591
f 315//631 310//625 4700//632
f 4682//591 315//631 7502//592
f 316//641 320//633 317//635
f 317//635 321//634 4705//637
f 320//633 4702//638 321//634
f 321//634 4703//639 4704//636
f 318//643 316//641 322//642
f 4645//487 318//643 4646//488
f 322//642 317//635 4706//644
f 4646//488 322//642 7487//445
f 316//641 318//643 319//646
f 319//646 323//645 4690//601
f 318//643 4645//487 323//645
f 323//645 4644//482 4691//608
f 320//633 316//641 324//647
f 4702//638 320//633 4701//648
f 324//647 319//646 4689//600
f 4701//648 324//647 7503//604
f 325//652 329//649 326//651
f 326//651 330//650 4618//423
f 329//649 4696//628 330//650
f 330//650 4695//623 4619//428
f 327//654 325//652 331//653
f 4708//660 327//654 4707//655
f 331//653 326//651 4617//422
f 4707//655 331//653 7476//317
f 325//652 327//654 328//657
f 328//657 332//656 4711//659
f 327//654 4708//660 332//656
f 332//656 4709//661 4710//658
f 329//649 325//652 333//663
f 4696//628 329//649 4697//629
f 333//663 328//657 4712//664
f 4697//629 333//663 7504//630
f 334//673 338//665 335//667
f 335//667 339//666 4717//669
f 338//665 4714//670 339//666
f 339//666 4715//671 4716//668
f 336//675 334//673 340//674
f 4627//448 336//675 4628//449
f 340//674 335//667 4718//676
f 4628//449 340//674 7477//340
f 334//673 336//675 337//678
f 337//678 341//677 4705//637
f 336//675 4627//448 341//677
f 341//677 4626//443 4706//644
f 338//665 334//673 342//679
f 4714//670 338//665 4713//680
f 342//679 337//678 4704//636
f 4713//680 342//679 7505//640
f 343//684 347//681 344//683
f 344//683 348//682 4570//315
f 347//681 4708//660 348//682
f 348//682 4707//655 4571//316
f 345//688 343//684 349//685
f 345//688 349//685 4720//687
f 344//683 4570//315 349//685
f 349//685 4569//311 4719//686
f 343//684 345//688 346//690
f 346//690 350//689 4723//692
f 345//688 4720//687 350//689
f 350//689 4721//693 4722//691
f 347//681 343//684 351//695
f 4708//660 347//681 4709//661
f 351//695 346//690 4724//696
f 4709//661 351//695 7506//662
f 352//705 356//697 353//699
f 353//699 357//698 4729//701
f 356//697 4726//702 357//698
f 357//698 4727//703 4728//700
f 354//708 352//705 358//706
f 354//708 358//706 4585//343
f 353//699 4729//701 358//706
f 358//706 4730//707 4586//344
f 352//705 354//708 355//710
f 355//710 359//709 4717//669
f 354//708 4585//343 359//709
f 359//709 4584//338 4718//676
f 356//697 352//705 360//711
f 4726//702 356//697 4725//712
f 360//711 355//710 4716//668
f 4725//712 360//711 7507//672
f 362//716 361//713 366//715
f 4558//284 362//716 4559//285
f 366//715 365//714 4719//686
f 4559//285 366//715 7474//286
f 361//713 362//716 363//718
f 363//718 367//717 4732//720
f 362//716 4558//284 367//717
f 367//717 4557//279 4731//719
f 364//722 361//713 368//721
f 4735//727 364//722 4734//723
f 368//721 363//718 4733//724
f 4734//723 368//721 7510//725
f 361//713 364//722 365//714
f 4720//687 365//714 4721//693
f 364//722 4735//727 369//726
f 369//726 4736//728 4721//693
f 371//732 370//729 375//731
f 4741//739 371//732 4740//733
f 375//731 374//730 4739//735
f 4740//733 375//731 7511//736
f 370//729 371//732 372//738
f 372//738 376//737 4567//300
f 371//732 4741//739 376//737
f 376//737 4742//740 4568//305
f 373//742 370//729 377//741
f 4729//701 373//742 4730//707
f 377//741 372//738 4566//299
f 4730//707 377//741 7475//302
f 370//729 373//742 374//730
f 374//730 378//743 4738//734
f 378//743 373//742 4728//700
f 378//743 4728//700 4737//744
f 380//748 379//745 384//747
f 4510//172 380//748 4511//173
f 384//747 383//746 4731//719
f 4511//173 384//747 7464//174
f 379//745 380//748 381//750
f 381//750 385//749 4744//752
f 380//748 4510//172 385//749
f 385//749 4509//167 4743//751
f 382//754 379//745 386//753
f 4747//759 382//754 4746//755
f 386//753 381//750 4745//756
f 4746//755 386//753 7514//757
f 379//745 382//754 383//746
f 383//746 387//758 4732//720
f 382//754 4747//759 387//758
f 387//758 4748//760 4733//724
f 389//764 388//761 393//763
f 4753//771 389//764 4752//765
f 393//763 392//762 4751//767
f 4752//765 393//763 7515//768
f 388//761 389//764 390//770
f 390//770 394//769 4525//194
f 389//764 4753//771 394//769
f 394//769 4754//772 4526//200
f 391//774 388//761 395//773
f 4741//739 391//774 4742//740
f 395//773 390//770 4524//193
f 4742//740 395//773 7465//197
f 388//761 391//774 392//762
f 392//762 396//775 4750//766
f 391//774 4741//739 396//775
f 396//775 4740//733 4749//776
f 398//780 397//777 402//779
f 4498//140 398//780 4499//141
f 402//779 401//778 4743//751
f 4499//141 402//779 7462//142
f 397//777 398//780 399//782
f 399//782 403//781 4756//784
f 398//780 4498//140 403//781
f 403//781 4497//135 4755//783
f 400//786 397//777 404//785
f 4759//791 400//786 4758//787
f 404//785 399//782 4757//788
f 4758//787 404//785 7516//789
f 397//777 400//786 401//778
f 401//778 405//790 4744//752
f 400//786 4759//791 405//790
f 405//790 4760//792 4745//756
f 407//796 406//793 411//795
f 4765//803 407//796 4764//797
f 411//795 410//794 4763//799
f 4764//797 411//795 7517//800
f 406//793 407//796 408//802
f 408//802 412//801 4507//155
f 407//796 4765//803 412//801
f 412//801 4766//804 4508//161
f 409//806 406//793 413//805
f 4753//771 409//806 4754//772
f 413//805 408//802 4506//154
f 4754//772 413//805 7463//158
f 406//793 409//806 410//794
f 410//794 414//807 4762//798
f 409//806 4753//771 414//807
f 414//807 4752//765 4761//808
f 416//812 415//809 420//811
f 4441//13 416//812 4442//14
f 420//811 419//810 4755//783
f 4442//14 420//811 7452//15
f 415//809 416//812 417//814
f 417//814 421//813 4678//580
f 416//812 4441//13 421//813
f 421//813 4440//5 4679//581
f 418//816 415//809 422//815
f 4768//819 418//816 4767//817
f 422//815 417//814 4677//594
f 4767//817 422//815 7500//596
f 415//809 418//816 419//810
f 419//810 423//818 4756//784
f 418//816 4768//819 423//818
f 423//818 4769//820 4757//788
f 425//824 424//821 429//823
f 4693//612 425//824 4694//615
f 429//823 428//822 4772//826
f 4694//615 429//823 7501//616
f 424//821 425//824 426//828
f 426//828 430//827 4456//37
f 425//824 4693//612 430//827
f 430//827 4692//611 4457//44
f 427//830 424//821 431//829
f 4765//803 427//830 4766//804
f 431//829 426//828 4455//36
f 4766//804 431//829 7453//40
f 424//821 427//830 428//822
f 428//822 432//831 4771//825
f 427//830 4765//803 432//831
f 432//831 4764//797 4770//832
f 433//841 436//833 434//835
f 434//835 437//834 4777//837
f 436//833 4774//838 437//834
f 437//834 4775//839 4776//836
f 435//843 433//841 438//842
f 4768//819 435//843 4769//820
f 438//842 434//835 4778//844
f 4769//820 438//842 7516//789
f 436//833 433//841 439//845
f 4774//838 436//833 4773//846
f 439//845 435//843 4767//817
f 4773//846 439//845 7500//596
f 441//850 440//847 444//849
f 4771//825 441//850 4772//826
f 444//849 443//848 4781//852
f 4772//826 444//849 7501//616
f 442//854 440//847 445//853
f 4783//858 442//854 4782//855
f 445//853 441//850 4770//832
f 4782//855 445//853 7517//800
f 440//847 442//854 443//848
f 443//848 446//856 4780//851
f 442//854 4783//858 446//856
f 446//856 4784//859 4779//857
f 448//864 447//861 451//863
f 4759//791 448//864 4760//792
f 451//863 450//862 4787//866
f 4760//792 451//863 7514//757
f 449//868 447//861 452//867
f 449//868 452//867 4777//837
f 448//864 4759//791 452//867
f 452//867 4758//787 4778//844
f 447//861 449//868 450//862
f 450//862 453//869 4786//865
f 449//868 4777//837 453//869
f 453//869 4776//836 4785//870
f 454//876 457//871 455//873
f 455//873 458//872 4783//858
f 457//871 4789//874 458//872
f 458//872 4790//875 4784//859
f 456//878 454//876 459//877
f 456//878 459//877 4762//798
f 455//873 4783//858 459//877
f 459//877 4782//855 4763//799
f 457//871 454//876 460//879
f 4789//874 457//871 4788//880
f 460//879 456//878 4761//808
f 4788//880 460//879 7515//768
f 461//886 464//881 462//883
f 462//883 465//882 4792//885
f 464//881 4786//865 465//882
f 465//882 4785//870 4791//884
f 463//888 461//886 466//887
f 4747//759 463//888 4748//760
f 466//887 462//883 4793//889
f 4748//760 466//887 7510//725
f 464//881 461//886 467//890
f 4786//865 464//881 4787//866
f 463//888 4747//759 467//890
f 467//890 4746//755 4787//866
f 469//894 468//891 472//893
f 469//894 472//893 4750//766
f 472//893 471//892 4788//880
f 472//893 4788//880 4751//767
f 470//896 468//891 473//895
f 4795//899 470//896 4794//897
f 473//895 469//894 4749//776
f 4794//897 473//895 7511//736
f 468//891 470//896 471//892
f 471//892 474//898 4789//874
f 470//896 4795//899 474//898
f 474//898 4796//900 4790//875
f 475//906 478//901 476//903
f 476//903 479//902 4798//905
f 478//901 4792//885 479//902
f 479//902 4791//884 4797//904
f 477//908 475//906 480//907
f 4735//727 477//908 4736//728
f 480//907 476//903 4799//909
f 4736//728 480//907 7508//694
f 478//901 475//906 481//910
f 4792//885 478//901 4793//889
f 481//910 477//908 4734//723
f 4793//889 481//910 7510//725
f 483//914 482//911 486//913
f 4738//734 483//914 4739//735
f 486//913 485//912 4794//897
f 4739//735 486//913 7511//736
f 484//916 482//911 487//915
f 4801//919 484//916 4800//917
f 487//915 483//914 4737//744
f 4800//917 487//915 7509//704
f 482//911 484//916 485//912
f 485//912 488//918 4795//899
f 484//916 4801//919 488//918
f 488//918 4802//920 4796//900
f 489//926 492//921 490//923
f 490//923 493//922 4804//925
f 492//921 4798//905 493//922
f 493//922 4797//904 4803//924
f 491//929 489//926 494//927
f 491//929 494//927 4723//692
f 494//927 490//923 4805//928
f 494//927 4805//928 4724//696
f 492//921 489//926 495//930
f 4798//905 492//921 4799//909
f 495//930 491//929 4722//691
f 4799//909 495//930 7508//694
f 497//934 496//931 500//933
f 4726//702 497//934 4727//703
f 500//933 499//932 4800//917
f 4727//703 500//933 7509//704
f 498//936 496//931 501//935
f 4807//939 498//936 4806//937
f 497//934 4726//702 501//935
f 501//935 4725//712 4806//937
f 496//931 498//936 499//932
f 499//932 502//938 4801//919
f 498//936 4807//939 502//938
f 502//938 4808//940 4802//920
f 503//946 506//941 504//943
f 504//943 507//942 4810//945
f 506//941 4804//925 507//942
f 507//942 4803//924 4809//944
f 505//949 503//946 508//947
f 505//949 508//947 4711//659
f 508//947 504//943 4811//948
f 508//947 4811//948 4712//664
f 506//941 503//946 509//950
f 4804//925 506//941 4805//928
f 509//950 505//949 4710//658
f 4805//928 509//950 7506//662
f 511//954 510//951 514//953
f 4714//670 511//954 4715//671
f 514//953 513//952 4806//937
f 4715//671 514//953 7507//672
f 512//956 510//951 515//955
f 4813//959 512//956 4812//957
f 511//954 4714//670 515//955
f 515//955 4713//680 4812//957
f 510//951 512//956 513//952
f 513//952 516//958 4807//939
f 512//956 4813//959 516//958
f 516//958 4814//960 4808//940
f 517//966 520//961 518//963
f 518//963 521//962 4816//965
f 520//961 4810//945 521//962
f 521//962 4809//944 4815//964
f 519//969 517//966 522//967
f 519//969 522//967 4699//627
f 522//967 518//963 4817//968
f 522//967 4817//968 4700//632
f 520//961 517//966 523//970
f 4810//945 520//961 4811//948
f 523//970 519//969 4698//626
f 4811//948 523//970 7504//630
f 525//974 524//971 528//973
f 4702//638 525//974 4703//639
f 528//973 527//972 4812//957
f 4703//639 528//973 7505//640
f 526//976 524//971 529//975
f 4819//979 526//976 4818//977
f 525//974 4702//638 529//975
f 529//975 4701//648 4818//977
f 524//971 526//976 527//972
f 527//972 530//978 4813//959
f 526//976 4819//979 530//978
f 530//978 4820//980 4814//960
f 531//984 534//981 532//983
f 532//983 535//982 4774//838
f 534//981 4816//965 535//982
f 535//982 4815//964 4775//839
f 533//986 531//984 536//985
f 4684//589 533//986 4685//595
f 536//985 532//983 4773//846
f 4685//595 536//985 7500//596
f 534//981 531//984 537//987
f 4816//965 534//981 4817//968
f 537//987 533//986 4683//588
f 4817//968 537//987 7502//592
f 539//991 538//988 542//990
f 4687//602 539//991 4688//603
f 542//990 541//989 4818//977
f 4688//603 542//990 7503//604
f 540//993 538//988 543//992
f 4780//851 540//993 4781//852
f 543//992 539//991 4686//614
f 4781//852 543//992 7501//616
f 538//988 540//993 541//989
f 541//989 544//994 4819//979
f 540//993 4780//851 544//994
f 544//994 4779//857 4820//980
f 545//1003 549//995 546//997
f 546//997 550//996 4825//999
f 549//995 4822//1000 550//996
f 550//996 4823//1001 4824//998
f 547//1005 545//1003 551//1004
f 4828//1013 547//1005 4827//1006
f 551//1004 546//997 4826//1007
f 4827//1006 551//1004 7625//1008
f 545//1003 547//1005 548//1010
f 548//1010 552//1009 4831//1012
f 547//1005 4828//1013 552//1009
f 552//1009 4829//1014 4830//1011
f 549//995 545//1003 553//1016
f 4822//1000 549//995 4821//1017
f 553//1016 548//1010 4832//1018
f 4821//1017 553//1016 7542//1019
f 554//1025 558//1020 555//1022
f 555//1022 559//1021 4834//1024
f 558//1020 4831//1012 559//1021
f 559//1021 4830//1011 4833//1023
f 556//1027 554//1025 560//1026
f 4837//1035 556//1027 4836//1028
f 560//1026 555//1022 4835//1029
f 4836//1028 560//1026 7626//1030
f 554//1025 556//1027 557//1032
f 557//1032 561//1031 4840//1034
f 556//1027 4837//1035 561//1031
f 561//1031 4838//1036 4839//1033
f 558//1020 554//1025 562//1038
f 4831//1012 558//1020 4832//1018
f 562//1038 557//1032 4841//1039
f 4832//1018 562//1038 7542//1019
f 563//1048 567//1040 564//1042
f 564//1042 568//1041 4846//1044
f 567//1040 4843//1045 568//1041
f 568//1041 4844//1046 4845//1043
f 565//1050 563//1048 569//1049
f 4849//1056 565//1050 4848//1051
f 569//1049 564//1042 4847//1052
f 4848//1051 569//1049 7623//1053
f 563//1048 565//1050 566//1055
f 566//1055 570//1054 4825//999
f 565//1050 4849//1056 570//1054
f 570//1054 4850//1057 4826//1007
f 567//1040 563//1048 571//1058
f 4843//1045 567//1040 4842//1059
f 571//1058 566//1055 4824//998
f 4842//1059 571//1058 7540//1002
f 572//1065 576//1060 573//1062
f 573//1062 577//1061 4852//1064
f 576//1060 4837//1035 577//1061
f 577//1061 4836//1028 4851//1063
f 574//1067 572//1065 578//1066
f 4855//1075 574//1067 4854//1068
f 578//1066 573//1062 4853//1069
f 4854//1068 578//1066 7624//1070
f 572//1065 574//1067 575//1072
f 575//1072 579//1071 4858//1074
f 574//1067 4855//1075 579//1071
f 579//1071 4856//1076 4857//1073
f 576//1060 572//1065 580//1078
f 4837//1035 576//1060 4838//1036
f 580//1078 575//1072 4859//1079
f 4838//1036 580//1078 7541//1037
f 582//1083 581//1080 586//1082
f 4864//1092 582//1083 4863//1084
f 585//1081 4861//1085 586//1082
f 586//1082 4862//1086 4863//1084
f 581//1080 582//1083 583//1089
f 583//1089 587//1088 4867//1091
f 582//1083 4864//1092 587//1088
f 587//1088 4865//1093 4866//1090
f 584//1097 581//1080 588//1095
f 584//1097 588//1095 4846//1044
f 588//1095 583//1089 4868//1096
f 588//1095 4868//1096 4847//1052
f 585//1081 581//1080 589//1098
f 4861//1085 585//1081 4860//1099
f 589//1098 584//1097 4845//1043
f 4860//1099 589//1098 7538//1047
f 591//1103 590//1100 595//1102
f 4870//1109 591//1103 4869//1104
f 594//1101 4855//1075 595//1102
f 595//1102 4854//1068 4869//1104
f 590//1100 591//1103 592//1106
f 592//1106 596//1105 4873//1108
f 591//1103 4870//1109 596//1105
f 596//1105 4871//1110 4872//1107
f 593//1117 590//1100 597//1112
f 593//1117 597//1112 4876//1114
f 597//1112 592//1106 4874//1115
f 597//1112 4874//1115 4875//1113
f 594//1101 590//1100 598//1118
f 4855//1075 594//1101 4856//1076
f 598//1118 593//1117 4877//1119
f 4856//1076 598//1118 7539//1077
f 600//1128 599//1120 604//1122
f 600//1128 604//1122 4882//1124
f 603//1121 4879//1125 604//1122
f 604//1122 4880//1126 4881//1123
f 599//1120 600//1128 601//1130
f 601//1130 605//1129 4885//1132
f 600//1128 4882//1124 605//1129
f 605//1129 4883//1133 4884//1131
f 602//1136 599//1120 606//1135
f 4864//1092 602//1136 4865//1093
f 606//1135 601//1130 4886//1137
f 4865//1093 606//1135 7621//1094
f 599//1120 602//1136 603//1121
f 4879//1125 603//1121 4878//1139
f 602//1136 4864//1092 607//1138
f 4878//1139 607//1138 7536//1087
f 609//1143 608//1140 613//1142
f 4888//1149 609//1143 4887//1144
f 613//1142 612//1141 4872//1107
f 4887//1144 613//1142 7622//1111
f 608//1140 609//1143 610//1146
f 610//1146 614//1145 4891//1148
f 609//1143 4888//1149 614//1145
f 614//1145 4889//1150 4890//1147
f 611//1157 608//1140 615//1152
f 611//1157 615//1152 4894//1154
f 610//1146 4891//1148 615//1152
f 615//1152 4892//1155 4893//1153
f 608//1140 611//1157 612//1141
f 612//1141 616//1158 4873//1108
f 616//1158 611//1157 4895//1159
f 4874//1115 616//1158 7537//1116
f 617//1174 621//1160 618//1162
f 618//1162 622//1161 4900//1164
f 621//1160 4897//1165 622//1161
f 622//1161 4898//1166 4899//1163
f 617//1174 618//1162 619//1169
f 619//1169 623//1168 4903//1171
f 618//1162 4900//1164 623//1168
f 623//1168 4901//1172 4902//1170
f 620//1176 617//1174 624//1175
f 4882//1124 620//1176 4883//1133
f 624//1175 619//1169 4904//1177
f 4883//1133 624//1175 7619//1134
f 621//1160 617//1174 625//1178
f 4897//1165 621//1160 4896//1179
f 625//1178 620//1176 4881//1123
f 4896//1179 625//1178 7534//1127
f 627//1183 626//1180 631//1182
f 4906//1189 627//1183 4905//1184
f 631//1182 630//1181 4890//1147
f 4905//1184 631//1182 7620//1151
f 626//1180 627//1183 628//1186
f 628//1186 632//1185 4909//1188
f 627//1183 4906//1189 632//1185
f 632//1185 4907//1190 4908//1187
f 626//1180 628//1186 629//1193
f 629//1193 633//1192 4912//1195
f 628//1186 4909//1188 633//1192
f 633//1192 4910//1196 4911//1194
f 630//1181 626//1180 634//1198
f 4891//1148 630//1181 4892//1155
f 634//1198 629//1193 4913//1199
f 4892//1155 634//1198 7535//1156
f 636//1203 635//1200 640//1202
f 4918//1212 636//1203 4917//1204
f 640//1202 639//1201 4916//1206
f 4917//1204 640//1202 7530//1207
f 635//1200 636//1203 637//1209
f 637//1209 641//1208 4921//1211
f 636//1203 4918//1212 641//1208
f 641//1208 4919//1213 4920//1210
f 638//1216 635//1200 642//1215
f 4924//1222 638//1216 4923//1217
f 642//1215 637//1209 4922//1218
f 4923//1217 642//1215 7597//1219
f 635//1200 638//1216 639//1201
f 639//1201 643//1220 4915//1205
f 638//1216 4924//1222 643//1220
f 643//1220 4925//1223 4914//1221
f 645//1228 644//1225 649//1227
f 4930//1237 645//1228 4929//1229
f 649//1227 648//1226 4928//1231
f 4929//1229 649//1227 7598//1232
f 644//1225 645//1228 646//1234
f 646//1234 650//1233 4933//1236
f 645//1228 4930//1237 650//1233
f 650//1233 4931//1238 4932//1235
f 647//1241 644//1225 651//1240
f 4936//1247 647//1241 4935//1242
f 651//1240 646//1234 4934//1243
f 4935//1242 651//1240 7531//1244
f 644//1225 647//1241 648//1226
f 648//1226 652//1245 4927//1230
f 647//1241 4936//1247 652//1245
f 652//1245 4937//1248 4926//1246
f 654//1253 653//1250 658//1252
f 4939//1259 654//1253 4938//1254
f 658//1252 657//1251 4920//1210
f 4938//1254 658//1252 7543//1214
f 653//1250 654//1253 655//1256
f 655//1256 659//1255 4942//1258
f 654//1253 4939//1259 659//1255
f 4941//1257 659//1255 7545//1261
f 656//1263 653//1250 660//1262
f 4945//1268 656//1263 4944//1264
f 660//1262 655//1256 4943//1265
f 4944//1264 660//1262 7599//1266
f 653//1250 656//1263 657//1251
f 657//1251 661//1267 4921//1211
f 656//1263 4945//1268 661//1267
f 661//1267 4946//1269 4922//1218
f 663//1273 662//1270 667//1272
f 4951//1282 663//1273 4950//1274
f 667//1272 666//1271 4949//1276
f 4950//1274 667//1272 7600//1277
f 662//1270 663//1273 664//1279
f 664//1279 668//1278 4954//1281
f 663//1273 4951//1282 668//1278
f 4953//1280 668//1278 7546//1284
f 665//1286 662//1270 669//1285
f 4930//1237 665//1286 4931//1238
f 669//1285 664//1279 4955//1287
f 4931//1238 669//1285 7544//1239
f 662//1270 665//1286 666//1271
f 666//1271 670//1288 4948//1275
f 665//1286 4930//1237 670//1288
f 670//1288 4929//1229 4947//1289
f 672//1293 671//1290 676//1292
f 4957//1298 672//1293 4956//1294
f 676//1292 675//1291 4941//1257
f 4956//1294 676//1292 7545//1261
f 671//1290 672//1293 673//1296
f 4960//1304 673//1296 4959//1297
f 672//1293 4957//1298 677//1295
f 4959//1297 677//1295 7547//1300
f 674//1302 671//1290 678//1301
f 4963//1308 674//1302 4962//1303
f 678//1301 673//1296 4961//1305
f 4962//1303 678//1301 7601//1306
f 671//1290 674//1302 675//1291
f 675//1291 679//1307 4942//1258
f 674//1302 4963//1308 679//1307
f 679//1307 4964//1309 4943//1265
f 681//1313 680//1310 685//1312
f 4969//1322 681//1313 4968//1314
f 685//1312 684//1311 4967//1316
f 4968//1314 685//1312 7602//1317
f 680//1310 681//1313 682//1319
f 682//1319 686//1318 4972//1321
f 686//1318 681//1313 4970//1323
f 4971//1320 686//1318 7548//1324
f 683//1326 680//1310 687//1325
f 4951//1282 683//1326 4952//1283
f 687//1325 682//1319 4973//1327
f 4952//1283 687//1325 7546//1284
f 680//1310 683//1326 684//1311
f 684//1311 688//1328 4966//1315
f 683//1326 4951//1282 688//1328
f 688//1328 4950//1274 4965//1329
f 689//1335 693//1330 690//1332
f 690//1332 694//1331 4975//1334
f 693//1330 4960//1304 694//1331
f 694//1331 4959//1297 4974//1333
f 691//1337 689//1335 695//1336
f 4978//1344 691//1337 4977//1338
f 695//1336 690//1332 4976//1339
f 4977//1338 695//1336 7549//1340
f 689//1335 691//1337 692//1342
f 4981//1348 692//1342 4980//1343
f 691//1337 4978//1344 696//1341
f 4980//1343 696//1341 7603//1346
f 693//1330 689//1335 697//1347
f 4960//1304 693//1330 4961//1305
f 692//1342 4981//1348 697//1347
f 697//1347 4982//1349 4961//1305
f 698//1358 702//1350 699//1352
f 699//1352 703//1351 4987//1354
f 703//1351 702//1350 4985//1356
f 4986//1353 703//1351 7604//1357
f 700//1360 698//1358 704//1359
f 4990//1366 700//1360 4989//1361
f 704//1359 699//1352 4988//1362
f 4989//1361 704//1359 7550//1363
f 698//1358 700//1360 701//1365
f 701//1365 705//1364 4969//1322
f 700//1360 4990//1366 705//1364
f 705//1364 4991//1367 4970//1323
f 702//1350 698//1358 706//1368
f 702//1350 706//1368 4984//1355
f 706//1368 701//1365 4968//1314
f 706//1368 4968//1314 4983//1369
f 707//1375 711//1370 708//1372
f 708//1372 712//1371 4993//1374
f 711//1370 4978//1344 712//1371
f 712//1371 4977//1338 4992//1373
f 709//1377 707//1375 713//1376
f 4996//1385 709//1377 4995//1378
f 713//1376 708//1372 4994//1379
f 4995//1378 713//1376 7551//1380
f 707//1375 709//1377 710//1382
f 710//1382 714//1381 4999//1384
f 709//1377 4996//1385 714//1381
f 714//1381 4997//1386 4998//1383
f 711//1370 707//1375 715//1388
f 4978//1344 711//1370 4979//1345
f 715//1388 710//1382 5000//1389
f 4979//1345 715//1388 7603//1346
f 716//1398 720//1390 717//1392
f 717//1392 721//1391 5005//1394
f 720//1390 5002//1395 721//1391
f 721//1391 5003//1396 5004//1393
f 718//1400 716//1398 722//1399
f 5008//1406 718//1400 5007//1401
f 722//1399 717//1392 5006//1402
f 5007//1401 722//1399 7552//1403
f 716//1398 718//1400 719//1405
f 719//1405 723//1404 4987//1354
f 718//1400 5008//1406 723//1404
f 723//1404 5009//1407 4988//1362
f 720//1390 716//1398 724//1408
f 5002//1395 720//1390 5001//1409
f 724//1408 719//1405 4986//1353
f 5001//1409 724//1408 7604//1357
f 725//1415 729//1410 726//1412
f 726//1412 730//1411 5011//1414
f 729//1410 4996//1385 730//1411
f 730//1411 4995//1378 5010//1413
f 727//1417 725//1415 731//1416
f 5014//1425 727//1417 5013//1418
f 731//1416 726//1412 5012//1419
f 5013//1418 731//1416 7553//1420
f 725//1415 727//1417 728//1422
f 728//1422 732//1421 5017//1424
f 727//1417 5014//1425 732//1421
f 732//1421 5015//1426 5016//1423
f 729//1410 725//1415 733//1428
f 4996//1385 729//1410 4997//1386
f 733//1428 728//1422 5018//1429
f 4997//1386 733//1428 7605//1387
f 734//1438 738//1430 735//1432
f 735//1432 739//1431 5023//1434
f 738//1430 5020//1435 739//1431
f 739//1431 5021//1436 5022//1433
f 736//1440 734//1438 740//1439
f 5026//1446 736//1440 5025//1441
f 740//1439 735//1432 5024//1442
f 5025//1441 740//1439 7554//1443
f 734//1438 736//1440 737//1445
f 737//1445 741//1444 5005//1394
f 736//1440 5026//1446 741//1444
f 741//1444 5027//1447 5006//1402
f 738//1430 734//1438 742//1448
f 5020//1435 738//1430 5019//1449
f 742//1448 737//1445 5004//1393
f 5019//1449 742//1448 7606//1397
f 743//1455 747//1450 744//1452
f 744//1452 748//1451 5029//1454
f 747//1450 5014//1425 748//1451
f 748//1451 5013//1418 5028//1453
f 745//1461 743//1455 749//1456
f 745//1461 749//1456 5032//1458
f 749//1456 744//1452 5030//1459
f 5031//1457 749//1456 7555//1460
f 746//1463 743//1455 750//1462
f 5035//1468 746//1463 5034//1464
f 750//1462 745//1461 5033//1465
f 5034//1464 750//1462 7609//1466
f 743//1455 746//1463 747//1450
f 5014//1425 747//1450 5015//1426
f 746//1463 5035//1468 751//1467
f 751//1467 5036//1469 5015//1426
f 753//1473 752//1470 757//1472
f 5041//1481 753//1473 5040//1474
f 757//1472 756//1471 5039//1476
f 5040//1474 757//1472 7610//1477
f 754//1479 752//1470 758//1478
f 5044//1486 754//1479 5043//1480
f 753//1473 5041//1481 758//1478
f 5043//1480 758//1478 7556//1483
f 752//1470 754//1479 755//1485
f 755//1485 759//1484 5023//1434
f 754//1479 5044//1486 759//1484
f 759//1484 5045//1487 5024//1442
f 752//1470 755//1485 756//1471
f 756//1471 760//1488 5038//1475
f 760//1488 755//1485 5022//1433
f 760//1488 5022//1433 5037//1489
f 761//1495 765//1490 762//1492
f 762//1492 766//1491 5047//1494
f 765//1490 5032//1458 766//1491
f 766//1491 5031//1457 5046//1493
f 763//1497 761//1495 767//1496
f 5050//1505 763//1497 5049//1498
f 767//1496 762//1492 5048//1499
f 5049//1498 767//1496 7557//1500
f 761//1495 763//1497 764//1502
f 764//1502 768//1501 5053//1504
f 763//1497 5050//1505 768//1501
f 768//1501 5051//1506 5052//1503
f 765//1490 761//1495 769//1508
f 765//1490 769//1508 5032//1458
f 764//1502 5053//1504 769//1508
f 769//1508 5054//1509 5033//1465
f 770//1518 774//1510 771//1512
f 771//1512 775//1511 5059//1514
f 774//1510 5056//1515 775//1511
f 775//1511 5057//1516 5058//1513
f 772//1520 770//1518 776//1519
f 5062//1526 772//1520 5061//1521
f 776//1519 771//1512 5060//1522
f 5061//1521 776//1519 7558//1523
f 770//1518 772//1520 773//1525
f 773//1525 777//1524 5041//1481
f 772//1520 5062//1526 777//1524
f 777//1524 5063//1527 5042//1482
f 774//1510 770//1518 778//1528
f 774//1510 778//1528 5056//1515
f 773//1525 5041//1481 778//1528
f 778//1528 5040//1474 5055//1529
f 779//1535 783//1530 780//1532
f 780//1532 784//1531 5065//1534
f 783//1530 5050//1505 784//1531
f 784//1531 5049//1498 5064//1533
f 781//1537 779//1535 785//1536
f 5068//1545 781//1537 5067//1538
f 785//1536 780//1532 5066//1539
f 5067//1538 785//1536 7559//1540
f 779//1535 781//1537 782//1542
f 782//1542 786//1541 5071//1544
f 781//1537 5068//1545 786//1541
f 786//1541 5069//1546 5070//1543
f 783//1530 779//1535 787//1548
f 5050//1505 783//1530 5051//1506
f 787//1548 782//1542 5072//1549
f 5051//1506 787//1548 7611//1507
f 788//1558 792//1550 789//1552
f 789//1552 793//1551 5077//1554
f 792//1550 5074//1555 793//1551
f 793//1551 5075//1556 5076//1553
f 790//1560 788//1558 794//1559
f 5080//1566 790//1560 5079//1561
f 794//1559 789//1552 5078//1562
f 5079//1561 794//1559 7560//1563
f 788//1558 790//1560 791//1565
f 791//1565 795//1564 5059//1514
f 790//1560 5080//1566 795//1564
f 795//1564 5081//1567 5060//1522
f 792//1550 788//1558 796//1568
f 5074//1555 792//1550 5073//1569
f 796//1568 791//1565 5058//1513
f 5073//1569 796//1568 7612//1517
f 797//1575 801//1570 798//1572
f 798//1572 802//1571 5083//1574
f 801//1570 5068//1545 802//1571
f 802//1571 5067//1538 5082//1573
f 799//1577 797//1575 803//1576
f 5086//1585 799//1577 5085//1578
f 803//1576 798//1572 5084//1579
f 5085//1578 803//1576 7518//1580
f 797//1575 799//1577 800//1582
f 800//1582 804//1581 5089//1584
f 799//1577 5086//1585 804//1581
f 804//1581 5087//1586 5088//1583
f 801//1570 797//1575 805//1588
f 5068//1545 801//1570 5069//1546
f 805//1588 800//1582 5090//1589
f 5069//1546 805//1588 7613//1547
f 806//1595 810//1590 807//1592
f 807//1592 811//1591 5086//1585
f 810//1590 5092//1593 811//1591
f 811//1591 5093//1594 5087//1586
f 808//1597 806//1595 812//1596
f 5095//1601 808//1597 5094//1598
f 812//1596 807//1592 5085//1578
f 5094//1598 812//1596 7518//1580
f 806//1595 808//1597 809//1600
f 809//1600 813//1599 5077//1554
f 808//1597 5095//1601 813//1599
f 813//1599 5096//1602 5078//1562
f 810//1590 806//1595 814//1603
f 5092//1593 810//1590 5091//1604
f 814//1603 809//1600 5076//1553
f 5091//1604 814//1603 7614//1557
f 815//1613 819//1605 816//1607
f 816//1607 820//1606 5101//1609
f 819//1605 5098//1610 820//1606
f 5100//1608 820//1606 7561//1612
f 817//1615 815//1613 821//1614
f 5104//1621 817//1615 5103//1616
f 821//1614 816//1607 5102//1617
f 5103//1616 821//1614 7579//1618
f 815//1613 817//1615 818//1620
f 818//1620 822//1619 5071//1544
f 817//1615 5104//1621 822//1619
f 822//1619 5105//1622 5072//1549
f 819//1605 815//1613 823//1623
f 5098//1610 819//1605 5097//1624
f 823//1623 818//1620 5070//1543
f 5097//1624 823//1623 7613//1547
f 824//1630 828//1625 825//1627
f 825//1627 829//1626 5107//1629
f 828//1625 5074//1555 829//1626
f 829//1626 5073//1569 5106//1628
f 826//1632 824//1630 830//1631
f 5110//1640 826//1632 5109//1633
f 830//1631 825//1627 5108//1634
f 5109//1633 830//1631 7580//1635
f 824//1630 826//1632 827//1637
f 827//1637 831//1636 5113//1639
f 826//1632 5110//1640 831//1636
f 5112//1638 831//1636 7562//1642
f 828//1625 824//1630 832//1643
f 5074//1555 828//1625 5075//1556
f 832//1643 827//1637 5114//1644
f 5075//1556 832//1643 7614//1557
f 834//1648 833//1645 838//1647
f 5116//1654 834//1648 5115//1649
f 837//1646 5104//1621 838//1647
f 838//1647 5103//1616 5115//1649
f 833//1645 834//1648 835//1651
f 835//1651 839//1650 5119//1653
f 834//1648 5116//1654 839//1650
f 839//1650 5117//1655 5118//1652
f 836//1658 833//1645 840//1657
f 5053//1504 836//1658 5054//1509
f 840//1657 835//1651 5120//1659
f 5054//1509 840//1657 7609//1466
f 837//1646 833//1645 841//1660
f 5104//1621 837//1646 5105//1622
f 841//1660 836//1658 5052//1503
f 5105//1622 841//1660 7611//1507
f 843//1664 842//1661 847//1663
f 5122//1670 843//1664 5121//1665
f 847//1663 846//1662 5055//1529
f 5121//1665 847//1663 7610//1477
f 842//1661 843//1664 844//1667
f 844//1667 848//1666 5125//1669
f 843//1664 5122//1670 848//1666
f 848//1666 5123//1671 5124//1668
f 845//1675 842//1661 849//1673
f 845//1675 849//1673 5107//1629
f 849//1673 844//1667 5126//1674
f 849//1673 5126//1674 5108//1634
f 846//1662 842//1661 850//1676
f 5056//1515 846//1662 5057//1516
f 850//1676 845//1675 5106//1628
f 5057//1516 850//1676 7612//1517
f 851//1685 855//1677 852//1679
f 852//1679 856//1678 5131//1681
f 855//1677 5128//1682 856//1678
f 856//1678 5129//1683 5130//1680
f 853//1687 851//1685 857//1686
f 5035//1468 853//1687 5036//1469
f 857//1686 852//1679 5132//1688
f 5036//1469 857//1686 7607//1427
f 851//1685 853//1687 854//1690
f 854//1690 858//1689 5119//1653
f 853//1687 5035//1468 858//1689
f 858//1689 5034//1464 5120//1659
f 855//1677 851//1685 859//1691
f 5128//1682 855//1677 5127//1692
f 859//1691 854//1690 5118//1652
f 5127//1692 859//1691 7630//1656
f 860//1696 864//1693 861//1695
f 861//1695 865//1694 5038//1475
f 864//1693 5122//1670 865//1694
f 865//1694 5121//1665 5039//1476
f 862//1698 860//1696 866//1697
f 5134//1704 862//1698 5133//1699
f 866//1697 861//1695 5037//1489
f 5133//1699 866//1697 7608//1437
f 860//1696 862//1698 863//1701
f 863//1701 867//1700 5137//1703
f 862//1698 5134//1704 867//1700
f 867//1700 5135//1705 5136//1702
f 864//1693 860//1696 868//1707
f 5122//1670 864//1693 5123//1671
f 868//1707 863//1701 5138//1708
f 5123//1671 868//1707 7631//1672
f 870//1712 869//1709 874//1711
f 5143//1719 870//1712 5142//1713
f 874//1711 873//1710 5141//1715
f 5142//1713 874//1711 7575//1716
f 869//1709 870//1712 871//1718
f 871//1718 875//1717 5017//1424
f 870//1712 5143//1719 875//1717
f 875//1717 5144//1720 5018//1429
f 869//1709 871//1718 872//1722
f 872//1722 876//1721 5131//1681
f 871//1718 5017//1424 876//1721
f 876//1721 5016//1423 5132//1688
f 873//1710 869//1709 877//1723
f 5140//1714 873//1710 5139//1724
f 877//1723 872//1722 5130//1680
f 5139//1724 877//1723 7577//1684
f 878//1732 882//1725 879//1727
f 879//1727 883//1726 5020//1435
f 882//1725 5134//1704 883//1726
f 883//1726 5133//1699 5021//1436
f 878//1732 879//1727 880//1729
f 880//1729 884//1728 5146//1731
f 879//1727 5020//1435 884//1728
f 884//1728 5019//1449 5145//1730
f 881//1734 878//1732 885//1733
f 5149//1739 881//1734 5148//1735
f 885//1733 880//1729 5147//1736
f 5148//1735 885//1733 7576//1737
f 882//1725 878//1732 886//1738
f 5134//1704 882//1725 5135//1705
f 886//1738 881//1734 5150//1740
f 5135//1705 886//1738 7578//1706
f 887//1749 891//1741 888//1743
f 888//1743 892//1742 5155//1745
f 891//1741 5152//1746 892//1742
f 892//1742 5153//1747 5154//1744
f 889//1752 887//1749 893//1750
f 889//1752 893//1750 4999//1384
f 893//1750 888//1743 5156//1751
f 5000//1389 893//1750 7603//1346
f 890//1754 887//1749 894//1753
f 5143//1719 890//1754 5144//1720
f 894//1753 889//1752 4998//1383
f 5144//1720 894//1753 7605//1387
f 887//1749 890//1754 891//1741
f 891//1741 895//1755 5152//1746
f 890//1754 5143//1719 895//1755
f 895//1755 5142//1713 5151//1756
f 897//1760 896//1757 901//1759
f 5002//1395 897//1760 5003//1396
f 901//1759 900//1758 5145//1730
f 5003//1396 901//1759 7606//1397
f 898//1762 896//1757 902//1761
f 5158//1768 898//1762 5157//1763
f 897//1760 5002//1395 902//1761
f 5157//1763 902//1761 7604//1357
f 896//1757 898//1762 899//1765
f 899//1765 903//1764 5161//1767
f 898//1762 5158//1768 903//1764
f 903//1764 5159//1769 5160//1766
f 896//1757 899//1765 900//1758
f 900//1758 904//1771 5146//1731
f 899//1765 5161//1767 904//1771
f 904//1771 5162//1772 5147//1736
f 905//1781 909//1773 906//1775
f 906//1775 910//1774 5167//1777
f 909//1773 5164//1778 910//1774
f 910//1774 5165//1779 5166//1776
f 907//1783 905//1781 911//1782
f 4981//1348 907//1783 4982//1349
f 911//1782 906//1775 5168//1784
f 4982//1349 911//1782 7601//1306
f 905//1781 907//1783 908//1786
f 908//1786 912//1785 5155//1745
f 907//1783 4981//1348 912//1785
f 912//1785 4980//1343 5156//1751
f 909//1773 905//1781 913//1787
f 5164//1778 909//1773 5163//1788
f 913//1787 908//1786 5154//1744
f 5163//1788 913//1787 7573//1748
f 914//1792 918//1789 915//1791
f 915//1791 919//1790 4984//1355
f 918//1789 5158//1768 919//1790
f 919//1790 5157//1763 4985//1356
f 916//1794 914//1792 920//1793
f 5170//1800 916//1794 5169//1795
f 920//1793 915//1791 4983//1369
f 5169//1795 920//1793 7602//1317
f 914//1792 916//1794 917//1797
f 917//1797 921//1796 5173//1799
f 916//1794 5170//1800 921//1796
f 921//1796 5171//1801 5172//1798
f 918//1789 914//1792 922//1803
f 5158//1768 918//1789 5159//1769
f 922//1803 917//1797 5174//1804
f 5159//1769 922//1803 7574//1770
f 923//1813 927//1805 924//1807
f 924//1807 928//1806 5179//1809
f 927//1805 5176//1810 928//1806
f 928//1806 5177//1811 5178//1808
f 925//1815 923//1813 929//1814
f 4963//1308 925//1815 4964//1309
f 929//1814 924//1807 5180//1816
f 4964//1309 929//1814 7599//1266
f 923//1813 925//1815 926//1818
f 926//1818 930//1817 5167//1777
f 925//1815 4963//1308 930//1817
f 930//1817 4962//1303 5168//1784
f 927//1805 923//1813 931//1819
f 5176//1810 927//1805 5175//1820
f 931//1819 926//1818 5166//1776
f 5175//1820 931//1819 7571//1780
f 932//1824 936//1821 933//1823
f 933//1823 937//1822 4966//1315
f 936//1821 5170//1800 937//1822
f 937//1822 5169//1795 4967//1316
f 934//1826 932//1824 938//1825
f 5182//1832 934//1826 5181//1827
f 938//1825 933//1823 4965//1329
f 5181//1827 938//1825 7600//1277
f 932//1824 934//1826 935//1829
f 935//1829 939//1828 5185//1831
f 934//1826 5182//1832 939//1828
f 939//1828 5183//1833 5184//1830
f 936//1821 932//1824 940//1835
f 5170//1800 936//1821 5171//1801
f 940//1835 935//1829 5186//1836
f 5171//1801 940//1835 7572//1802
f 941//1845 945//1837 942//1839
f 942//1839 946//1838 5191//1841
f 945//1837 5188//1842 946//1838
f 946//1838 5189//1843 5190//1840
f 943//1847 941//1845 947//1846
f 4945//1268 943//1847 4946//1269
f 947//1846 942//1839 5192//1848
f 4946//1269 947//1846 7597//1219
f 941//1845 943//1847 944//1850
f 944//1850 948//1849 5179//1809
f 943//1847 4945//1268 948//1849
f 948//1849 4944//1264 5180//1816
f 945//1837 941//1845 949//1851
f 5188//1842 945//1837 5187//1852
f 949//1851 944//1850 5178//1808
f 5187//1852 949//1851 7569//1812
f 950//1856 954//1853 951//1855
f 951//1855 955//1854 4948//1275
f 954//1853 5182//1832 955//1854
f 955//1854 5181//1827 4949//1276
f 952//1858 950//1856 956//1857
f 5194//1864 952//1858 5193//1859
f 956//1857 951//1855 4947//1289
f 5193//1859 956//1857 7598//1232
f 950//1856 952//1858 953//1861
f 953//1861 957//1860 5197//1863
f 952//1858 5194//1864 957//1860
f 957//1860 5195//1865 5196//1862
f 954//1853 950//1856 958//1867
f 5182//1832 954//1853 5183//1833
f 958//1867 953//1861 5198//1868
f 5183//1833 958//1867 7570//1834
f 960//1872 959//1869 964//1871
f 5203//1879 960//1872 5202//1873
f 964//1871 963//1870 5201//1875
f 5202//1873 964//1871 7565//1876
f 959//1869 960//1872 961//1878
f 4924//1222 961//1878 4925//1223
f 960//1872 5203//1879 965//1877
f 965//1877 5204//1880 4925//1223
f 959//1869 961//1878 962//1882
f 962//1882 966//1881 5191//1841
f 961//1878 4924//1222 966//1881
f 966//1881 4923//1217 5192//1848
f 963//1870 959//1869 967//1883
f 5200//1874 963//1870 5199//1884
f 967//1883 962//1882 5190//1840
f 5199//1884 967//1883 7567//1844
f 968//1892 972//1885 969//1887
f 969//1887 973//1886 4927//1230
f 972//1885 5194//1864 973//1886
f 973//1886 5193//1859 4928//1231
f 968//1892 969//1887 970//1889
f 970//1889 974//1888 5206//1891
f 974//1888 969//1887 4926//1246
f 974//1888 4926//1246 5205//1890
f 971//1894 968//1892 975//1893
f 5209//1899 971//1894 5208//1895
f 975//1893 970//1889 5207//1896
f 5208//1895 975//1893 7566//1897
f 972//1885 968//1892 976//1898
f 5194//1864 972//1885 5195//1865
f 976//1898 971//1894 5210//1900
f 5195//1865 976//1898 7568//1866
f 978//1904 977//1901 982//1903
f 5212//1910 978//1904 5211//1905
f 981//1902 5203//1879 982//1903
f 982//1903 5202//1873 5211//1905
f 977//1901 978//1904 979//1907
f 979//1907 983//1906 5215//1909
f 978//1904 5212//1910 983//1906
f 983//1906 5213//1911 5214//1908
f 980//1914 977//1901 984//1913
f 5218//1919 980//1914 5217//1915
f 984//1913 979//1907 5216//1916
f 984//1913 5216//1916 5217//1915
f 977//1901 980//1914 981//1902
f 981//1902 985//1918 5203//1879
f 980//1914 5218//1919 985//1918
f 985//1918 5219//1920 5204//1880
f 987//1924 986//1921 991//1923
f 5224//1932 987//1924 5223//1925
f 991//1923 990//1922 5222//1927
f 991//1923 5222//1927 5223//1925
f 986//1921 987//1924 988//1929
f 988//1929 992//1928 5227//1931
f 987//1924 5224//1932 992//1928
f 992//1928 5225//1933 5226//1930
f 989//1937 986//1921 993//1935
f 989//1937 993//1935 5206//1891
f 993//1935 988//1929 5228//1936
f 993//1935 5228//1936 5207//1896
f 986//1921 989//1937 990//1922
f 990//1922 994//1938 5221//1926
f 989//1937 5206//1891 994//1938
f 994//1938 5205//1890 5220//1939
f 995//1945 999//1940 996//1942
f 996//1942 1000//1941 5098//1610
f 999//1940 5230//1943 1000//1941
f 1000//1941 5231//1944 5099//1611
f 997//1947 995//1945 1001//1946
f 5089//1584 997//1947 5090//1589
f 1001//1946 996//1942 5097//1624
f 1001//1946 5097//1624 5090//1589
f 995//1945 997//1947 998//1949
f 998//1949 1002//1948 5233//1951
f 997//1947 5089//1584 1002//1948
f 1002//1948 5088//1583 5232//1950
f 999//1940 995//1945 1003//1952
f 5230//1943 999//1940 5229//1953
f 1003//1952 998//1949 5234//1954
f 1003//1952 5234//1954 5229//1953
f 1004//1961 1008//1956 1005//1958
f 1005//1958 1009//1957 5092//1593
f 1008//1956 5236//1959 1009//1957
f 1009//1957 5237//1960 5093//1594
f 1006//1963 1004//1961 1010//1962
f 5113//1639 1006//1963 5114//1644
f 1010//1962 1005//1958 5091//1604
f 1010//1962 5091//1604 5114//1644
f 1004//1961 1006//1963 1007//1965
f 1007//1965 1011//1964 5239//1967
f 1006//1963 5113//1639 1011//1964
f 1011//1964 5112//1638 5238//1966
f 1008//1956 1004//1961 1012//1968
f 5236//1959 1008//1956 5235//1969
f 1012//1968 1007//1965 5240//1970
f 1012//1968 5240//1970 5235//1969
f 1014//1975 1013//1972 1018//1974
f 5233//1951 1014//1975 5234//1954
f 1018//1974 1017//1973 5243//1977
f 5234//1954 1018//1974 7563//1955
f 1013//1972 1014//1975 1015//1979
f 1015//1979 1019//1978 5245//1981
f 1014//1975 5233//1951 1019//1978
f 1019//1978 5232//1950 5244//1980
f 1016//1983 1013//1972 1020//1982
f 5248//1989 1016//1983 5247//1984
f 1020//1982 1015//1979 5246//1985
f 5247//1984 1020//1982 7629//1986
f 1013//1972 1016//1983 1017//1973
f 1017//1973 1021//1987 5242//1976
f 1016//1983 5248//1989 1021//1987
f 1021//1987 5249//1990 5241//1988
f 1023//1995 1022//1992 1027//1994
f 5245//1981 1023//1995 5246//1985
f 1027//1994 1026//1993 5252//1997
f 5246//1985 1027//1994 7629//1986
f 1022//1992 1023//1995 1024//1999
f 1024//1999 1028//1998 5236//1959
f 1023//1995 5245//1981 1028//1998
f 1028//1998 5244//1980 5237//1960
f 1025//2001 1022//1992 1029//2000
f 5254//2005 1025//2001 5253//2002
f 1029//2000 1024//1999 5235//1969
f 5253//2002 1029//2000 7564//1971
f 1022//1992 1025//2001 1026//1993
f 1026//1993 1030//2003 5251//1996
f 1025//2001 5254//2005 1030//2003
f 1030//2003 5255//2006 5250//2004
f 1031//2013 1035//2008 1032//2010
f 1032//2010 1036//2009 5215//1909
f 1035//2008 5257//2011 1036//2009
f 1036//2009 5258//2012 5216//1916
f 1033//2015 1031//2013 1037//2014
f 5260//2019 1033//2015 5259//2016
f 1037//2014 1032//2010 5214//1908
f 5259//2016 1037//2014 7632//1912
f 1031//2013 1033//2015 1034//2018
f 5248//1989 1034//2018 5249//1990
f 1033//2015 5260//2019 1038//2017
f 5249//1990 1038//2017 7634//1991
f 1035//2008 1031//2013 1039//2021
f 5257//2011 1035//2008 5256//2022
f 1039//2021 1034//2018 5247//1984
f 5256//2022 1039//2021 7629//1986
f 1040//2028 1044//2023 1041//2025
f 1041//2025 1045//2024 5263//2027
f 1045//2024 1044//2023 5250//2004
f 5262//2026 1045//2024 7635//2007
f 1042//2030 1040//2028 1046//2029
f 5224//1932 1042//2030 5225//1933
f 1046//2029 1041//2025 5264//2031
f 5225//1933 1046//2029 7633//1934
f 1040//2028 1042//2030 1043//2033
f 1043//2033 1047//2032 5257//2011
f 1042//2030 5224//1932 1047//2032
f 1047//2032 5223//1925 5258//2012
f 1044//2023 1040//2028 1048//2034
f 5251//1996 1044//2023 5252//1997
f 1048//2034 1043//2033 5256//2022
f 5252//1997 1048//2034 7629//1986
f 1050//2038 1049//2035 1054//2037
f 5269//2047 1050//2038 5268//2039
f 1054//2037 1053//2036 5267//2041
f 5268//2039 1054//2037 7586//2042
f 1049//2035 1050//2038 1051//2044
f 1051//2044 1055//2043 5272//2046
f 1050//2038 5269//2047 1055//2043
f 1055//2043 5270//2048 5271//2045
f 1052//2051 1049//2035 1056//2050
f 4828//1013 1052//2051 4829//1014
f 1056//2050 1051//2044 5273//2052
f 4829//1014 1056//2050 7627//1015
f 1049//2035 1052//2051 1053//2036
f 1053//2036 1057//2053 5266//2040
f 1052//2051 4828//1013 1057//2053
f 1057//2053 4827//1006 5265//2054
f 1059//2058 1058//2055 1063//2057
f 5272//2046 1059//2058 5273//2052
f 1063//2057 1062//2056 4833//1023
f 5273//2052 1063//2057 7627//1015
f 1058//2055 1059//2058 1060//2060
f 1060//2060 1064//2059 5275//2062
f 1059//2058 5272//2046 1064//2059
f 1064//2059 5271//2045 5274//2061
f 1061//2064 1058//2055 1065//2063
f 5278//2069 1061//2064 5277//2065
f 1065//2063 1060//2060 5276//2066
f 5277//2065 1065//2063 7587//2067
f 1058//2055 1061//2064 1062//2056
f 1062//2056 1066//2068 4834//1024
f 1061//2064 5278//2069 1066//2068
f 1066//2068 5279//2070 4835//1029
f 1068//2074 1067//2071 1072//2073
f 5284//2081 1068//2074 5283//2075
f 1071//2072 5281//2076 1072//2073
f 1072//2073 5282//2077 5283//2075
f 1067//2071 1068//2074 1069//2080
f 1069//2080 1073//2079 5266//2040
f 1068//2074 5284//2081 1073//2079
f 1073//2079 5285//2082 5267//2041
f 1070//2084 1067//2071 1074//2083
f 4849//1056 1070//2084 4850//1057
f 1074//2083 1069//2080 5265//2054
f 4850//1057 1074//2083 7625//1008
f 1067//2071 1070//2084 1071//2072
f 1071//2072 1075//2085 5281//2076
f 1070//2084 4849//1056 1075//2085
f 1075//2085 4848//1051 5280//2086
f 1077//2090 1076//2087 1081//2089
f 5278//2069 1077//2090 5279//2070
f 1081//2089 1080//2088 4851//1063
f 5279//2070 1081//2089 7626//1030
f 1076//2087 1077//2090 1078//2092
f 1078//2092 1082//2091 5287//2094
f 1077//2090 5278//2069 1082//2091
f 1082//2091 5277//2065 5286//2093
f 1079//2100 1076//2087 1083//2095
f 1079//2100 1083//2095 5290//2097
f 1083//2095 1078//2092 5288//2098
f 1083//2095 5288//2098 5289//2096
f 1076//2087 1079//2100 1080//2088
f 1080//2088 1084//2101 4852//1064
f 1079//2100 5290//2097 1084//2101
f 1084//2101 5291//2102 4853//1069
f 1085//2111 1089//2103 1086//2105
f 1086//2105 1090//2104 5296//2107
f 1089//2103 5293//2108 1090//2104
f 1090//2104 5294//2109 5295//2106
f 1087//2113 1085//2111 1091//2112
f 5281//2076 1087//2113 5282//2077
f 1091//2112 1086//2105 5297//2114
f 5282//2077 1091//2112 7584//2078
f 1085//2111 1087//2113 1088//2116
f 1088//2116 1092//2115 4867//1091
f 1087//2113 5281//2076 1092//2115
f 1092//2115 5280//2086 4868//1096
f 1089//2103 1085//2111 1093//2117
f 5293//2108 1089//2103 5292//2118
f 1093//2117 1088//2116 4866//1090
f 5292//2118 1093//2117 7621//1094
f 1094//2122 1098//2119 1095//2121
f 1095//2121 1099//2120 5290//2097
f 1098//2119 4870//1109 1099//2120
f 1099//2120 4869//1104 5291//2102
f 1096//2124 1094//2122 1100//2123
f 5299//2130 1096//2124 5298//2125
f 1100//2123 1095//2121 5289//2096
f 5298//2125 1100//2123 7585//2099
f 1094//2122 1096//2124 1097//2127
f 1097//2127 1101//2126 5302//2129
f 1096//2124 5299//2130 1101//2126
f 1101//2126 5300//2131 5301//2128
f 1098//2119 1094//2122 1102//2133
f 4870//1109 1098//2119 4871//1110
f 1102//2133 1097//2127 5303//2134
f 4871//1110 1102//2133 7622//1111
f 1104//2138 1103//2135 1108//2137
f 5305//2144 1104//2138 5304//2139
f 1108//2137 1107//2136 4902//1170
f 5304//2139 1108//2137 7617//1173
f 1103//2135 1104//2138 1105//2141
f 1105//2141 1109//2140 5308//2143
f 1104//2138 5305//2144 1109//2140
f 1109//2140 5306//2145 5307//2142
f 1106//2148 1103//2135 1110//2147
f 5311//2153 1106//2148 5310//2149
f 1110//2147 1105//2141 5309//2150
f 5310//2149 1110//2147 7636//2151
f 1103//2135 1106//2148 1107//2136
f 1107//2136 1111//2152 4903//1171
f 1106//2148 5311//2153 1111//2152
f 1111//2152 5312//2154 4904//1177
f 1113//2158 1112//2155 1117//2157
f 5317//2167 1113//2158 5316//2159
f 1117//2157 1116//2156 5315//2161
f 5316//2159 1117//2157 7637//2162
f 1112//2155 1113//2158 1114//2164
f 1114//2164 1118//2163 5320//2166
f 1113//2158 5317//2167 1118//2163
f 1118//2163 5318//2168 5319//2165
f 1115//2171 1112//2155 1119//2170
f 4906//1189 1115//2171 4907//1190
f 1119//2170 1114//2164 5321//2172
f 4907//1190 1119//2170 7618//1191
f 1112//2155 1115//2171 1116//2156
f 1116//2156 1120//2173 5314//2160
f 1115//2171 4906//1189 1120//2173
f 1120//2173 4905//1184 5313//2174
f 1122//2178 1121//2175 1126//2177
f 5293//2108 1122//2178 5294//2109
f 1126//2177 1125//2176 5324//2180
f 5294//2109 1126//2177 7582//2110
f 1121//2175 1122//2178 1123//2182
f 1123//2182 1127//2181 4885//1132
f 1122//2178 5293//2108 1127//2181
f 1127//2181 5292//2118 4886//1137
f 1124//2184 1121//2175 1128//2183
f 5311//2153 1124//2184 5312//2154
f 1128//2183 1123//2182 4884//1131
f 5312//2154 1128//2183 7619//1134
f 1121//2175 1124//2184 1125//2176
f 1125//2176 1129//2185 5323//2179
f 1124//2184 5311//2153 1129//2185
f 1129//2185 5310//2149 5322//2186
f 1131//2190 1130//2187 1135//2189
f 4888//1149 1131//2190 4889//1150
f 1135//2189 1134//2188 5313//2174
f 4889//1150 1135//2189 7620//1151
f 1130//2187 1131//2190 1132//2192
f 1132//2192 1136//2191 5302//2129
f 1131//2190 4888//1149 1136//2191
f 1136//2191 4887//1144 5303//2134
f 1133//2194 1130//2187 1137//2193
f 5326//2197 1133//2194 5325//2195
f 1137//2193 1132//2192 5301//2128
f 5325//2195 1137//2193 7583//2132
f 1130//2187 1133//2194 1134//2188
f 1134//2188 1138//2196 5314//2160
f 1133//2194 5326//2197 1138//2196
f 1138//2196 5327//2198 5315//2161
f 1139//2207 1143//2199 1140//2201
f 1140//2201 1144//2200 5332//2203
f 1143//2199 5329//2204 1144//2200
f 1144//2200 5330//2205 5331//2202
f 1141//2209 1139//2207 1145//2208
f 5335//2217 1141//2209 5334//2210
f 1145//2208 1140//2201 5333//2211
f 5334//2210 1145//2208 7641//2212
f 1139//2207 1141//2209 1142//2214
f 1142//2214 1146//2213 5338//2216
f 1141//2209 5335//2217 1146//2213
f 1146//2213 5336//2218 5337//2215
f 1143//2199 1139//2207 1147//2220
f 5329//2204 1143//2199 5328//2221
f 1147//2220 1142//2214 5339//2222
f 1147//2220 5339//2222 5328//2221
f 1148//2228 1152//2223 1149//2225
f 1149//2225 1153//2224 5335//2217
f 1152//2223 5341//2226 1153//2224
f 1153//2224 5342//2227 5336//2218
f 1150//2230 1148//2228 1154//2229
f 5344//2236 1150//2230 5343//2231
f 1154//2229 1149//2225 5334//2210
f 5343//2231 1154//2229 7641//2212
f 1148//2228 1150//2230 1151//2233
f 1151//2233 1155//2232 5347//2235
f 1150//2230 5344//2236 1155//2232
f 1155//2232 5345//2237 5346//2234
f 1152//2223 1148//2228 1156//2239
f 5341//2226 1152//2223 5340//2240
f 1156//2239 1151//2233 5348//2241
f 1156//2239 5348//2241 5340//2240
f 1157//2247 1161//2242 1158//2244
f 1158//2244 1162//2243 5308//2143
f 1161//2242 5350//2245 1162//2243
f 1162//2243 5351//2246 5309//2150
f 1159//2249 1157//2247 1163//2248
f 5338//2216 1159//2249 5339//2222
f 1163//2248 1158//2244 5307//2142
f 5339//2222 1163//2248 7638//2146
f 1157//2247 1159//2249 1160//2251
f 1160//2251 1164//2250 5353//2253
f 1159//2249 5338//2216 1164//2250
f 1164//2250 5337//2215 5352//2252
f 1161//2242 1157//2247 1165//2254
f 5350//2245 1161//2242 5349//2255
f 1165//2254 1160//2251 5354//2256
f 5349//2255 1165//2254 7520//2257
f 1166//2261 1170//2258 1167//2260
f 1167//2260 1171//2259 5341//2226
f 1170//2258 5353//2253 1171//2259
f 1171//2259 5352//2252 5342//2227
f 1168//2263 1166//2261 1172//2262
f 5317//2167 1168//2263 5318//2168
f 1172//2262 1167//2260 5340//2240
f 5318//2168 1172//2262 7639//2169
f 1166//2261 1168//2263 1169//2265
f 1169//2265 1173//2264 5356//2267
f 1168//2263 5317//2167 1173//2264
f 1173//2264 5316//2159 5355//2266
f 1170//2258 1166//2261 1174//2268
f 5353//2253 1170//2258 5354//2256
f 1174//2268 1169//2265 5357//2269
f 5354//2256 1174//2268 7520//2257
f 1175//2278 1179//2270 1176//2272
f 1176//2272 1180//2271 5362//2274
f 1179//2270 5359//2275 1180//2271
f 1180//2271 5360//2276 5361//2273
f 1177//2281 1175//2278 1181//2279
f 1177//2281 1181//2279 5323//2179
f 1181//2279 1176//2272 5363//2280
f 5324//2180 1181//2279 7582//2110
f 1178//2283 1175//2278 1182//2282
f 5350//2245 1178//2283 5351//2246
f 1182//2282 1177//2281 5322//2186
f 5351//2246 1182//2282 7636//2151
f 1179//2270 1175//2278 1183//2284
f 5359//2275 1179//2270 5358//2285
f 1178//2283 5350//2245 1183//2284
f 5358//2285 1183//2284 7520//2257
f 1185//2289 1184//2286 1189//2288
f 5326//2197 1185//2289 5327//2198
f 1189//2288 1188//2287 5355//2266
f 5327//2198 1189//2288 7637//2162
f 1186//2291 1184//2286 1190//2290
f 5365//2295 1186//2291 5364//2292
f 1185//2289 5326//2197 1190//2290
f 5364//2292 1190//2290 7583//2132
f 1184//2286 1186//2291 1187//2294
f 1187//2294 1191//2293 5359//2275
f 1186//2291 5365//2295 1191//2293
f 1191//2293 5366//2296 5360//2276
f 1188//2287 1184//2286 1192//2297
f 1188//2287 1192//2297 5356//2267
f 1192//2297 1187//2294 5358//2285
f 5357//2269 1192//2297 7520//2257
f 1194//2301 1193//2298 1198//2300
f 5371//2310 1194//2301 5370//2302
f 1198//2300 1197//2299 5369//2304
f 5370//2302 1198//2300 7593//2305
f 1193//2298 1194//2301 1195//2307
f 1195//2307 1199//2306 5374//2309
f 1194//2301 5371//2310 1199//2306
f 1199//2306 5372//2311 5373//2308
f 1196//2314 1193//2298 1200//2313
f 5377//2320 1196//2314 5376//2315
f 1200//2313 1195//2307 5375//2316
f 5376//2315 1200//2313 7642//2317
f 1193//2298 1196//2314 1197//2299
f 1197//2299 1201//2318 5368//2303
f 1196//2314 5377//2320 1201//2318
f 1201//2318 5378//2321 5367//2319
f 1203//2325 1202//2322 1207//2324
f 5383//2334 1203//2325 5382//2326
f 1207//2324 1206//2323 5381//2328
f 5382//2326 1207//2324 7643//2329
f 1202//2322 1203//2325 1204//2331
f 1204//2331 1208//2330 5386//2333
f 1203//2325 5383//2334 1208//2330
f 1208//2330 5384//2335 5385//2332
f 1205//2338 1202//2322 1209//2337
f 5389//2344 1205//2338 5388//2339
f 1209//2337 1204//2331 5387//2340
f 5388//2339 1209//2337 7594//2341
f 1202//2322 1205//2338 1206//2323
f 1206//2323 1210//2342 5380//2327
f 1205//2338 5389//2344 1210//2342
f 1210//2342 5390//2345 5379//2343
f 1211//2354 1215//2346 1212//2348
f 1212//2348 1216//2347 5395//2350
f 1215//2346 5392//2351 1216//2347
f 1216//2347 5393//2352 5394//2349
f 1213//2356 1211//2354 1217//2355
f 5398//2362 1213//2356 5397//2357
f 1217//2355 1212//2348 5396//2358
f 5397//2357 1217//2355 7646//2359
f 1211//2354 1213//2356 1214//2361
f 5371//2310 1214//2361 5372//2311
f 1213//2356 5398//2362 1218//2360
f 5372//2311 1218//2360 7644//2312
f 1211//2354 1214//2361 1215//2346
f 1215//2346 1219//2364 5392//2351
f 1214//2361 5371//2310 1219//2364
f 1219//2364 5370//2302 5391//2365
f 1220//2371 1224//2366 1221//2368
f 1221//2368 1225//2367 5401//2370
f 1225//2367 1224//2366 5385//2332
f 5400//2369 1225//2367 7645//2336
f 1222//2373 1220//2371 1226//2372
f 5404//2381 1222//2373 5403//2374
f 1226//2372 1221//2368 5402//2375
f 5403//2374 1226//2372 7647//2376
f 1220//2371 1222//2373 1223//2378
f 1223//2378 1227//2377 5407//2380
f 1222//2373 5404//2381 1227//2377
f 1227//2377 5405//2382 5406//2379
f 1220//2371 1223//2378 1224//2366
f 1224//2366 1228//2384 5386//2333
f 1223//2378 5407//2380 1228//2384
f 1228//2384 5408//2385 5387//2340
f 1229//2394 1233//2386 1230//2388
f 1230//2388 1234//2387 5413//2390
f 1233//2386 5410//2391 1234//2387
f 1234//2387 5411//2392 5412//2389
f 1231//2396 1229//2394 1235//2395
f 5416//2402 1231//2396 5415//2397
f 1235//2395 1230//2388 5414//2398
f 5415//2397 1235//2395 7648//2399
f 1229//2394 1231//2396 1232//2401
f 1232//2401 1236//2400 5395//2350
f 1231//2396 5416//2402 1236//2400
f 1236//2400 5417//2403 5396//2358
f 1233//2386 1229//2394 1237//2404
f 5410//2391 1233//2386 5409//2405
f 1237//2404 1232//2401 5394//2349
f 5409//2405 1237//2404 7591//2353
f 1238//2411 1242//2406 1239//2408
f 1239//2408 1243//2407 5419//2410
f 1242//2406 5404//2381 1243//2407
f 1243//2407 5403//2374 5418//2409
f 1240//2413 1238//2411 1244//2412
f 5422//2421 1240//2413 5421//2414
f 1244//2412 1239//2408 5420//2415
f 5421//2414 1244//2412 7649//2416
f 1238//2411 1240//2413 1241//2418
f 1241//2418 1245//2417 5425//2420
f 1240//2413 5422//2421 1245//2417
f 1245//2417 5423//2422 5424//2419
f 1242//2406 1238//2411 1246//2423
f 5404//2381 1242//2406 5405//2382
f 1246//2423 1241//2418 5426//2424
f 5405//2382 1246//2423 7592//2383
f 1248//2428 1247//2425 1252//2427
f 5431//2436 1248//2428 5430//2429
f 1252//2427 1251//2426 5429//2431
f 5430//2429 1252//2427 7589//2432
f 1249//2434 1247//2425 1253//2433
f 5434//2441 1249//2434 5433//2435
f 1248//2428 5431//2436 1253//2433
f 1253//2433 5432//2437 5433//2435
f 1247//2425 1249//2434 1250//2440
f 1250//2440 1254//2439 5413//2390
f 1249//2434 5434//2441 1254//2439
f 1254//2439 5435//2442 5414//2398
f 1251//2426 1247//2425 1255//2443
f 5428//2430 1251//2426 5427//2444
f 1255//2443 1250//2440 5412//2389
f 5427//2444 1255//2443 7590//2393
f 1256//2450 1260//2445 1257//2447
f 1257//2447 1261//2446 5437//2449
f 1260//2445 5422//2421 1261//2446
f 1261//2446 5421//2414 5436//2448
f 1258//2453 1256//2450 1262//2451
f 1258//2453 1262//2451 5431//2436
f 1262//2451 1257//2447 5438//2452
f 1262//2451 5438//2452 5432//2437
f 1259//2455 1256//2450 1263//2454
f 5428//2430 1259//2455 5429//2431
f 1263//2454 1258//2453 5430//2429
f 5429//2431 1263//2454 7589//2432
f 1260//2445 1256//2450 1264//2456
f 5422//2421 1260//2445 5423//2422
f 1264//2456 1259//2455 5427//2444
f 5423//2422 1264//2456 7590//2393
f 1265//2462 1269//2457 1266//2459
f 1266//2459 1270//2458 5332//2203
f 1269//2457 5440//2460 1270//2458
f 1270//2458 5441//2461 5333//2211
f 1267//2464 1265//2462 1271//2463
f 5377//2320 1267//2464 5378//2321
f 1271//2463 1266//2459 5331//2202
f 5378//2321 1271//2463 7595//2206
f 1265//2462 1267//2464 1268//2466
f 1268//2466 1272//2465 5443//2468
f 1267//2464 5377//2320 1272//2465
f 1272//2465 5376//2315 5442//2467
f 1269//2457 1265//2462 1273//2469
f 5440//2460 1269//2457 5439//2470
f 1273//2469 1268//2466 5444//2471
f 5439//2470 1273//2469 7521//2472
f 1274//2478 1278//2473 1275//2475
f 1275//2475 1279//2474 5380//2327
f 1278//2473 5446//2476 1279//2474
f 1279//2474 5447//2477 5381//2328
f 1276//2480 1274//2478 1280//2479
f 5344//2236 1276//2480 5345//2237
f 1280//2479 1275//2475 5379//2343
f 5345//2237 1280//2479 7596//2238
f 1274//2478 1276//2480 1277//2482
f 1277//2482 1281//2481 5440//2460
f 1276//2480 5344//2236 1281//2481
f 1281//2481 5343//2231 5441//2461
f 1278//2473 1274//2478 1282//2483
f 5446//2476 1278//2473 5445//2484
f 1282//2483 1277//2482 5439//2470
f 5445//2484 1282//2483 7521//2472
f 1283//2490 1287//2485 1284//2487
f 1284//2487 1288//2486 5443//2468
f 1287//2485 5449//2488 1288//2486
f 1288//2486 5450//2489 5444//2471
f 1285//2492 1283//2490 1289//2491
f 5452//2498 1285//2492 5451//2493
f 1289//2491 1284//2487 5442//2467
f 5451//2493 1289//2491 7642//2317
f 1283//2490 1285//2492 1286//2495
f 1286//2495 1290//2494 5455//2497
f 1290//2494 1285//2492 5453//2499
f 5454//2496 1290//2494 7657//2500
f 1287//2485 1283//2490 1291//2501
f 5449//2488 1287//2485 5448//2502
f 1291//2501 1286//2495 5456//2503
f 5448//2502 1291//2501 7659//2504
f 1292//2512 1296//2505 1293//2507
f 5461//2515 1293//2507 5460//2508
f 1296//2505 5458//2509 1297//2506
f 5460//2508 1297//2506 7658//2511
f 1294//2514 1292//2512 1298//2513
f 5446//2476 1294//2514 5447//2477
f 1298//2513 1293//2507 5462//2516
f 5447//2477 1298//2513 7643//2329
f 1292//2512 1294//2514 1295//2518
f 1295//2518 1299//2517 5449//2488
f 1294//2514 5446//2476 1299//2517
f 1299//2517 5445//2484 5450//2489
f 1296//2505 1292//2512 1300//2519
f 5458//2509 1296//2505 5457//2520
f 1300//2519 1295//2518 5448//2502
f 5457//2520 1300//2519 7659//2504
f 1302//2524 1301//2521 1306//2523
f 5464//2529 1302//2524 5463//2525
f 1306//2523 1305//2522 5433//2435
f 5463//2525 1306//2523 7522//2438
f 1301//2521 1302//2524 1303//2527
f 5467//2535 1303//2527 5466//2528
f 1302//2524 5464//2529 1307//2526
f 1307//2526 5465//2530 5466//2528
f 1304//2533 1301//2521 1308//2532
f 5470//2539 1304//2533 5469//2534
f 1308//2532 1303//2527 5468//2536
f 5469//2534 1308//2532 7651//2537
f 1301//2521 1304//2533 1305//2522
f 1305//2522 1309//2538 5434//2441
f 1304//2533 5470//2539 1309//2538
f 1309//2538 5471//2540 5435//2442
f 1311//2544 1310//2541 1315//2543
f 5476//2551 1311//2544 5475//2545
f 1315//2543 1314//2542 5474//2547
f 5475//2545 1315//2543 7652//2548
f 1310//2541 1311//2544 1312//2550
f 1312//2550 1316//2549 5464//2529
f 1316//2549 1311//2544 5477//2552
f 1316//2549 5477//2552 5465//2530
f 1313//2554 1310//2541 1317//2553
f 5437//2449 1313//2554 5438//2452
f 1317//2553 1312//2550 5463//2525
f 5438//2452 1317//2553 7522//2438
f 1310//2541 1313//2554 1314//2542
f 1314//2542 1318//2555 5473//2546
f 1313//2554 5437//2449 1318//2555
f 1318//2555 5436//2448 5472//2556
f 1319//2570 1323//2557 1320//2559
f 5470//2539 1320//2559 5471//2540
f 1323//2557 5416//2402 1324//2558
f 1324//2558 5415//2397 5471//2540
f 1319//2570 1320//2559 1321//2561
f 1321//2561 1325//2560 5479//2563
f 1320//2559 5470//2539 1325//2560
f 1325//2560 5469//2534 5478//2562
f 1319//2570 1321//2561 1322//2565
f 1322//2565 1326//2564 5482//2567
f 1321//2561 5479//2563 1326//2564
f 1326//2564 5480//2568 5481//2566
f 1323//2557 1319//2570 1327//2571
f 5416//2402 1323//2557 5417//2403
f 1327//2571 1322//2565 5483//2572
f 5417//2403 1327//2571 7646//2359
f 1328//2586 1332//2573 1329//2575
f 1329//2575 1333//2574 5488//2577
f 1332//2573 5485//2578 1333//2574
f 1333//2574 5486//2579 5487//2576
f 1328//2586 1329//2575 1330//2582
f 1330//2582 1334//2581 5473//2546
f 1329//2575 5488//2577 1334//2581
f 1334//2581 5489//2583 5474//2547
f 1328//2586 1330//2582 1331//2585
f 1331//2585 1335//2584 5419//2410
f 1335//2584 1330//2582 5472//2556
f 1335//2584 5472//2556 5420//2415
f 1332//2573 1328//2586 1336//2587
f 5485//2578 1332//2573 5484//2588
f 1336//2587 1331//2585 5418//2409
f 5484//2588 1336//2587 7647//2376
f 1337//2592 1341//2589 1338//2591
f 1338//2591 1342//2590 5482//2567
f 1341//2589 5398//2362 1342//2590
f 1342//2590 5397//2357 5483//2572
f 1339//2594 1337//2592 1343//2593
f 5491//2600 1339//2594 5490//2595
f 1343//2593 1338//2591 5481//2566
f 5490//2595 1343//2593 7653//2569
f 1337//2592 1339//2594 1340//2597
f 1340//2597 1344//2596 5494//2599
f 1344//2596 1339//2594 5492//2601
f 1344//2596 5492//2601 5493//2598
f 1341//2589 1337//2592 1345//2603
f 5398//2362 1341//2589 5399//2363
f 1345//2603 1340//2597 5495//2604
f 5399//2363 1345//2603 7644//2312
f 1346//2612 1350//2605 1347//2607
f 5500//2615 1347//2607 5499//2608
f 1350//2605 5497//2609 1351//2606
f 1351//2606 5498//2610 5499//2608
f 1348//2614 1346//2612 1352//2613
f 5485//2578 1348//2614 5486//2579
f 1352//2613 1347//2607 5501//2616
f 5486//2579 1352//2613 7654//2580
f 1346//2612 1348//2614 1349//2618
f 1349//2618 1353//2617 5401//2370
f 1348//2614 5485//2578 1353//2617
f 1353//2617 5484//2588 5402//2375
f 1350//2605 1346//2612 1354//2619
f 5497//2609 1350//2605 5496//2620
f 1354//2619 1349//2618 5400//2369
f 5496//2620 1354//2619 7645//2336
f 1356//2624 1355//2621 1360//2623
f 5494//2599 1356//2624 5495//2604
f 1360//2623 1359//2622 5373//2308
f 5495//2604 1360//2623 7644//2312
f 1357//2626 1355//2621 1361//2625
f 5503//2630 1357//2626 5502//2627
f 1361//2625 1356//2624 5493//2598
f 5502//2627 1361//2625 7655//2602
f 1355//2621 1357//2626 1358//2629
f 1358//2629 1362//2628 5452//2498
f 1357//2626 5503//2630 1362//2628
f 1362//2628 5504//2631 5453//2499
f 1355//2621 1358//2629 1359//2622
f 1359//2622 1363//2632 5374//2309
f 1358//2629 5452//2498 1363//2632
f 1363//2632 5451//2493 5375//2316
f 1364//2638 1368//2633 1365//2635
f 1365//2635 1369//2634 5506//2637
f 1368//2633 5461//2515 1369//2634
f 1369//2634 5460//2508 5505//2636
f 1366//2640 1364//2638 1370//2639
f 5497//2609 1366//2640 5498//2610
f 1370//2639 1365//2635 5507//2641
f 5498//2610 1370//2639 7656//2611
f 1367//2643 1364//2638 1371//2642
f 5383//2334 1367//2643 5384//2335
f 1371//2642 1366//2640 5496//2620
f 5384//2335 1371//2642 7645//2336
f 1364//2638 1367//2643 1368//2633
f 1368//2633 1372//2644 5461//2515
f 1367//2643 5383//2334 1372//2644
f 1372//2644 5382//2326 5462//2516
f 1373//2650 1377//2645 1374//2647
f 1374//2647 1378//2646 5509//2649
f 1377//2645 5467//2535 1378//2646
f 1378//2646 5466//2528 5508//2648
f 1375//2653 1373//2650 1379//2651
f 1375//2653 1379//2651 5491//2600
f 1379//2651 1374//2647 5510//2652
f 5492//2601 1379//2651 7655//2602
f 1376//2655 1373//2650 1380//2654
f 5479//2563 1376//2655 5480//2568
f 1380//2654 1375//2653 5490//2595
f 5480//2568 1380//2654 7653//2569
f 1377//2645 1373//2650 1381//2656
f 5467//2535 1377//2645 5468//2536
f 1381//2656 1376//2655 5478//2562
f 5468//2536 1381//2656 7651//2537
f 1383//2660 1382//2657 1387//2659
f 5500//2615 1383//2660 5501//2616
f 1387//2659 1386//2658 5487//2576
f 5501//2616 1387//2659 7654//2580
f 1384//2662 1382//2657 1388//2661
f 5512//2666 1384//2662 5511//2663
f 1383//2660 5500//2615 1388//2661
f 5511//2663 1388//2661 7656//2611
f 1382//2657 1384//2662 1385//2665
f 1385//2665 1389//2664 5476//2551
f 1384//2662 5512//2666 1389//2664
f 1389//2664 5513//2667 5477//2552
f 1386//2658 1382//2657 1390//2668
f 5488//2577 1386//2658 5489//2583
f 1390//2668 1385//2665 5475//2545
f 5489//2583 1390//2668 7652//2548
f 1392//2672 1391//2669 1396//2671
f 5515//2676 1392//2672 5514//2673
f 1396//2671 1395//2670 5508//2648
f 1396//2671 5508//2648 5514//2673
f 1391//2669 1392//2672 1393//2675
f 1393//2675 1397//2674 5455//2497
f 1392//2672 5515//2676 1397//2674
f 1397//2674 5516//2677 5456//2503
f 1394//2679 1391//2669 1398//2678
f 5503//2630 1394//2679 5504//2631
f 1398//2678 1393//2675 5454//2496
f 5504//2631 1398//2678 7657//2500
f 1391//2669 1394//2679 1395//2670
f 1395//2670 1399//2680 5509//2649
f 1394//2679 5503//2630 1399//2680
f 1399//2680 5502//2627 5510//2652
f 1401//2684 1400//2681 1405//2683
f 5458//2509 1401//2684 5459//2510
f 1405//2683 1404//2682 5505//2636
f 5459//2510 1405//2683 7658//2511
f 1400//2681 1401//2684 1402//2686
f 1402//2686 1406//2685 5515//2676
f 1401//2684 5458//2509 1406//2685
f 1406//2685 5457//2520 5516//2677
f 1403//2688 1400//2681 1407//2687
f 5512//2666 1403//2688 5513//2667
f 1407//2687 1402//2686 5514//2673
f 1407//2687 5514//2673 5513//2667
f 1400//2681 1403//2688 1404//2682
f 1404//2682 1408//2689 5506//2637
f 1403//2688 5512//2666 1408//2689
f 1408//2689 5511//2663 5507//2641
f 1410//2693 1409//2690 1414//2692
f 5410//2391 1410//2693 5411//2392
f 1414//2692 1413//2691 5519//2695
f 1414//2692 5519//2695 5411//2392
f 1409//2690 1410//2693 1411//2697
f 1411//2697 1415//2696 5521//2699
f 1410//2693 5410//2391 1415//2696
f 1415//2696 5409//2405 5520//2698
f 1412//2701 1409//2690 1416//2700
f 5218//1919 1412//2701 5219//1920
f 1416//2700 1411//2697 5522//2702
f 5219//1920 1416//2700 7615//1224
f 1409//2690 1412//2701 1413//2691
f 1413//2691 1417//2703 5518//2694
f 1412//2701 5218//1919 1417//2703
f 1417//2703 5217//1915 5517//2704
f 1419//2708 1418//2705 1423//2707
f 5524//2712 1419//2708 5523//2709
f 1423//2707 1422//2706 5220//1939
f 5523//2709 1423//2707 7616//1249
f 1418//2705 1419//2708 1420//2711
f 1420//2711 1424//2710 5425//2420
f 1419//2708 5524//2712 1424//2710
f 1424//2710 5525//2713 5426//2424
f 1421//2715 1418//2705 1425//2714
f 5518//2694 1421//2715 5519//2695
f 1425//2714 1420//2711 5424//2419
f 1425//2714 5424//2419 5519//2695
f 1418//2705 1421//2715 1422//2706
f 1422//2706 1426//2716 5221//1926
f 1421//2715 5518//2694 1426//2716
f 1426//2716 5517//2704 5222//1927
f 1428//2720 1427//2717 1432//2719
f 5392//2351 1428//2720 5393//2352
f 1432//2719 1431//2718 5520//2698
f 5393//2352 1432//2719 7591//2353
f 1429//2722 1427//2717 1433//2721
f 5527//2728 1429//2722 5526//2723
f 1433//2721 1428//2720 5391//2365
f 5526//2723 1433//2721 7593//2305
f 1427//2717 1429//2722 1430//2725
f 1430//2725 1434//2724 5530//2727
f 1429//2722 5527//2728 1434//2724
f 1434//2724 5528//2729 5529//2726
f 1431//2718 1427//2717 1435//2731
f 1431//2718 1435//2731 5521//2699
f 1435//2731 1430//2725 5531//2732
f 1435//2731 5531//2732 5522//2702
f 1436//2741 1440//2733 1437//2735
f 1437//2735 1441//2734 5536//2737
f 1440//2733 5533//2738 1441//2734
f 1441//2734 5534//2739 5535//2736
f 1438//2743 1436//2741 1442//2742
f 5407//2380 1438//2743 5408//2385
f 1442//2742 1437//2735 5537//2744
f 5408//2385 1442//2742 7594//2341
f 1439//2746 1436//2741 1443//2745
f 5524//2712 1439//2746 5525//2713
f 1443//2745 1438//2743 5406//2379
f 5525//2713 1443//2745 7592//2383
f 1440//2733 1436//2741 1444//2747
f 5533//2738 1440//2733 5532//2748
f 1439//2746 5524//2712 1444//2747
f 1444//2747 5523//2709 5532//2748
f 1445//2752 1449//2749 1446//2751
f 1446//2751 1450//2750 5368//2303
f 1449//2749 5527//2728 1450//2750
f 1450//2750 5526//2723 5369//2304
f 1447//2754 1445//2752 1451//2753
f 5539//2760 1447//2754 5538//2755
f 1451//2753 1446//2751 5367//2319
f 1451//2753 5367//2319 5538//2755
f 1445//2752 1447//2754 1448//2757
f 1448//2757 1452//2756 5542//2759
f 1447//2754 5539//2760 1452//2756
f 1452//2756 5540//2761 5541//2758
f 1449//2749 1445//2752 1453//2763
f 5527//2728 1449//2749 5528//2729
f 1453//2763 1448//2757 5543//2764
f 5528//2729 1453//2763 7662//2730
f 1454//2773 1458//2765 1455//2767
f 1455//2767 1459//2766 5548//2769
f 1458//2765 5545//2770 1459//2766
f 1459//2766 5546//2771 5547//2768
f 1456//2775 1454//2773 1460//2774
f 5389//2344 1456//2775 5390//2345
f 1460//2774 1455//2767 5549//2776
f 1460//2774 5549//2776 5390//2345
f 1454//2773 1456//2775 1457//2778
f 1457//2778 1461//2777 5536//2737
f 1456//2775 5389//2344 1461//2777
f 1461//2777 5388//2339 5537//2744
f 1458//2765 1454//2773 1462//2779
f 5545//2770 1458//2765 5544//2780
f 1462//2779 1457//2778 5535//2736
f 5544//2780 1462//2779 7663//2740
f 1463//2784 1467//2781 1464//2783
f 1464//2783 1468//2782 5329//2204
f 1467//2781 5539//2760 1468//2782
f 1468//2782 5538//2755 5330//2205
f 1465//2786 1463//2784 1469//2785
f 5305//2144 1465//2786 5306//2145
f 1469//2785 1464//2783 5328//2221
f 5306//2145 1469//2785 7638//2146
f 1463//2784 1465//2786 1466//2788
f 1466//2788 1470//2787 5551//2790
f 1465//2786 5305//2144 1470//2787
f 1470//2787 5304//2139 5550//2789
f 1467//2781 1463//2784 1471//2791
f 5539//2760 1467//2781 5540//2761
f 1471//2791 1466//2788 5552//2792
f 5540//2761 1471//2791 7664//2762
f 1472//2798 1476//2793 1473//2795
f 1473//2795 1477//2794 5320//2166
f 1476//2793 5554//2796 1477//2794
f 1477//2794 5555//2797 5321//2172
f 1474//2800 1472//2798 1478//2799
f 5347//2235 1474//2800 5348//2241
f 1478//2799 1473//2795 5319//2165
f 5348//2241 1478//2799 7639//2169
f 1472//2798 1474//2800 1475//2802
f 1475//2802 1479//2801 5548//2769
f 1474//2800 5347//2235 1479//2801
f 1479//2801 5346//2234 5549//2776
f 1476//2793 1472//2798 1480//2803
f 5554//2796 1476//2793 5553//2804
f 1480//2803 1475//2802 5547//2768
f 5553//2804 1480//2803 7665//2772
f 1482//2808 1481//2805 1486//2807
f 5557//2813 1482//2808 5556//2809
f 1486//2807 1485//2806 4899//1163
f 5556//2809 1486//2807 7532//1167
f 1483//2811 1481//2805 1487//2810
f 5560//2818 1483//2811 5559//2812
f 1482//2808 5557//2813 1487//2810
f 1487//2810 5558//2814 5559//2812
f 1481//2805 1483//2811 1484//2817
f 1484//2817 1488//2816 5551//2790
f 1483//2811 5560//2818 1488//2816
f 1488//2816 5561//2819 5552//2792
f 1485//2806 1481//2805 1489//2820
f 4900//1164 1485//2806 4901//1172
f 1489//2820 1484//2817 5550//2789
f 4901//1172 1489//2820 7617//1173
f 1490//2826 1494//2821 1491//2823
f 1491//2823 1495//2822 5563//2825
f 1494//2821 5554//2796 1495//2822
f 1495//2822 5553//2804 5562//2824
f 1492//2832 1490//2826 1496//2827
f 1492//2832 1496//2827 5566//2829
f 1496//2827 1491//2823 5564//2830
f 1496//2827 5564//2830 5565//2828
f 1493//2834 1490//2826 1497//2833
f 4909//1188 1493//2834 4910//1196
f 1497//2833 1492//2832 5567//2835
f 4910//1196 1497//2833 7533//1197
f 1494//2821 1490//2826 1498//2836
f 5554//2796 1494//2821 5555//2797
f 1498//2836 1493//2834 4908//1187
f 5555//2797 1498//2836 7618//1191
f 1499//2842 1503//2837 1500//2839
f 1500//2839 1504//2838 5569//2841
f 1503//2837 5560//2818 1504//2838
f 5568//2840 1504//2838 7660//2815
f 1501//2844 1499//2842 1505//2843
f 5572//2850 1501//2844 5571//2845
f 1505//2843 1500//2839 5570//2846
f 5571//2845 1505//2843 7666//2847
f 1499//2842 1501//2844 1502//2849
f 1502//2849 1506//2848 5542//2759
f 1501//2844 5572//2850 1506//2848
f 1506//2848 5573//2851 5543//2764
f 1503//2837 1499//2842 1507//2852
f 5560//2818 1503//2837 5561//2819
f 1507//2852 1502//2849 5541//2758
f 5561//2819 1507//2852 7664//2762
f 1508//2858 1512//2853 1509//2855
f 1509//2855 1513//2854 5575//2857
f 1512//2853 5545//2770 1513//2854
f 1513//2854 5544//2780 5574//2856
f 1510//2860 1508//2858 1514//2859
f 5578//2866 1510//2860 5577//2861
f 1514//2859 1509//2855 5576//2862
f 5577//2861 1514//2859 7667//2863
f 1508//2858 1510//2860 1511//2865
f 1511//2865 1515//2864 5563//2825
f 1510//2860 5578//2866 1515//2864
f 5564//2830 1515//2864 7661//2831
f 1512//2853 1508//2858 1516//2868
f 5545//2770 1512//2853 5546//2771
f 1516//2868 1511//2865 5562//2824
f 5546//2771 1516//2868 7665//2772
f 1518//2872 1517//2869 1522//2871
f 4915//1205 1518//2872 4916//1206
f 1522//2871 1521//2870 5582//2874
f 1522//2871 5582//2874 4916//1206
f 1517//2869 1518//2872 1519//2876
f 1519//2876 1523//2875 5530//2727
f 1518//2872 4915//1205 1523//2875
f 1523//2875 4914//1221 5531//2732
f 1520//2878 1517//2869 1524//2877
f 5572//2850 1520//2878 5573//2851
f 1524//2877 1519//2876 5529//2726
f 5573//2851 1524//2877 7662//2730
f 1517//2869 1520//2878 1521//2870
f 1521//2870 1525//2879 5581//2873
f 1520//2878 5572//2850 1525//2879
f 1525//2879 5571//2845 5580//2880
f 1527//2884 1526//2881 1531//2883
f 5533//2738 1527//2884 5534//2739
f 1531//2883 1530//2882 5574//2856
f 5534//2739 1531//2883 7663//2740
f 1526//2881 1527//2884 1528//2886
f 1528//2886 1532//2885 4936//1247
f 1527//2884 5533//2738 1532//2885
f 1532//2885 5532//2748 4937//1248
f 1529//2888 1526//2881 1533//2887
f 5584//2891 1529//2888 5583//2889
f 1533//2887 1528//2886 4935//1242
f 1533//2887 4935//1242 5583//2889
f 1526//2881 1529//2888 1530//2882
f 1530//2882 1534//2890 5575//2857
f 1529//2888 5584//2891 1534//2890
f 1534//2890 5585//2892 5576//2862
f 1535//2898 1539//2893 1536//2895
f 1536//2895 1540//2894 5362//2274
f 1539//2893 5587//2896 1540//2894
f 1540//2894 5588//2897 5363//2280
f 1537//2900 1535//2898 1541//2899
f 5590//2906 1537//2900 5589//2901
f 1541//2899 1536//2895 5361//2273
f 5589//2901 1541//2899 7581//2277
f 1535//2898 1537//2900 1538//2903
f 1538//2903 1542//2902 5593//2905
f 1537//2900 5590//2906 1542//2902
f 1542//2902 5591//2907 5592//2904
f 1539//2893 1535//2898 1543//2909
f 5587//2896 1539//2893 5586//2910
f 1543//2909 1538//2903 5594//2911
f 5586//2910 1543//2909 7673//2912
f 1544//2918 1548//2913 1545//2915
f 1545//2915 1549//2914 5590//2906
f 1548//2913 5596//2916 1549//2914
f 1549//2914 5597//2917 5591//2907
f 1546//2920 1544//2918 1550//2919
f 5365//2295 1546//2920 5366//2296
f 1550//2919 1545//2915 5589//2901
f 5366//2296 1550//2919 7581//2277
f 1544//2918 1546//2920 1547//2922
f 1547//2922 1551//2921 5599//2924
f 1546//2920 5365//2295 1551//2921
f 1551//2921 5364//2292 5598//2923
f 1548//2913 1544//2918 1552//2925
f 5596//2916 1548//2913 5595//2926
f 1552//2925 1547//2922 5600//2927
f 5595//2926 1552//2925 7674//2928
f 1553//2934 1557//2929 1554//2931
f 1554//2931 1558//2930 5296//2107
f 1557//2929 5602//2932 1558//2930
f 1558//2930 5603//2933 5297//2114
f 1555//2936 1553//2934 1559//2935
f 5587//2896 1555//2936 5588//2897
f 1559//2935 1554//2931 5295//2106
f 5588//2897 1559//2935 7582//2110
f 1553//2934 1555//2936 1556//2938
f 5605//2942 1556//2938 5604//2939
f 1555//2936 5587//2896 1560//2937
f 5604//2939 1560//2937 7673//2912
f 1557//2929 1553//2934 1561//2940
f 5602//2932 1557//2929 5601//2941
f 1556//2938 5605//2942 1561//2940
f 1561//2940 5606//2943 5601//2941
f 1562//2950 1566//2945 1563//2947
f 1563//2947 1567//2946 5599//2924
f 1567//2946 1566//2945 5609//2949
f 5600//2927 1567//2946 7674//2928
f 1564//2952 1562//2950 1568//2951
f 5299//2130 1564//2952 5300//2131
f 1568//2951 1563//2947 5598//2923
f 5300//2131 1568//2951 7583//2132
f 1562//2950 1564//2952 1565//2954
f 1565//2954 1569//2953 5611//2956
f 1564//2952 5299//2130 1569//2953
f 1569//2953 5298//2125 5610//2955
f 1566//2945 1562//2950 1570//2957
f 1566//2945 1570//2957 5608//2948
f 1570//2957 1565//2954 5612//2959
f 1570//2957 5612//2959 5607//2958
f 1572//2964 1571//2961 1576//2963
f 5284//2081 1572//2964 5285//2082
f 1576//2963 1575//2962 5615//2966
f 5285//2082 1576//2963 7586//2042
f 1571//2961 1572//2964 1573//2968
f 5602//2932 1573//2968 5603//2933
f 1572//2964 5284//2081 1577//2967
f 5603//2933 1577//2967 7584//2078
f 1574//2970 1571//2961 1578//2969
f 5617//2974 1574//2970 5616//2971
f 1573//2968 5602//2932 1578//2969
f 5616//2971 1578//2969 7671//2944
f 1571//2961 1574//2970 1575//2962
f 1575//2962 1579//2972 5614//2965
f 1574//2970 5617//2974 1579//2972
f 1579//2972 5618//2975 5613//2973
f 1581//2982 1580//2977 1585//2979
f 1581//2982 1585//2979 5611//2956
f 1585//2979 1584//2978 5621//2981
f 5612//2959 1585//2979 7672//2960
f 1580//2977 1581//2982 1582//2984
f 1582//2984 1586//2983 5287//2094
f 1586//2983 1581//2982 5610//2955
f 5288//2098 1586//2983 7585//2099
f 1583//2986 1580//2977 1587//2985
f 5623//2990 1583//2986 5622//2987
f 1587//2985 1582//2984 5286//2093
f 5622//2987 1587//2985 7587//2067
f 1580//2977 1583//2986 1584//2978
f 1584//2978 1588//2988 5620//2980
f 1583//2986 5623//2990 1588//2988
f 1588//2988 5624//2991 5619//2989
f 1590//2996 1589//2993 1594//2995
f 5269//2047 1590//2996 5270//2048
f 1594//2995 1593//2994 5627//2998
f 5270//2048 1594//2995 7588//2049
f 1589//2993 1590//2996 1591//3000
f 1591//3000 1595//2999 5614//2965
f 1590//2996 5269//2047 1595//2999
f 1595//2999 5268//2039 5615//2966
f 1592//3002 1589//2993 1596//3001
f 5629//3006 1592//3002 5628//3003
f 1596//3001 1591//3000 5613//2973
f 5628//3003 1596//3001 7669//2976
f 1589//2993 1592//3002 1593//2994
f 1593//2994 1597//3004 5626//2997
f 1592//3002 5629//3006 1597//3004
f 1597//3004 5630//3007 5625//3005
f 1599//3012 1598//3009 1603//3011
f 5623//2990 1599//3012 5624//2991
f 1603//3011 1602//3010 5633//3014
f 5624//2991 1603//3011 7670//2992
f 1598//3009 1599//3012 1600//3016
f 1600//3016 1604//3015 5275//2062
f 1599//3012 5623//2990 1604//3015
f 1604//3015 5622//2987 5276//2066
f 1601//3018 1598//3009 1605//3017
f 5626//2997 1601//3018 5627//2998
f 1605//3017 1600//3016 5274//2061
f 5627//2998 1605//3017 7588//2049
f 1598//3009 1601//3018 1602//3010
f 1602//3010 1606//3019 5632//3013
f 1601//3018 5626//2997 1606//3019
f 1606//3019 5625//3005 5631//3020
f 1607//3026 1611//3021 1608//3023
f 5629//3006 1608//3023 5630//3007
f 1611//3021 5635//3024 1612//3022
f 5630//3007 1612//3022 7668//3008
f 1609//3028 1607//3026 1613//3027
f 5638//3034 1609//3028 5637//3029
f 1608//3023 5629//3006 1613//3027
f 1613//3027 5628//3003 5637//3029
f 1607//3026 1609//3028 1610//3031
f 1610//3031 1614//3030 5641//3033
f 1609//3028 5638//3034 1614//3030
f 1614//3030 5639//3035 5640//3032
f 1611//3021 1607//3026 1615//3037
f 5635//3024 1611//3021 5634//3038
f 1615//3037 1610//3031 5642//3039
f 5634//3038 1615//3037 7682//3040
f 1616//3049 1620//3041 1617//3043
f 1617//3043 1621//3042 5647//3045
f 1620//3041 5644//3046 1621//3042
f 1621//3042 5645//3047 5646//3044
f 1618//3052 1616//3049 1622//3050
f 1618//3052 1622//3050 5632//3013
f 1622//3050 1617//3043 5648//3051
f 1622//3050 5648//3051 5633//3014
f 1616//3049 1618//3052 1619//3054
f 1619//3054 1623//3053 5635//3024
f 1623//3053 1618//3052 5631//3020
f 5636//3025 1623//3053 7668//3008
f 1620//3041 1616//3049 1624//3055
f 5644//3046 1620//3041 5643//3056
f 1624//3055 1619//3054 5634//3038
f 5643//3056 1624//3055 7682//3040
f 1626//3060 1625//3057 1630//3059
f 5617//2974 1626//3060 5618//2975
f 1629//3058 5638//3034 1630//3059
f 5618//2975 1630//3059 7669//2976
f 1625//3057 1626//3060 1627//3062
f 1627//3062 1631//3061 5650//3064
f 1626//3060 5617//2974 1631//3061
f 1631//3061 5616//2971 5649//3063
f 1628//3070 1625//3057 1632//3065
f 1628//3070 1632//3065 5653//3067
f 1632//3065 1627//3062 5651//3068
f 5652//3066 1632//3065 7678//3069
f 1629//3058 1625//3057 1633//3071
f 5638//3034 1629//3058 5639//3035
f 1633//3071 1628//3070 5654//3072
f 5639//3035 1633//3071 7680//3036
f 1635//3076 1634//3073 1639//3075
f 5659//3083 1635//3076 5658//3077
f 1638//3074 5656//3078 1639//3075
f 5658//3077 1639//3075 7679//3080
f 1634//3073 1635//3076 1636//3082
f 1636//3082 1640//3081 5620//2980
f 1635//3076 5659//3083 1640//3081
f 1640//3081 5660//3084 5621//2981
f 1637//3086 1634//3073 1641//3085
f 1637//3086 1641//3085 5647//3045
f 1641//3085 1636//3082 5619//2989
f 5648//3051 1641//3085 7670//2992
f 1638//3074 1634//3073 1642//3087
f 5656//3078 1638//3074 5655//3088
f 1642//3087 1637//3086 5646//3044
f 5655//3088 1642//3087 7681//3048
f 1644//3092 1643//3089 1648//3091
f 5605//2942 1644//3092 5606//2943
f 1648//3091 1647//3090 5649//3063
f 5606//2943 1648//3091 7671//2944
f 1643//3089 1644//3092 1645//3094
f 1645//3094 1649//3093 5662//3096
f 1644//3092 5605//2942 1649//3093
f 1649//3093 5604//2939 5661//3095
f 1646//3098 1643//3089 1650//3097
f 5665//3103 1646//3098 5664//3099
f 1650//3097 1645//3094 5663//3100
f 5664//3099 1650//3097 7676//3101
f 1643//3089 1646//3098 1647//3090
f 1647//3090 1651//3102 5650//3064
f 1646//3098 5665//3103 1651//3102
f 1651//3102 5666//3104 5651//3068
f 1653//3108 1652//3105 1657//3107
f 5671//3115 1653//3108 5670//3109
f 1657//3107 1656//3106 5669//3111
f 5670//3109 1657//3107 7677//3112
f 1652//3105 1653//3108 1654//3114
f 1654//3114 1658//3113 5608//2948
f 1653//3108 5671//3115 1658//3113
f 1658//3113 5672//3116 5609//2949
f 1655//3118 1652//3105 1659//3117
f 5659//3083 1655//3118 5660//3084
f 1659//3117 1654//3114 5607//2958
f 5660//3084 1659//3117 7672//2960
f 1652//3105 1655//3118 1656//3106
f 1656//3106 1660//3119 5668//3110
f 1655//3118 5659//3083 1660//3119
f 1660//3119 5658//3077 5667//3120
f 1661//3124 1665//3121 1662//3123
f 1662//3123 1666//3122 5593//2905
f 1665//3121 5662//3096 1666//3122
f 1666//3122 5661//3095 5594//2911
f 1663//3126 1661//3124 1667//3125
f 5674//3132 1663//3126 5673//3127
f 1667//3125 1662//3123 5592//2904
f 5673//3127 1667//3125 7523//2908
f 1661//3124 1663//3126 1664//3129
f 1664//3129 1668//3128 5677//3131
f 1663//3126 5674//3132 1668//3128
f 1668//3128 5675//3133 5676//3130
f 1665//3121 1661//3124 1669//3135
f 5662//3096 1665//3121 5663//3100
f 1669//3135 1664//3129 5678//3136
f 5663//3100 1669//3135 7676//3101
f 1670//3142 1674//3137 1671//3139
f 1671//3139 1675//3138 5674//3132
f 1674//3137 5680//3140 1675//3138
f 1675//3138 5681//3141 5675//3133
f 1672//3144 1670//3142 1676//3143
f 5596//2916 1672//3144 5597//2917
f 1676//3143 1671//3139 5673//3127
f 5597//2917 1676//3143 7523//2908
f 1670//3142 1672//3144 1673//3146
f 1673//3146 1677//3145 5671//3115
f 1672//3144 5596//2916 1677//3145
f 1677//3145 5595//2926 5672//3116
f 1674//3137 1670//3142 1678//3147
f 5680//3140 1674//3137 5679//3148
f 1678//3147 1673//3146 5670//3109
f 5679//3148 1678//3147 7677//3112
f 1680//3152 1679//3149 1684//3151
f 5683//3156 1680//3152 5682//3153
f 1684//3151 1683//3150 5676//3130
f 5682//3153 1684//3151 7675//3134
f 1679//3149 1680//3152 1681//3155
f 1681//3155 1685//3154 5641//3033
f 1680//3152 5683//3156 1685//3154
f 1685//3154 5684//3157 5642//3039
f 1682//3159 1679//3149 1686//3158
f 5686//3162 1682//3159 5685//3160
f 1686//3158 1681//3155 5640//3032
f 5685//3160 1686//3158 7680//3036
f 1679//3149 1682//3159 1683//3150
f 1683//3150 1687//3161 5677//3131
f 1682//3159 5686//3162 1687//3161
f 1687//3161 5687//3163 5678//3136
f 1689//3167 1688//3164 1693//3166
f 5644//3046 1689//3167 5645//3047
f 1693//3166 1692//3165 5690//3169
f 5645//3047 1693//3166 7681//3048
f 1688//3164 1689//3167 1690//3171
f 1690//3171 1694//3170 5683//3156
f 1689//3167 5644//3046 1694//3170
f 1694//3170 5643//3056 5684//3157
f 1691//3173 1688//3164 1695//3172
f 5680//3140 1691//3173 5681//3141
f 1695//3172 1690//3171 5682//3153
f 5681//3141 1695//3172 7675//3134
f 1688//3164 1691//3173 1692//3165
f 1692//3165 1696//3174 5689//3168
f 1691//3173 5680//3140 1696//3174
f 1696//3174 5679//3148 5688//3175
f 1697//3181 1700//3176 1698//3178
f 5686//3162 1698//3178 5687//3163
f 1700//3176 5665//3103 1701//3177
f 1701//3177 5664//3099 5687//3163
f 1697//3181 1698//3178 1699//3180
f 1699//3180 1702//3179 5653//3067
f 1698//3178 5686//3162 1702//3179
f 1702//3179 5685//3160 5654//3072
f 1700//3176 1697//3181 1703//3182
f 5665//3103 1700//3176 5666//3104
f 1703//3182 1699//3180 5652//3066
f 5666//3104 1703//3182 7678//3069
f 1705//3186 1704//3183 1708//3185
f 5656//3078 1705//3186 5657//3079
f 1708//3185 1707//3184 5667//3120
f 5657//3079 1708//3185 7679//3080
f 1704//3183 1705//3186 1706//3188
f 1706//3188 1709//3187 5689//3168
f 1705//3186 5656//3078 1709//3187
f 1709//3187 5655//3088 5690//3169
f 1704//3183 1706//3188 1707//3184
f 1707//3184 1710//3189 5668//3110
f 1710//3189 1706//3188 5688//3175
f 1710//3189 5688//3175 5669//3111
f 1712//3193 1711//3190 1716//3192
f 5260//2019 1712//3193 5261//2020
f 1716//3192 1715//3191 5693//3195
f 1716//3192 5693//3195 5261//2020
f 1711//3190 1712//3193 1713//3197
f 1713//3197 1717//3196 5695//3199
f 1712//3193 5260//2019 1717//3196
f 1717//3196 5259//2016 5694//3198
f 1714//3201 1711//3190 1718//3200
f 5698//3207 1714//3201 5697//3202
f 1718//3200 1713//3197 5696//3203
f 5697//3202 1718//3200 7685//3204
f 1711//3190 1714//3201 1715//3191
f 1715//3191 1719//3205 5692//3194
f 1714//3201 5698//3207 1719//3205
f 1719//3205 5699//3208 5691//3206
f 1721//3213 1720//3210 1725//3212
f 5704//3220 1721//3213 5703//3214
f 1725//3212 1724//3211 5702//3216
f 5703//3214 1725//3212 7686//3217
f 1720//3210 1721//3213 1722//3219
f 1722//3219 1726//3218 5263//2027
f 1721//3213 5704//3220 1726//3218
f 1726//3218 5705//3221 5264//2031
f 1723//3223 1720//3210 1727//3222
f 5707//3227 1723//3223 5706//3224
f 1727//3222 1722//3219 5262//2026
f 1727//3222 5262//2026 5706//3224
f 1720//3210 1723//3223 1724//3211
f 1724//3211 1728//3225 5701//3215
f 1723//3223 5707//3227 1728//3225
f 1728//3225 5708//3228 5700//3226
f 1729//3235 1733//3230 1730//3232
f 1730//3232 1734//3231 5242//1976
f 1733//3230 5710//3233 1734//3231
f 1734//3231 5711//3234 5243//1977
f 1731//3237 1729//3235 1735//3236
f 5692//3194 1731//3237 5693//3195
f 1735//3236 1730//3232 5241//1988
f 5693//3195 1735//3236 7634//1991
f 1732//3239 1729//3235 1736//3238
f 5713//3243 1732//3239 5712//3240
f 1736//3238 1731//3237 5691//3206
f 5712//3240 1736//3238 7683//3209
f 1729//3235 1732//3239 1733//3230
f 1733//3230 1737//3241 5710//3233
f 1732//3239 5713//3243 1737//3241
f 1737//3241 5714//3244 5709//3242
f 1739//3249 1738//3246 1743//3248
f 5707//3227 1739//3249 5708//3228
f 1743//3248 1742//3247 5717//3251
f 5708//3228 1743//3248 7684//3229
f 1740//3253 1738//3246 1744//3252
f 5254//2005 1740//3253 5255//2006
f 1744//3252 1739//3249 5706//3224
f 5255//2006 1744//3252 7635//2007
f 1738//3246 1740//3253 1741//3255
f 1741//3255 1745//3254 5719//3257
f 1740//3253 5254//2005 1745//3254
f 1745//3254 5253//2002 5718//3256
f 1738//3246 1741//3255 1742//3247
f 1742//3247 1746//3258 5716//3250
f 1741//3255 5719//3257 1746//3258
f 1746//3258 5720//3260 5715//3259
f 1747//3267 1751//3262 1748//3264
f 5230//1943 1748//3264 5231//1944
f 1752//3263 1751//3262 5723//3266
f 5231//1944 1752//3263 7561//1612
f 1749//3269 1747//3267 1753//3268
f 5710//3233 1749//3269 5711//3234
f 1748//3264 5230//1943 1753//3268
f 5711//3234 1753//3268 7563//1955
f 1747//3267 1749//3269 1750//3271
f 1750//3271 1754//3270 5725//3273
f 1749//3269 5710//3233 1754//3270
f 5724//3272 1754//3270 7705//3245
f 1751//3262 1747//3267 1755//3274
f 5722//3265 1751//3262 5721//3275
f 1755//3274 1750//3271 5726//3276
f 5721//3275 1755//3274 7707//3277
f 1756//3283 1760//3278 1757//3280
f 1757//3280 1761//3279 5719//3257
f 1760//3278 5728//3281 1761//3279
f 5720//3260 1761//3279 7706//3261
f 1758//3285 1756//3283 1762//3284
f 1758//3285 1762//3284 5239//1967
f 1762//3284 1757//3280 5718//3256
f 5240//1970 1762//3284 7564//1971
f 1756//3283 1758//3285 1759//3287
f 5731//3291 1759//3287 5730//3288
f 1763//3286 1758//3285 5238//1966
f 5730//3288 1763//3286 7562//1642
f 1760//3278 1756//3283 1764//3289
f 5728//3281 1760//3278 5727//3290
f 1764//3289 1759//3287 5732//3292
f 5727//3290 1764//3289 7708//3293
f 1766//3297 1765//3294 1770//3296
f 5212//1910 1766//3297 5213//1911
f 1770//3296 1769//3295 5694//3198
f 5213//1911 1770//3296 7632//1912
f 1767//3299 1765//3294 1771//3298
f 5734//3305 1767//3299 5733//3300
f 1766//3297 5212//1910 1771//3298
f 5733//3300 1771//3298 7565//1876
f 1765//3294 1767//3299 1768//3302
f 1768//3302 1772//3301 5737//3304
f 1767//3299 5734//3305 1772//3301
f 1772//3301 5735//3306 5736//3303
f 1769//3295 1765//3294 1773//3308
f 1769//3295 1773//3308 5695//3199
f 1773//3308 1768//3302 5738//3309
f 1773//3308 5738//3309 5696//3203
f 1774//3318 1778//3310 1775//3312
f 1775//3312 1779//3311 5743//3314
f 1778//3310 5740//3315 1779//3311
f 1779//3311 5741//3316 5742//3313
f 1776//3321 1774//3318 1780//3319
f 1776//3321 1780//3319 5227//1931
f 1780//3319 1775//3312 5744//3320
f 5228//1936 1780//3319 7566//1897
f 1777//3323 1774//3318 1781//3322
f 5704//3220 1777//3323 5705//3221
f 1781//3322 1776//3321 5226//1930
f 5705//3221 1781//3322 7633//1934
f 1778//3310 1774//3318 1782//3324
f 5740//3315 1778//3310 5739//3325
f 1777//3323 5704//3220 1782//3324
f 1782//3324 5703//3214 5739//3325
f 1784//3329 1783//3326 1788//3328
f 5200//1874 1784//3329 5201//1875
f 1788//3328 1787//3327 5733//3300
f 1788//3328 5733//3300 5201//1875
f 1783//3326 1784//3329 1785//3331
f 1785//3331 1789//3330 5746//3333
f 1784//3329 5200//1874 1789//3330
f 1789//3330 5199//1884 5745//3332
f 1786//3335 1783//3326 1790//3334
f 5749//3340 1786//3335 5748//3336
f 1790//3334 1785//3331 5747//3337
f 5748//3336 1790//3334 7701//3338
f 1783//3326 1786//3335 1787//3327
f 5734//3305 1787//3327 5735//3306
f 1786//3335 5749//3340 1791//3339
f 5735//3306 1791//3339 7703//3307
f 1793//3345 1792//3342 1797//3344
f 5755//3352 1793//3345 5754//3346
f 1797//3344 1796//3343 5753//3348
f 5754//3346 1797//3344 7702//3349
f 1792//3342 1793//3345 1794//3351
f 1794//3351 1798//3350 5209//1899
f 1793//3345 5755//3352 1798//3350
f 1798//3350 5756//3353 5210//1900
f 1795//3355 1792//3342 1799//3354
f 5743//3314 1795//3355 5744//3320
f 1799//3354 1794//3351 5208//1895
f 1799//3354 5208//1895 5744//3320
f 1792//3342 1795//3355 1796//3343
f 1796//3343 1800//3356 5752//3347
f 1800//3356 1795//3355 5742//3313
f 5751//3357 1800//3356 7704//3317
f 1802//3361 1801//3358 1806//3360
f 5188//1842 1802//3361 5189//1843
f 1806//3360 1805//3359 5745//3332
f 5189//1843 1806//3360 7567//1844
f 1801//3358 1802//3361 1803//3363
f 1803//3363 1807//3362 5758//3365
f 1802//3361 5188//1842 1807//3362
f 1807//3362 5187//1852 5757//3364
f 1804//3367 1801//3358 1808//3366
f 5761//3372 1804//3367 5760//3368
f 1808//3366 1803//3363 5759//3369
f 5760//3368 1808//3366 7699//3370
f 1801//3358 1804//3367 1805//3359
f 1805//3359 1809//3371 5746//3333
f 1804//3367 5761//3372 1809//3371
f 1809//3371 5762//3373 5747//3337
f 1811//3377 1810//3374 1815//3376
f 5767//3384 1811//3377 5766//3378
f 1815//3376 1814//3375 5765//3380
f 5766//3378 1815//3376 7700//3381
f 1810//3374 1811//3377 1812//3383
f 1812//3383 1816//3382 5197//1863
f 1811//3377 5767//3384 1816//3382
f 1816//3382 5768//3385 5198//1868
f 1813//3387 1810//3374 1817//3386
f 5755//3352 1813//3387 5756//3353
f 1817//3386 1812//3383 5196//1862
f 5756//3353 1817//3386 7568//1866
f 1810//3374 1813//3387 1814//3375
f 1814//3375 1818//3388 5764//3379
f 1813//3387 5755//3352 1818//3388
f 1818//3388 5754//3346 5763//3389
f 1820//3393 1819//3390 1824//3392
f 5176//1810 1820//3393 5177//1811
f 1824//3392 1823//3391 5757//3364
f 5177//1811 1824//3392 7569//1812
f 1819//3390 1820//3393 1821//3395
f 1821//3395 1825//3394 5770//3397
f 1820//3393 5176//1810 1825//3394
f 1825//3394 5175//1820 5769//3396
f 1822//3399 1819//3390 1826//3398
f 5773//3404 1822//3399 5772//3400
f 1826//3398 1821//3395 5771//3401
f 5772//3400 1826//3398 7697//3402
f 1819//3390 1822//3399 1823//3391
f 1823//3391 1827//3403 5758//3365
f 1822//3399 5773//3404 1827//3403
f 1827//3403 5774//3405 5759//3369
f 1829//3409 1828//3406 1833//3408
f 5779//3416 1829//3409 5778//3410
f 1833//3408 1832//3407 5777//3412
f 5778//3410 1833//3408 7698//3413
f 1828//3406 1829//3409 1830//3415
f 1830//3415 1834//3414 5185//1831
f 1829//3409 5779//3416 1834//3414
f 1834//3414 5780//3417 5186//1836
f 1831//3419 1828//3406 1835//3418
f 5767//3384 1831//3419 5768//3385
f 1835//3418 1830//3415 5184//1830
f 5768//3385 1835//3418 7570//1834
f 1828//3406 1831//3419 1832//3407
f 1832//3407 1836//3420 5776//3411
f 1831//3419 5767//3384 1836//3420
f 1836//3420 5766//3378 5775//3421
f 1838//3425 1837//3422 1842//3424
f 5164//1778 1838//3425 5165//1779
f 1842//3424 1841//3423 5769//3396
f 5165//1779 1842//3424 7571//1780
f 1837//3422 1838//3425 1839//3427
f 1839//3427 1843//3426 5782//3429
f 1838//3425 5164//1778 1843//3426
f 1843//3426 5163//1788 5781//3428
f 1840//3431 1837//3422 1844//3430
f 5785//3436 1840//3431 5784//3432
f 1844//3430 1839//3427 5783//3433
f 5784//3432 1844//3430 7695//3434
f 1837//3422 1840//3431 1841//3423
f 1841//3423 1845//3435 5770//3397
f 1840//3431 5785//3436 1845//3435
f 1845//3435 5786//3437 5771//3401
f 1847//3441 1846//3438 1851//3440
f 5791//3448 1847//3441 5790//3442
f 1851//3440 1850//3439 5789//3444
f 5790//3442 1851//3440 7696//3445
f 1846//3438 1847//3441 1848//3447
f 1848//3447 1852//3446 5173//1799
f 1847//3441 5791//3448 1852//3446
f 1852//3446 5792//3449 5174//1804
f 1849//3451 1846//3438 1853//3450
f 5779//3416 1849//3451 5780//3417
f 1853//3450 1848//3447 5172//1798
f 5780//3417 1853//3450 7572//1802
f 1846//3438 1849//3451 1850//3439
f 1850//3439 1854//3452 5788//3443
f 1849//3451 5779//3416 1854//3452
f 1854//3452 5778//3410 5787//3453
f 1855//3457 1859//3454 1856//3456
f 1856//3456 1860//3455 5152//1746
f 1860//3455 1859//3454 5781//3428
f 5153//1747 1860//3455 7573//1748
f 1857//3459 1855//3457 1861//3458
f 5794//3465 1857//3459 5793//3460
f 1861//3458 1856//3456 5151//1756
f 5793//3460 1861//3458 7575//1716
f 1855//3457 1857//3459 1858//3462
f 1858//3462 1862//3461 5797//3464
f 1857//3459 5794//3465 1862//3461
f 1862//3461 5795//3466 5796//3463
f 1859//3454 1855//3457 1863//3468
f 1859//3454 1863//3468 5782//3429
f 1863//3468 1858//3462 5798//3469
f 5783//3433 1863//3468 7695//3434
f 1864//3478 1868//3470 1865//3472
f 1865//3472 1869//3471 5803//3474
f 1868//3470 5800//3475 1869//3471
f 1869//3471 5801//3476 5802//3473
f 1866//3480 1864//3478 1870//3479
f 5161//1767 1866//3480 5162//1772
f 1870//3479 1865//3472 5804//3481
f 5162//1772 1870//3479 7576//1737
f 1864//3478 1866//3480 1867//3483
f 5791//3448 1867//3483 5792//3449
f 1866//3480 5161//1767 1871//3482
f 5792//3449 1871//3482 7574//1770
f 1868//3470 1864//3478 1872//3484
f 5800//3475 1868//3470 5799//3485
f 1867//3483 5791//3448 1872//3484
f 5799//3485 1872//3484 7696//3445
f 1873//3489 1877//3486 1874//3488
f 1874//3488 1878//3487 5140//1714
f 1877//3486 5794//3465 1878//3487
f 1878//3487 5793//3460 5141//1715
f 1875//3491 1873//3489 1879//3490
f 5806//3497 1875//3491 5805//3492
f 1879//3490 1874//3488 5139//1724
f 1879//3490 5139//1724 5805//3492
f 1873//3489 1875//3491 1876//3494
f 1876//3494 1880//3493 5809//3496
f 1875//3491 5806//3497 1880//3493
f 1880//3493 5807//3498 5808//3495
f 1877//3486 1873//3489 1881//3500
f 5794//3465 1877//3486 5795//3466
f 1881//3500 1876//3494 5810//3501
f 5795//3466 1881//3500 7693//3467
f 1882//3510 1886//3502 1883//3504
f 1883//3504 1887//3503 5815//3506
f 1886//3502 5812//3507 1887//3503
f 1887//3503 5813//3508 5814//3505
f 1884//3512 1882//3510 1888//3511
f 5149//1739 1884//3512 5150//1740
f 1888//3511 1883//3504 5816//3513
f 1888//3511 5816//3513 5150//1740
f 1882//3510 1884//3512 1885//3515
f 1885//3515 1889//3514 5803//3474
f 1884//3512 5149//1739 1889//3514
f 1889//3514 5148//1735 5804//3481
f 1886//3502 1882//3510 1890//3516
f 5812//3507 1886//3502 5811//3517
f 1890//3516 1885//3515 5802//3473
f 5811//3517 1890//3516 7694//3477
f 1892//3521 1891//3518 1896//3520
f 5128//1682 1892//3521 5129//1683
f 1896//3520 1895//3519 5805//3492
f 5129//1683 1896//3520 7577//1684
f 1891//3518 1892//3521 1893//3523
f 1893//3523 1897//3522 5818//3525
f 1892//3521 5128//1682 1897//3522
f 1897//3522 5127//1692 5817//3524
f 1894//3527 1891//3518 1898//3526
f 5821//3532 1894//3527 5820//3528
f 1898//3526 1893//3523 5819//3529
f 5820//3528 1898//3526 7687//3530
f 1891//3518 1894//3527 1895//3519
f 1895//3519 1899//3531 5806//3497
f 1894//3527 5821//3532 1899//3531
f 5807//3498 1899//3531 7691//3499
f 1901//3537 1900//3534 1905//3536
f 5827//3544 1901//3537 5826//3538
f 1905//3536 1904//3535 5825//3540
f 5826//3538 1905//3536 7688//3541
f 1900//3534 1901//3537 1902//3543
f 1902//3543 1906//3542 5137//1703
f 1901//3537 5827//3544 1906//3542
f 1906//3542 5828//3545 5138//1708
f 1903//3547 1900//3534 1907//3546
f 5815//3506 1903//3547 5816//3513
f 1907//3546 1902//3543 5136//1702
f 5816//3513 1907//3546 7578//1706
f 1900//3534 1903//3547 1904//3535
f 1904//3535 1908//3548 5824//3539
f 1903//3547 5815//3506 1908//3548
f 5823//3549 1908//3548 7692//3509
f 1910//3553 1909//3550 1914//3552
f 5116//1654 1910//3553 5117//1655
f 1914//3552 1913//3551 5817//3524
f 5117//1655 1914//3552 7630//1656
f 1909//3550 1910//3553 1911//3555
f 1911//3555 1915//3554 5830//3557
f 1910//3553 5116//1654 1915//3554
f 1915//3554 5115//1649 5829//3556
f 1912//3559 1909//3550 1916//3558
f 5833//3564 1912//3559 5832//3560
f 1916//3558 1911//3555 5831//3561
f 5832//3560 1916//3558 7689//3562
f 1909//3550 1912//3559 1913//3551
f 1913//3551 1917//3563 5818//3525
f 1912//3559 5833//3564 1917//3563
f 1917//3563 5834//3565 5819//3529
f 1919//3569 1918//3566 1923//3568
f 5839//3576 1919//3569 5838//3570
f 1923//3568 1922//3567 5837//3572
f 5838//3570 1923//3568 7690//3573
f 1918//3566 1919//3569 1920//3575
f 1920//3575 1924//3574 5125//1669
f 1919//3569 5839//3576 1924//3574
f 1924//3574 5840//3577 5126//1674
f 1921//3579 1918//3566 1925//3578
f 5827//3544 1921//3579 5828//3545
f 1925//3578 1920//3575 5124//1668
f 5828//3545 1925//3578 7631//1672
f 1918//3566 1921//3579 1922//3567
f 1922//3567 1926//3580 5836//3571
f 1921//3579 5827//3544 1926//3580
f 1926//3580 5826//3538 5835//3581
f 1928//3585 1927//3582 1932//3584
f 1928//3585 1932//3584 5101//1609
f 1932//3584 1931//3583 5829//3556
f 1932//3584 5829//3556 5102//1617
f 1927//3582 1928//3585 1929//3587
f 1929//3587 1933//3586 5722//3265
f 1933//3586 1928//3585 5100//1608
f 1933//3586 5100//1608 5723//3266
f 1930//3589 1927//3582 1934//3588
f 5842//3592 1930//3589 5841//3590
f 1934//3588 1929//3587 5721//3275
f 5841//3590 1934//3588 7707//3277
f 1927//3582 1930//3589 1931//3583
f 1931//3583 1935//3591 5830//3557
f 1930//3589 5842//3592 1935//3591
f 1935//3591 5843//3593 5831//3561
f 1937//3597 1936//3594 1941//3596
f 5731//3291 1937//3597 5732//3292
f 1941//3596 1940//3595 5846//3599
f 5732//3292 1941//3596 7708//3293
f 1936//3594 1937//3597 1938//3601
f 5110//1640 1938//3601 5111//1641
f 1937//3597 5731//3291 1942//3600
f 1942//3600 5730//3288 5111//1641
f 1939//3603 1936//3594 1943//3602
f 5839//3576 1939//3603 5840//3577
f 1938//3601 5110//1640 1943//3602
f 1943//3602 5109//1633 5840//3577
f 1936//3594 1939//3603 1940//3595
f 1940//3595 1944//3604 5845//3598
f 1939//3603 5839//3576 1944//3604
f 1944//3604 5838//3570 5844//3605
f 1946//3609 1945//3606 1950//3608
f 5842//3592 1946//3609 5843//3593
f 1950//3608 1949//3607 5849//3611
f 5843//3593 1950//3608 7689//3562
f 1945//3606 1946//3609 1947//3613
f 1947//3613 1951//3612 5851//3615
f 1946//3609 5842//3592 1951//3612
f 1951//3612 5841//3590 5850//3614
f 1948//3621 1945//3606 1952//3616
f 1948//3621 1952//3616 5854//3618
f 1952//3616 1947//3613 5852//3619
f 1952//3616 5852//3619 5853//3617
f 1949//3607 1945//3606 1953//3622
f 1949//3607 1953//3622 5848//3610
f 1953//3622 1948//3621 5855//3624
f 5847//3623 1953//3622 7727//3625
f 1955//3629 1954//3626 1959//3628
f 5860//3636 1955//3629 5859//3630
f 1958//3627 5857//3631 1959//3628
f 1959//3628 5858//3632 5859//3630
f 1954//3626 1955//3629 1956//3635
f 1956//3635 1960//3634 5845//3598
f 1955//3629 5860//3636 1960//3634
f 1960//3634 5861//3637 5846//3599
f 1957//3639 1954//3626 1961//3638
f 5863//3643 1957//3639 5862//3640
f 1961//3638 1956//3635 5844//3605
f 5862//3640 1961//3638 7690//3573
f 1958//3627 1954//3626 1962//3641
f 5857//3631 1958//3627 5856//3642
f 1957//3639 5863//3643 1962//3641
f 5856//3642 1962//3641 7728//3645
f 1964//3649 1963//3646 1968//3648
f 5833//3564 1964//3649 5834//3565
f 1968//3648 1967//3647 5867//3651
f 5834//3565 1968//3648 7687//3530
f 1963//3646 1964//3649 1965//3653
f 1965//3653 1969//3652 5848//3610
f 1964//3649 5833//3564 1969//3652
f 1969//3652 5832//3560 5849//3611
f 1966//3655 1963//3646 1970//3654
f 5869//3659 1966//3655 5868//3656
f 1970//3654 1965//3653 5847//3623
f 5868//3656 1970//3654 7727//3625
f 1963//3646 1966//3655 1967//3647
f 1967//3647 1971//3657 5866//3650
f 1966//3655 5869//3659 1971//3657
f 1971//3657 5870//3660 5865//3658
f 1973//3665 1972//3662 1977//3664
f 5863//3643 1973//3665 5864//3644
f 1977//3664 1976//3663 5873//3667
f 5864//3644 1977//3664 7728//3645
f 1972//3662 1973//3665 1974//3669
f 1974//3669 1978//3668 5836//3571
f 1973//3665 5863//3643 1978//3668
f 1978//3668 5862//3640 5837//3572
f 1975//3671 1972//3662 1979//3670
f 5875//3675 1975//3671 5874//3672
f 1979//3670 1974//3669 5835//3581
f 5874//3672 1979//3670 7688//3541
f 1972//3662 1975//3671 1976//3663
f 1976//3663 1980//3673 5872//3666
f 1975//3671 5875//3675 1980//3673
f 1980//3673 5876//3676 5871//3674
f 1982//3681 1981//3678 1986//3680
f 5821//3532 1982//3681 5822//3533
f 1985//3679 5878//3682 1986//3680
f 1986//3680 5879//3683 5822//3533
f 1981//3678 1982//3681 1983//3685
f 1983//3685 1987//3684 5866//3650
f 1982//3681 5821//3532 1987//3684
f 1987//3684 5820//3528 5867//3651
f 1984//3687 1981//3678 1988//3686
f 5881//3691 1984//3687 5880//3688
f 1988//3686 1983//3685 5865//3658
f 5880//3688 1988//3686 7729//3661
f 1981//3678 1984//3687 1985//3679
f 5878//3682 1985//3679 5877//3690
f 1984//3687 5881//3691 1989//3689
f 1989//3689 5882//3692 5877//3690
f 1991//3697 1990//3694 1995//3696
f 5875//3675 1991//3697 5876//3676
f 1995//3696 1994//3695 5885//3699
f 5876//3676 1995//3696 7730//3677
f 1990//3694 1991//3697 1992//3701
f 1992//3701 1996//3700 5824//3539
f 1991//3697 5875//3675 1996//3700
f 1996//3700 5874//3672 5825//3540
f 1993//3705 1990//3694 1997//3702
f 1993//3705 1997//3702 5887//3704
f 1997//3702 1992//3701 5823//3549
f 1997//3702 5823//3549 5886//3703
f 1990//3694 1993//3705 1994//3695
f 1994//3695 1998//3706 5884//3698
f 1998//3706 1993//3705 5888//3708
f 1998//3706 5888//3708 5883//3707
f 1999//3715 2003//3710 2000//3712
f 2000//3712 2004//3711 5809//3496
f 2003//3710 5890//3713 2004//3711
f 2004//3711 5891//3714 5810//3501
f 2001//3717 1999//3715 2005//3716
f 5878//3682 2001//3717 5879//3683
f 2005//3716 2000//3712 5808//3495
f 5879//3683 2005//3716 7691//3499
f 1999//3715 2001//3717 2002//3719
f 2002//3719 2006//3718 5893//3721
f 2001//3717 5878//3682 2006//3718
f 5892//3720 2006//3718 7725//3693
f 2003//3710 1999//3715 2007//3722
f 5890//3713 2003//3710 5889//3723
f 2007//3722 2002//3719 5894//3724
f 5889//3723 2007//3722 7723//3725
f 2008//3731 2012//3726 2009//3728
f 2009//3728 2013//3727 5887//3704
f 2012//3726 5896//3729 2013//3727
f 5888//3708 2013//3727 7726//3709
f 2010//3733 2008//3731 2014//3732
f 5812//3507 2010//3733 5813//3508
f 2014//3732 2009//3728 5886//3703
f 5813//3508 2014//3732 7692//3509
f 2008//3731 2010//3733 2011//3735
f 2011//3735 2015//3734 5899//3737
f 2010//3733 5812//3507 2015//3734
f 2015//3734 5811//3517 5898//3736
f 2012//3726 2008//3731 2016//3738
f 5896//3729 2012//3726 5895//3739
f 2016//3738 2011//3735 5900//3740
f 5895//3739 2016//3738 7724//3741
f 2017//3747 2021//3742 2018//3744
f 2018//3744 2022//3743 5797//3464
f 2022//3743 2021//3742 5903//3746
f 5798//3469 2022//3743 7695//3434
f 2019//3749 2017//3747 2023//3748
f 5890//3713 2019//3749 5891//3714
f 2023//3748 2018//3744 5796//3463
f 5891//3714 2023//3748 7693//3467
f 2017//3747 2019//3749 2020//3751
f 2020//3751 2024//3750 5905//3753
f 2019//3749 5890//3713 2024//3750
f 2024//3750 5889//3723 5904//3752
f 2021//3742 2017//3747 2025//3754
f 2021//3742 2025//3754 5902//3745
f 2020//3751 5905//3753 2025//3754
f 2025//3754 5906//3756 5901//3755
f 2026//3763 2030//3758 2027//3760
f 2027//3760 2031//3759 5899//3737
f 2030//3758 5908//3761 2031//3759
f 2031//3759 5909//3762 5900//3740
f 2028//3765 2026//3763 2032//3764
f 5800//3475 2028//3765 5801//3476
f 2032//3764 2027//3760 5898//3736
f 5801//3476 2032//3764 7694//3477
f 2026//3763 2028//3765 2029//3767
f 5911//3771 2029//3767 5910//3768
f 2028//3765 5800//3475 2033//3766
f 5910//3768 2033//3766 7696//3445
f 2030//3758 2026//3763 2034//3769
f 2030//3758 2034//3769 5908//3761
f 2029//3767 5911//3771 2034//3769
f 2034//3769 5912//3772 5907//3770
f 2036//3777 2035//3774 2040//3776
f 5785//3436 2036//3777 5786//3437
f 2040//3776 2039//3775 5915//3779
f 5786//3437 2040//3776 7697//3402
f 2035//3774 2036//3777 2037//3781
f 2037//3781 2041//3780 5902//3745
f 2036//3777 5785//3436 2041//3780
f 2041//3780 5784//3432 5903//3746
f 2038//3783 2035//3774 2042//3782
f 5917//3787 2038//3783 5916//3784
f 2042//3782 2037//3781 5901//3755
f 5916//3784 2042//3782 7721//3757
f 2035//3774 2038//3783 2039//3775
f 2039//3775 2043//3785 5914//3778
f 2038//3783 5917//3787 2043//3785
f 2043//3785 5918//3788 5913//3786
f 2045//3793 2044//3790 2049//3792
f 5911//3771 2045//3793 5912//3772
f 2049//3792 2048//3791 5921//3795
f 5912//3772 2049//3792 7722//3773
f 2044//3790 2045//3793 2046//3797
f 2046//3797 2050//3796 5788//3443
f 2045//3793 5911//3771 2050//3796
f 2050//3796 5910//3768 5789//3444
f 2047//3799 2044//3790 2051//3798
f 5923//3803 2047//3799 5922//3800
f 2051//3798 2046//3797 5787//3453
f 5922//3800 2051//3798 7698//3413
f 2044//3790 2047//3799 2048//3791
f 2048//3791 2052//3801 5920//3794
f 2047//3799 5923//3803 2052//3801
f 2052//3801 5924//3804 5919//3802
f 2054//3809 2053//3806 2058//3808
f 5773//3404 2054//3809 5774//3405
f 2058//3808 2057//3807 5927//3811
f 5774//3405 2058//3808 7699//3370
f 2053//3806 2054//3809 2055//3813
f 2055//3813 2059//3812 5914//3778
f 2054//3809 5773//3404 2059//3812
f 2059//3812 5772//3400 5915//3779
f 2056//3815 2053//3806 2060//3814
f 5929//3819 2056//3815 5928//3816
f 2060//3814 2055//3813 5913//3786
f 5928//3816 2060//3814 7719//3789
f 2053//3806 2056//3815 2057//3807
f 2057//3807 2061//3817 5926//3810
f 2056//3815 5929//3819 2061//3817
f 5925//3818 2061//3817 7717//3821
f 2063//3825 2062//3822 2067//3824
f 5923//3803 2063//3825 5924//3804
f 2067//3824 2066//3823 5933//3827
f 5924//3804 2067//3824 7720//3805
f 2062//3822 2063//3825 2064//3829
f 2064//3829 2068//3828 5776//3411
f 2063//3825 5923//3803 2068//3828
f 2068//3828 5922//3800 5777//3412
f 2065//3831 2062//3822 2069//3830
f 5935//3835 2065//3831 5934//3832
f 2069//3830 2064//3829 5775//3421
f 5934//3832 2069//3830 7700//3381
f 2062//3822 2065//3831 2066//3823
f 2066//3823 2070//3833 5932//3826
f 2065//3831 5935//3835 2070//3833
f 5931//3834 2070//3833 7718//3837
f 2071//3843 2075//3838 2072//3840
f 5761//3372 2072//3840 5762//3373
f 2075//3838 5938//3841 2076//3839
f 5762//3373 2076//3839 7701//3338
f 2073//3845 2071//3843 2077//3844
f 5926//3810 2073//3845 5927//3811
f 2072//3840 5761//3372 2077//3844
f 2077//3844 5760//3368 5927//3811
f 2071//3843 2073//3845 2074//3847
f 2074//3847 2078//3846 5941//3849
f 2073//3845 5926//3810 2078//3846
f 2078//3846 5925//3818 5940//3848
f 2075//3838 2071//3843 2079//3850
f 5938//3841 2075//3838 5937//3851
f 2079//3850 2074//3847 5942//3852
f 5937//3851 2079//3850 7715//3853
f 2080//3859 2084//3854 2081//3856
f 2081//3856 2085//3855 5935//3835
f 2084//3854 5944//3857 2085//3855
f 2085//3855 5945//3858 5936//3836
f 2082//3861 2080//3859 2086//3860
f 2082//3861 2086//3860 5764//3379
f 2086//3860 2081//3856 5934//3832
f 2086//3860 5934//3832 5765//3380
f 2080//3859 2082//3861 2083//3863
f 2083//3863 2087//3862 5947//3865
f 2087//3862 2082//3861 5763//3389
f 5946//3864 2087//3862 7702//3349
f 2084//3854 2080//3859 2088//3866
f 5944//3857 2084//3854 5943//3867
f 2088//3866 2083//3863 5948//3868
f 5943//3867 2088//3866 7716//3869
f 2089//3875 2093//3870 2090//3872
f 2090//3872 2094//3871 5749//3340
f 2093//3870 5950//3873 2094//3871
f 2094//3871 5951//3874 5750//3341
f 2091//3877 2089//3875 2095//3876
f 5938//3841 2091//3877 5939//3842
f 2095//3876 2090//3872 5748//3336
f 2095//3876 5748//3336 5939//3842
f 2089//3875 2091//3877 2092//3879
f 2092//3879 2096//3878 5953//3881
f 2091//3877 5938//3841 2096//3878
f 2096//3878 5937//3851 5952//3880
f 2093//3870 2089//3875 2097//3882
f 5950//3873 2093//3870 5949//3883
f 2097//3882 2092//3879 5954//3884
f 5949//3883 2097//3882 7713//3885
f 2098//3891 2102//3886 2099//3888
f 2099//3888 2103//3887 5947//3865
f 2102//3886 5956//3889 2103//3887
f 2103//3887 5957//3890 5948//3868
f 2100//3893 2098//3891 2104//3892
f 5752//3347 2100//3893 5753//3348
f 2104//3892 2099//3888 5946//3864
f 2104//3892 5946//3864 5753//3348
f 2098//3891 2100//3893 2101//3895
f 2101//3895 2105//3894 5959//3897
f 2100//3893 5752//3347 2105//3894
f 2105//3894 5751//3357 5958//3896
f 2102//3886 2098//3891 2106//3898
f 5956//3889 2102//3886 5955//3899
f 2106//3898 2101//3895 5960//3900
f 5955//3899 2106//3898 7714//3901
f 2108//3907 2107//3902 2112//3904
f 2108//3907 2112//3904 5737//3304
f 2112//3904 2111//3903 5963//3906
f 5738//3309 2112//3904 7685//3204
f 2109//3909 2107//3902 2113//3908
f 5950//3873 2109//3909 5951//3874
f 2113//3908 2108//3907 5736//3303
f 5951//3874 2113//3908 7703//3307
f 2107//3902 2109//3909 2110//3911
f 2110//3911 2114//3910 5965//3913
f 2109//3909 5950//3873 2114//3910
f 2114//3910 5949//3883 5964//3912
f 2107//3902 2110//3911 2111//3903
f 2111//3903 2115//3914 5962//3905
f 2110//3911 5965//3913 2115//3914
f 2115//3914 5966//3916 5961//3915
f 2116//3923 2120//3918 2117//3920
f 2117//3920 2121//3919 5959//3897
f 2120//3918 5968//3921 2121//3919
f 2121//3919 5969//3922 5960//3900
f 2118//3925 2116//3923 2122//3924
f 5740//3315 2118//3925 5741//3316
f 2122//3924 2117//3920 5958//3896
f 5741//3316 2122//3924 7704//3317
f 2119//3927 2116//3923 2123//3926
f 5971//3931 2119//3927 5970//3928
f 2118//3925 5740//3315 2123//3926
f 5970//3928 2123//3926 7686//3217
f 2116//3923 2119//3927 2120//3918
f 2120//3918 2124//3929 5968//3921
f 2119//3927 5971//3931 2124//3929
f 2124//3929 5972//3932 5967//3930
f 2126//3937 2125//3934 2130//3936
f 5725//3273 2126//3937 5726//3276
f 2130//3936 2129//3935 5850//3614
f 2130//3936 5850//3614 5726//3276
f 2125//3934 2126//3937 2127//3939
f 2127//3939 2131//3938 5974//3941
f 2126//3937 5725//3273 2131//3938
f 2131//3938 5724//3272 5973//3940
f 2128//3943 2125//3934 2132//3942
f 5977//3948 2128//3943 5976//3944
f 2132//3942 2127//3939 5975//3945
f 5976//3944 2132//3942 7711//3946
f 2125//3934 2128//3943 2129//3935
f 2129//3935 2133//3947 5851//3615
f 2128//3943 5977//3948 2133//3947
f 2133//3947 5978//3949 5852//3619
f 2135//3953 2134//3950 2139//3952
f 5983//3960 2135//3953 5982//3954
f 2139//3952 2138//3951 5981//3956
f 5982//3954 2139//3952 7712//3957
f 2134//3950 2135//3953 2136//3959
f 2136//3959 2140//3958 5728//3281
f 2135//3953 5983//3960 2140//3958
f 2140//3958 5984//3961 5729//3282
f 2137//3963 2134//3950 2141//3962
f 5860//3636 2137//3963 5861//3637
f 2141//3962 2136//3959 5727//3290
f 2141//3962 5727//3290 5861//3637
f 2134//3950 2137//3963 2138//3951
f 2138//3951 2142//3964 5980//3955
f 2137//3963 5860//3636 2142//3964
f 2142//3964 5859//3630 5979//3965
f 2144//3969 2143//3966 2148//3968
f 5713//3243 2144//3969 5714//3244
f 2148//3968 2147//3967 5973//3940
f 5714//3244 2148//3968 7705//3245
f 2143//3966 2144//3969 2145//3971
f 2145//3971 2149//3970 5986//3973
f 2144//3969 5713//3243 2149//3970
f 2149//3970 5712//3240 5985//3972
f 2146//3975 2143//3966 2150//3974
f 5989//3980 2146//3975 5988//3976
f 2150//3974 2145//3971 5987//3977
f 5988//3976 2150//3974 7733//3978
f 2143//3966 2146//3975 2147//3967
f 2147//3967 2151//3979 5974//3941
f 2146//3975 5989//3980 2151//3979
f 2151//3979 5990//3981 5975//3945
f 2153//3985 2152//3982 2157//3984
f 5995//3992 2153//3985 5994//3986
f 2157//3984 2156//3983 5993//3988
f 5994//3986 2157//3984 7734//3989
f 2152//3982 2153//3985 2154//3991
f 2154//3991 2158//3990 5716//3250
f 2153//3985 5995//3992 2158//3990
f 2158//3990 5996//3993 5717//3251
f 2155//3995 2152//3982 2159//3994
f 5983//3960 2155//3995 5984//3961
f 2159//3994 2154//3991 5715//3259
f 5984//3961 2159//3994 7706//3261
f 2152//3982 2155//3995 2156//3983
f 2156//3983 2160//3996 5992//3987
f 2155//3995 5983//3960 2160//3996
f 2160//3996 5982//3954 5991//3997
f 2162//4001 2161//3998 2166//4000
f 5698//3207 2162//4001 5699//3208
f 2166//4000 2165//3999 5985//3972
f 5699//3208 2166//4000 7683//3209
f 2161//3998 2162//4001 2163//4003
f 2163//4003 2167//4002 5962//3905
f 2162//4001 5698//3207 2167//4002
f 2167//4002 5697//3202 5963//3906
f 2164//4005 2161//3998 2168//4004
f 5998//4008 2164//4005 5997//4006
f 2168//4004 2163//4003 5961//3915
f 5997//4006 2168//4004 7731//3917
f 2161//3998 2164//4005 2165//3999
f 2165//3999 2169//4007 5986//3973
f 2164//4005 5998//4008 2169//4007
f 2169//4007 5999//4009 5987//3977
f 2171//4013 2170//4010 2175//4012
f 5971//3931 2171//4013 5972//3932
f 2175//4012 2174//4011 6002//4015
f 5972//3932 2175//4012 7732//3933
f 2170//4010 2171//4013 2172//4017
f 2172//4017 2176//4016 5701//3215
f 2171//4013 5971//3931 2176//4016
f 2176//4016 5970//3928 5702//3216
f 2173//4019 2170//4010 2177//4018
f 5995//3992 2173//4019 5996//3993
f 2177//4018 2172//4017 5700//3226
f 5996//3993 2177//4018 7684//3229
f 2170//4010 2173//4019 2174//4011
f 2174//4011 2178//4020 6001//4014
f 2173//4019 5995//3992 2178//4020
f 2178//4020 5994//3986 6000//4021
f 2179//4027 2183//4022 2180//4024
f 2180//4024 2184//4023 5083//1574
f 2184//4023 2183//4022 6005//4026
f 2184//4023 6005//4026 5084//1579
f 2181//4029 2179//4027 2185//4028
f 6007//4035 2181//4029 6006//4030
f 2185//4028 2180//4024 5082//1573
f 6006//4030 2185//4028 7559//1540
f 2179//4027 2181//4029 2182//4032
f 2182//4032 2186//4031 6010//4034
f 2181//4029 6007//4035 2186//4031
f 2186//4031 6008//4036 6009//4033
f 2183//4022 2179//4027 2187//4038
f 6004//4025 2183//4022 6003//4039
f 2187//4038 2182//4032 6011//4040
f 6003//4039 2187//4038 7524//4041
f 2188//4050 2192//4042 2189//4044
f 2189//4044 2193//4043 6016//4046
f 2192//4042 6013//4047 2193//4043
f 2193//4043 6014//4048 6015//4045
f 2190//4052 2188//4050 2194//4051
f 5095//1601 2190//4052 5096//1602
f 2194//4051 2189//4044 6017//4053
f 5096//1602 2194//4051 7560//1563
f 2188//4050 2190//4052 2191//4055
f 6004//4025 2191//4055 6005//4026
f 2190//4052 5095//1601 2195//4054
f 2195//4054 5094//1598 6005//4026
f 2192//4042 2188//4050 2196//4056
f 6013//4047 2192//4042 6012//4057
f 2196//4056 2191//4055 6003//4039
f 6012//4057 2196//4056 7524//4041
f 2197//4061 2201//4058 2198//4060
f 2198//4060 2202//4059 5065//1534
f 2201//4058 6007//4035 2202//4059
f 2202//4059 6006//4030 5066//1539
f 2199//4063 2197//4061 2203//4062
f 6019//4069 2199//4063 6018//4064
f 2203//4062 2198//4060 5064//1533
f 6018//4064 2203//4062 7557//1500
f 2197//4061 2199//4063 2200//4066
f 2200//4066 2204//4065 6022//4068
f 2204//4065 2199//4063 6020//4070
f 6021//4067 2204//4065 7737//4071
f 2201//4058 2197//4061 2205//4072
f 6007//4035 2201//4058 6008//4036
f 2205//4072 2200//4066 6023//4073
f 6008//4036 2205//4072 7735//4037
f 2206//4081 2210//4074 2207//4076
f 6028//4084 2207//4076 6027//4077
f 2210//4074 6025//4078 2211//4075
f 6027//4077 2211//4075 7738//4080
f 2208//4083 2206//4081 2212//4082
f 5080//1566 2208//4083 5081//1567
f 2212//4082 2207//4076 6029//4085
f 5081//1567 2212//4082 7558//1523
f 2206//4081 2208//4083 2209//4087
f 2209//4087 2213//4086 6016//4046
f 2208//4083 5080//1566 2213//4086
f 2213//4086 5079//1561 6017//4053
f 2210//4074 2206//4081 2214//4088
f 6025//4078 2210//4074 6024//4089
f 2214//4088 2209//4087 6015//4045
f 6024//4089 2214//4088 7736//4049
f 2215//4093 2219//4090 2216//4092
f 2216//4092 2220//4091 5047//1494
f 2219//4090 6019//4069 2220//4091
f 2220//4091 6018//4064 5048//1499
f 2217//4095 2215//4093 2221//4094
f 6031//4101 2217//4095 6030//4096
f 2221//4094 2216//4092 5046//1493
f 6030//4096 2221//4094 7555//1460
f 2215//4093 2217//4095 2218//4098
f 2218//4098 2222//4097 6034//4100
f 2217//4095 6031//4101 2222//4097
f 2222//4097 6032//4102 6033//4099
f 2219//4090 2215//4093 2223//4104
f 6019//4069 2219//4090 6020//4070
f 2223//4104 2218//4098 6035//4105
f 6020//4070 2223//4104 7737//4071
f 2224//4114 2228//4106 2225//4108
f 2225//4108 2229//4107 6040//4110
f 2228//4106 6037//4111 2229//4107
f 2229//4107 6038//4112 6039//4109
f 2226//4116 2224//4114 2230//4115
f 5062//1526 2226//4116 5063//1527
f 2230//4115 2225//4108 6041//4117
f 5063//1527 2230//4115 7556//1483
f 2224//4114 2226//4116 2227//4119
f 2227//4119 2231//4118 6028//4084
f 2226//4116 5062//1526 2231//4118
f 2231//4118 5061//1521 6029//4085
f 2228//4106 2224//4114 2232//4120
f 6037//4111 2228//4106 6036//4121
f 2232//4120 2227//4119 6027//4077
f 6036//4121 2232//4120 7738//4080
f 2233//4125 2237//4122 2234//4124
f 2234//4124 2238//4123 5029//1454
f 2237//4122 6031//4101 2238//4123
f 2238//4123 6030//4096 5030//1459
f 2235//4127 2233//4125 2239//4126
f 6043//4132 2235//4127 6042//4128
f 2239//4126 2234//4124 5028//1453
f 6042//4128 2239//4126 7553//1420
f 2233//4125 2235//4127 2236//4130
f 6046//4136 2236//4130 6045//4131
f 2235//4127 6043//4132 2240//4129
f 6045//4131 2240//4129 7741//4134
f 2237//4122 2233//4125 2241//4135
f 6031//4101 2237//4122 6032//4102
f 2241//4135 2236//4130 6047//4137
f 6032//4102 2241//4135 7739//4103
f 2242//4146 2246//4138 2243//4140
f 2243//4140 2247//4139 6052//4142
f 2247//4139 2246//4138 6050//4144
f 6051//4141 2247//4139 7742//4145
f 2244//4148 2242//4146 2248//4147
f 5044//1486 2244//4148 5045//1487
f 2248//4147 2243//4140 6053//4149
f 5045//1487 2248//4147 7554//1443
f 2242//4146 2244//4148 2245//4151
f 2245//4151 2249//4150 6040//4110
f 2244//4148 5044//1486 2249//4150
f 2249//4150 5043//1480 6041//4117
f 2246//4138 2242//4146 2250//4152
f 6049//4143 2246//4138 6048//4153
f 2250//4152 2245//4151 6039//4109
f 6048//4153 2250//4152 7740//4113
f 2251//4157 2255//4154 2252//4156
f 2252//4156 2256//4155 5011//1414
f 2255//4154 6043//4132 2256//4155
f 2256//4155 6042//4128 5012//1419
f 2253//4159 2251//4157 2257//4158
f 6055//4165 2253//4159 6054//4160
f 2257//4158 2252//4156 5010//1413
f 6054//4160 2257//4158 7551//1380
f 2251//4157 2253//4159 2254//4162
f 2254//4162 2258//4161 6058//4164
f 2253//4159 6055//4165 2258//4161
f 2258//4161 6056//4166 6057//4163
f 2255//4154 2251//4157 2259//4168
f 6043//4132 2255//4154 6044//4133
f 2259//4168 2254//4162 6059//4169
f 2259//4168 6059//4169 6044//4133
f 2260//4178 2264//4170 2261//4172
f 2261//4172 2265//4171 6064//4174
f 2264//4170 6061//4175 2265//4171
f 2265//4171 6062//4176 6063//4173
f 2262//4180 2260//4178 2266//4179
f 5026//1446 2262//4180 5027//1447
f 2266//4179 2261//4172 6065//4181
f 5027//1447 2266//4179 7552//1403
f 2260//4178 2262//4180 2263//4183
f 2263//4183 2267//4182 6052//4142
f 2262//4180 5026//1446 2267//4182
f 2267//4182 5025//1441 6053//4149
f 2264//4170 2260//4178 2268//4184
f 6061//4175 2264//4170 6060//4185
f 2268//4184 2263//4183 6051//4141
f 2268//4184 6051//4141 6060//4185
f 2269//4189 2273//4186 2270//4188
f 2270//4188 2274//4187 4993//1374
f 2273//4186 6055//4165 2274//4187
f 2274//4187 6054//4160 4994//1379
f 2271//4191 2269//4189 2275//4190
f 6067//4197 2271//4191 6066//4192
f 2275//4190 2270//4188 4992//1373
f 6066//4192 2275//4190 7549//1340
f 2269//4189 2271//4191 2272//4194
f 2272//4194 2276//4193 6070//4196
f 2271//4191 6067//4197 2276//4193
f 2276//4193 6068//4198 6069//4195
f 2273//4186 2269//4189 2277//4200
f 6055//4165 2273//4186 6056//4166
f 2277//4200 2272//4194 6071//4201
f 6056//4166 2277//4200 7743//4167
f 2278//4210 2282//4202 2279//4204
f 2279//4204 2283//4203 6076//4206
f 2282//4202 6073//4207 2283//4203
f 2283//4203 6074//4208 6075//4205
f 2280//4212 2278//4210 2284//4211
f 5008//1406 2280//4212 5009//1407
f 2284//4211 2279//4204 6077//4213
f 5009//1407 2284//4211 7550//1363
f 2278//4210 2280//4212 2281//4215
f 2281//4215 2285//4214 6064//4174
f 2280//4212 5008//1406 2285//4214
f 2285//4214 5007//1401 6065//4181
f 2282//4202 2278//4210 2286//4216
f 6073//4207 2282//4202 6072//4217
f 2286//4216 2281//4215 6063//4173
f 6072//4217 2286//4216 7744//4177
f 2287//4221 2291//4218 2288//4220
f 2288//4220 2292//4219 4975//1334
f 2291//4218 6067//4197 2292//4219
f 2292//4219 6066//4192 4976//1339
f 2289//4223 2287//4221 2293//4222
f 6079//4229 2289//4223 6078//4224
f 2293//4222 2288//4220 4974//1333
f 6078//4224 2293//4222 7547//1300
f 2287//4221 2289//4223 2290//4226
f 2290//4226 2294//4225 6082//4228
f 2289//4223 6079//4229 2294//4225
f 2294//4225 6080//4230 6081//4227
f 2291//4218 2287//4221 2295//4232
f 6067//4197 2291//4218 6068//4198
f 2295//4232 2290//4226 6083//4233
f 6068//4198 2295//4232 7745//4199
f 2296//4242 2300//4234 2297//4236
f 2297//4236 2301//4235 6088//4238
f 2300//4234 6085//4239 2301//4235
f 2301//4235 6086//4240 6087//4237
f 2298//4244 2296//4242 2302//4243
f 4990//1366 2298//4244 4991//1367
f 2302//4243 2297//4236 6089//4245
f 4991//1367 2302//4243 7548//1324
f 2296//4242 2298//4244 2299//4247
f 2299//4247 2303//4246 6076//4206
f 2298//4244 4990//1366 2303//4246
f 2303//4246 4989//1361 6077//4213
f 2300//4234 2296//4242 2304//4248
f 6085//4239 2300//4234 6084//4249
f 2304//4248 2299//4247 6075//4205
f 6084//4249 2304//4248 7746//4209
f 2306//4253 2305//4250 2310//4252
f 4957//1298 2306//4253 4958//1299
f 2309//4251 6079//4229 2310//4252
f 2310//4252 6078//4224 4958//1299
f 2305//4250 2306//4253 2307//4255
f 2307//4255 2311//4254 6091//4257
f 2306//4253 4957//1298 2311//4254
f 2311//4254 4956//1294 6090//4256
f 2308//4259 2305//4250 2312//4258
f 6094//4264 2308//4259 6093//4260
f 2312//4258 2307//4255 6092//4261
f 6093//4260 2312//4258 7749//4262
f 2305//4250 2308//4259 2309//4251
f 2309//4251 2313//4263 6079//4229
f 2308//4259 6094//4264 2313//4263
f 2313//4263 6095//4265 6080//4230
f 2315//4269 2314//4266 2319//4268
f 6100//4276 2315//4269 6099//4270
f 2319//4268 2318//4267 6098//4272
f 6099//4270 2319//4268 7750//4273
f 2314//4266 2315//4269 2316//4275
f 2316//4275 2320//4274 4972//1321
f 2315//4269 6100//4276 2320//4274
f 2320//4274 6101//4277 4973//1327
f 2317//4279 2314//4266 2321//4278
f 2317//4279 2321//4278 6088//4238
f 2321//4278 2316//4275 4971//1320
f 2321//4278 4971//1320 6089//4245
f 2314//4266 2317//4279 2318//4267
f 2318//4267 2322//4280 6097//4271
f 2317//4279 6088//4238 2322//4280
f 2322//4280 6087//4237 6096//4281
f 2324//4285 2323//4282 2328//4284
f 4939//1259 2324//4285 4940//1260
f 2328//4284 2327//4283 6090//4256
f 4940//1260 2328//4284 7545//1261
f 2323//4282 2324//4285 2325//4287
f 2325//4287 2329//4286 6103//4289
f 2324//4285 4939//1259 2329//4286
f 2329//4286 4938//1254 6102//4288
f 2326//4291 2323//4282 2330//4290
f 6106//4296 2326//4291 6105//4292
f 2330//4290 2325//4287 6104//4293
f 6105//4292 2330//4290 7751//4294
f 2323//4282 2326//4291 2327//4283
f 2327//4283 2331//4295 6091//4257
f 2326//4291 6106//4296 2331//4295
f 2331//4295 6107//4297 6092//4261
f 2333//4301 2332//4298 2337//4300
f 6112//4308 2333//4301 6111//4302
f 2337//4300 2336//4299 6110//4304
f 6111//4302 2337//4300 7752//4305
f 2332//4298 2333//4301 2334//4307
f 2334//4307 2338//4306 4954//1281
f 2333//4301 6112//4308 2338//4306
f 2338//4306 6113//4309 4955//1287
f 2335//4311 2332//4298 2339//4310
f 6100//4276 2335//4311 6101//4277
f 2339//4310 2334//4307 4953//1280
f 6101//4277 2339//4310 7546//1284
f 2332//4298 2335//4311 2336//4299
f 2336//4299 2340//4312 6109//4303
f 2335//4311 6100//4276 2340//4312
f 2340//4312 6099//4270 6108//4313
f 2341//4322 2345//4314 2342//4316
f 2342//4316 2346//4315 6118//4318
f 2345//4314 6115//4319 2346//4315
f 2346//4315 6116//4320 6117//4317
f 2343//4324 2341//4322 2347//4323
f 6121//4332 2343//4324 6120//4325
f 2347//4323 2342//4316 6119//4326
f 6120//4325 2347//4323 7760//4327
f 2341//4322 2343//4324 2344//4329
f 2344//4329 2348//4328 6124//4331
f 2343//4324 6121//4332 2348//4328
f 2348//4328 6122//4333 6123//4330
f 2345//4314 2341//4322 2349//4335
f 6115//4319 2345//4314 6114//4336
f 2349//4335 2344//4329 6125//4337
f 6114//4336 2349//4335 7789//4338
f 2350//4347 2354//4339 2351//4341
f 2351//4341 2355//4340 6130//4343
f 2354//4339 6127//4344 2355//4340
f 2355//4340 6128//4345 6129//4342
f 2352//4349 2350//4347 2356//4348
f 6118//4318 2352//4349 6119//4326
f 2356//4348 2351//4341 6131//4350
f 6119//4326 2356//4348 7760//4327
f 2350//4347 2352//4349 2353//4352
f 2353//4352 2357//4351 6133//4354
f 2352//4349 6118//4318 2357//4351
f 2357//4351 6117//4317 6132//4353
f 2354//4339 2350//4347 2358//4355
f 6127//4344 2354//4339 6126//4356
f 2358//4355 2353//4352 6134//4357
f 6126//4356 2358//4355 7790//4358
f 2359//4367 2363//4359 2360//4361
f 2360//4361 2364//4360 6139//4363
f 2363//4359 6136//4364 2364//4360
f 2364//4360 6137//4365 6138//4362
f 2361//4369 2359//4367 2365//4368
f 6115//4319 2361//4369 6116//4320
f 2365//4368 2360//4361 6140//4370
f 6116//4320 2365//4368 7759//4321
f 2359//4367 2361//4369 2362//4372
f 2362//4372 2366//4371 6142//4374
f 2361//4369 6115//4319 2366//4371
f 2366//4371 6114//4336 6141//4373
f 2363//4359 2359//4367 2367//4375
f 6136//4364 2363//4359 6135//4376
f 2367//4375 2362//4372 6143//4377
f 6135//4376 2367//4375 7787//4378
f 2368//4384 2372//4379 2369//4381
f 2369//4381 2373//4380 6133//4354
f 2372//4379 6145//4382 2373//4380
f 2373//4380 6146//4383 6134//4357
f 2370//4386 2368//4384 2374//4385
f 6139//4363 2370//4386 6140//4370
f 2374//4385 2369//4381 6132//4353
f 6140//4370 2374//4385 7759//4321
f 2368//4384 2370//4386 2371//4388
f 2371//4388 2375//4387 6148//4390
f 2370//4386 6139//4363 2375//4387
f 2375//4387 6138//4362 6147//4389
f 2372//4379 2368//4384 2376//4391
f 6145//4382 2372//4379 6144//4392
f 2376//4391 2371//4388 6149//4393
f 6144//4392 2376//4391 7788//4394
f 2377//4403 2381//4395 2378//4397
f 2378//4397 2382//4396 6154//4399
f 2381//4395 6151//4400 2382//4396
f 2382//4396 6152//4401 6153//4398
f 2379//4405 2377//4403 2383//4404
f 6136//4364 2379//4405 6137//4365
f 2383//4404 2378//4397 6155//4406
f 6137//4365 2383//4404 7758//4366
f 2377//4403 2379//4405 2380//4408
f 2380//4408 2384//4407 6157//4410
f 2379//4405 6136//4364 2384//4407
f 2384//4407 6135//4376 6156//4409
f 2381//4395 2377//4403 2385//4411
f 6151//4400 2381//4395 6150//4412
f 2385//4411 2380//4408 6158//4413
f 6150//4412 2385//4411 7791//4414
f 2386//4420 2390//4415 2387//4417
f 2387//4417 2391//4416 6148//4390
f 2390//4415 6160//4418 2391//4416
f 2391//4416 6161//4419 6149//4393
f 2388//4422 2386//4420 2392//4421
f 6154//4399 2388//4422 6155//4406
f 2392//4421 2387//4417 6147//4389
f 6155//4406 2392//4421 7758//4366
f 2386//4420 2388//4422 2389//4424
f 2389//4424 2393//4423 6163//4426
f 2388//4422 6154//4399 2393//4423
f 2393//4423 6153//4398 6162//4425
f 2390//4415 2386//4420 2394//4427
f 6160//4418 2390//4415 6159//4428
f 2394//4427 2389//4424 6164//4429
f 6159//4428 2394//4427 7792//4430
f 2396//4434 2395//4431 2400//4433
f 4822//1000 2396//4434 4823//1001
f 2400//4433 2399//4432 6167//4436
f 4823//1001 2400//4433 7540//1002
f 2395//4431 2396//4434 2397//4438
f 2397//4438 2401//4437 6169//4440
f 2396//4434 4822//1000 2401//4437
f 2401//4437 4821//1017 6168//4439
f 2398//4442 2395//4431 2402//4441
f 6151//4400 2398//4442 6152//4401
f 2402//4441 2397//4438 6170//4443
f 6152//4401 2402//4441 7757//4402
f 2395//4431 2398//4442 2399//4432
f 2399//4432 2403//4444 6166//4435
f 2398//4442 6151//4400 2403//4444
f 2403//4444 6150//4412 6165//4445
f 2405//4449 2404//4446 2409//4448
f 6169//4440 2405//4449 6170//4443
f 2409//4448 2408//4447 6162//4425
f 6170//4443 2409//4448 7757//4402
f 2404//4446 2405//4449 2406//4451
f 2406//4451 2410//4450 4840//1034
f 2405//4449 6169//4440 2410//4450
f 2410//4450 6168//4439 4841//1039
f 2407//4453 2404//4446 2411//4452
f 6172//4456 2407//4453 6171//4454
f 2411//4452 2406//4451 4839//1033
f 6171//4454 2411//4452 7541//1037
f 2404//4446 2407//4453 2408//4447
f 2408//4447 2412//4455 6163//4426
f 2407//4453 6172//4456 2412//4455
f 2412//4455 6173//4457 6164//4429
f 2414//4461 2413//4458 2418//4460
f 4843//1045 2414//4461 4844//1046
f 2418//4460 2417//4459 6176//4463
f 4844//1046 2418//4460 7538//1047
f 2413//4458 2414//4461 2415//4465
f 2415//4465 2419//4464 6166//4435
f 2414//4461 4843//1045 2419//4464
f 2419//4464 4842//1059 6167//4436
f 2416//4467 2413//4458 2420//4466
f 6178//4471 2416//4467 6177//4468
f 2420//4466 2415//4465 6165//4445
f 6177//4468 2420//4466 7791//4414
f 2413//4458 2416//4467 2417//4459
f 2417//4459 2421//4469 6175//4462
f 2416//4467 6178//4471 2421//4469
f 2421//4469 6179//4472 6174//4470
f 2423//4477 2422//4474 2427//4476
f 6172//4456 2423//4477 6173//4457
f 2427//4476 2426//4475 6182//4479
f 6173//4457 2427//4476 7792//4430
f 2422//4474 2423//4477 2424//4481
f 2424//4481 2428//4480 4858//1074
f 2423//4477 6172//4456 2428//4480
f 2428//4480 6171//4454 4859//1079
f 2425//4483 2422//4474 2429//4482
f 6184//4487 2425//4483 6183//4484
f 2429//4482 2424//4481 4857//1073
f 6183//4484 2429//4482 7539//1077
f 2422//4474 2425//4483 2426//4475
f 2426//4475 2430//4485 6181//4478
f 2425//4483 6184//4487 2430//4485
f 2430//4485 6185//4488 6180//4486
f 2432//4493 2431//4490 2436//4492
f 4861//1085 2432//4493 4862//1086
f 2436//4492 2435//4491 6188//4495
f 4862//1086 2436//4492 7536//1087
f 2431//4490 2432//4493 2433//4497
f 2433//4497 2437//4496 6175//4462
f 2432//4493 4861//1085 2437//4496
f 2437//4496 4860//1099 6176//4463
f 2434//4499 2431//4490 2438//4498
f 6190//4503 2434//4499 6189//4500
f 2438//4498 2433//4497 6174//4470
f 6189//4500 2438//4498 7785//4473
f 2431//4490 2434//4499 2435//4491
f 2435//4491 2439//4501 6187//4494
f 2434//4499 6190//4503 2439//4501
f 2439//4501 6191//4504 6186//4502
f 2441//4509 2440//4506 2445//4508
f 6184//4487 2441//4509 6185//4488
f 2445//4508 2444//4507 6194//4511
f 6185//4488 2445//4508 7786//4489
f 2440//4506 2441//4509 2442//4513
f 2442//4513 2446//4512 4876//1114
f 2441//4509 6184//4487 2446//4512
f 2446//4512 6183//4484 4877//1119
f 2443//4515 2440//4506 2447//4514
f 6196//4519 2443//4515 6195//4516
f 2447//4514 2442//4513 4875//1113
f 6195//4516 2447//4514 7537//1116
f 2440//4506 2443//4515 2444//4507
f 2444//4507 2448//4517 6193//4510
f 2443//4515 6196//4519 2448//4517
f 2448//4517 6197//4520 6192//4518
f 2450//4525 2449//4522 2454//4524
f 4879//1125 2450//4525 4880//1126
f 2454//4524 2453//4523 6200//4527
f 4880//1126 2454//4524 7534//1127
f 2449//4522 2450//4525 2451//4529
f 2451//4529 2455//4528 6187//4494
f 2450//4525 4879//1125 2455//4528
f 2455//4528 4878//1139 6188//4495
f 2452//4531 2449//4522 2456//4530
f 6202//4535 2452//4531 6201//4532
f 2456//4530 2451//4529 6186//4502
f 6201//4532 2456//4530 7781//4505
f 2449//4522 2452//4531 2453//4523
f 2453//4523 2457//4533 6199//4526
f 2452//4531 6202//4535 2457//4533
f 2457//4533 6203//4536 6198//4534
f 2459//4541 2458//4538 2463//4540
f 6196//4519 2459//4541 6197//4520
f 2463//4540 2462//4539 6206//4543
f 6197//4520 2463//4540 7782//4521
f 2458//4538 2459//4541 2460//4545
f 2460//4545 2464//4544 4894//1154
f 2459//4541 6196//4519 2464//4544
f 2464//4544 6195//4516 4895//1159
f 2461//4547 2458//4538 2465//4546
f 6208//4551 2461//4547 6207//4548
f 2465//4546 2460//4545 4893//1153
f 6207//4548 2465//4546 7535//1156
f 2458//4538 2461//4547 2462//4539
f 2462//4539 2466//4549 6205//4542
f 2461//4547 6208//4551 2466//4549
f 2466//4549 6209//4552 6204//4550
f 2467//4562 2471//4554 2468//4556
f 2468//4556 2472//4555 6211//4558
f 2471//4554 6202//4535 2472//4555
f 2472//4555 6201//4532 6210//4557
f 2467//4562 2468//4556 2469//4560
f 2469//4560 2473//4559 6142//4374
f 2468//4556 6211//4558 2473//4559
f 2473//4559 6212//4561 6143//4377
f 2470//4564 2467//4562 2474//4563
f 6214//4567 2470//4564 6213//4565
f 2474//4563 2469//4560 6141//4373
f 6213//4565 2474//4563 7789//4338
f 2471//4554 2467//4562 2475//4566
f 6202//4535 2471//4554 6203//4536
f 2475//4566 2470//4564 6215//4568
f 6203//4536 2475//4566 7783//4537
f 2477//4572 2476//4569 2481//4571
f 6145//4382 2477//4572 6146//4383
f 2481//4571 2480//4570 6218//4574
f 6146//4383 2481//4571 7790//4358
f 2476//4569 2477//4572 2478//4576
f 2478//4576 2482//4575 6220//4578
f 2477//4572 6145//4382 2482//4575
f 2482//4575 6144//4392 6219//4577
f 2476//4569 2478//4576 2479//4580
f 2479//4580 2483//4579 6205//4542
f 2478//4576 6220//4578 2483//4579
f 2483//4579 6221//4581 6206//4543
f 2480//4570 2476//4569 2484//4582
f 6217//4573 2480//4570 6216//4583
f 2484//4582 2479//4580 6204//4550
f 6216//4583 2484//4582 7784//4553
f 2486//4587 2485//4584 2490//4586
f 6190//4503 2486//4587 6191//4504
f 2490//4586 2489//4585 6210//4557
f 6191//4504 2490//4586 7781//4505
f 2487//4589 2485//4584 2491//4588
f 6178//4471 2487//4589 6179//4472
f 2486//4587 6190//4503 2491//4588
f 6179//4472 2491//4588 7785//4473
f 2485//4584 2487//4589 2488//4591
f 2488//4591 2492//4590 6157//4410
f 2487//4589 6178//4471 2492//4590
f 2492//4590 6177//4468 6158//4413
f 2489//4585 2485//4584 2493//4592
f 6211//4558 2489//4585 6212//4561
f 2493//4592 2488//4591 6156//4409
f 6212//4561 2493//4592 7787//4378
f 2494//4596 2498//4593 2495//4595
f 2495//4595 2499//4594 6181//4478
f 2498//4593 6160//4418 2499//4594
f 2499//4594 6159//4428 6182//4479
f 2496//4598 2494//4596 2500//4597
f 2496//4598 2500//4597 6193//4510
f 2500//4597 2495//4595 6180//4486
f 6194//4511 2500//4597 7786//4489
f 2497//4600 2494//4596 2501//4599
f 6220//4578 2497//4600 6221//4581
f 2501//4599 2496//4598 6192//4518
f 6221//4581 2501//4599 7782//4521
f 2498//4593 2494//4596 2502//4601
f 6160//4418 2498//4593 6161//4419
f 2502//4601 2497//4600 6219//4577
f 6161//4419 2502//4601 7788//4394
f 2503//4615 2507//4602 2504//4604
f 6226//4611 2504//4604 6225//4605
f 2507//4602 6223//4606 2508//4603
f 6225//4605 2508//4603 7777//4608
f 2503//4615 2504//4604 2505//4610
f 2505//4610 2509//4609 6214//4567
f 2504//4604 6226//4611 2509//4609
f 2509//4609 6227//4612 6215//4568
f 2503//4615 2505//4610 2506//4614
f 2506//4614 2510//4613 6124//4331
f 2505//4610 6214//4567 2510//4613
f 2510//4613 6213//4565 6125//4337
f 2507//4602 2503//4615 2511//4616
f 6223//4606 2507//4602 6222//4617
f 2511//4616 2506//4614 6123//4330
f 6222//4617 2511//4616 7779//4334
f 2512//4631 2516//4618 2513//4620
f 2513//4620 2517//4619 6217//4573
f 2516//4618 6127//4344 2517//4619
f 2517//4619 6126//4356 6218//4574
f 2512//4631 2513//4620 2514//4622
f 2514//4622 2518//4621 6229//4624
f 2513//4620 6217//4573 2518//4621
f 2518//4621 6216//4583 6228//4623
f 2512//4631 2514//4622 2515//4626
f 2515//4626 2519//4625 6232//4628
f 2519//4625 2514//4622 6230//4629
f 6231//4627 2519//4625 7778//4630
f 2516//4618 2512//4631 2520//4632
f 6127//4344 2516//4618 6128//4345
f 2520//4632 2515//4626 6233//4633
f 6128//4345 2520//4632 7780//4346
f 2522//4637 2521//4634 2526//4636
f 4897//1165 2522//4637 4898//1166
f 2526//4636 2525//4635 6236//4639
f 4898//1166 2526//4636 7532//1167
f 2521//4634 2522//4637 2523//4641
f 2523//4641 2527//4640 6199//4526
f 2522//4637 4897//1165 2527//4640
f 2527//4640 4896//1179 6200//4527
f 2524//4643 2521//4634 2528//4642
f 6226//4611 2524//4643 6227//4612
f 2528//4642 2523//4641 6198//4534
f 6227//4612 2528//4642 7783//4537
f 2521//4634 2524//4643 2525//4635
f 2525//4635 2529//4644 6235//4638
f 2524//4643 6226//4611 2529//4644
f 2529//4644 6225//4605 6234//4645
f 2531//4649 2530//4646 2535//4648
f 6208//4551 2531//4649 6209//4552
f 2535//4648 2534//4647 6228//4623
f 6209//4552 2535//4648 7784//4553
f 2530//4646 2531//4649 2532//4651
f 2532//4651 2536//4650 4912//1195
f 2531//4649 6208//4551 2536//4650
f 2536//4650 6207//4548 4913//1199
f 2533//4653 2530//4646 2537//4652
f 6238//4656 2533//4653 6237//4654
f 2537//4652 2532//4651 4911//1194
f 6237//4654 2537//4652 7533//1197
f 2530//4646 2533//4653 2534//4647
f 2534//4647 2538//4655 6229//4624
f 2533//4653 6238//4656 2538//4655
f 2538//4655 6239//4657 6230//4629
f 2540//4663 2539//4658 2544//4660
f 2540//4663 2544//4660 6241//4662
f 2543//4659 5569//2841 2544//4660
f 2544//4660 5568//2840 6240//4661
f 2539//4658 2540//4663 2541//4665
f 2541//4665 2545//4664 6244//4667
f 2540//4663 6241//4662 2545//4664
f 2545//4664 6242//4668 6243//4666
f 2542//4671 2539//4658 2546//4670
f 6247//4676 2542//4671 6246//4672
f 2546//4670 2541//4665 6245//4673
f 6246//4672 2546//4670 7795//4674
f 2539//4658 2542//4671 2543//4659
f 2543//4659 2547//4675 5569//2841
f 2542//4671 6247//4676 2547//4675
f 2547//4675 6248//4677 5570//2846
f 2549//4681 2548//4678 2553//4680
f 6253//4690 2549//4681 6252//4682
f 2553//4680 2552//4679 6251//4684
f 6252//4682 2553//4680 7796//4685
f 2548//4678 2549//4681 2550//4687
f 2550//4687 2554//4686 6256//4689
f 2549//4681 6253//4690 2554//4686
f 2554//4686 6254//4691 6255//4688
f 2551//4695 2548//4678 2555//4693
f 2551//4695 2555//4693 5578//2866
f 2550//4687 6256//4689 2555//4693
f 2555//4693 6257//4694 5579//2867
f 2548//4678 2551//4695 2552//4679
f 2552//4679 2556//4696 6250//4683
f 2551//4695 5578//2866 2556//4696
f 2556//4696 5577//2861 6249//4697
f 2557//4701 2561//4698 2558//4700
f 2558//4700 2562//4699 6235//4638
f 2561//4698 5557//2813 2562//4699
f 2562//4699 5556//2809 6236//4639
f 2559//4703 2557//4701 2563//4702
f 6259//4707 2559//4703 6258//4704
f 2563//4702 2558//4700 6234//4645
f 6258//4704 2563//4702 7777//4608
f 2557//4701 2559//4703 2560//4706
f 2560//4706 2564//4705 6241//4662
f 2559//4703 6259//4707 2564//4705
f 2564//4705 6260//4708 6242//4668
f 2561//4698 2557//4701 2565//4709
f 5557//2813 2561//4698 5558//2814
f 2565//4709 2560//4706 6240//4661
f 5558//2814 2565//4709 7660//2815
f 2566//4715 2570//4710 2567//4712
f 2567//4712 2571//4711 6262//4714
f 2570//4710 6256//4689 2571//4711
f 2571//4711 6255//4688 6261//4713
f 2568//4717 2566//4715 2572//4716
f 6238//4656 2568//4717 6239//4657
f 2572//4716 2567//4712 6263//4718
f 6239//4657 2572//4716 7778//4630
f 2566//4715 2568//4717 2569//4720
f 2569//4720 2573//4719 5566//2829
f 2568//4717 6238//4656 2573//4719
f 2573//4719 6237//4654 5567//2835
f 2570//4710 2566//4715 2574//4721
f 6256//4689 2570//4710 6257//4694
f 2574//4721 2569//4720 5565//2828
f 6257//4694 2574//4721 7661//2831
f 2575//4727 2579//4722 2576//4724
f 2576//4724 2580//4723 5581//2873
f 2580//4723 2579//4722 6266//4726
f 5582//2874 2580//4723 7530//1207
f 2577//4729 2575//4727 2581//4728
f 6247//4676 2577//4729 6248//4677
f 2581//4728 2576//4724 5580//2880
f 6248//4677 2581//4728 7666//2847
f 2575//4727 2577//4729 2578//4731
f 6268//4735 2578//4731 6267//4732
f 2577//4729 6247//4676 2582//4730
f 2582//4730 6246//4672 6267//4732
f 2575//4727 2578//4731 2579//4722
f 2579//4722 2583//4733 6265//4725
f 2578//4731 6268//4735 2583//4733
f 2583//4733 6269//4736 6264//4734
f 2584//4743 2588//4738 2585//4740
f 2585//4740 2589//4739 6250//4683
f 2589//4739 2588//4738 6272//4742
f 2589//4739 6272//4742 6251//4684
f 2586//4745 2584//4743 2590//4744
f 5584//2891 2586//4745 5585//2892
f 2590//4744 2585//4740 6249//4697
f 5585//2892 2590//4744 7667//2863
f 2584//4743 2586//4745 2587//4747
f 6274//4751 2587//4747 6273//4748
f 2586//4745 5584//2891 2591//4746
f 6273//4748 2591//4746 7531//1244
f 2584//4743 2587//4747 2588//4738
f 2588//4738 2592//4749 6271//4741
f 2587//4747 6274//4751 2592//4749
f 2592//4749 6275//4752 6270//4750
f 2593//4757 2597//4754 2594//4756
f 2594//4756 2598//4755 6265//4725
f 2597//4754 4918//1212 2598//4755
f 2598//4755 4917//1204 6266//4726
f 2595//4761 2593//4757 2599//4758
f 2595//4761 2599//4758 6277//4760
f 2599//4758 2594//4756 6264//4734
f 6276//4759 2599//4758 7797//4737
f 2593//4757 2595//4761 2596//4763
f 2596//4763 2600//4762 6103//4289
f 2600//4762 2595//4761 6278//4764
f 6104//4293 2600//4762 7751//4294
f 2597//4754 2593//4757 2601//4765
f 4918//1212 2597//4754 4919//1213
f 2601//4765 2596//4763 6102//4288
f 4919//1213 2601//4765 7543//1214
f 2602//4770 2606//4766 2603//4768
f 6280//4773 2603//4768 6279//4769
f 2606//4766 6112//4308 2607//4767
f 6279//4769 2607//4767 7752//4305
f 2604//4772 2602//4770 2608//4771
f 6274//4751 2604//4772 6275//4752
f 2603//4768 6280//4773 2608//4771
f 6275//4752 2608//4771 7798//4753
f 2602//4770 2604//4772 2605//4776
f 2605//4776 2609//4775 4933//1236
f 2604//4772 6274//4751 2609//4775
f 2609//4775 6273//4748 4934//1243
f 2606//4766 2602//4770 2610//4777
f 6112//4308 2606//4766 6113//4309
f 2610//4777 2605//4776 4932//1235
f 6113//4309 2610//4777 7544//1239
f 2611//4786 2615//4778 2612//4780
f 2612//4780 2616//4779 6286//4782
f 2615//4778 6283//4783 2616//4779
f 2616//4779 6284//4784 6285//4781
f 2613//4788 2611//4786 2617//4787
f 6289//4796 2613//4788 6288//4789
f 2617//4787 2612//4780 6287//4790
f 6288//4789 2617//4787 7775//4791
f 2611//4786 2613//4788 2614//4793
f 2614//4793 2618//4792 6292//4795
f 2613//4788 6289//4796 2618//4792
f 2618//4792 6290//4797 6291//4794
f 2615//4778 2611//4786 2619//4799
f 6283//4783 2615//4778 6282//4800
f 2619//4799 2614//4793 6293//4801
f 6282//4800 2619//4799 7755//4802
f 2620//4811 2624//4803 2621//4805
f 2621//4805 2625//4804 6298//4807
f 2624//4803 6295//4808 2625//4804
f 2625//4804 6296//4809 6297//4806
f 2622//4813 2620//4811 2626//4812
f 6301//4819 2622//4813 6300//4814
f 2626//4812 2621//4805 6299//4815
f 6300//4814 2626//4812 7776//4816
f 2620//4811 2622//4813 2623//4818
f 2623//4818 2627//4817 6283//4783
f 2622//4813 6301//4819 2627//4817
f 2627//4817 6302//4820 6284//4784
f 2624//4803 2620//4811 2628//4821
f 6295//4808 2624//4803 6294//4822
f 2628//4821 2623//4818 6282//4800
f 6294//4822 2628//4821 7755//4802
f 2629//4828 2633//4823 2630//4825
f 2630//4825 2634//4824 6292//4795
f 2633//4823 6304//4826 2634//4824
f 2634//4824 6305//4827 6293//4801
f 2631//4832 2629//4828 2635//4829
f 2631//4832 2635//4829 6307//4831
f 2635//4829 2630//4825 6291//4794
f 6306//4830 2635//4829 7803//4798
f 2629//4828 2631//4832 2632//4834
f 2632//4834 2636//4833 6310//4836
f 2636//4833 2631//4832 6308//4837
f 6309//4835 2636//4833 7801//4838
f 2633//4823 2629//4828 2637//4839
f 6304//4826 2633//4823 6303//4840
f 2637//4839 2632//4834 6311//4841
f 6303//4840 2637//4839 7529//4842
f 2638//4850 2642//4843 2639//4845
f 6316//4853 2639//4845 6315//4846
f 2642//4843 6313//4847 2643//4844
f 6315//4846 2643//4844 7802//4849
f 2640//4852 2638//4850 2644//4851
f 6295//4808 2640//4852 6296//4809
f 2639//4845 6316//4853 2644//4851
f 6296//4809 2644//4851 7804//4810
f 2638//4850 2640//4852 2641//4856
f 2641//4856 2645//4855 6304//4826
f 2640//4852 6295//4808 2645//4855
f 2645//4855 6294//4822 6305//4827
f 2642//4843 2638//4850 2646//4857
f 6313//4847 2642//4843 6312//4858
f 2646//4857 2641//4856 6303//4840
f 6312//4858 2646//4857 7529//4842
f 2648//4864 2647//4859 2652//4861
f 2648//4864 2652//4861 6310//4836
f 2651//4860 6319//4862 2652//4861
f 2652//4861 6320//4863 6311//4841
f 2647//4859 2648//4864 2649//4866
f 2649//4866 2653//4865 6322//4868
f 2653//4865 2648//4864 6309//4835
f 2653//4865 6309//4835 6321//4867
f 2650//4870 2647//4859 2654//4869
f 6325//4876 2650//4870 6324//4871
f 2654//4869 2649//4866 6323//4872
f 2654//4869 6323//4872 6324//4871
f 2647//4859 2650//4870 2651//4860
f 2651//4860 2655//4874 6319//4862
f 2650//4870 6325//4876 2655//4874
f 2655//4874 6326//4877 6318//4875
f 2657//4882 2656//4879 2661//4881
f 6331//4889 2657//4882 6330//4883
f 2661//4881 2660//4880 6329//4885
f 2661//4881 6329//4885 6330//4883
f 2656//4879 2657//4882 2658//4888
f 6313//4847 2658//4888 6314//4848
f 2657//4882 6331//4889 2662//4887
f 2662//4887 6332//4890 6314//4848
f 2659//4892 2656//4879 2663//4891
f 2659//4892 2663//4891 6319//4862
f 2658//4888 6313//4847 2663//4891
f 2663//4891 6312//4858 6320//4863
f 2656//4879 2659//4892 2660//4880
f 2660//4880 2664//4893 6328//4884
f 2659//4892 6319//4862 2664//4893
f 2664//4893 6318//4875 6327//4894
f 2666//4898 2665//4895 2670//4897
f 6325//4876 2666//4898 6326//4877
f 2670//4897 2669//4896 6335//4900
f 6326//4877 2670//4897 7756//4878
f 2665//4895 2666//4898 2667//4902
f 2667//4902 2671//4901 6337//4904
f 2666//4898 6325//4876 2671//4901
f 6336//4903 2671//4901 7799//4873
f 2668//4906 2665//4895 2672//4905
f 6121//4332 2668//4906 6122//4333
f 2672//4905 2667//4902 6338//4907
f 6122//4333 2672//4905 7779//4334
f 2665//4895 2668//4906 2669//4896
f 2669//4896 2673//4908 6334//4899
f 2668//4906 6121//4332 2673//4908
f 2673//4908 6120//4325 6333//4909
f 2675//4913 2674//4910 2679//4912
f 6340//4917 2675//4913 6339//4914
f 2679//4912 2678//4911 6129//4342
f 6339//4914 2679//4912 7780//4346
f 2674//4910 2675//4913 2676//4916
f 2676//4916 2680//4915 6328//4884
f 2675//4913 6340//4917 2680//4915
f 6329//4885 2680//4915 7800//4886
f 2677//4920 2674//4910 2681//4919
f 6334//4899 2677//4920 6335//4900
f 2681//4919 2676//4916 6327//4894
f 6335//4900 2681//4919 7756//4878
f 2674//4910 2677//4920 2678//4911
f 2678//4911 2682//4921 6130//4343
f 2677//4920 6334//4899 2682//4921
f 2682//4921 6333//4909 6131//4350
f 2683//4925 2687//4922 2684//4924
f 2684//4924 2688//4923 6223//4606
f 2687//4922 6259//4707 2688//4923
f 2688//4923 6258//4704 6224//4607
f 2685//4927 2683//4925 2689//4926
f 6337//4904 2685//4927 6338//4907
f 2689//4926 2684//4924 6222//4617
f 2689//4926 6222//4617 6338//4907
f 2683//4925 2685//4927 2686//4929
f 2686//4929 2690//4928 6343//4931
f 2685//4927 6337//4904 2690//4928
f 2690//4928 6336//4903 6342//4930
f 2687//4922 2683//4925 2691//4932
f 6259//4707 2687//4922 6260//4708
f 2691//4932 2686//4929 6344//4933
f 6260//4708 2691//4932 7793//4669
f 2692//4939 2696//4934 2693//4936
f 2693//4936 2697//4935 6340//4917
f 2696//4934 6346//4937 2697//4935
f 2697//4935 6347//4938 6341//4918
f 2694//4941 2692//4939 2698//4940
f 6232//4628 2694//4941 6233//4633
f 2698//4940 2693//4936 6339//4914
f 2698//4940 6339//4914 6233//4633
f 2692//4939 2694//4941 2695//4943
f 2695//4943 2699//4942 6262//4714
f 2694//4941 6232//4628 2699//4942
f 2699//4942 6231//4627 6263//4718
f 2696//4934 2692//4939 2700//4944
f 6346//4937 2696//4934 6345//4945
f 2700//4944 2695//4943 6261//4713
f 6345//4945 2700//4944 7794//4692
f 2702//4949 2701//4946 2706//4948
f 6094//4264 2702//4949 6095//4265
f 2706//4948 2705//4947 6350//4951
f 6095//4265 2706//4948 7747//4231
f 2701//4946 2702//4949 2703//4953
f 2703//4953 2707//4952 6352//4955
f 2702//4949 6094//4264 2707//4952
f 2707//4952 6093//4260 6351//4954
f 2704//4957 2701//4946 2708//4956
f 6355//4963 2704//4957 6354//4958
f 2708//4956 2703//4953 6353//4959
f 6354//4958 2708//4956 7769//4960
f 2701//4946 2704//4957 2705//4947
f 6349//4950 2705//4947 6348//4962
f 2704//4957 6355//4963 2709//4961
f 6348//4962 2709//4961 7761//4965
f 2711//4969 2710//4966 2715//4968
f 6361//4976 2711//4969 6360//4970
f 2715//4968 2714//4967 6359//4972
f 6360//4970 2715//4968 7770//4973
f 2710//4966 2711//4969 2712//4975
f 2712//4975 2716//4974 6097//4271
f 2711//4969 6361//4976 2716//4974
f 2716//4974 6362//4977 6098//4272
f 2713//4979 2710//4966 2717//4978
f 6364//4983 2713//4979 6363//4980
f 2717//4978 2712//4975 6096//4281
f 6363//4980 2717//4978 7748//4241
f 2710//4966 2713//4979 2714//4967
f 2714//4967 2718//4981 6358//4971
f 2718//4981 2713//4979 6365//4984
f 6357//4982 2718//4981 7762//4985
f 2719//4994 2723//4986 2720//4988
f 2720//4988 2724//4987 6370//4990
f 2723//4986 6367//4991 2724//4987
f 2724//4987 6368//4992 6369//4989
f 2721//4996 2719//4994 2725//4995
f 6373//5002 2721//4996 6372//4997
f 2725//4995 2720//4988 6371//4998
f 6372//4997 2725//4995 7767//4999
f 2719//4994 2721//4996 2722//5001
f 2722//5001 2726//5000 6286//4782
f 2721//4996 6373//5002 2726//5000
f 2726//5000 6374//5003 6287//4790
f 2723//4986 2719//4994 2727//5004
f 6367//4991 2723//4986 6366//5005
f 2727//5004 2722//5001 6285//4781
f 6366//5005 2727//5004 7528//4785
f 2728//5011 2732//5006 2729//5008
f 2729//5008 2733//5007 6376//5010
f 2732//5006 6301//4819 2733//5007
f 2733//5007 6300//4814 6375//5009
f 2730//5013 2728//5011 2734//5012
f 6379//5019 2730//5013 6378//5014
f 2734//5012 2729//5008 6377//5015
f 6378//5014 2734//5012 7768//5016
f 2728//5011 2730//5013 2731//5018
f 2731//5018 2735//5017 6367//4991
f 2730//5013 6379//5019 2735//5017
f 2735//5017 6380//5020 6368//4992
f 2732//5006 2728//5011 2736//5021
f 6301//4819 2732//5006 6302//4820
f 2736//5021 2731//5018 6366//5005
f 6302//4820 2736//5021 7528//4785
f 2737//5030 2741//5022 2738//5024
f 2738//5024 2742//5023 6385//5026
f 2741//5022 6382//5027 2742//5023
f 2742//5023 6383//5028 6384//5025
f 2739//5032 2737//5030 2743//5031
f 6388//5040 2739//5032 6387//5033
f 2743//5031 2738//5024 6386//5034
f 6387//5033 2743//5031 7809//5035
f 2737//5030 2739//5032 2740//5037
f 2740//5037 2744//5036 6391//5039
f 2739//5032 6388//5040 2744//5036
f 2744//5036 6389//5041 6390//5038
f 2741//5022 2737//5030 2745//5043
f 6382//5027 2741//5022 6381//5044
f 2740//5037 6391//5039 2745//5043
f 2745//5043 6392//5045 6381//5044
f 2746//5055 2750//5047 2747//5049
f 2747//5049 2751//5048 6397//5051
f 2750//5047 6394//5052 2751//5048
f 2751//5048 6395//5053 6396//5050
f 2748//5057 2746//5055 2752//5056
f 6400//5063 2748//5057 6399//5058
f 2752//5056 2747//5049 6398//5059
f 6399//5058 2752//5056 7810//5060
f 2746//5055 2748//5057 2749//5062
f 2749//5062 2753//5061 6382//5027
f 2748//5057 6400//5063 2753//5061
f 2753//5061 6401//5064 6383//5028
f 2750//5047 2746//5055 2754//5065
f 2750//5047 2754//5065 6394//5052
f 2754//5065 2749//5062 6381//5044
f 2754//5065 6381//5044 6393//5066
f 2756//5070 2755//5067 2760//5069
f 6391//5039 2756//5070 6392//5045
f 2760//5069 2759//5068 6404//5072
f 6392//5045 2760//5069 7754//5046
f 2755//5067 2756//5070 2757//5074
f 6406//5079 2757//5074 6405//5075
f 2756//5070 6391//5039 2761//5073
f 6405//5075 2761//5073 7807//5042
f 2758//5077 2755//5067 2762//5076
f 6409//5084 2758//5077 6408//5078
f 2757//5074 6406//5079 2762//5076
f 2762//5076 6407//5080 6408//5078
f 2755//5067 2758//5077 2759//5068
f 2759//5068 2763//5082 6403//5071
f 2758//5077 6409//5084 2763//5082
f 2763//5082 6410//5085 6402//5083
f 2765//5095 2764//5087 2769//5089
f 2765//5095 2769//5089 6415//5091
f 2769//5089 2768//5088 6413//5093
f 2769//5089 6413//5093 6414//5090
f 2764//5087 2765//5095 2766//5097
f 2766//5097 2770//5096 6394//5052
f 2770//5096 2765//5095 6416//5098
f 6395//5053 2770//5096 7808//5054
f 2767//5100 2764//5087 2771//5099
f 6403//5071 2767//5100 6404//5072
f 2771//5099 2766//5097 6393//5066
f 6404//5072 2771//5099 7754//5046
f 2764//5087 2767//5100 2768//5088
f 2768//5088 2772//5101 6412//5092
f 2767//5100 6403//5071 2772//5101
f 2772//5101 6402//5083 6411//5102
f 2774//5106 2773//5103 2778//5105
f 6409//5084 2774//5106 6410//5085
f 2778//5105 2777//5104 6419//5108
f 6410//5085 2778//5105 7526//5086
f 2773//5103 2774//5106 2775//5110
f 6421//5113 2775//5110 6420//5111
f 2774//5106 6409//5084 2779//5109
f 6420//5111 2779//5109 7805//5081
f 2776//5115 2773//5103 2780//5112
f 2776//5115 2780//5112 6370//4990
f 2775//5110 6421//5113 2780//5112
f 2780//5112 6422//5114 6371//4998
f 2773//5103 2776//5115 2777//5104
f 2777//5104 2781//5116 6418//5107
f 2781//5116 2776//5115 6369//4989
f 2781//5116 6369//4989 6417//5117
f 2783//5123 2782//5118 2787//5120
f 2783//5123 2787//5120 6424//5122
f 2786//5119 6379//5019 2787//5120
f 2787//5120 6378//5014 6423//5121
f 2782//5118 2783//5123 2784//5125
f 2784//5125 2788//5124 6412//5092
f 2788//5124 2783//5123 6425//5126
f 6413//5093 2788//5124 7806//5094
f 2785//5128 2782//5118 2789//5127
f 6418//5107 2785//5128 6419//5108
f 2789//5127 2784//5125 6411//5102
f 6419//5108 2789//5127 7526//5086
f 2782//5118 2785//5128 2786//5119
f 6379//5019 2786//5119 6380//5020
f 2785//5128 6418//5107 2790//5129
f 2790//5129 6417//5117 6380//5020
f 2792//5133 2791//5130 2796//5132
f 6070//4196 2792//5133 6071//4201
f 2796//5132 2795//5131 6428//5135
f 2796//5132 6428//5135 6071//4201
f 2793//5137 2791//5130 2797//5136
f 6430//5142 2793//5137 6429//5138
f 2797//5136 2792//5133 6069//4195
f 6429//5138 2797//5136 7745//4199
f 2794//5140 2791//5130 2798//5139
f 6433//5147 2794//5140 6432//5141
f 2793//5137 6430//5142 2798//5139
f 2798//5139 6431//5143 6432//5141
f 2791//5130 2794//5140 2795//5131
f 2795//5131 2799//5145 6427//5134
f 2794//5140 6433//5147 2799//5145
f 2799//5145 6434//5148 6426//5146
f 2801//5158 2800//5150 2805//5152
f 2801//5158 2805//5152 6439//5154
f 2805//5152 2804//5151 6437//5156
f 2805//5152 6437//5156 6438//5153
f 2802//5160 2800//5150 2806//5159
f 6073//4207 2802//5160 6074//4208
f 2806//5159 2801//5158 6440//5161
f 6074//4208 2806//5159 7746//4209
f 2803//5163 2800//5150 2807//5162
f 6442//5167 2803//5163 6441//5164
f 2807//5162 2802//5160 6072//4217
f 2807//5162 6072//4217 6441//5164
f 2800//5150 2803//5163 2804//5151
f 2804//5151 2808//5165 6436//5155
f 2803//5163 6442//5167 2808//5165
f 2808//5165 6443//5168 6435//5166
f 2810//5173 2809//5170 2814//5172
f 6433//5147 2810//5173 6434//5148
f 2814//5172 2813//5171 6446//5175
f 6434//5148 2814//5172 7815//5149
f 2809//5170 2810//5173 2811//5177
f 2811//5177 2815//5176 6448//5179
f 2810//5173 6433//5147 2815//5176
f 2815//5176 6432//5141 6447//5178
f 2812//5181 2809//5170 2816//5180
f 6451//5187 2812//5181 6450//5182
f 2816//5180 2811//5177 6449//5183
f 6450//5182 2816//5180 7819//5184
f 2809//5170 2812//5181 2813//5171
f 2813//5171 2817//5185 6445//5174
f 2812//5181 6451//5187 2817//5185
f 2817//5185 6452//5188 6444//5186
f 2819//5193 2818//5190 2823//5192
f 6457//5200 2819//5193 6456//5194
f 2823//5192 2822//5191 6455//5196
f 6456//5194 2823//5192 7820//5197
f 2818//5190 2819//5193 2820//5199
f 2820//5199 2824//5198 6436//5155
f 2819//5193 6457//5200 2824//5198
f 2824//5198 6458//5201 6437//5156
f 2821//5203 2818//5190 2825//5202
f 6460//5207 2821//5203 6459//5204
f 2825//5202 2820//5199 6435//5166
f 6459//5204 2825//5202 7816//5169
f 2818//5190 2821//5203 2822//5191
f 2822//5191 2826//5205 6454//5195
f 2821//5203 6460//5207 2826//5205
f 2826//5205 6461//5208 6453//5206
f 2828//5213 2827//5210 2832//5212
f 6451//5187 2828//5213 6452//5188
f 2832//5212 2831//5211 6464//5215
f 6452//5188 2832//5212 7817//5189
f 2827//5210 2828//5213 2829//5217
f 2829//5217 2833//5216 6466//5219
f 2828//5213 6451//5187 2833//5216
f 2833//5216 6450//5182 6465//5218
f 2830//5221 2827//5210 2834//5220
f 6469//5227 2830//5221 6468//5222
f 2834//5220 2829//5217 6467//5223
f 6468//5222 2834//5220 7821//5224
f 2827//5210 2830//5221 2831//5211
f 2831//5211 2835//5225 6463//5214
f 2830//5221 6469//5227 2835//5225
f 2835//5225 6470//5228 6462//5226
f 2837//5233 2836//5230 2841//5232
f 6475//5240 2837//5233 6474//5234
f 2841//5232 2840//5231 6473//5236
f 6474//5234 2841//5232 7822//5237
f 2836//5230 2837//5233 2838//5239
f 2838//5239 2842//5238 6454//5195
f 2837//5233 6475//5240 2842//5238
f 2842//5238 6476//5241 6455//5196
f 2839//5243 2836//5230 2843//5242
f 6478//5247 2839//5243 6477//5244
f 2843//5242 2838//5239 6453//5206
f 6477//5244 2843//5242 7818//5209
f 2836//5230 2839//5243 2840//5231
f 2840//5231 2844//5245 6472//5235
f 2839//5243 6478//5247 2844//5245
f 2844//5245 6479//5248 6471//5246
f 2845//5265 2849//5250 2846//5252
f 6469//5227 2846//5252 6470//5228
f 2849//5250 6481//5253 2850//5251
f 2850//5251 6482//5254 6470//5228
f 2845//5265 2846//5252 2847//5256
f 6484//5262 2847//5256 6483//5257
f 2846//5252 6469//5227 2851//5255
f 6483//5257 2851//5255 7821//5224
f 2845//5265 2847//5256 2848//5259
f 2848//5259 2852//5258 6487//5261
f 2847//5256 6484//5262 2852//5258
f 2852//5258 6485//5263 6486//5260
f 2849//5250 2845//5265 2853//5266
f 6481//5253 2849//5250 6480//5267
f 2853//5266 2848//5259 6488//5268
f 6480//5267 2853//5266 7825//5269
f 2854//5285 2858//5270 2855//5272
f 2855//5272 2859//5271 6493//5274
f 2858//5270 6490//5275 2859//5271
f 2859//5271 6491//5276 6492//5273
f 2854//5285 2855//5272 2856//5279
f 2856//5279 2860//5278 6472//5235
f 2860//5278 2855//5272 6494//5280
f 6473//5236 2860//5278 7822//5237
f 2854//5285 2856//5279 2857//5282
f 2857//5282 2861//5281 6496//5284
f 2861//5281 2856//5279 6471//5246
f 2861//5281 6471//5246 6495//5283
f 2858//5270 2854//5285 2862//5286
f 6490//5275 2858//5270 6489//5287
f 2862//5286 2857//5282 6497//5288
f 6489//5287 2862//5286 7826//5289
f 2863//5297 2867//5290 2864//5292
f 6502//5301 2864//5292 6501//5293
f 2868//5291 2867//5290 6500//5295
f 6501//5293 2868//5291 7765//5296
f 2865//5299 2863//5297 2869//5298
f 6505//5306 2865//5299 6504//5300
f 2869//5298 2864//5292 6503//5302
f 6504//5300 2869//5298 7829//5303
f 2863//5297 2865//5299 2866//5305
f 2866//5305 2870//5304 6487//5261
f 2865//5299 6505//5306 2870//5304
f 2870//5304 6506//5307 6488//5268
f 2867//5290 2863//5297 2871//5308
f 2867//5290 2871//5308 6499//5294
f 2871//5308 2866//5305 6486//5260
f 6498//5309 2871//5308 7827//5264
f 2872//5315 2876//5310 2873//5312
f 2873//5312 2877//5311 6508//5314
f 2876//5310 6490//5275 2877//5311
f 2877//5311 6489//5287 6507//5313
f 2874//5317 2872//5315 2878//5316
f 6511//5324 2874//5317 6510//5318
f 2878//5316 2873//5312 6509//5319
f 6510//5318 2878//5316 7830//5320
f 2872//5315 2874//5317 2875//5322
f 6514//5328 2875//5322 6513//5323
f 2879//5321 2874//5317 6512//5325
f 6513//5323 2879//5321 7766//5326
f 2876//5310 2872//5315 2880//5327
f 6490//5275 2876//5310 6491//5276
f 2875//5322 6514//5328 2880//5327
f 6491//5276 2880//5327 7828//5277
f 2882//5333 2881//5330 2886//5332
f 6421//5113 2882//5333 6422//5114
f 2886//5332 2885//5331 6518//5335
f 6422//5114 2886//5332 7767//4999
f 2881//5330 2882//5333 2883//5337
f 2883//5337 2887//5336 6520//5339
f 2882//5333 6421//5113 2887//5336
f 2887//5336 6420//5111 6519//5338
f 2884//5341 2881//5330 2888//5340
f 6505//5306 2884//5341 6506//5307
f 2888//5340 2883//5337 6521//5342
f 6506//5307 2888//5340 7825//5269
f 2881//5330 2884//5341 2885//5331
f 2885//5331 2889//5343 6517//5334
f 2884//5341 6505//5306 2889//5343
f 2889//5343 6504//5300 6516//5344
f 2891//5348 2890//5345 2895//5347
f 6523//5352 2891//5348 6522//5349
f 2895//5347 2894//5346 6507//5313
f 6522//5349 2895//5347 7826//5289
f 2890//5345 2891//5348 2892//5351
f 2892//5351 2896//5350 6424//5122
f 2891//5348 6523//5352 2896//5350
f 2896//5350 6524//5353 6425//5126
f 2893//5355 2890//5345 2897//5354
f 6526//5358 2893//5355 6525//5356
f 2897//5354 2892//5351 6423//5121
f 6525//5356 2897//5354 7768//5016
f 2890//5345 2893//5355 2894//5346
f 2894//5346 2898//5357 6508//5314
f 2893//5355 6526//5358 2898//5357
f 2898//5357 6527//5359 6509//5319
f 2900//5363 2899//5360 2904//5362
f 6406//5079 2900//5363 6407//5080
f 2904//5362 2903//5361 6519//5338
f 6407//5080 2904//5362 7805//5081
f 2899//5360 2900//5363 2901//5365
f 2901//5365 2905//5364 6529//5367
f 2900//5363 6406//5079 2905//5364
f 2905//5364 6405//5075 6528//5366
f 2902//5369 2899//5360 2906//5368
f 6481//5253 2902//5369 6482//5254
f 2906//5368 2901//5365 6530//5370
f 6482//5254 2906//5368 7823//5229
f 2899//5360 2902//5369 2903//5361
f 2903//5361 2907//5371 6520//5339
f 2902//5369 6481//5253 2907//5371
f 2907//5371 6480//5267 6521//5342
f 2909//5375 2908//5372 2913//5374
f 6532//5379 2909//5375 6531//5376
f 2913//5374 2912//5373 6495//5283
f 6531//5376 2913//5374 7824//5249
f 2908//5372 2909//5375 2910//5378
f 2910//5378 2914//5377 6415//5091
f 2909//5375 6532//5379 2914//5377
f 2914//5377 6533//5380 6416//5098
f 2911//5382 2908//5372 2915//5381
f 6523//5352 2911//5382 6524//5353
f 2915//5381 2910//5378 6414//5090
f 6524//5353 2915//5381 7806//5094
f 2908//5372 2911//5382 2912//5373
f 2912//5373 2916//5383 6496//5284
f 2911//5382 6523//5352 2916//5383
f 2916//5383 6522//5349 6497//5288
f 2918//5387 2917//5384 2922//5386
f 6388//5040 2918//5387 6389//5041
f 2922//5386 2921//5385 6528//5366
f 6389//5041 2922//5386 7807//5042
f 2917//5384 2918//5387 2919//5389
f 2919//5389 2923//5388 6535//5391
f 2918//5387 6388//5040 2923//5388
f 2923//5388 6387//5033 6534//5390
f 2920//5393 2917//5384 2924//5392
f 6463//5214 2920//5393 6464//5215
f 2924//5392 2919//5389 6536//5394
f 6464//5215 2924//5392 7817//5189
f 2917//5384 2920//5393 2921//5385
f 2921//5385 2925//5395 6529//5367
f 2920//5393 6463//5214 2925//5395
f 2925//5395 6462//5226 6530//5370
f 2927//5399 2926//5396 2931//5398
f 6538//5403 2927//5399 6537//5400
f 2931//5398 2930//5397 6477//5244
f 6537//5400 2931//5398 7818//5209
f 2926//5396 2927//5399 2928//5402
f 2928//5402 2932//5401 6397//5051
f 2927//5399 6538//5403 2932//5401
f 2932//5401 6539//5404 6398//5059
f 2929//5406 2926//5396 2933//5405
f 6532//5379 2929//5406 6533//5380
f 2933//5405 2928//5402 6396//5050
f 6533//5380 2933//5405 7808//5054
f 2926//5396 2929//5406 2930//5397
f 2930//5397 2934//5407 6478//5247
f 2929//5406 6532//5379 2934//5407
f 2934//5407 6531//5376 6479//5248
f 2936//5411 2935//5408 2940//5410
f 6541//5417 2936//5411 6540//5412
f 2940//5410 2939//5409 6534//5390
f 6540//5412 2940//5410 7809//5035
f 2935//5408 2936//5411 2937//5414
f 2937//5414 2941//5413 6544//5416
f 2936//5411 6541//5417 2941//5413
f 2941//5413 6542//5418 6543//5415
f 2938//5422 2935//5408 2942//5420
f 2938//5422 2942//5420 6445//5174
f 2942//5420 2937//5414 6545//5421
f 6446//5175 2942//5420 7815//5149
f 2935//5408 2938//5422 2939//5409
f 2939//5409 2943//5423 6535//5391
f 2943//5423 2938//5422 6444//5186
f 6536//5394 2943//5423 7817//5189
f 2945//5427 2944//5424 2949//5426
f 6547//5433 2945//5427 6546//5428
f 2948//5425 6460//5207 2949//5426
f 6546//5428 2949//5426 7816//5169
f 2944//5424 2945//5427 2946//5430
f 2946//5430 2950//5429 6550//5432
f 2945//5427 6547//5433 2950//5429
f 2950//5429 6548//5434 6549//5431
f 2947//5437 2944//5424 2951//5436
f 6538//5403 2947//5437 6539//5404
f 2951//5436 2946//5430 6551//5438
f 6539//5404 2951//5436 7810//5060
f 2944//5424 2947//5437 2948//5425
f 6460//5207 2948//5425 6461//5208
f 2947//5437 6538//5403 2952//5439
f 6461//5208 2952//5439 7818//5209
f 2953//5445 2957//5440 2954//5442
f 2954//5442 2958//5441 6058//4164
f 2957//5440 6553//5443 2958//5441
f 2958//5441 6554//5444 6059//4169
f 2955//5447 2953//5445 2959//5446
f 6427//5134 2955//5447 6428//5135
f 2959//5446 2954//5442 6057//4163
f 6428//5135 2959//5446 7743//4167
f 2953//5445 2955//5447 2956//5449
f 2956//5449 2960//5448 6544//5416
f 2955//5447 6427//5134 2960//5448
f 2960//5448 6426//5146 6545//5421
f 2957//5440 2953//5445 2961//5450
f 6553//5443 2957//5440 6552//5451
f 2961//5450 2956//5449 6543//5415
f 6552//5451 2961//5450 7811//5419
f 2962//5455 2966//5452 2963//5454
f 2963//5454 2967//5453 6442//5167
f 2966//5452 6547//5433 2967//5453
f 2967//5453 6546//5428 6443//5168
f 2964//5457 2962//5455 2968//5456
f 6061//4175 2964//5457 6062//4176
f 2968//5456 2963//5454 6441//5164
f 6062//4176 2968//5456 7744//4177
f 2962//5455 2964//5457 2965//5459
f 2965//5459 2969//5458 6556//5461
f 2964//5457 6061//4175 2969//5458
f 2969//5458 6060//4185 6555//5460
f 2966//5452 2962//5455 2970//5462
f 6547//5433 2966//5452 6548//5434
f 2970//5462 2965//5459 6557//5463
f 6548//5434 2970//5462 7812//5435
f 2971//5472 2975//5464 2972//5466
f 2972//5466 2976//5465 6562//5468
f 2975//5464 6559//5469 2976//5465
f 2976//5465 6560//5470 6561//5467
f 2973//5474 2971//5472 2977//5473
f 6541//5417 2973//5474 6542//5418
f 2977//5473 2972//5466 6563//5475
f 6542//5418 2977//5473 7811//5419
f 2971//5472 2973//5474 2974//5477
f 2974//5477 2978//5476 6385//5026
f 2973//5474 6541//5417 2978//5476
f 2978//5476 6540//5412 6386//5034
f 2975//5464 2971//5472 2979//5478
f 6559//5469 2975//5464 6558//5479
f 2979//5478 2974//5477 6384//5025
f 6558//5479 2979//5478 7753//5029
f 2980//5483 2984//5480 2981//5482
f 2981//5482 2985//5481 6550//5432
f 2984//5480 6400//5063 2985//5481
f 2985//5481 6399//5058 6551//5438
f 2982//5485 2980//5483 2986//5484
f 6565//5489 2982//5485 6564//5486
f 2986//5484 2981//5482 6549//5431
f 6564//5486 2986//5484 7812//5435
f 2980//5483 2982//5485 2983//5488
f 2983//5488 2987//5487 6559//5469
f 2982//5485 6565//5489 2987//5487
f 2987//5487 6566//5490 6560//5470
f 2984//5480 2980//5483 2988//5491
f 6400//5063 2984//5480 6401//5064
f 2988//5491 2983//5488 6558//5479
f 6401//5064 2988//5491 7753//5029
f 2989//5497 2993//5492 2990//5494
f 2990//5494 2994//5493 6022//4068
f 2993//5492 6568//5495 2994//5493
f 2994//5493 6569//5496 6023//4073
f 2991//5499 2989//5497 2995//5498
f 6034//4100 2991//5499 6035//4105
f 2995//5498 2990//5494 6021//4067
f 6035//4105 2995//5498 7737//4071
f 2992//5501 2989//5497 2996//5500
f 6046//4136 2992//5501 6047//4137
f 2996//5500 2991//5499 6033//4099
f 6047//4137 2996//5500 7739//4103
f 2989//5497 2992//5501 2993//5492
f 2993//5492 2997//5502 6568//5495
f 2992//5501 6046//4136 2997//5502
f 2997//5502 6045//4131 6567//5503
f 2999//5507 2998//5504 3003//5506
f 6037//4111 2999//5507 6038//4112
f 3003//5506 3002//5505 6048//4153
f 6038//4112 3003//5506 7740//4113
f 3000//5509 2998//5504 3004//5508
f 6025//4078 3000//5509 6026//4079
f 3004//5508 2999//5507 6036//4121
f 6026//4079 3004//5508 7738//4080
f 2998//5504 3000//5509 3001//5511
f 3001//5511 3005//5510 6571//5513
f 3000//5509 6025//4078 3005//5510
f 3005//5510 6024//4089 6570//5512
f 2998//5504 3001//5511 3002//5505
f 3002//5505 3006//5514 6049//4143
f 3001//5511 6571//5513 3006//5514
f 3006//5514 6572//5515 6050//4144
f 3008//5519 3007//5516 3012//5518
f 6568//5495 3008//5519 6569//5496
f 3012//5518 3011//5517 6575//5521
f 6569//5496 3012//5518 7735//4037
f 3007//5516 3008//5519 3009//5523
f 3009//5523 3013//5522 6553//5443
f 3008//5519 6568//5495 3013//5522
f 6554//5444 3013//5522 7741//4134
f 3010//5525 3007//5516 3014//5524
f 6562//5468 3010//5525 6563//5475
f 3009//5523 6553//5443 3014//5524
f 3014//5524 6552//5451 6563//5475
f 3007//5516 3010//5525 3011//5517
f 3011//5517 3015//5526 6574//5520
f 3010//5525 6562//5468 3015//5526
f 3015//5526 6561//5467 6573//5527
f 3017//5531 3016//5528 3021//5530
f 3017//5531 3021//5530 6556//5461
f 3021//5530 3020//5529 6564//5486
f 3021//5530 6564//5486 6557//5463
f 3016//5528 3017//5531 3018//5533
f 3018//5533 3022//5532 6571//5513
f 3017//5531 6556//5461 3022//5532
f 6572//5515 3022//5532 7742//4145
f 3019//5535 3016//5528 3023//5534
f 6577//5538 3019//5535 6576//5536
f 3023//5534 3018//5533 6570//5512
f 6576//5536 3023//5534 7736//4049
f 3016//5528 3019//5535 3020//5529
f 3020//5529 3024//5537 6565//5489
f 3019//5535 6577//5538 3024//5537
f 3024//5537 6578//5539 6566//5490
f 3026//5545 3025//5540 3029//5542
f 3026//5545 3029//5542 6010//4034
f 3029//5542 3028//5541 6581//5544
f 6011//4040 3029//5542 7524//4041
f 3027//5547 3025//5540 3030//5546
f 3027//5547 3030//5546 6574//5520
f 3030//5546 3026//5545 6009//4033
f 6575//5521 3030//5546 7735//4037
f 3028//5541 3025//5540 3031//5548
f 3028//5541 3031//5548 6580//5543
f 3031//5548 3027//5547 6573//5527
f 6579//5549 3031//5548 7525//5471
f 3033//5553 3032//5550 3036//5552
f 6577//5538 3033//5553 6578//5539
f 3035//5551 6580//5543 3036//5552
f 6578//5539 3036//5552 7525//5471
f 3034//5555 3032//5550 3037//5554
f 6013//4047 3034//5555 6014//4048
f 3033//5553 6577//5538 3037//5554
f 6014//4048 3037//5554 7736//4049
f 3035//5551 3032//5550 3038//5556
f 6580//5543 3035//5551 6581//5544
f 3034//5555 6013//4047 3038//5556
f 6581//5544 3038//5556 7524//4041
f 3039//5560 3043//5557 3040//5559
f 3040//5559 3044//5558 6082//4228
f 3043//5557 6430//5142 3044//5558
f 3044//5558 6429//5138 6083//4233
f 3041//5562 3039//5560 3045//5561
f 6349//4950 3041//5562 6350//4951
f 3045//5561 3040//5559 6081//4227
f 6350//4951 3045//5561 7747//4231
f 3039//5560 3041//5562 3042//5564
f 3042//5564 3046//5563 6583//5566
f 3041//5562 6349//4950 3046//5563
f 3046//5563 6348//4962 6582//5565
f 3043//5557 3039//5560 3047//5567
f 6430//5142 3043//5557 6431//5143
f 3047//5567 3042//5564 6584//5568
f 6431//5143 3047//5567 7813//5144
f 3048//5574 3052//5569 3049//5571
f 3049//5571 3053//5570 6364//4983
f 3052//5569 6586//5572 3053//5570
f 3053//5570 6587//5573 6365//4984
f 3050//5576 3048//5574 3054//5575
f 6085//4239 3050//5576 6086//4240
f 3054//5575 3049//5571 6363//4980
f 6086//4240 3054//5575 7748//4241
f 3048//5574 3050//5576 3051//5578
f 3051//5578 3055//5577 6439//5154
f 3050//5576 6085//4239 3055//5577
f 3055//5577 6084//4249 6440//5161
f 3052//5569 3048//5574 3056//5579
f 6586//5572 3052//5569 6585//5580
f 3056//5579 3051//5578 6438//5153
f 6585//5580 3056//5579 7814//5157
f 3058//5584 3057//5581 3062//5583
f 6589//5590 3058//5584 6588//5585
f 3062//5583 3061//5582 6582//5565
f 6588//5585 3062//5583 7761//4965
f 3057//5581 3058//5584 3059//5587
f 3059//5587 3063//5586 6592//5589
f 3058//5584 6589//5590 3063//5586
f 3063//5586 6590//5591 6591//5588
f 3060//5594 3057//5581 3064//5593
f 6448//5179 3060//5594 6449//5183
f 3064//5593 3059//5587 6593//5595
f 6449//5183 3064//5593 7819//5184
f 3057//5581 3060//5594 3061//5582
f 3061//5582 3065//5596 6583//5566
f 3060//5594 6448//5179 3065//5596
f 3065//5596 6447//5178 6584//5568
f 3067//5600 3066//5597 3071//5599
f 6595//5606 3067//5600 6594//5601
f 3071//5599 3070//5598 6456//5194
f 6594//5601 3071//5599 7820//5197
f 3066//5597 3067//5600 3068//5603
f 3068//5603 3072//5602 6598//5605
f 3067//5600 6595//5606 3072//5602
f 3072//5602 6596//5607 6597//5604
f 3069//5610 3066//5597 3073//5609
f 6586//5572 3069//5610 6587//5573
f 3073//5609 3068//5603 6599//5611
f 6587//5573 3073//5609 7762//4985
f 3066//5597 3069//5610 3070//5598
f 3070//5598 3074//5612 6457//5200
f 3069//5610 6586//5572 3074//5612
f 3074//5612 6585//5580 6458//5201
f 3076//5616 3075//5613 3080//5615
f 6601//5622 3076//5616 6600//5617
f 3080//5615 3079//5614 6591//5588
f 3080//5615 6591//5588 6600//5617
f 3075//5613 3076//5616 3077//5619
f 3077//5619 3081//5618 6604//5621
f 3076//5616 6601//5622 3081//5618
f 3081//5618 6602//5623 6603//5620
f 3078//5626 3075//5613 3082//5625
f 6466//5219 3078//5626 6467//5223
f 3082//5625 3077//5619 6605//5627
f 6467//5223 3082//5625 7821//5224
f 3075//5613 3078//5626 3079//5614
f 3079//5614 3083//5628 6592//5589
f 3078//5626 6466//5219 3083//5628
f 3083//5628 6465//5218 6593//5595
f 3085//5632 3084//5629 3089//5631
f 6607//5638 3085//5632 6606//5633
f 3089//5631 3088//5630 6474//5234
f 6606//5633 3089//5631 7822//5237
f 3084//5629 3085//5632 3086//5635
f 3086//5635 3090//5634 6610//5637
f 3085//5632 6607//5638 3090//5634
f 3090//5634 6608//5639 6609//5636
f 3087//5642 3084//5629 3091//5641
f 6595//5606 3087//5642 6596//5607
f 3091//5641 3086//5635 6611//5643
f 3091//5641 6611//5643 6596//5607
f 3084//5629 3087//5642 3088//5630
f 3088//5630 3092//5644 6475//5240
f 3087//5642 6595//5606 3092//5644
f 3092//5644 6594//5601 6476//5241
f 3093//5650 3097//5645 3094//5647
f 3094//5647 3098//5646 6499//5294
f 3097//5645 6613//5648 3098//5646
f 3098//5646 6614//5649 6500//5295
f 3095//5652 3093//5650 3099//5651
f 6484//5262 3095//5652 6485//5263
f 3099//5651 3094//5647 6498//5309
f 6485//5263 3099//5651 7827//5264
f 3093//5650 3095//5652 3096//5654
f 3096//5654 3100//5653 6604//5621
f 3095//5652 6484//5262 3100//5653
f 3100//5653 6483//5257 6605//5627
f 3097//5645 3093//5650 3101//5655
f 6613//5648 3097//5645 6612//5656
f 3101//5655 3096//5654 6603//5620
f 6612//5656 3101//5655 7833//5624
f 3102//5660 3106//5657 3103//5659
f 3103//5659 3107//5658 6493//5274
f 3106//5657 6607//5638 3107//5658
f 3107//5658 6606//5633 6494//5280
f 3104//5662 3102//5660 3108//5661
f 6514//5328 3104//5662 6515//5329
f 3108//5661 3103//5659 6492//5273
f 6515//5329 3108//5661 7828//5277
f 3102//5660 3104//5662 3105//5664
f 3105//5664 3109//5663 6616//5666
f 3104//5662 6514//5328 3109//5663
f 3109//5663 6513//5323 6615//5665
f 3106//5657 3102//5660 3110//5667
f 6607//5638 3106//5657 6608//5639
f 3110//5667 3105//5664 6617//5668
f 6608//5639 3110//5667 7834//5640
f 3111//5674 3115//5669 3112//5671
f 3112//5671 3116//5670 6322//4868
f 3115//5669 6619//5672 3116//5670
f 3116//5670 6620//5673 6323//4872
f 3113//5676 3111//5674 3117//5675
f 6622//5682 3113//5676 6621//5677
f 3117//5675 3112//5671 6321//4867
f 6621//5677 3117//5675 7801//4838
f 3111//5674 3113//5676 3114//5679
f 3114//5679 3118//5678 6625//5681
f 3113//5676 6622//5682 3118//5678
f 3118//5678 6623//5683 6624//5680
f 3115//5669 3111//5674 3119//5685
f 6619//5672 3115//5669 6618//5686
f 3119//5685 3114//5679 6626//5687
f 3119//5685 6626//5687 6618//5686
f 3120//5697 3124//5689 3121//5691
f 3121//5691 3125//5690 6631//5693
f 3124//5689 6628//5694 3125//5690
f 3125//5690 6629//5695 6630//5692
f 3122//5699 3120//5697 3126//5698
f 6331//4889 3122//5699 6332//4890
f 3126//5698 3121//5691 6632//5700
f 6332//4890 3126//5698 7802//4849
f 3120//5697 3122//5699 3123//5702
f 3123//5702 3127//5701 6634//5704
f 3122//5699 6331//4889 3127//5701
f 3127//5701 6330//4883 6633//5703
f 3124//5689 3120//5697 3128//5705
f 6628//5694 3124//5689 6627//5706
f 3128//5705 3123//5702 6635//5707
f 3128//5705 6635//5707 6627//5706
f 3129//5723 3133//5709 3130//5711
f 6640//5717 3130//5711 6639//5712
f 3133//5709 6637//5713 3134//5710
f 3134//5710 6638//5714 6639//5712
f 3129//5723 3130//5711 3131//5716
f 3131//5716 3135//5715 6625//5681
f 3130//5711 6640//5717 3135//5715
f 3135//5715 6641//5718 6626//5687
f 3129//5723 3131//5716 3132//5720
f 3132//5720 3136//5719 6643//5722
f 3136//5719 3131//5716 6624//5680
f 3136//5719 6624//5680 6642//5721
f 3133//5709 3129//5723 3137//5724
f 6637//5713 3133//5709 6636//5725
f 3137//5724 3132//5720 6644//5726
f 6636//5725 3137//5724 7771//5727
f 3138//5742 3142//5728 3139//5730
f 6628//5694 3139//5730 6629//5695
f 3142//5728 6646//5731 3143//5729
f 3143//5729 6647//5732 6629//5695
f 3138//5742 3139//5730 3140//5734
f 3140//5734 3144//5733 6649//5736
f 3139//5730 6628//5694 3144//5733
f 3144//5733 6627//5706 6648//5735
f 3138//5742 3140//5734 3141//5738
f 3141//5738 3145//5737 6652//5740
f 3145//5737 3140//5734 6650//5741
f 3145//5737 6650//5741 6651//5739
f 3142//5728 3138//5742 3146//5743
f 6646//5731 3142//5728 6645//5744
f 3146//5743 3141//5738 6653//5745
f 6645//5744 3146//5743 7772//5746
f 3148//5750 3147//5747 3152//5749
f 6106//4296 3148//5750 6107//4297
f 3152//5749 3151//5748 6351//4954
f 6107//4297 3152//5749 7749//4262
f 3147//5747 3148//5750 3149//5752
f 3149//5752 3153//5751 6655//5754
f 3148//5750 6106//4296 3153//5751
f 3153//5751 6105//4292 6654//5753
f 3150//5756 3147//5747 3154//5755
f 6640//5717 3150//5756 6641//5718
f 3154//5755 3149//5752 6656//5757
f 6641//5718 3154//5755 7835//5688
f 3147//5747 3150//5756 3151//5748
f 3151//5748 3155//5758 6352//4955
f 3150//5756 6640//5717 3155//5758
f 3155//5758 6639//5712 6353//4959
f 3157//5762 3156//5759 3161//5761
f 6658//5766 3157//5762 6657//5763
f 3161//5761 3160//5760 6648//5735
f 6657//5763 3161//5761 7836//5708
f 3156//5759 3157//5762 3158//5765
f 3158//5765 3162//5764 6109//4303
f 3157//5762 6658//5766 3162//5764
f 3162//5764 6659//5767 6110//4304
f 3159//5769 3156//5759 3163//5768
f 6361//4976 3159//5769 6362//4977
f 3163//5768 3158//5765 6108//4313
f 6362//4977 3163//5768 7750//4273
f 3156//5759 3159//5769 3160//5760
f 3160//5760 3164//5770 6649//5736
f 3159//5769 6361//4976 3164//5770
f 3164//5770 6360//4970 6650//5741
f 3166//5774 3165//5771 3170//5773
f 6661//5778 3166//5774 6660//5775
f 3170//5773 3169//5772 6654//5753
f 6660//5775 3170//5773 7751//4294
f 3165//5771 3166//5774 3167//5777
f 3167//5777 3171//5776 6244//4667
f 3166//5774 6661//5778 3171//5776
f 3171//5776 6662//5779 6245//4673
f 3168//5781 3165//5771 3172//5780
f 6664//5784 3168//5781 6663//5782
f 3172//5780 3167//5777 6243//4666
f 6663//5782 3172//5780 7793//4669
f 3165//5771 3168//5781 3169//5772
f 3169//5772 3173//5783 6655//5754
f 3168//5781 6664//5784 3173//5783
f 3173//5783 6665//5785 6656//5757
f 3175//5789 3174//5786 3179//5788
f 6253//4690 3175//5789 6254//4691
f 3179//5788 3178//5787 6668//5791
f 6254//4691 3179//5788 7794//4692
f 3174//5786 3175//5789 3176//5793
f 3176//5793 3180//5792 6670//5795
f 3175//5789 6253//4690 3180//5792
f 3180//5792 6252//4682 6669//5794
f 3177//5797 3174//5786 3181//5796
f 6658//5766 3177//5797 6659//5767
f 3181//5796 3176//5793 6671//5798
f 6659//5767 3181//5796 7752//4305
f 3174//5786 3177//5797 3178//5787
f 3178//5787 3182//5799 6667//5790
f 3177//5797 6658//5766 3182//5799
f 3182//5799 6657//5763 6666//5800
f 3183//5804 3186//5801 3184//5803
f 3184//5803 3187//5802 6343//4931
f 3186//5801 6664//5784 3187//5802
f 3187//5802 6663//5782 6344//4933
f 3185//5806 3183//5804 3188//5805
f 6619//5672 3185//5806 6620//5673
f 3188//5805 3184//5803 6342//4930
f 6620//5673 3188//5805 7799//4873
f 3186//5801 3183//5804 3189//5807
f 6664//5784 3186//5801 6665//5785
f 3185//5806 6619//5672 3189//5807
f 3189//5807 6618//5686 6665//5785
f 3191//5811 3190//5808 3194//5810
f 3191//5811 3194//5810 6634//5704
f 3194//5810 3193//5809 6666//5800
f 3194//5810 6666//5800 6635//5707
f 3192//5813 3190//5808 3195//5812
f 6346//4937 3192//5813 6347//4938
f 3195//5812 3191//5811 6633//5703
f 6347//4938 3195//5812 7800//4886
f 3190//5808 3192//5813 3193//5809
f 3193//5809 3196//5814 6667//5790
f 3192//5813 6346//4937 3196//5814
f 3196//5814 6345//4945 6668//5791
f 3197//5818 3200//5815 3198//5817
f 3198//5817 3201//5816 6277//4760
f 3200//5815 6661//5778 3201//5816
f 3201//5816 6660//5775 6278//4764
f 3199//5820 3197//5818 3202//5819
f 6268//4735 3199//5820 6269//4736
f 3202//5819 3198//5817 6276//4759
f 6269//4736 3202//5819 7797//4737
f 3200//5815 3197//5818 3203//5821
f 6661//5778 3200//5815 6662//5779
f 3203//5821 3199//5820 6267//4732
f 6662//5779 3203//5821 7795//4674
f 3205//5825 3204//5822 3208//5824
f 6271//4741 3205//5825 6272//4742
f 3208//5824 3207//5823 6669//5794
f 6272//4742 3208//5824 7796//4685
f 3206//5827 3204//5822 3209//5826
f 6280//4773 3206//5827 6281//4774
f 3209//5826 3205//5825 6270//4750
f 6281//4774 3209//5826 7798//4753
f 3204//5822 3206//5827 3207//5823
f 3207//5823 3210//5828 6670//5795
f 3206//5827 6280//4773 3210//5828
f 3210//5828 6279//4769 6671//5798
f 3211//5834 3215//5829 3212//5831
f 3212//5831 3216//5830 6673//5833
f 3215//5829 6502//5301 3216//5830
f 3216//5830 6501//5293 6672//5832
f 3213//5840 3211//5834 3217//5835
f 3213//5840 3217//5835 6676//5837
f 3217//5835 3212//5831 6674//5838
f 3217//5835 6674//5838 6675//5836
f 3211//5834 3213//5840 3214//5842
f 6679//5847 3214//5842 6678//5843
f 3218//5841 3213//5840 6677//5844
f 3218//5841 6677//5844 6678//5843
f 3215//5829 3211//5834 3219//5846
f 3215//5829 3219//5846 6502//5301
f 3214//5842 6679//5847 3219//5846
f 3219//5846 6680//5848 6503//5302
f 3220//5856 3224//5849 3221//5851
f 6685//5860 3221//5851 6684//5852
f 3225//5850 3224//5849 6683//5854
f 3225//5850 6683//5854 6684//5852
f 3222//5858 3220//5856 3226//5857
f 6688//5865 3222//5858 6687//5859
f 3221//5851 6685//5860 3226//5857
f 3226//5857 6686//5861 6687//5859
f 3220//5856 3222//5858 3223//5864
f 3223//5864 3227//5863 6511//5324
f 3222//5858 6688//5865 3227//5863
f 3227//5863 6689//5866 6512//5325
f 3224//5849 3220//5856 3228//5867
f 3224//5849 3228//5867 6682//5853
f 3223//5864 6511//5324 3228//5867
f 3228//5867 6510//5318 6681//5868
f 3229//5872 3233//5869 3230//5871
f 3230//5871 3234//5870 6517//5334
f 3233//5869 6373//5002 3234//5870
f 3234//5870 6372//4997 6518//5335
f 3231//5874 3229//5872 3235//5873
f 6679//5847 3231//5874 6680//5848
f 3235//5873 3230//5871 6516//5344
f 6680//5848 3235//5873 7829//5303
f 3229//5872 3231//5874 3232//5876
f 3232//5876 3236//5875 6691//5878
f 3231//5874 6679//5847 3236//5875
f 3236//5875 6678//5843 6690//5877
f 3233//5869 3229//5872 3237//5879
f 6373//5002 3233//5869 6374//5003
f 3237//5879 3232//5876 6692//5880
f 3237//5879 6692//5880 6374//5003
f 3238//5886 3242//5881 3239//5883
f 3239//5883 3243//5882 6682//5853
f 3242//5881 6694//5884 3243//5882
f 3243//5882 6695//5885 6683//5854
f 3240//5888 3238//5886 3244//5887
f 6526//5358 3240//5888 6527//5359
f 3244//5887 3239//5883 6681//5868
f 6527//5359 3244//5887 7830//5320
f 3238//5886 3240//5888 3241//5890
f 3241//5890 3245//5889 6376//5010
f 3240//5888 6526//5358 3245//5889
f 3245//5889 6525//5356 6377//5015
f 3242//5881 3238//5886 3246//5891
f 6694//5884 3242//5881 6693//5892
f 3246//5891 3241//5890 6375//5009
f 3246//5891 6375//5009 6693//5892
f 3247//5898 3251//5893 3248//5895
f 3248//5895 3252//5894 6643//5722
f 3251//5893 6697//5896 3252//5894
f 3252//5894 6698//5897 6644//5726
f 3249//5902 3247//5898 3253//5899
f 3249//5902 3253//5899 6700//5901
f 3253//5899 3248//5895 6642//5721
f 3253//5899 6642//5721 6699//5900
f 3247//5898 3249//5902 3250//5904
f 3250//5904 3254//5903 6676//5837
f 3254//5903 3249//5902 6701//5905
f 3254//5903 6701//5905 6677//5844
f 3251//5893 3247//5898 3255//5906
f 6697//5896 3251//5893 6696//5907
f 3255//5906 3250//5904 6675//5836
f 6696//5907 3255//5906 7773//5839
f 3256//5912 3260//5908 3257//5910
f 6703//5915 3257//5910 6702//5911
f 3260//5908 6685//5860 3261//5909
f 3261//5909 6684//5852 6702//5911
f 3258//5914 3256//5912 3262//5913
f 6646//5731 3258//5914 6647//5732
f 3257//5910 6703//5915 3262//5913
f 3262//5913 6704//5916 6647//5732
f 3256//5912 3258//5914 3259//5918
f 3259//5918 3263//5917 6706//5920
f 3258//5914 6646//5731 3263//5917
f 3263//5917 6645//5744 6705//5919
f 3260//5908 3256//5912 3264//5921
f 6685//5860 3260//5908 6686//5861
f 3264//5921 3259//5918 6707//5922
f 6686//5861 3264//5921 7774//5862
f 3265//5926 3269//5923 3266//5925
f 3266//5925 3270//5924 6307//4831
f 3269//5923 6622//5682 3270//5924
f 3270//5924 6621//5677 6308//4837
f 3267//5928 3265//5926 3271//5927
f 6709//5932 3267//5928 6708//5929
f 3271//5927 3266//5925 6306//4830
f 6708//5929 3271//5927 7803//4798
f 3265//5926 3267//5928 3268//5931
f 3268//5931 3272//5930 6700//5901
f 3267//5928 6709//5932 3272//5930
f 3272//5930 6710//5933 6701//5905
f 3269//5923 3265//5926 3273//5934
f 6622//5682 3269//5923 6623//5683
f 3273//5934 3268//5931 6699//5900
f 6623//5683 3273//5934 7837//5684
f 3274//5940 3278//5935 3275//5937
f 3275//5937 3279//5936 6712//5939
f 3278//5935 6703//5915 3279//5936
f 3279//5936 6702//5911 6711//5938
f 3276//5942 3274//5940 3280//5941
f 6316//4853 3276//5942 6317//4854
f 3280//5941 3275//5937 6713//5943
f 6317//4854 3280//5941 7804//4810
f 3274//5940 3276//5942 3277//5945
f 3277//5945 3281//5944 6631//5693
f 3276//5942 6316//4853 3281//5944
f 3281//5944 6315//4846 6632//5700
f 3278//5935 3274//5940 3282//5946
f 6703//5915 3278//5935 6704//5916
f 3282//5946 3277//5945 6630//5692
f 6704//5916 3282//5946 7838//5696
f 3284//5950 3283//5947 3287//5949
f 3284//5950 3287//5949 6691//5878
f 3287//5949 3286//5948 6288//4789
f 6692//5880 3287//5949 7775//4791
f 3285//5952 3283//5947 3288//5951
f 6709//5932 3285//5952 6710//5933
f 3288//5951 3284//5950 6690//5877
f 6710//5933 3288//5951 7831//5845
f 3286//5948 3283//5947 3289//5953
f 6289//4796 3286//5948 6290//4797
f 3285//5952 6709//5932 3289//5953
f 3289//5953 6708//5929 6290//4797
f 3291//5957 3290//5954 3294//5956
f 3291//5957 3294//5956 6712//5939
f 3294//5956 3293//5955 6297//4806
f 3294//5956 6297//4806 6713//5943
f 3292//5959 3290//5954 3295//5958
f 6694//5884 3292//5959 6695//5885
f 3295//5958 3291//5957 6711//5938
f 6695//5885 3295//5958 7832//5855
f 3293//5955 3290//5954 3296//5960
f 6298//4807 3293//5955 6299//4815
f 3292//5959 6694//5884 3296//5960
f 6299//4815 3296//5960 7776//4816
f 3297//5969 3301//5961 3298//5963
f 3298//5963 3302//5962 6718//5965
f 3301//5961 6715//5966 3302//5962
f 3302//5962 6716//5967 6717//5964
f 3299//5971 3297//5969 3303//5970
f 6721//5979 3299//5971 6720//5972
f 3303//5970 3298//5963 6719//5973
f 6720//5972 3303//5970 7839//5974
f 3297//5969 3299//5971 3300//5976
f 3300//5976 3304//5975 6724//5978
f 3299//5971 6721//5979 3304//5975
f 3304//5975 6722//5980 6723//5977
f 3301//5961 3297//5969 3305//5982
f 6715//5966 3301//5961 6714//5983
f 3305//5982 3300//5976 6725//5984
f 6714//5983 3305//5982 7853//5985
f 3306//5994 3310//5986 3307//5988
f 3307//5988 3311//5987 6730//5990
f 3310//5986 6727//5991 3311//5987
f 3311//5987 6728//5992 6729//5989
f 3308//5996 3306//5994 3312//5995
f 6733//6004 3308//5996 6732//5997
f 3312//5995 3307//5988 6731//5998
f 6732//5997 3312//5995 7840//5999
f 3306//5994 3308//5996 3309//6001
f 3309//6001 3313//6000 6736//6003
f 3308//5996 6733//6004 3313//6000
f 3313//6000 6734//6005 6735//6002
f 3310//5986 3306//5994 3314//6007
f 6727//5991 3310//5986 6726//6008
f 3314//6007 3309//6001 6737//6009
f 6726//6008 3314//6007 7854//6010
f 3316//6014 3315//6011 3320//6013
f 6715//5966 3316//6014 6716//5967
f 3320//6013 3319//6012 6740//6016
f 6716//5967 3320//6013 7851//5968
f 3315//6011 3316//6014 3317//6018
f 3317//6018 3321//6017 6742//6020
f 3316//6014 6715//5966 3321//6017
f 3321//6017 6714//5983 6741//6019
f 3318//6022 3315//6011 3322//6021
f 6745//6028 3318//6022 6744//6023
f 3322//6021 3317//6018 6743//6024
f 6744//6023 3322//6021 7855//6025
f 3315//6011 3318//6022 3319//6012
f 3319//6012 3323//6026 6739//6015
f 3318//6022 6745//6028 3323//6026
f 3323//6026 6746//6029 6738//6027
f 3325//6034 3324//6031 3329//6033
f 6751//6041 3325//6034 6750//6035
f 3329//6033 3328//6032 6749//6037
f 6750//6035 3329//6033 7856//6038
f 3324//6031 3325//6034 3326//6040
f 3326//6040 3330//6039 6736//6003
f 3325//6034 6751//6041 3330//6039
f 3330//6039 6752//6042 6737//6009
f 3327//6044 3324//6031 3331//6043
f 6754//6048 3327//6044 6753//6045
f 3331//6043 3326//6040 6735//6002
f 6753//6045 3331//6043 7852//6006
f 3324//6031 3327//6044 3328//6032
f 3328//6032 3332//6046 6748//6036
f 3327//6044 6754//6048 3332//6046
f 3332//6046 6755//6049 6747//6047
f 3334//6054 3333//6051 3338//6053
f 6745//6028 3334//6054 6746//6029
f 3338//6053 3337//6052 6758//6056
f 6746//6029 3338//6053 7849//6030
f 3335//6058 3333//6051 3339//6057
f 6760//6064 3335//6058 6759//6059
f 3334//6054 6745//6028 3339//6057
f 6759//6059 3339//6057 7855//6025
f 3333//6051 3335//6058 3336//6061
f 3336//6061 3340//6060 6763//6063
f 3335//6058 6760//6064 3340//6060
f 3340//6060 6761//6065 6762//6062
f 3337//6052 3333//6051 3341//6067
f 3337//6052 3341//6067 6757//6055
f 3341//6067 3336//6061 6764//6069
f 6756//6068 3341//6067 7847//6070
f 3342//6079 3346//6071 3343//6073
f 3343//6073 3347//6072 6769//6075
f 3346//6071 6766//6076 3347//6072
f 3347//6072 6767//6077 6768//6074
f 3344//6082 3342//6079 3348//6080
f 3344//6082 3348//6080 6748//6036
f 3348//6080 3343//6073 6770//6081
f 6749//6037 3348//6080 7856//6038
f 3345//6084 3342//6079 3349//6083
f 6772//6088 3345//6084 6771//6085
f 3349//6083 3344//6082 6747//6047
f 6771//6085 3349//6083 7850//6050
f 3346//6071 3342//6079 3350//6086
f 6766//6076 3346//6071 6765//6087
f 3345//6084 6772//6088 3350//6086
f 6765//6087 3350//6086 7848//6090
f 3351//6096 3355//6091 3352//6093
f 3352//6093 3356//6092 6763//6063
f 3355//6091 6775//6094 3356//6092
f 3356//6092 6776//6095 6764//6069
f 3353//6098 3351//6096 3357//6097
f 6778//6104 3353//6098 6777//6099
f 3357//6097 3352//6093 6762//6062
f 6777//6099 3357//6097 7857//6066
f 3351//6096 3353//6098 3354//6101
f 3354//6101 3358//6100 6781//6103
f 3353//6098 6778//6104 3358//6100
f 3358//6100 6779//6105 6780//6102
f 3355//6091 3351//6096 3359//6107
f 6775//6094 3355//6091 6774//6108
f 3359//6107 3354//6101 6782//6109
f 6774//6108 3359//6107 7845//6110
f 3360//6119 3364//6111 3361//6113
f 3361//6113 3365//6112 6787//6115
f 3364//6111 6784//6116 3365//6112
f 3365//6112 6785//6117 6786//6114
f 3362//6121 3360//6119 3366//6120
f 6766//6076 3362//6121 6767//6077
f 3366//6120 3361//6113 6788//6122
f 6767//6077 3366//6120 7858//6078
f 3360//6119 3362//6121 3363//6124
f 3363//6124 3367//6123 6790//6126
f 3362//6121 6766//6076 3367//6123
f 3367//6123 6765//6087 6789//6125
f 3364//6111 3360//6119 3368//6127
f 6784//6116 3364//6111 6783//6128
f 3368//6127 3363//6124 6791//6129
f 6783//6128 3368//6127 7846//6130
f 3369//6136 3373//6131 3370//6133
f 3370//6133 3374//6132 6781//6103
f 3373//6131 6793//6134 3374//6132
f 3374//6132 6794//6135 6782//6109
f 3371//6138 3369//6136 3375//6137
f 6796//6143 3371//6138 6795//6139
f 3375//6137 3370//6133 6780//6102
f 6795//6139 3375//6137 7859//6106
f 3369//6136 3371//6138 3372//6141
f 6799//6148 3372//6141 6798//6142
f 3376//6140 3371//6138 6797//6144
f 6798//6142 3376//6140 7861//6145
f 3373//6131 3369//6136 3377//6146
f 6793//6134 3373//6131 6792//6147
f 3377//6146 3372//6141 6800//6149
f 6792//6147 3377//6146 7843//6150
f 3378//6158 3382//6151 3379//6153
f 6805//6161 3379//6153 6804//6154
f 3383//6152 3382//6151 6803//6156
f 6804//6154 3383//6152 7862//6157
f 3380//6160 3378//6158 3384//6159
f 6784//6116 3380//6160 6785//6117
f 3384//6159 3379//6153 6806//6162
f 6785//6117 3384//6159 7860//6118
f 3378//6158 3380//6160 3381//6164
f 3381//6164 3385//6163 6808//6166
f 3380//6160 6784//6116 3385//6163
f 3385//6163 6783//6128 6807//6165
f 3382//6151 3378//6158 3386//6167
f 6802//6155 3382//6151 6801//6168
f 3386//6167 3381//6164 6809//6169
f 6801//6168 3386//6167 7844//6170
f 3387//6180 3391//6171 3388//6173
f 3388//6173 3392//6172 6799//6148
f 3391//6171 6811//6174 3392//6172
f 3392//6172 6812//6175 6800//6149
f 3387//6180 3388//6173 3389//6177
f 3389//6177 3393//6176 6814//6179
f 3388//6173 6799//6148 3393//6176
f 3393//6176 6798//6142 6813//6178
f 3390//6182 3387//6180 3394//6181
f 6817//6188 3390//6182 6816//6183
f 3394//6181 3389//6177 6815//6184
f 6816//6183 3394//6181 7863//6185
f 3387//6180 3390//6182 3391//6171
f 6811//6174 3391//6171 6810//6187
f 3390//6182 6817//6188 3395//6186
f 6810//6187 3395//6186 7841//6190
f 3397//6194 3396//6191 3401//6193
f 6823//6201 3397//6194 6822//6195
f 3401//6193 3400//6192 6821//6197
f 6822//6195 3401//6193 7864//6198
f 3396//6191 3397//6194 3398//6200
f 3398//6200 3402//6199 6802//6155
f 3397//6194 6823//6201 3402//6199
f 3402//6199 6824//6202 6803//6156
f 3396//6191 3398//6200 3399//6204
f 3399//6204 3403//6203 6826//6206
f 3398//6200 6802//6155 3403//6203
f 3403//6203 6801//6168 6825//6205
f 3396//6191 3399//6204 3400//6192
f 3400//6192 3404//6207 6820//6196
f 3404//6207 3399//6204 6827//6209
f 6819//6208 3404//6207 7842//6210
f 3406//6214 3405//6211 3410//6213
f 6829//6220 3406//6214 6828//6215
f 3410//6213 3409//6212 6813//6178
f 6828//6215 3410//6213 7861//6145
f 3405//6211 3406//6214 3407//6217
f 3407//6217 3411//6216 6832//6219
f 3406//6214 6829//6220 3411//6216
f 3411//6216 6830//6221 6831//6218
f 3408//6224 3405//6211 3412//6223
f 6835//6229 3408//6224 6834//6225
f 3412//6223 3407//6217 6833//6226
f 6834//6225 3412//6223 7869//6227
f 3405//6211 3408//6224 3409//6212
f 3409//6212 3413//6228 6814//6179
f 3408//6224 6835//6229 3413//6228
f 3413//6228 6836//6230 6815//6184
f 3415//6234 3414//6231 3419//6233
f 6841//6243 3415//6234 6840//6235
f 3419//6233 3418//6232 6839//6237
f 6840//6235 3419//6233 7870//6238
f 3414//6231 3415//6234 3416//6240
f 3416//6240 3420//6239 6844//6242
f 3415//6234 6841//6243 3420//6239
f 3420//6239 6842//6244 6843//6241
f 3417//6247 3414//6231 3421//6246
f 6823//6201 3417//6247 6824//6202
f 3421//6246 3416//6240 6845//6248
f 6824//6202 3421//6246 7862//6157
f 3414//6231 3417//6247 3418//6232
f 3418//6232 3422//6249 6838//6236
f 3417//6247 6823//6201 3422//6249
f 3422//6249 6822//6195 6837//6250
f 3424//6254 3423//6251 3428//6253
f 6847//6260 3424//6254 6846//6255
f 3428//6253 3427//6252 6795//6139
f 3428//6253 6795//6139 6846//6255
f 3423//6251 3424//6254 3425//6257
f 3425//6257 3429//6256 6850//6259
f 3424//6254 6847//6260 3429//6256
f 3429//6256 6848//6261 6849//6258
f 3426//6264 3423//6251 3430//6263
f 6829//6220 3426//6264 6830//6221
f 3430//6263 3425//6257 6851//6265
f 6830//6221 3430//6263 7871//6222
f 3423//6251 3426//6264 3427//6252
f 3427//6252 3431//6266 6796//6143
f 3426//6264 6829//6220 3431//6266
f 3431//6266 6828//6215 6797//6144
f 3433//6270 3432//6267 3437//6269
f 6853//6276 3433//6270 6852//6271
f 3437//6269 3436//6268 6843//6241
f 6852//6271 3437//6269 7872//6245
f 3432//6267 3433//6270 3434//6273
f 3434//6273 3438//6272 6856//6275
f 3433//6270 6853//6276 3438//6272
f 3438//6272 6854//6277 6855//6274
f 3435//6280 3432//6267 3439//6279
f 6805//6161 3435//6280 6806//6162
f 3439//6279 3434//6273 6857//6281
f 3439//6279 6857//6281 6806//6162
f 3432//6267 3435//6280 3436//6268
f 3436//6268 3440//6282 6844//6242
f 3435//6280 6805//6161 3440//6282
f 3440//6282 6804//6154 6845//6248
f 3441//6288 3445//6283 3442//6285
f 3442//6285 3446//6284 6859//6287
f 3445//6283 6778//6104 3446//6284
f 3446//6284 6777//6099 6858//6286
f 3443//6290 3441//6288 3447//6289
f 6862//6296 3443//6290 6861//6291
f 3447//6289 3442//6285 6860//6292
f 6861//6291 3447//6289 7875//6293
f 3441//6288 3443//6290 3444//6295
f 6847//6260 3444//6295 6848//6261
f 3443//6290 6862//6296 3448//6294
f 6848//6261 3448//6294 7873//6262
f 3445//6283 3441//6288 3449//6298
f 6778//6104 3445//6283 6779//6105
f 3449//6298 3444//6295 6846//6255
f 6779//6105 3449//6298 7859//6106
f 3450//6304 3454//6299 3451//6301
f 3451//6301 3455//6300 6865//6303
f 3455//6300 3454//6299 6855//6274
f 6864//6302 3455//6300 7874//6278
f 3452//6306 3450//6304 3456//6305
f 6868//6312 3452//6306 6867//6307
f 3456//6305 3451//6301 6866//6308
f 6867//6307 3456//6305 7876//6309
f 3450//6304 3452//6306 3453//6311
f 3453//6311 3457//6310 6787//6115
f 3452//6306 6868//6312 3457//6310
f 3457//6310 6869//6313 6788//6122
f 3454//6299 3450//6304 3458//6314
f 6856//6275 3454//6299 6857//6281
f 3458//6314 3453//6311 6786//6114
f 6857//6281 3458//6314 7860//6118
f 3459//6320 3463//6315 3460//6317
f 3460//6317 3464//6316 6871//6319
f 3463//6315 6760//6064 3464//6316
f 3464//6316 6759//6059 6870//6318
f 3461//6322 3459//6320 3465//6321
f 6874//6328 3461//6322 6873//6323
f 3465//6321 3460//6317 6872//6324
f 6873//6323 3465//6321 7877//6325
f 3459//6320 3461//6322 3462//6327
f 3462//6327 3466//6326 6859//6287
f 3461//6322 6874//6328 3466//6326
f 3466//6326 6875//6329 6860//6292
f 3463//6315 3459//6320 3467//6330
f 6760//6064 3463//6315 6761//6065
f 3467//6330 3462//6327 6858//6286
f 6761//6065 3467//6330 7857//6066
f 3468//6336 3472//6331 3469//6333
f 3469//6333 3473//6332 6877//6335
f 3472//6331 6868//6312 3473//6332
f 3473//6332 6867//6307 6876//6334
f 3470//6338 3468//6336 3474//6337
f 6880//6344 3470//6338 6879//6339
f 3474//6337 3469//6333 6878//6340
f 6879//6339 3474//6337 7878//6341
f 3468//6336 3470//6338 3471//6343
f 3471//6343 3475//6342 6769//6075
f 3470//6338 6880//6344 3475//6342
f 3475//6342 6881//6345 6770//6081
f 3472//6331 3468//6336 3476//6346
f 6868//6312 3472//6331 6869//6313
f 3476//6346 3471//6343 6768//6074
f 6869//6313 3476//6346 7858//6078
f 3477//6352 3481//6347 3478//6349
f 3478//6349 3482//6348 6883//6351
f 3482//6348 3481//6347 6741//6019
f 3482//6348 6741//6019 6882//6350
f 3479//6354 3477//6352 3483//6353
f 6886//6360 3479//6354 6885//6355
f 3483//6353 3478//6349 6884//6356
f 6885//6355 3483//6353 7879//6357
f 3477//6352 3479//6354 3480//6359
f 3480//6359 3484//6358 6871//6319
f 3479//6354 6886//6360 3484//6358
f 3484//6358 6887//6361 6872//6324
f 3481//6347 3477//6352 3485//6362
f 6742//6020 3481//6347 6743//6024
f 3485//6362 3480//6359 6870//6318
f 6743//6024 3485//6362 7855//6025
f 3486//6368 3490//6363 3487//6365
f 3487//6365 3491//6364 6889//6367
f 3490//6363 6880//6344 3491//6364
f 3491//6364 6879//6339 6888//6366
f 3488//6370 3486//6368 3492//6369
f 6892//6376 3488//6370 6891//6371
f 3492//6369 3487//6365 6890//6372
f 6891//6371 3492//6369 7880//6373
f 3486//6368 3488//6370 3489//6375
f 6751//6041 3489//6375 6752//6042
f 3488//6370 6892//6376 3493//6374
f 3493//6374 6893//6377 6752//6042
f 3490//6363 3486//6368 3494//6378
f 6880//6344 3490//6363 6881//6345
f 3494//6378 3489//6375 6750//6035
f 6881//6345 3494//6378 7856//6038
f 3496//6382 3495//6379 3500//6381
f 6724//5978 3496//6382 6725//5984
f 3500//6381 3499//6380 6882//6350
f 6725//5984 3500//6381 7853//5985
f 3495//6379 3496//6382 3497//6384
f 3497//6384 3501//6383 6895//6386
f 3496//6382 6724//5978 3501//6383
f 3501//6383 6723//5977 6894//6385
f 3498//6388 3495//6379 3502//6387
f 6898//6393 3498//6388 6897//6389
f 3502//6387 3497//6384 6896//6390
f 6897//6389 3502//6387 7867//6391
f 3495//6379 3498//6388 3499//6380
f 3499//6380 3503//6392 6883//6351
f 3498//6388 6898//6393 3503//6392
f 3503//6392 6899//6394 6884//6356
f 3505//6398 3504//6395 3509//6397
f 6904//6405 3505//6398 6903//6399
f 3509//6397 3508//6396 6902//6401
f 6903//6399 3509//6397 7868//6402
f 3504//6395 3505//6398 3506//6404
f 3506//6404 3510//6403 6727//5991
f 3505//6398 6904//6405 3510//6403
f 3510//6403 6905//6406 6728//5992
f 3507//6408 3504//6395 3511//6407
f 6892//6376 3507//6408 6893//6377
f 3511//6407 3506//6404 6726//6008
f 6893//6377 3511//6407 7854//6010
f 3504//6395 3507//6408 3508//6396
f 3508//6396 3512//6409 6901//6400
f 3507//6408 6892//6376 3512//6409
f 3512//6409 6891//6371 6900//6410
f 3513//6426 3517//6411 3514//6413
f 6637//5713 3514//6413 6638//5714
f 3517//6411 6907//6414 3518//6412
f 3518//6412 6908//6415 6638//5714
f 3513//6426 3514//6413 3515//6417
f 3515//6417 3519//6416 6910//6419
f 3514//6413 6637//5713 3519//6416
f 3519//6416 6636//5725 6909//6418
f 3513//6426 3515//6417 3516//6421
f 3516//6421 3520//6420 6913//6423
f 3515//6417 6910//6419 3520//6420
f 3520//6420 6911//6424 6912//6422
f 3517//6411 3513//6426 3521//6427
f 3517//6411 3521//6427 6907//6414
f 3521//6427 3516//6421 6914//6429
f 6906//6428 3521//6427 7893//6430
f 3522//6446 3526//6431 3523//6433
f 3523//6433 3527//6432 6919//6435
f 3526//6431 6916//6436 3527//6432
f 3527//6432 6917//6437 6918//6434
f 3522//6446 3523//6433 3524//6440
f 3524//6440 3528//6439 6652//5740
f 3523//6433 6919//6435 3528//6439
f 3528//6439 6920//6441 6653//5745
f 3522//6446 3524//6440 3525//6443
f 3525//6443 3529//6442 6922//6445
f 3529//6442 3524//6440 6651//5739
f 3529//6442 6651//5739 6921//6444
f 3526//6431 3522//6446 3530//6447
f 6916//6436 3526//6431 6915//6448
f 3525//6443 6922//6445 3530//6447
f 6915//6448 3530//6447 7894//6450
f 3531//6456 3535//6451 3532//6453
f 3532//6453 3536//6452 6925//6455
f 3535//6451 6910//6419 3536//6452
f 3536//6452 6909//6418 6924//6454
f 3533//6458 3531//6456 3537//6457
f 6817//6188 3533//6458 6818//6189
f 3537//6457 3532//6453 6926//6459
f 6818//6189 3537//6457 7841//6190
f 3531//6456 3533//6458 3534//6461
f 3534//6461 3538//6460 6928//6463
f 3533//6458 6817//6188 3538//6460
f 3538//6460 6816//6183 6927//6462
f 3535//6451 3531//6456 3539//6464
f 6910//6419 3535//6451 6911//6424
f 3539//6464 3534//6461 6929//6465
f 6911//6424 3539//6464 7895//6425
f 3540//6471 3544//6466 3541//6468
f 3541//6468 3545//6467 6820//6196
f 3544//6466 6931//6469 3545//6467
f 3545//6467 6932//6470 6821//6197
f 3542//6473 3540//6471 3546//6472
f 6934//6477 3542//6473 6933//6474
f 3546//6472 3541//6468 6819//6208
f 6933//6474 3546//6472 7842//6210
f 3540//6471 3542//6473 3543//6476
f 3543//6476 3547//6475 6919//6435
f 3542//6473 6934//6477 3547//6475
f 3547//6475 6935//6478 6920//6441
f 3544//6466 3540//6471 3548//6479
f 6931//6469 3544//6466 6930//6480
f 3548//6479 3543//6476 6918//6434
f 6930//6480 3548//6479 7896//6438
f 3550//6484 3549//6481 3554//6483
f 6355//4963 3550//6484 6356//4964
f 3554//6483 3553//6482 6588//5585
f 6356//4964 3554//6483 7761//4965
f 3549//6481 3550//6484 3551//6486
f 3551//6486 3555//6485 6907//6414
f 3550//6484 6355//4963 3555//6485
f 3555//6485 6354//4958 6908//6415
f 3552//6488 3549//6481 3556//6487
f 6937//6491 3552//6488 6936//6489
f 3556//6487 3551//6486 6906//6428
f 6936//6489 3556//6487 7893//6430
f 3549//6481 3552//6488 3553//6482
f 3553//6482 3557//6490 6589//5590
f 3552//6488 6937//6491 3557//6490
f 3557//6490 6938//6492 6590//5591
f 3559//6496 3558//6493 3563//6495
f 6922//6445 3559//6496 6923//6449
f 3563//6495 3562//6494 6941//6498
f 6923//6449 3563//6495 7894//6450
f 3558//6493 3559//6496 3560//6500
f 3560//6500 3564//6499 6358//4971
f 3559//6496 6922//6445 3564//6499
f 3564//6499 6921//6444 6359//4972
f 3561//6502 3558//6493 3565//6501
f 6598//5605 3561//6502 6599//5611
f 3565//6501 3560//6500 6357//4982
f 6599//5611 3565//6501 7762//4985
f 3558//6493 3561//6502 3562//6494
f 3562//6494 3566//6503 6940//6497
f 3561//6502 6598//5605 3566//6503
f 3566//6503 6597//5604 6939//6504
f 3568//6508 3567//6505 3572//6507
f 6946//6516 3568//6508 6945//6509
f 3572//6507 3571//6506 6944//6511
f 6945//6509 3572//6507 7833//5624
f 3567//6505 3568//6508 3569//6513
f 3569//6513 3573//6512 6949//6515
f 3568//6508 6946//6516 3573//6512
f 3573//6512 6947//6517 6948//6514
f 3570//6520 3567//6505 3574//6519
f 6721//5979 3570//6520 6722//5980
f 3574//6519 3569//6513 6950//6521
f 6722//5980 3574//6519 7865//5981
f 3567//6505 3570//6520 3571//6506
f 3571//6506 3575//6522 6943//6510
f 3570//6520 6721//5979 3575//6522
f 3575//6522 6720//5972 6942//6523
f 3577//6527 3576//6524 3581//6526
f 6952//6533 3577//6527 6951//6528
f 3581//6526 3580//6525 6729//5989
f 6951//6528 3581//6526 7866//5993
f 3576//6524 3577//6527 3578//6530
f 3578//6530 3582//6529 6955//6532
f 3577//6527 6952//6533 3582//6529
f 3582//6529 6953//6534 6954//6531
f 3579//6537 3576//6524 3583//6536
f 6958//6541 3579//6537 6957//6538
f 3583//6536 3578//6530 6956//6539
f 6957//6538 3583//6536 7834//5640
f 3576//6524 3579//6537 3580//6525
f 3580//6525 3584//6540 6730//5990
f 3579//6537 6958//6541 3584//6540
f 3584//6540 6959//6542 6731//5998
f 3586//6546 3585//6543 3590//6545
f 6835//6229 3586//6546 6836//6230
f 3590//6545 3589//6544 6927//6462
f 6836//6230 3590//6545 7863//6185
f 3585//6543 3586//6546 3587//6548
f 3587//6548 3591//6547 6961//6550
f 3586//6546 6835//6229 3591//6547
f 3591//6547 6834//6225 6960//6549
f 3588//6552 3585//6543 3592//6551
f 6964//6557 3588//6552 6963//6553
f 3592//6551 3587//6548 6962//6554
f 3592//6551 6962//6554 6963//6553
f 3585//6543 3588//6552 3589//6544
f 3589//6544 3593//6556 6928//6463
f 3588//6552 6964//6557 3593//6556
f 3593//6556 6965//6558 6929//6465
f 3595//6562 3594//6559 3599//6561
f 6970//6569 3595//6562 6969//6563
f 3599//6561 3598//6560 6968//6565
f 3599//6561 6968//6565 6969//6563
f 3594//6559 3595//6562 3596//6568
f 3596//6568 3600//6567 6838//6236
f 3595//6562 6970//6569 3600//6567
f 3600//6567 6971//6570 6839//6237
f 3597//6572 3594//6559 3601//6571
f 6931//6469 3597//6572 6932//6470
f 3601//6571 3596//6568 6837//6250
f 6932//6470 3601//6571 7864//6198
f 3594//6559 3597//6572 3598//6560
f 3598//6560 3602//6573 6967//6564
f 3597//6572 6931//6469 3602//6573
f 3602//6573 6930//6480 6966//6574
f 3603//6583 3607//6575 3604//6577
f 3604//6577 3608//6576 6976//6579
f 3607//6575 6973//6580 3608//6576
f 3608//6576 6974//6581 6975//6578
f 3605//6585 3603//6583 3609//6584
f 6979//6591 3605//6585 6978//6586
f 3609//6584 3604//6577 6977//6587
f 6978//6586 3609//6584 7897//6588
f 3603//6583 3605//6585 3606//6590
f 3606//6590 3610//6589 6964//6557
f 3605//6585 6979//6591 3610//6589
f 3610//6589 6980//6592 6965//6558
f 3607//6575 3603//6583 3611//6593
f 6973//6580 3607//6575 6972//6594
f 3611//6593 3606//6590 6963//6553
f 6972//6594 3611//6593 7891//6555
f 3612//6600 3616//6595 3613//6597
f 3613//6597 3617//6596 6982//6599
f 3616//6595 6967//6564 3617//6596
f 3617//6596 6966//6574 6981//6598
f 3614//6602 3612//6600 3618//6601
f 6985//6610 3614//6602 6984//6603
f 3618//6601 3613//6597 6983//6604
f 6984//6603 3618//6601 7898//6605
f 3612//6600 3614//6602 3615//6607
f 3615//6607 3619//6606 6988//6609
f 3614//6602 6985//6610 3619//6606
f 3619//6606 6986//6611 6987//6608
f 3616//6595 3612//6600 3620//6613
f 6967//6564 3616//6595 6968//6565
f 3620//6613 3615//6607 6989//6614
f 6968//6565 3620//6613 7892//6566
f 3622//6623 3621//6615 3626//6617
f 3622//6623 3626//6617 6994//6619
f 3626//6617 3625//6616 6992//6621
f 3626//6617 6992//6621 6993//6618
f 3621//6615 3622//6623 3623//6625
f 3623//6625 3627//6624 6976//6579
f 3622//6623 6994//6619 3627//6624
f 3627//6624 6995//6626 6977//6587
f 3624//6628 3621//6615 3628//6627
f 6997//6632 3624//6628 6996//6629
f 3628//6627 3623//6625 6975//6578
f 6996//6629 3628//6627 7889//6582
f 3621//6615 3624//6628 3625//6616
f 3625//6616 3629//6630 6991//6620
f 3629//6630 3624//6628 6998//6633
f 6990//6631 3629//6630 7887//6634
f 3631//6638 3630//6635 3635//6637
f 6985//6610 3631//6638 6986//6611
f 3635//6637 3634//6636 7001//6640
f 6986//6611 3635//6637 7890//6612
f 3630//6635 3631//6638 3632//6642
f 3632//6642 3636//6641 7003//6644
f 3631//6638 6985//6610 3636//6641
f 3636//6641 6984//6603 7002//6643
f 3633//6646 3630//6635 3637//6645
f 7006//6652 3633//6646 7005//6647
f 3632//6642 7003//6644 3637//6645
f 3637//6645 7004//6648 7005//6647
f 3630//6635 3633//6646 3634//6636
f 7000//6639 3634//6636 6999//6651
f 3633//6646 7006//6652 3638//6650
f 6999//6651 3638//6650 7888//6654
f 3639//6663 3643//6655 3640//6657
f 3640//6657 3644//6656 7012//6659
f 3643//6655 7009//6660 3644//6656
f 3644//6656 7010//6661 7011//6658
f 3641//6669 3639//6663 3645//6664
f 3641//6669 3645//6664 7015//6666
f 3640//6657 7012//6659 3645//6664
f 3645//6664 7013//6667 7014//6665
f 3639//6663 3641//6669 3642//6671
f 3642//6671 3646//6670 6994//6619
f 3641//6669 7015//6666 3646//6670
f 3646//6670 7016//6672 6995//6626
f 3643//6655 3639//6663 3647//6673
f 7009//6660 3643//6655 7008//6674
f 3647//6673 3642//6671 6993//6618
f 7008//6674 3647//6673 7885//6622
f 3648//6680 3652//6675 3649//6677
f 3649//6677 3653//6676 7018//6679
f 3652//6675 7003//6644 3653//6676
f 3653//6676 7002//6643 7017//6678
f 3650//6686 3648//6680 3654//6681
f 3650//6686 3654//6681 7021//6683
f 3649//6677 7018//6679 3654//6681
f 3654//6681 7019//6684 7020//6682
f 3648//6680 3650//6686 3651//6688
f 3651//6688 3655//6687 7024//6690
f 3650//6686 7021//6683 3655//6687
f 3655//6687 7022//6691 7023//6689
f 3652//6675 3648//6680 3656//6693
f 7003//6644 3652//6675 7004//6648
f 3656//6693 3651//6688 7025//6694
f 7004//6648 3656//6693 7886//6649
f 3657//6702 3661//6695 3658//6697
f 3658//6697 3662//6696 7030//6699
f 3661//6695 7027//6700 3662//6696
f 3662//6696 7028//6701 7029//6698
f 3659//6704 3657//6702 3663//6703
f 7012//6659 3659//6704 7013//6667
f 3663//6703 3658//6697 7031//6705
f 7013//6667 3663//6703 7899//6668
f 3657//6702 3659//6704 3660//6707
f 3660//6707 3664//6706 7033//6709
f 3659//6704 7012//6659 3664//6706
f 7032//6708 3664//6706 7883//6662
f 3661//6695 3657//6702 3665//6710
f 7027//6700 3661//6695 7026//6711
f 3665//6710 3660//6707 7034//6712
f 7026//6711 3665//6710 7901//6713
f 3666//6719 3670//6714 3667//6716
f 3667//6716 3671//6715 7021//6683
f 3670//6714 7036//6717 3671//6715
f 7022//6691 3671//6715 7884//6692
f 3668//6721 3666//6719 3672//6720
f 7039//6727 3668//6721 7038//6722
f 3672//6720 3667//6716 7020//6682
f 7038//6722 3672//6720 7900//6685
f 3666//6719 3668//6721 3669//6724
f 3669//6724 3673//6723 7042//6726
f 3668//6721 7039//6727 3673//6723
f 3673//6723 7040//6728 7041//6725
f 3670//6714 3666//6719 3674//6729
f 7036//6717 3670//6714 7035//6730
f 3674//6729 3669//6724 7043//6731
f 7035//6730 3674//6729 7902//6732
f 3676//6736 3675//6733 3680//6735
f 3676//6736 3680//6735 6949//6515
f 3680//6735 3679//6734 6894//6385
f 6950//6521 3680//6735 7865//5981
f 3677//6738 3675//6733 3681//6737
f 7027//6700 3677//6738 7028//6701
f 3681//6737 3676//6736 6948//6514
f 7028//6701 3681//6737 7881//6518
f 3678//6740 3675//6733 3682//6739
f 7045//6743 3678//6740 7044//6741
f 3677//6738 7027//6700 3682//6739
f 3682//6739 7026//6711 7044//6741
f 3675//6733 3678//6740 3679//6734
f 3679//6734 3683//6742 6895//6386
f 3678//6740 7045//6743 3683//6742
f 3683//6742 7046//6744 6896//6390
f 3685//6750 3684//6745 3689//6747
f 3685//6750 3689//6747 7042//6726
f 3689//6747 3688//6746 7049//6749
f 3689//6747 7049//6749 7043//6731
f 3686//6752 3684//6745 3690//6751
f 6952//6533 3686//6752 6953//6534
f 3690//6751 3685//6750 7041//6725
f 6953//6534 3690//6751 7882//6535
f 3687//6754 3684//6745 3691//6753
f 6904//6405 3687//6754 6905//6406
f 3686//6752 6952//6533 3691//6753
f 6905//6406 3691//6753 7866//5993
f 3684//6745 3687//6754 3688//6746
f 3688//6746 3692//6755 7048//6748
f 3687//6754 6904//6405 3692//6755
f 3692//6755 6903//6399 7047//6756
f 3694//6760 3693//6757 3698//6759
f 7051//6764 3694//6760 7050//6761
f 3697//6758 6601//5622 3698//6759
f 7050//6761 3698//6759 7763//5592
f 3693//6757 3694//6760 3695//6763
f 3695//6763 3699//6762 7030//6699
f 3694//6760 7051//6764 3699//6762
f 3699//6762 7052//6765 7031//6705
f 3696//6767 3693//6757 3700//6766
f 6946//6516 3696//6767 6947//6517
f 3700//6766 3695//6763 7029//6698
f 6947//6517 3700//6766 7881//6518
f 3697//6758 3693//6757 3701//6768
f 6601//5622 3697//6758 6602//5623
f 3696//6767 6946//6516 3701//6768
f 3701//6768 6945//6509 6602//5623
f 3703//6772 3702//6769 3707//6771
f 7039//6727 3703//6772 7040//6728
f 3707//6771 3706//6770 6954//6531
f 7040//6728 3707//6771 7882//6535
f 3702//6769 3703//6772 3704//6774
f 3704//6774 3708//6773 7054//6776
f 3703//6772 7039//6727 3708//6773
f 3708//6773 7038//6722 7053//6775
f 3705//6779 3702//6769 3709//6777
f 3705//6779 3709//6777 6610//5637
f 3709//6777 3704//6774 7055//6778
f 6611//5643 3709//6777 7764//5608
f 3706//6770 3702//6769 3710//6780
f 3706//6770 3710//6780 6955//6532
f 3710//6780 3705//6779 6609//5636
f 3710//6780 6609//5636 6956//6539
f 3711//6784 3715//6781 3712//6783
f 3712//6783 3716//6782 6937//6491
f 3715//6781 7051//6764 3716//6782
f 3716//6782 7050//6761 6938//6492
f 3713//6786 3711//6784 3717//6785
f 7057//6790 3713//6786 7056//6787
f 3717//6785 3712//6783 6936//6489
f 7056//6787 3717//6785 7893//6430
f 3711//6784 3713//6786 3714//6789
f 3714//6789 3718//6788 7015//6666
f 3713//6786 7057//6790 3718//6788
f 3718//6788 7058//6791 7016//6672
f 3715//6781 3711//6784 3719//6792
f 7051//6764 3715//6781 7052//6765
f 3719//6792 3714//6789 7014//6665
f 7052//6765 3719//6792 7899//6668
f 3720//6798 3724//6793 3721//6795
f 3721//6795 3725//6794 7060//6797
f 3724//6793 7018//6679 3725//6794
f 3725//6794 7017//6678 7059//6796
f 3722//6800 3720//6798 3726//6799
f 6940//6497 3722//6800 6941//6498
f 3726//6799 3721//6795 7061//6801
f 6941//6498 3726//6799 7894//6450
f 3720//6798 3722//6800 3723//6803
f 3723//6803 3727//6802 7054//6776
f 3722//6800 6940//6497 3727//6802
f 3727//6802 6939//6504 7055//6778
f 3724//6793 3720//6798 3728//6804
f 7018//6679 3724//6793 7019//6684
f 3728//6804 3723//6803 7053//6775
f 7019//6684 3728//6804 7900//6685
f 3730//6808 3729//6805 3733//6807
f 3730//6808 3733//6807 6913//6423
f 3732//6806 7057//6790 3733//6807
f 3733//6807 7056//6787 6914//6429
f 3731//6810 3729//6805 3734//6809
f 6979//6591 3731//6810 6980//6592
f 3734//6809 3730//6808 6912//6422
f 6980//6592 3734//6809 7895//6425
f 3732//6806 3729//6805 3735//6811
f 3732//6806 3735//6811 7057//6790
f 3731//6810 6979//6591 3735//6811
f 3735//6811 6978//6586 7058//6791
f 3737//6815 3736//6812 3740//6814
f 3737//6815 3740//6814 6982//6599
f 3739//6813 7060//6797 3740//6814
f 3740//6814 7059//6796 6983//6604
f 3738//6817 3736//6812 3741//6816
f 6916//6436 3738//6817 6917//6437
f 3741//6816 3737//6815 6981//6598
f 6917//6437 3741//6816 7896//6438
f 3739//6813 3736//6812 3742//6818
f 3739//6813 3742//6818 7060//6797
f 3738//6817 6916//6436 3742//6818
f 3742//6818 6915//6448 7061//6801
f 3744//6822 3743//6819 3748//6821
f 7045//6743 3744//6822 7046//6744
f 3748//6821 3747//6820 7064//6824
f 7046//6744 3748//6821 7867//6391
f 3743//6819 3744//6822 3745//6826
f 3745//6826 3749//6825 7066//6828
f 3744//6822 7045//6743 3749//6825
f 3749//6825 7044//6741 7065//6827
f 3746//6830 3743//6819 3750//6829
f 7069//6836 3746//6830 7068//6831
f 3750//6829 3745//6826 7067//6832
f 7068//6831 3750//6829 7903//6833
f 3743//6819 3746//6830 3747//6820
f 3747//6820 3751//6834 7063//6823
f 3746//6830 7069//6836 3751//6834
f 3751//6834 7070//6837 7062//6835
f 3753//6842 3752//6839 3757//6841
f 7075//6849 3753//6842 7074//6843
f 3757//6841 3756//6840 7073//6845
f 7074//6843 3757//6841 7904//6846
f 3752//6839 3753//6842 3754//6848
f 3754//6848 3758//6847 7048//6748
f 3753//6842 7075//6849 3758//6847
f 3758//6847 7076//6850 7049//6749
f 3755//6852 3752//6839 3759//6851
f 7078//6856 3755//6852 7077//6853
f 3759//6851 3754//6848 7047//6756
f 7077//6853 3759//6851 7868//6402
f 3752//6839 3755//6852 3756//6840
f 3756//6840 3760//6854 7072//6844
f 3755//6852 7078//6856 3760//6854
f 3760//6854 7079//6857 7071//6855
f 3761//6862 3765//6859 3762//6861
f 3762//6861 3766//6860 7033//6709
f 3765//6859 7066//6828 3766//6860
f 3766//6860 7065//6827 7034//6712
f 3763//6866 3761//6862 3767//6863
f 3763//6866 3767//6863 7081//6865
f 3767//6863 3762//6861 7032//6708
f 3767//6863 7032//6708 7080//6864
f 3761//6862 3763//6866 3764//6868
f 3764//6868 3768//6867 7084//6870
f 3768//6867 3763//6866 7082//6871
f 3768//6867 7082//6871 7083//6869
f 3765//6859 3761//6862 3769//6873
f 3765//6859 3769//6873 7066//6828
f 3769//6873 3764//6868 7085//6874
f 3769//6873 7085//6874 7067//6832
f 3770//6882 3774//6875 3771//6877
f 7090//6885 3771//6877 7089//6878
f 3774//6875 7087//6879 3775//6876
f 3775//6876 7088//6880 7089//6878
f 3772//6884 3770//6882 3776//6883
f 7036//6717 3772//6884 7037//6718
f 3771//6877 7090//6885 3776//6883
f 3776//6883 7091//6886 7037//6718
f 3770//6882 3772//6884 3773//6888
f 3773//6888 3777//6887 7075//6849
f 3772//6884 7036//6717 3777//6887
f 3777//6887 7035//6730 7076//6850
f 3774//6875 3770//6882 3778//6889
f 7087//6879 3774//6875 7086//6890
f 3773//6888 7075//6849 3778//6889
f 3778//6889 7074//6843 7086//6890
f 3780//6894 3779//6891 3784//6893
f 7009//6660 3780//6894 7010//6661
f 3784//6893 3783//6892 7080//6864
f 7010//6661 3784//6893 7883//6662
f 3779//6891 3780//6894 3781//6896
f 3781//6896 3785//6895 7093//6898
f 3780//6894 7009//6660 3785//6895
f 3785//6895 7008//6674 7092//6897
f 3782//6900 3779//6891 3786//6899
f 7096//6905 3782//6900 7095//6901
f 3786//6899 3781//6896 7094//6902
f 7095//6901 3786//6899 7911//6903
f 3779//6891 3782//6900 3783//6892
f 3783//6892 3787//6904 7081//6865
f 3782//6900 7096//6905 3787//6904
f 3787//6904 7097//6906 7082//6871
f 3789//6910 3788//6907 3793//6909
f 7102//6917 3789//6910 7101//6911
f 3793//6909 3792//6908 7100//6913
f 7101//6911 3793//6909 7912//6914
f 3788//6907 3789//6910 3790//6916
f 3790//6916 3794//6915 7024//6690
f 3789//6910 7102//6917 3794//6915
f 3794//6915 7103//6918 7025//6694
f 3791//6920 3788//6907 3795//6919
f 7090//6885 3791//6920 7091//6886
f 3795//6919 3790//6916 7023//6689
f 7091//6886 3795//6919 7884//6692
f 3788//6907 3791//6920 3792//6908
f 3792//6908 3796//6921 7099//6912
f 3791//6920 7090//6885 3796//6921
f 3796//6921 7089//6878 7098//6922
f 3797//6926 3801//6923 3798//6925
f 3798//6925 3802//6924 6991//6620
f 3802//6924 3801//6923 7092//6897
f 6992//6621 3802//6924 7885//6622
f 3799//6928 3797//6926 3803//6927
f 7105//6934 3799//6928 7104//6929
f 3803//6927 3798//6925 6990//6631
f 7104//6929 3803//6927 7887//6634
f 3797//6926 3799//6928 3800//6931
f 3800//6931 3804//6930 7108//6933
f 3799//6928 7105//6934 3804//6930
f 3804//6930 7106//6935 7107//6932
f 3801//6923 3797//6926 3805//6937
f 3801//6923 3805//6937 7093//6898
f 3805//6937 3800//6931 7109//6938
f 7094//6902 3805//6937 7911//6903
f 3806//6947 3810//6939 3807//6941
f 3807//6941 3811//6940 7114//6943
f 3810//6939 7111//6944 3811//6940
f 3811//6940 7112//6945 7113//6942
f 3808//6949 3806//6947 3812//6948
f 7006//6652 3808//6949 7007//6653
f 3812//6948 3807//6941 7115//6950
f 7007//6653 3812//6948 7888//6654
f 3806//6947 3808//6949 3809//6952
f 7102//6917 3809//6952 7103//6918
f 3808//6949 7006//6652 3813//6951
f 7103//6918 3813//6951 7886//6649
f 3810//6939 3806//6947 3814//6953
f 7111//6944 3810//6939 7110//6954
f 3809//6952 7102//6917 3814//6953
f 7110//6954 3814//6953 7912//6914
f 3815//6958 3819//6955 3816//6957
f 3816//6957 3820//6956 6997//6632
f 3819//6955 7105//6934 3820//6956
f 3820//6956 7104//6929 6998//6633
f 3817//6960 3815//6958 3821//6959
f 7117//6965 3817//6960 7116//6961
f 3821//6959 3816//6957 6996//6629
f 7116//6961 3821//6959 7889//6582
f 3815//6958 3817//6960 3818//6963
f 7120//6969 3818//6963 7119//6964
f 3822//6962 3817//6960 7118//6966
f 7119//6964 3822//6962 7907//6967
f 3819//6955 3815//6958 3823//6968
f 7105//6934 3819//6955 7106//6935
f 3823//6968 3818//6963 7121//6970
f 7106//6935 3823//6968 7909//6936
f 3824//6978 3828//6971 3825//6973
f 7126//6981 3825//6973 7125//6974
f 3829//6972 3828//6971 7124//6976
f 7125//6974 3829//6972 7908//6977
f 3826//6980 3824//6978 3830//6979
f 7000//6639 3826//6980 7001//6640
f 3830//6979 3825//6973 7127//6982
f 7001//6640 3830//6979 7890//6612
f 3824//6978 3826//6980 3827//6984
f 3827//6984 3831//6983 7114//6943
f 3826//6980 7000//6639 3831//6983
f 3831//6983 6999//6651 7115//6950
f 3828//6971 3824//6978 3832//6985
f 7123//6975 3828//6971 7122//6986
f 3832//6985 3827//6984 7113//6942
f 7122//6986 3832//6985 7910//6946
f 3834//6990 3833//6987 3838//6989
f 6973//6580 3834//6990 6974//6581
f 3838//6989 3837//6988 7116//6961
f 6974//6581 3838//6989 7889//6582
f 3833//6987 3834//6990 3835//6992
f 3835//6992 3839//6991 7129//6994
f 3834//6990 6973//6580 3839//6991
f 3839//6991 6972//6594 7128//6993
f 3836//6996 3833//6987 3840//6995
f 7132//7001 3836//6996 7131//6997
f 3840//6995 3835//6992 7130//6998
f 7131//6997 3840//6995 7905//6999
f 3833//6987 3836//6996 3837//6988
f 3837//6988 3841//7000 7117//6965
f 3836//6996 7132//7001 3841//7000
f 3841//7000 7133//7002 7118//6966
f 3843//7006 3842//7003 3847//7005
f 7138//7013 3843//7006 7137//7007
f 3847//7005 3846//7004 7136//7009
f 7137//7007 3847//7005 7906//7010
f 3842//7003 3843//7006 3844//7012
f 3844//7012 3848//7011 6988//6609
f 3843//7006 7138//7013 3848//7011
f 3848//7011 7139//7014 6989//6614
f 3845//7016 3842//7003 3849//7015
f 7126//6981 3845//7016 7127//6982
f 3849//7015 3844//7012 6987//6608
f 7127//6982 3849//7015 7890//6612
f 3842//7003 3845//7016 3846//7004
f 3846//7004 3850//7017 7135//7008
f 3845//7016 7126//6981 3850//7017
f 3850//7017 7125//6974 7134//7018
f 3852//7022 3851//7019 3856//7021
f 6961//6550 3852//7022 6962//6554
f 3856//7021 3855//7020 7128//6993
f 6962//6554 3856//7021 7891//6555
f 3853//7024 3851//7019 3857//7023
f 7141//7030 3853//7024 7140//7025
f 3857//7023 3852//7022 6960//6549
f 7140//7025 3857//7023 7869//6227
f 3851//7019 3853//7024 3854//7027
f 3854//7027 3858//7026 7144//7029
f 3853//7024 7141//7030 3858//7026
f 3858//7026 7142//7031 7143//7028
f 3851//7019 3854//7027 3855//7020
f 3855//7020 3859//7033 7129//6994
f 3859//7033 3854//7027 7145//7034
f 7130//6998 3859//7033 7905//6999
f 3860//7043 3864//7035 3861//7037
f 3861//7037 3865//7036 7150//7039
f 3864//7035 7147//7040 3865//7036
f 3865//7036 7148//7041 7149//7038
f 3862//7045 3860//7043 3866//7044
f 6970//6569 3862//7045 6971//6570
f 3866//7044 3861//7037 7151//7046
f 6971//6570 3866//7044 7870//6238
f 3863//7048 3860//7043 3867//7047
f 7138//7013 3863//7048 7139//7014
f 3867//7047 3862//7045 6969//6563
f 7139//7014 3867//7047 7892//6566
f 3860//7043 3863//7048 3864//7035
f 7147//7040 3864//7035 7146//7050
f 3863//7048 7138//7013 3868//7049
f 7146//7050 3868//7049 7906//7010
f 3870//7054 3869//7051 3874//7053
f 6898//6393 3870//7054 6899//6394
f 3874//7053 3873//7052 7154//7056
f 6899//6394 3874//7053 7879//6357
f 3869//7051 3870//7054 3871//7058
f 3871//7058 3875//7057 7063//6823
f 3870//7054 6898//6393 3875//7057
f 3875//7057 6897//6389 7064//6824
f 3872//7060 3869//7051 3876//7059
f 7156//7064 3872//7060 7155//7061
f 3876//7059 3871//7058 7062//6835
f 7155//7061 3876//7059 7927//6838
f 3869//7051 3872//7060 3873//7052
f 3873//7052 3877//7062 7153//7055
f 3872//7060 7156//7064 3877//7062
f 3877//7062 7157//7065 7152//7063
f 3879//7070 3878//7067 3883//7069
f 7078//6856 3879//7070 7079//6857
f 3883//7069 3882//7068 7160//7072
f 7079//6857 3883//7069 7928//6858
f 3878//7067 3879//7070 3880//7074
f 3880//7074 3884//7073 6901//6400
f 3879//7070 7078//6856 3884//7073
f 3884//7073 7077//6853 6902//6401
f 3881//7076 3878//7067 3885//7075
f 7162//7080 3881//7076 7161//7077
f 3885//7075 3880//7074 6900//6410
f 7161//7077 3885//7075 7880//6373
f 3878//7067 3881//7076 3882//7068
f 3882//7068 3886//7078 7159//7071
f 3881//7076 7162//7080 3886//7078
f 3886//7078 7163//7081 7158//7079
f 3888//7086 3887//7083 3892//7085
f 6886//6360 3888//7086 6887//6361
f 3892//7085 3891//7084 7166//7088
f 6887//6361 3892//7085 7877//6325
f 3887//7083 3888//7086 3889//7090
f 3889//7090 3893//7089 7153//7055
f 3888//7086 6886//6360 3893//7089
f 3893//7089 6885//6355 7154//7056
f 3890//7092 3887//7083 3894//7091
f 7168//7096 3890//7092 7167//7093
f 3894//7091 3889//7090 7152//7063
f 7167//7093 3894//7091 7915//7066
f 3887//7083 3890//7092 3891//7084
f 3891//7084 3895//7094 7165//7087
f 3890//7092 7168//7096 3895//7094
f 7164//7095 3895//7094 7917//7098
f 3897//7102 3896//7099 3901//7101
f 7162//7080 3897//7102 7163//7081
f 3901//7101 3900//7100 7172//7104
f 7163//7081 3901//7101 7916//7082
f 3896//7099 3897//7102 3898//7106
f 3898//7106 3902//7105 6889//6367
f 3897//7102 7162//7080 3902//7105
f 3902//7105 7161//7077 6890//6372
f 3899//7108 3896//7099 3903//7107
f 7174//7112 3899//7108 7173//7109
f 3903//7107 3898//7106 6888//6366
f 7173//7109 3903//7107 7878//6341
f 3896//7099 3899//7108 3900//7100
f 3900//7100 3904//7110 7171//7103
f 3899//7108 7174//7112 3904//7110
f 7170//7111 3904//7110 7918//7114
f 3906//7118 3905//7115 3910//7117
f 6874//6328 3906//7118 6875//6329
f 3910//7117 3909//7116 7178//7120
f 6875//6329 3910//7117 7875//6293
f 3905//7115 3906//7118 3907//7122
f 3907//7122 3911//7121 7165//7087
f 3906//7118 6874//6328 3911//7121
f 3911//7121 6873//6323 7166//7088
f 3908//7126 3905//7115 3912//7123
f 3908//7126 3912//7123 7180//7125
f 3912//7123 3907//7122 7164//7095
f 3912//7123 7164//7095 7179//7124
f 3905//7115 3908//7126 3909//7116
f 3909//7116 3913//7127 7177//7119
f 3908//7126 7180//7125 3913//7127
f 3913//7127 7181//7129 7176//7128
f 3915//7134 3914//7131 3919//7133
f 7174//7112 3915//7134 7175//7113
f 3918//7132 7183//7135 3919//7133
f 3919//7133 7184//7136 7175//7113
f 3914//7131 3915//7134 3916//7138
f 3916//7138 3920//7137 6877//6335
f 3915//7134 7174//7112 3920//7137
f 3920//7137 7173//7109 6878//6340
f 3917//7140 3914//7131 3921//7139
f 7186//7144 3917//7140 7185//7141
f 3921//7139 3916//7138 6876//6334
f 7185//7141 3921//7139 7876//6309
f 3914//7131 3917//7140 3918//7132
f 3918//7132 3922//7142 7183//7135
f 3917//7140 7186//7144 3922//7142
f 3922//7142 7187//7145 7182//7143
f 3923//7154 3927//7147 3924//7149
f 6862//6296 3924//7149 6863//6297
f 3927//7147 7189//7150 3928//7148
f 3928//7148 7190//7151 6863//6297
f 3923//7154 3924//7149 3925//7153
f 3925//7153 3929//7152 7177//7119
f 3924//7149 6862//6296 3929//7152
f 3929//7152 6861//6291 7178//7120
f 3926//7156 3923//7154 3930//7155
f 7192//7160 3926//7156 7191//7157
f 3930//7155 3925//7153 7176//7128
f 7191//7157 3930//7155 7919//7130
f 3923//7154 3926//7156 3927//7147
f 7189//7150 3927//7147 7188//7159
f 3926//7156 7192//7160 3931//7158
f 3931//7158 7193//7161 7188//7159
f 3933//7166 3932//7163 3937//7165
f 7186//7144 3933//7166 7187//7145
f 3937//7165 3936//7164 7196//7168
f 7187//7145 3937//7165 7920//7146
f 3932//7163 3933//7166 3934//7170
f 3934//7170 3938//7169 6865//6303
f 3933//7166 7186//7144 3938//7169
f 3938//7169 7185//7141 6866//6308
f 3932//7163 3934//7170 3935//7172
f 3935//7172 3939//7171 7198//7174
f 3939//7171 3934//7170 6864//6302
f 3939//7171 6864//6302 7197//7173
f 3932//7163 3935//7172 3936//7164
f 3936//7164 3940//7175 7195//7167
f 3940//7175 3935//7172 7199//7177
f 3940//7175 7199//7177 7194//7176
f 3941//7184 3945//7179 3942//7181
f 3942//7181 3946//7180 6850//6259
f 3945//7179 7201//7182 3946//7180
f 3946//7180 7202//7183 6851//6265
f 3943//7186 3941//7184 3947//7185
f 7189//7150 3943//7186 7190//7151
f 3947//7185 3942//7181 6849//6258
f 7190//7151 3947//7185 7873//6262
f 3941//7184 3943//7186 3944//7188
f 7204//7192 3944//7188 7203//7189
f 3943//7186 7189//7150 3948//7187
f 7203//7189 3948//7187 7921//7162
f 3945//7179 3941//7184 3949//7190
f 7201//7182 3945//7179 7200//7191
f 3949//7190 3944//7188 7205//7193
f 7200//7191 3949//7190 7923//7194
f 3950//7200 3954//7195 3951//7197
f 3951//7197 3955//7196 7198//7174
f 3955//7196 3954//7195 7208//7199
f 7199//7177 3955//7196 7922//7178
f 3952//7202 3950//7200 3956//7201
f 6853//6276 3952//7202 6854//6277
f 3956//7201 3951//7197 7197//7173
f 6854//6277 3956//7201 7874//6278
f 3950//7200 3952//7202 3953//7204
f 3953//7204 3957//7203 7210//7206
f 3952//7202 6853//6276 3957//7203
f 3957//7203 6852//6271 7209//7205
f 3954//7195 3950//7200 3958//7207
f 7207//7198 3954//7195 7206//7208
f 3958//7207 3953//7204 7211//7209
f 7206//7208 3958//7207 7924//7210
f 3959//7214 3963//7211 3960//7213
f 3960//7213 3964//7212 6832//6219
f 3963//7211 7141//7030 3964//7212
f 3964//7212 7140//7025 6833//6226
f 3961//7216 3959//7214 3965//7215
f 7201//7182 3961//7216 7202//7183
f 3965//7215 3960//7213 6831//6218
f 7202//7183 3965//7215 7871//6222
f 3959//7214 3961//7216 3962//7218
f 3962//7218 3966//7217 7213//7220
f 3961//7216 7201//7182 3966//7217
f 3966//7217 7200//7191 7212//7219
f 3963//7211 3959//7214 3967//7221
f 7141//7030 3963//7211 7142//7031
f 3967//7221 3962//7218 7214//7222
f 7142//7031 3967//7221 7925//7032
f 3968//7228 3972//7223 3969//7225
f 3969//7225 3973//7224 7210//7206
f 3972//7223 7216//7226 3973//7224
f 3973//7224 7217//7227 7211//7209
f 3970//7230 3968//7228 3974//7229
f 6841//6243 3970//7230 6842//6244
f 3974//7229 3969//7225 7209//7205
f 6842//6244 3974//7229 7872//6245
f 3968//7228 3970//7230 3971//7232
f 3971//7232 3975//7231 7150//7039
f 3970//7230 6841//6243 3975//7231
f 3975//7231 6840//6235 7151//7046
f 3972//7223 3968//7228 3976//7233
f 7216//7226 3972//7223 7215//7234
f 3976//7233 3971//7232 7149//7038
f 7215//7234 3976//7233 7926//7042
f 3977//7244 3981//7235 3978//7237
f 3978//7237 3982//7236 7120//6969
f 3981//7235 7219//7238 3982//7236
f 3982//7236 7220//7239 7121//6970
f 3977//7244 3978//7237 3979//7241
f 3979//7241 3983//7240 7222//7243
f 3978//7237 7120//6969 3983//7240
f 3983//7240 7119//6964 7221//7242
f 3980//7246 3977//7244 3984//7245
f 7225//7252 3980//7246 7224//7247
f 3984//7245 3979//7241 7223//7248
f 7224//7247 3984//7245 7931//7249
f 3981//7235 3977//7244 3985//7250
f 7219//7238 3981//7235 7218//7251
f 3985//7250 3980//7246 7226//7253
f 7218//7251 3985//7250 7929//7254
f 3987//7258 3986//7255 3991//7257
f 7231//7265 3987//7258 7230//7259
f 3991//7257 3990//7256 7229//7261
f 7230//7259 3991//7257 7932//7262
f 3986//7255 3987//7258 3988//7264
f 3988//7264 3992//7263 7123//6975
f 3987//7258 7231//7265 3992//7263
f 3992//7263 7232//7266 7124//6976
f 3986//7255 3988//7264 3989//7268
f 3989//7268 3993//7267 7234//7270
f 3988//7264 7123//6975 3993//7267
f 3993//7267 7122//6986 7233//7269
f 3990//7256 3986//7255 3994//7271
f 7228//7260 3990//7256 7227//7272
f 3994//7271 3989//7268 7235//7273
f 7227//7272 3994//7271 7930//7274
f 3995//7284 3999//7275 3996//7277
f 3996//7277 4000//7276 7225//7252
f 3999//7275 7237//7278 4000//7276
f 4000//7276 7238//7279 7226//7253
f 3995//7284 3996//7277 3997//7281
f 3997//7281 4001//7280 7240//7283
f 3996//7277 7225//7252 4001//7280
f 4001//7280 7224//7247 7239//7282
f 3998//7286 3995//7284 4002//7285
f 7243//7292 3998//7286 7242//7287
f 4002//7285 3997//7281 7241//7288
f 7242//7287 4002//7285 7933//7289
f 3995//7284 3998//7286 3999//7275
f 7237//7278 3999//7275 7236//7291
f 3998//7286 7243//7292 4003//7290
f 7236//7291 4003//7290 7935//7294
f 4005//7298 4004//7295 4009//7297
f 7249//7305 4005//7298 7248//7299
f 4009//7297 4008//7296 7247//7301
f 7248//7299 4009//7297 7934//7302
f 4004//7295 4005//7298 4006//7304
f 4006//7304 4010//7303 7228//7260
f 4005//7298 7249//7305 4010//7303
f 4010//7303 7250//7306 7229//7261
f 4004//7295 4006//7304 4007//7308
f 4007//7308 4011//7307 7252//7310
f 4006//7304 7228//7260 4011//7307
f 4011//7307 7227//7272 7251//7309
f 4004//7295 4007//7308 4008//7296
f 4008//7296 4012//7311 7246//7300
f 4012//7311 4007//7308 7253//7313
f 7245//7312 4012//7311 7936//7314
f 4014//7318 4013//7315 4018//7317
f 7243//7292 4014//7318 7244//7293
f 4017//7316 7255//7319 4018//7317
f 4018//7317 7256//7320 7244//7293
f 4013//7315 4014//7318 4015//7322
f 7258//7328 4015//7322 7257//7323
f 4014//7318 7243//7292 4019//7321
f 4019//7321 7242//7287 7257//7323
f 4013//7315 4015//7322 4016//7325
f 4016//7325 4020//7324 7261//7327
f 4015//7322 7258//7328 4020//7324
f 4020//7324 7259//7329 7260//7326
f 4017//7316 4013//7315 4021//7331
f 7255//7319 4017//7316 7254//7332
f 4021//7331 4016//7325 7262//7333
f 7254//7332 4021//7331 7937//7334
f 4022//7346 4026//7335 4023//7337
f 4023//7337 4027//7336 7267//7339
f 4026//7335 7264//7340 4027//7336
f 4027//7336 7265//7341 7266//7338
f 4022//7346 4023//7337 4024//7344
f 4024//7344 4028//7343 7246//7300
f 4028//7343 4023//7337 7268//7345
f 4028//7343 7268//7345 7247//7301
f 4025//7350 4022//7346 4029//7347
f 4025//7350 4029//7347 7270//7349
f 4029//7347 4024//7344 7245//7312
f 4029//7347 7245//7312 7269//7348
f 4026//7335 4022//7346 4030//7351
f 7264//7340 4026//7335 7263//7352
f 4030//7351 4025//7350 7271//7353
f 7263//7352 4030//7351 7938//7354
f 4031//7360 4035//7355 4032//7357
f 4032//7357 4036//7356 7261//7327
f 4035//7355 7273//7358 4036//7356
f 4036//7356 7274//7359 7262//7333
f 4033//7362 4031//7360 4037//7361
f 7276//7368 4033//7362 7275//7363
f 4037//7361 4032//7357 7260//7326
f 7275//7363 4037//7361 7939//7330
f 4031//7360 4033//7362 4034//7365
f 4034//7365 4038//7364 7279//7367
f 4033//7362 7276//7368 4038//7364
f 4038//7364 7277//7369 7278//7366
f 4035//7355 4031//7360 4039//7371
f 7273//7358 4035//7355 7272//7372
f 4039//7371 4034//7365 7280//7373
f 7272//7372 4039//7371 7943//7374
f 4040//7383 4044//7375 4041//7377
f 4041//7377 4045//7376 7285//7379
f 4044//7375 7282//7380 4045//7376
f 4045//7376 7283//7381 7284//7378
f 4042//7385 4040//7383 4046//7384
f 7264//7340 4042//7385 7265//7341
f 4046//7384 4041//7377 7286//7386
f 7265//7341 4046//7384 7940//7342
f 4040//7383 4042//7385 4043//7388
f 4043//7388 4047//7387 7288//7390
f 4042//7385 7264//7340 4047//7387
f 4047//7387 7263//7352 7287//7389
f 4044//7375 4040//7383 4048//7391
f 7282//7380 4044//7375 7281//7392
f 4048//7391 4043//7388 7289//7393
f 7281//7392 4048//7391 7944//7394
f 4050//7398 4049//7395 4054//7397
f 7156//7064 4050//7398 7157//7065
f 4054//7397 4053//7396 7292//7400
f 7157//7065 4054//7397 7915//7066
f 4049//7395 4050//7398 4051//7402
f 4051//7402 4055//7401 7294//7404
f 4050//7398 7156//7064 4055//7401
f 4055//7401 7155//7061 7293//7403
f 4052//7406 4049//7395 4056//7405
f 7273//7358 4052//7406 7274//7359
f 4056//7405 4051//7402 7295//7407
f 7274//7359 4056//7405 7937//7334
f 4049//7395 4052//7406 4053//7396
f 4053//7396 4057//7408 7291//7399
f 4052//7406 7273//7358 4057//7408
f 4057//7408 7272//7372 7290//7409
f 4059//7413 4058//7410 4063//7412
f 7297//7417 4059//7413 7296//7414
f 4063//7412 4062//7411 7287//7389
f 7296//7414 4063//7412 7938//7354
f 4058//7410 4059//7413 4060//7416
f 4060//7416 4064//7415 7159//7071
f 4059//7413 7297//7417 4064//7415
f 4064//7415 7298//7418 7160//7072
f 4061//7420 4058//7410 4065//7419
f 7300//7423 4061//7420 7299//7421
f 4065//7419 4060//7416 7158//7079
f 7299//7421 4065//7419 7916//7082
f 4058//7410 4061//7420 4062//7411
f 4062//7411 4066//7422 7288//7390
f 4061//7420 7300//7423 4066//7422
f 4066//7422 7301//7424 7289//7393
f 4067//7430 4071//7425 4068//7427
f 4068//7427 4072//7426 7303//7429
f 4071//7425 7069//6836 4072//7426
f 4072//7426 7068//6831 7302//7428
f 4069//7432 4067//7430 4073//7431
f 7255//7319 4069//7432 7256//7320
f 4073//7431 4068//7427 7304//7433
f 7256//7320 4073//7431 7935//7294
f 4067//7430 4069//7432 4070//7435
f 4070//7435 4074//7434 7294//7404
f 4069//7432 7255//7319 4074//7434
f 4074//7434 7254//7332 7295//7407
f 4071//7425 4067//7430 4075//7436
f 7069//6836 4071//7425 7070//6837
f 4075//7436 4070//7435 7293//7403
f 7070//6837 4075//7436 7927//6838
f 4076//7440 4080//7437 4077//7439
f 4077//7439 4081//7438 7270//7349
f 4080//7437 7297//7417 4081//7438
f 4081//7438 7296//7414 7271//7353
f 4078//7442 4076//7440 4082//7441
f 7306//7446 4078//7442 7305//7443
f 4082//7441 4077//7439 7269//7348
f 7305//7443 4082//7441 7936//7314
f 4076//7440 4078//7442 4079//7445
f 4079//7445 4083//7444 7072//6844
f 4078//7442 7306//7446 4083//7444
f 4083//7444 7307//7447 7073//6845
f 4080//7437 4076//7440 4084//7448
f 7297//7417 4080//7437 7298//7418
f 4084//7448 4079//7445 7071//6855
f 7298//7418 4084//7448 7928//6858
f 4086//7452 4085//7449 4090//7451
f 4086//7452 4090//7451 7084//6870
f 4090//7451 4089//7450 7302//7428
f 7085//6874 4090//7451 7903//6833
f 4087//7456 4085//7449 4091//7453
f 4087//7456 4091//7453 7309//7455
f 4091//7453 4086//7452 7083//6869
f 7308//7454 4091//7453 7913//6872
f 4088//7458 4085//7449 4092//7457
f 7237//7278 4088//7458 7238//7279
f 4092//7457 4087//7456 7310//7459
f 7238//7279 4092//7457 7929//7254
f 4085//7449 4088//7458 4089//7450
f 4089//7450 4093//7460 7303//7429
f 4088//7458 7237//7278 4093//7460
f 4093//7460 7236//7291 7304//7433
f 4095//7464 4094//7461 4099//7463
f 7312//7468 4095//7464 7311//7465
f 4099//7463 4098//7462 7251//7309
f 7311//7465 4099//7463 7930//7274
f 4096//7467 4094//7461 4100//7466
f 7087//6879 4096//7467 7088//6880
f 4095//7464 7312//7468 4100//7466
f 7088//6880 4100//7466 7914//6881
f 4097//7471 4094//7461 4101//7470
f 7306//7446 4097//7471 7307//7447
f 4096//7467 7087//6879 4101//7470
f 7307//7447 4101//7470 7904//6846
f 4094//7461 4097//7471 4098//7462
f 4098//7462 4102//7472 7252//7310
f 4097//7471 7306//7446 4102//7472
f 4102//7472 7305//7443 7253//7313
f 4104//7476 4103//7473 4108//7475
f 7219//7238 4104//7476 7220//7239
f 4108//7475 4107//7474 7107//6932
f 7220//7239 4108//7475 7909//6936
f 4103//7473 4104//7476 4105//7478
f 4105//7478 4109//7477 7309//7455
f 4104//7476 7219//7238 4109//7477
f 4109//7477 7218//7251 7310//7459
f 4106//7480 4103//7473 4110//7479
f 7096//6905 4106//7480 7097//6906
f 4110//7479 4105//7478 7308//7454
f 7097//6906 4110//7479 7913//6872
f 4103//7473 4106//7480 4107//7474
f 4107//7474 4111//7481 7108//6933
f 4106//7480 7096//6905 4111//7481
f 7109//6938 4111//7481 7911//6903
f 4113//7485 4112//7482 4117//7484
f 7312//7468 4113//7485 7313//7469
f 4117//7484 4116//7483 7098//6922
f 7313//7469 4117//7484 7914//6881
f 4112//7482 4113//7485 4114//7487
f 4114//7487 4118//7486 7234//7270
f 4113//7485 7312//7468 4118//7486
f 4118//7486 7311//7465 7235//7273
f 4115//7489 4112//7482 4119//7488
f 7111//6944 4115//7489 7112//6945
f 4119//7488 4114//7487 7233//7269
f 7112//6945 4119//7488 7910//6946
f 4112//7482 4115//7489 4116//7483
f 4116//7483 4120//7490 7099//6912
f 4115//7489 7111//6944 4120//7490
f 7100//6913 4120//7490 7912//6914
f 4121//7494 4125//7491 4122//7493
f 4122//7493 4126//7492 7144//7029
f 4125//7491 7132//7001 4126//7492
f 4126//7492 7131//6997 7145//7034
f 4123//7496 4121//7494 4127//7495
f 7315//7500 4123//7496 7314//7497
f 4127//7495 4122//7493 7143//7028
f 7314//7497 4127//7495 7925//7032
f 4121//7494 4123//7496 4124//7499
f 4124//7499 4128//7498 7222//7243
f 4123//7496 7315//7500 4128//7498
f 4128//7498 7316//7501 7223//7248
f 4125//7491 4121//7494 4129//7502
f 7132//7001 4125//7491 7133//7002
f 4129//7502 4124//7499 7221//7242
f 7133//7002 4129//7502 7907//6967
f 4130//7508 4134//7503 4131//7505
f 4131//7505 4135//7504 7318//7507
f 4134//7503 7231//7265 4135//7504
f 4135//7504 7230//7259 7317//7506
f 4132//7510 4130//7508 4136//7509
f 7147//7040 4132//7510 7148//7041
f 4136//7509 4131//7505 7319//7511
f 7148//7041 4136//7509 7926//7042
f 4130//7508 4132//7510 4133//7513
f 4133//7513 4137//7512 7135//7008
f 4132//7510 7147//7040 4137//7512
f 4137//7512 7146//7050 7136//7009
f 4134//7503 4130//7508 4138//7514
f 7231//7265 4134//7503 7232//7266
f 4138//7514 4133//7513 7134//7018
f 7232//7266 4138//7514 7908//6977
f 4140//7518 4139//7515 4144//7517
f 7321//7522 4140//7518 7320//7519
f 4144//7517 4143//7516 7212//7219
f 7320//7519 4144//7517 7923//7194
f 4139//7515 4140//7518 4141//7521
f 4141//7521 4145//7520 7240//7283
f 4140//7518 7321//7522 4145//7520
f 4145//7520 7322//7523 7241//7288
f 4142//7525 4139//7515 4146//7524
f 7315//7500 4142//7525 7316//7501
f 4146//7524 4141//7521 7239//7282
f 7316//7501 4146//7524 7931//7249
f 4139//7515 4142//7525 4143//7516
f 4143//7516 4147//7526 7213//7220
f 4142//7525 7315//7500 4147//7526
f 4147//7526 7314//7497 7214//7222
f 4149//7530 4148//7527 4153//7529
f 7249//7305 4149//7530 7250//7306
f 4153//7529 4152//7528 7317//7506
f 7250//7306 4153//7529 7932//7262
f 4148//7527 4149//7530 4150//7532
f 4150//7532 4154//7531 7324//7534
f 4149//7530 7249//7305 4154//7531
f 4154//7531 7248//7299 7323//7533
f 4151//7536 4148//7527 4155//7535
f 7216//7226 4151//7536 7217//7227
f 4155//7535 4150//7532 7325//7537
f 7217//7227 4155//7535 7924//7210
f 4148//7527 4151//7536 4152//7528
f 4152//7528 4156//7538 7318//7507
f 4151//7536 7216//7226 4156//7538
f 4156//7538 7215//7234 7319//7511
f 4157//7544 4161//7539 4158//7541
f 4158//7541 4162//7540 7327//7543
f 4161//7539 7204//7192 4162//7540
f 4162//7540 7203//7189 7326//7542
f 4159//7546 4157//7544 4163//7545
f 7258//7328 4159//7546 7259//7329
f 4163//7545 4158//7541 7328//7547
f 7259//7329 4163//7545 7939//7330
f 4157//7544 4159//7546 4160//7549
f 4160//7549 4164//7548 7321//7522
f 4159//7546 7258//7328 4164//7548
f 4164//7548 7257//7323 7322//7523
f 4161//7539 4157//7544 4165//7550
f 7204//7192 4161//7539 7205//7193
f 4165//7550 4160//7549 7320//7519
f 7205//7193 4165//7550 7923//7194
f 4166//7554 4170//7551 4167//7553
f 4167//7553 4171//7552 7267//7339
f 4170//7551 7324//7534 4171//7552
f 4171//7552 7323//7533 7268//7345
f 4168//7556 4166//7554 4172//7555
f 7330//7560 4168//7556 7329//7557
f 4172//7555 4167//7553 7266//7338
f 7329//7557 4172//7555 7940//7342
f 4166//7554 4168//7556 4169//7559
f 4169//7559 4173//7558 7207//7198
f 4168//7556 7330//7560 4173//7558
f 4173//7558 7331//7561 7208//7199
f 4170//7551 4166//7554 4174//7562
f 7324//7534 4170//7551 7325//7537
f 4174//7562 4169//7559 7206//7208
f 7325//7537 4174//7562 7924//7210
f 4175//7568 4179//7563 4176//7565
f 4176//7565 4180//7564 7333//7567
f 4179//7563 7192//7160 4180//7564
f 4180//7564 7191//7157 7332//7566
f 4177//7570 4175//7568 4181//7569
f 7276//7368 4177//7570 7277//7369
f 4181//7569 4176//7565 7334//7571
f 7277//7369 4181//7569 7941//7370
f 4175//7568 4177//7570 4178//7573
f 4178//7573 4182//7572 7327//7543
f 4177//7570 7276//7368 4182//7572
f 4182//7572 7275//7363 7328//7547
f 4179//7563 4175//7568 4183//7574
f 7192//7160 4179//7563 7193//7161
f 4183//7574 4178//7573 7326//7542
f 7193//7161 4183//7574 7921//7162
f 4184//7578 4188//7575 4185//7577
f 4185//7577 4189//7576 7285//7379
f 4188//7575 7330//7560 4189//7576
f 4189//7576 7329//7557 7286//7386
f 4186//7580 4184//7578 4190//7579
f 7336//7584 4186//7580 7335//7581
f 4190//7579 4185//7577 7284//7378
f 7335//7581 4190//7579 7942//7382
f 4184//7578 4186//7580 4187//7583
f 4187//7583 4191//7582 7195//7167
f 4186//7580 7336//7584 4191//7582
f 4191//7582 7337//7585 7196//7168
f 4188//7575 4184//7578 4192//7586
f 7330//7560 4188//7575 7331//7561
f 4192//7586 4187//7583 7194//7176
f 7331//7561 4192//7586 7922//7178
f 4194//7590 4193//7587 4198//7589
f 7339//7594 4194//7590 7338//7591
f 4198//7589 4197//7588 7179//7124
f 7338//7591 4198//7589 7917//7098
f 4193//7587 4194//7590 4195//7593
f 4195//7593 4199//7592 7279//7367
f 4194//7590 7339//7594 4199//7592
f 4199//7592 7340//7595 7280//7373
f 4196//7597 4193//7587 4200//7596
f 7333//7567 4196//7597 7334//7571
f 4200//7596 4195//7593 7278//7366
f 7334//7571 4200//7596 7941//7370
f 4193//7587 4196//7597 4197//7588
f 4197//7588 4201//7598 7180//7125
f 4201//7598 4196//7597 7332//7566
f 7181//7129 4201//7598 7919//7130
f 4203//7602 4202//7599 4207//7601
f 7282//7380 4203//7602 7283//7381
f 4207//7601 4206//7600 7335//7581
f 7283//7381 4207//7601 7942//7382
f 4202//7599 4203//7602 4204//7604
f 4204//7604 4208//7603 7342//7606
f 4203//7602 7282//7380 4208//7603
f 4208//7603 7281//7392 7341//7605
f 4205//7608 4202//7599 4209//7607
f 7183//7135 4205//7608 7184//7136
f 4209//7607 4204//7604 7343//7609
f 7184//7136 4209//7607 7918//7114
f 4202//7599 4205//7608 4206//7600
f 7336//7584 4206//7600 7337//7585
f 4205//7608 7183//7135 4210//7610
f 7337//7585 4210//7610 7920//7146
f 4212//7614 4211//7611 4215//7613
f 4212//7614 4215//7613 7291//7399
f 4215//7613 4214//7612 7167//7093
f 4215//7613 7167//7093 7292//7400
f 4213//7616 4211//7611 4216//7615
f 7339//7594 4213//7616 7340//7595
f 4216//7615 4212//7614 7290//7409
f 7340//7595 4216//7615 7943//7374
f 4211//7611 4213//7616 4214//7612
f 4214//7612 4217//7617 7168//7096
f 4213//7616 7339//7594 4217//7617
f 4217//7617 7338//7591 7169//7097
f 4218//7621 4221//7618 4219//7620
f 4219//7620 4222//7619 7342//7606
f 4221//7618 7171//7103 4222//7619
f 4222//7619 7170//7111 7343//7609
f 4220//7623 4218//7621 4223//7622
f 7300//7423 4220//7623 7301//7424
f 4223//7622 4219//7620 7341//7605
f 7301//7424 4223//7622 7944//7394
f 4221//7618 4218//7621 4224//7624
f 7171//7103 4221//7618 7172//7104
f 4220//7623 7300//7423 4224//7624
f 4224//7624 7299//7421 7172//7104
f 4226//7628 4225//7625 4230//7627
f 6811//6174 4226//7628 6812//6175
f 4230//7627 4229//7626 7346//7630
f 6812//6175 4230//7627 7843//6150
f 4225//7625 4226//7628 4227//7632
f 4227//7632 4231//7631 7348//7634
f 4226//7628 6811//6174 4231//7631
f 4231//7631 6810//6187 7347//7633
f 4228//7636 4225//7625 4232//7635
f 7351//7642 4228//7636 7350//7637
f 4232//7635 4227//7632 7349//7638
f 7350//7637 4232//7635 7955//7639
f 4225//7625 4228//7636 4229//7626
f 4229//7626 4233//7640 7345//7629
f 4228//7636 7351//7642 4233//7640
f 4233//7640 7352//7643 7344//7641
f 4235//7648 4234//7645 4239//7647
f 7357//7655 4235//7648 7356//7649
f 4239//7647 4238//7646 7355//7651
f 7356//7649 4239//7647 7956//7652
f 4234//7645 4235//7648 4236//7654
f 4236//7654 4240//7653 6826//6206
f 4235//7648 7357//7655 4240//7653
f 4240//7653 7358//7656 6827//6209
f 4237//7658 4234//7645 4241//7657
f 7360//7662 4237//7658 7359//7659
f 4241//7657 4236//7654 6825//6205
f 7359//7659 4241//7657 7844//6170
f 4234//7645 4237//7658 4238//7646
f 4238//7646 4242//7660 7354//7650
f 4237//7658 7360//7662 4242//7660
f 4242//7660 7361//7663 7353//7661
f 4244//7668 4243//7665 4248//7667
f 6793//6134 4244//7668 6794//6135
f 4248//7667 4247//7666 7364//7670
f 6794//6135 4248//7667 7845//6110
f 4243//7665 4244//7668 4245//7672
f 4245//7672 4249//7671 7345//7629
f 4244//7668 6793//6134 4249//7671
f 4249//7671 6792//6147 7346//7630
f 4246//7674 4243//7665 4250//7673
f 7366//7678 4246//7674 7365//7675
f 4250//7673 4245//7672 7344//7641
f 7365//7675 4250//7673 7953//7644
f 4243//7665 4246//7674 4247//7666
f 4247//7666 4251//7676 7363//7669
f 4246//7674 7366//7678 4251//7676
f 4251//7676 7367//7679 7362//7677
f 4253//7684 4252//7681 4257//7683
f 7360//7662 4253//7684 7361//7663
f 4257//7683 4256//7682 7370//7686
f 7361//7663 4257//7683 7954//7664
f 4252//7681 4253//7684 4254//7688
f 4254//7688 4258//7687 6808//6166
f 4253//7684 7360//7662 4258//7687
f 4258//7687 7359//7659 6809//6169
f 4255//7690 4252//7681 4259//7689
f 7372//7694 4255//7690 7371//7691
f 4259//7689 4254//7688 6807//6165
f 7371//7691 4259//7689 7846//6130
f 4252//7681 4255//7690 4256//7682
f 4256//7682 4260//7692 7369//7685
f 4255//7690 7372//7694 4260//7692
f 4260//7692 7373//7695 7368//7693
f 4262//7700 4261//7697 4266//7699
f 6775//6094 4262//7700 6776//6095
f 4265//7698 7375//7701 4266//7699
f 4266//7699 7376//7702 6776//6095
f 4261//7697 4262//7700 4263//7704
f 4263//7704 4267//7703 7363//7669
f 4262//7700 6775//6094 4267//7703
f 4267//7703 6774//6108 7364//7670
f 4264//7706 4261//7697 4268//7705
f 7378//7710 4264//7706 7377//7707
f 4268//7705 4263//7704 7362//7677
f 7377//7707 4268//7705 7951//7680
f 4261//7697 4264//7706 4265//7698
f 7375//7701 4265//7698 7374//7709
f 4264//7706 7378//7710 4269//7708
f 4269//7708 7379//7711 7374//7709
f 4271//7716 4270//7713 4275//7715
f 7372//7694 4271//7716 7373//7695
f 4275//7715 4274//7714 7382//7718
f 7373//7695 4275//7715 7952//7696
f 4270//7713 4271//7716 4272//7720
f 4272//7720 4276//7719 6790//6126
f 4271//7716 7372//7694 4276//7719
f 4276//7719 7371//7691 6791//6129
f 4273//7724 4270//7713 4277//7721
f 4273//7724 4277//7721 7384//7723
f 4277//7721 4272//7720 6789//6125
f 4277//7721 6789//6125 7383//7722
f 4270//7713 4273//7724 4274//7714
f 4274//7714 4278//7725 7381//7717
f 4278//7725 4273//7724 7385//7727
f 4278//7725 7385//7727 7380//7726
f 4279//7734 4283//7729 4280//7731
f 4280//7731 4284//7730 6757//6055
f 4283//7729 7387//7732 4284//7730
f 4284//7730 7388//7733 6758//6056
f 4281//7736 4279//7734 4285//7735
f 7375//7701 4281//7736 7376//7702
f 4285//7735 4280//7731 6756//6068
f 7376//7702 4285//7735 7847//6070
f 4279//7734 4281//7736 4282//7738
f 4282//7738 4286//7737 7390//7740
f 4281//7736 7375//7701 4286//7737
f 4286//7737 7374//7709 7389//7739
f 4283//7729 4279//7734 4287//7741
f 7387//7732 4283//7729 7386//7742
f 4287//7741 4282//7738 7391//7743
f 7386//7742 4287//7741 7947//7744
f 4288//7750 4292//7745 4289//7747
f 4289//7747 4293//7746 7384//7723
f 4292//7745 7393//7748 4293//7746
f 4293//7746 7394//7749 7385//7727
f 4290//7752 4288//7750 4294//7751
f 6772//6088 4290//7752 6773//6089
f 4294//7751 4289//7747 7383//7722
f 6773//6089 4294//7751 7848//6090
f 4288//7750 4290//7752 4291//7754
f 4291//7754 4295//7753 7396//7756
f 4290//7752 6772//6088 4295//7753
f 4295//7753 6771//6085 7395//7755
f 4292//7745 4288//7750 4296//7757
f 7393//7748 4292//7745 7392//7758
f 4296//7757 4291//7754 7397//7759
f 7392//7758 4296//7757 7948//7760
f 4297//7766 4301//7761 4298//7763
f 4298//7763 4302//7762 6739//6015
f 4301//7761 7399//7764 4302//7762
f 4302//7762 7400//7765 6740//6016
f 4299//7768 4297//7766 4303//7767
f 7387//7732 4299//7768 7388//7733
f 4303//7767 4298//7763 6738//6027
f 7388//7733 4303//7767 7849//6030
f 4297//7766 4299//7768 4300//7770
f 4300//7770 4304//7769 7402//7772
f 4299//7768 7387//7732 4304//7769
f 4304//7769 7386//7742 7401//7771
f 4301//7761 4297//7766 4305//7773
f 7399//7764 4301//7761 7398//7774
f 4305//7773 4300//7770 7403//7775
f 4305//7773 7403//7775 7398//7774
f 4306//7782 4310//7777 4307//7779
f 4307//7779 4311//7778 7396//7756
f 4310//7777 7405//7780 4311//7778
f 4311//7778 7406//7781 7397//7759
f 4308//7784 4306//7782 4312//7783
f 6754//6048 4308//7784 6755//6049
f 4312//7783 4307//7779 7395//7755
f 6755//6049 4312//7783 7850//6050
f 4306//7782 4308//7784 4309//7786
f 4309//7786 4313//7785 7408//7788
f 4308//7784 6754//6048 4313//7785
f 4313//7785 6753//6045 7407//7787
f 4310//7777 4306//7782 4314//7789
f 7405//7780 4310//7777 7404//7790
f 4314//7789 4309//7786 7409//7791
f 4314//7789 7409//7791 7404//7790
f 4315//7798 4319//7793 4316//7795
f 4316//7795 4320//7794 6718//5965
f 4319//7793 7411//7796 4320//7794
f 4320//7794 7412//7797 6719//5973
f 4317//7800 4315//7798 4321//7799
f 7399//7764 4317//7800 7400//7765
f 4321//7799 4316//7795 6717//5964
f 7400//7765 4321//7799 7851//5968
f 4315//7798 4317//7800 4318//7802
f 7414//7806 4318//7802 7413//7803
f 4317//7800 7399//7764 4322//7801
f 7413//7803 4322//7801 7945//7776
f 4315//7798 4318//7802 4319//7793
f 4319//7793 4323//7804 7411//7796
f 4318//7802 7414//7806 4323//7804
f 4323//7804 7415//7807 7410//7805
f 4324//7814 4328//7809 4325//7811
f 4325//7811 4329//7810 7408//7788
f 4329//7810 4328//7809 7418//7813
f 7409//7791 4329//7810 7946//7792
f 4326//7816 4324//7814 4330//7815
f 6733//6004 4326//7816 6734//6005
f 4330//7815 4325//7811 7407//7787
f 6734//6005 4330//7815 7852//6006
f 4324//7814 4326//7816 4327//7818
f 4327//7818 4331//7817 7420//7820
f 4326//7816 6733//6004 4331//7817
f 4331//7817 6732//5997 7419//7819
f 4324//7814 4327//7818 4328//7809
f 4328//7809 4332//7821 7417//7812
f 4327//7818 7420//7820 4332//7821
f 4332//7821 7421//7823 7416//7822
f 4333//7830 4337//7825 4334//7827
f 4334//7827 4338//7826 7423//7829
f 4337//7825 7414//7806 4338//7826
f 4338//7826 7413//7803 7422//7828
f 4335//7832 4333//7830 4339//7831
f 7351//7642 4335//7832 7352//7643
f 4339//7831 4334//7827 7424//7833
f 7352//7643 4339//7831 7953//7644
f 4333//7830 4335//7832 4336//7835
f 4336//7835 4340//7834 7426//7837
f 4335//7832 7351//7642 4340//7834
f 4340//7834 7350//7637 7425//7836
f 4337//7825 4333//7830 4341//7838
f 7414//7806 4337//7825 7415//7807
f 4341//7838 4336//7835 7427//7839
f 7415//7807 4341//7838 7957//7808
f 4342//7845 4346//7840 4343//7842
f 4343//7842 4347//7841 7354//7650
f 4346//7840 7429//7843 4347//7841
f 4347//7841 7430//7844 7355//7651
f 4344//7847 4342//7845 4348//7846
f 7432//7851 4344//7847 7431//7848
f 4348//7846 4343//7842 7353//7661
f 7431//7848 4348//7846 7954//7664
f 4342//7845 4344//7847 4345//7850
f 4345//7850 4349//7849 7417//7812
f 4344//7847 7432//7851 4349//7849
f 4349//7849 7433//7852 7418//7813
f 4346//7840 4342//7845 4350//7853
f 7429//7843 4346//7840 7428//7854
f 4350//7853 4345//7850 7416//7822
f 7428//7854 4350//7853 7958//7824
f 4352//7858 4351//7855 4356//7857
f 7402//7772 4352//7858 7403//7775
f 4356//7857 4355//7856 7422//7828
f 7403//7775 4356//7857 7945//7776
f 4351//7855 4352//7858 4353//7860
f 4353//7860 4357//7859 7435//7862
f 4352//7858 7402//7772 4357//7859
f 7434//7861 4357//7859 7947//7744
f 4354//7864 4351//7855 4358//7863
f 7366//7678 4354//7864 7367//7679
f 4358//7863 4353//7860 7436//7865
f 7367//7679 4358//7863 7951//7680
f 4351//7855 4354//7864 4355//7856
f 4355//7856 4359//7866 7423//7829
f 4354//7864 7366//7678 4359//7866
f 4359//7866 7365//7675 7424//7833
f 4361//7870 4360//7867 4365//7869
f 7438//7874 4361//7870 7437//7871
f 4365//7869 4364//7868 7368//7693
f 7437//7871 4365//7869 7952//7696
f 4360//7867 4361//7870 4362//7873
f 4362//7873 4366//7872 7405//7780
f 4361//7870 7438//7874 4366//7872
f 7406//7781 4366//7872 7948//7760
f 4363//7877 4360//7867 4367//7876
f 7432//7851 4363//7877 7433//7852
f 4367//7876 4362//7873 7404//7790
f 7433//7852 4367//7876 7946//7792
f 4360//7867 4363//7877 4364//7868
f 4364//7868 4368//7878 7369//7685
f 4363//7877 7432//7851 4368//7878
f 4368//7878 7431//7848 7370//7686
f 4369//7882 4372//7879 4370//7881
f 4370//7881 4373//7880 7390//7740
f 4373//7880 4372//7879 7434//7861
f 4373//7880 7434//7861 7391//7743
f 4371//7884 4369//7882 4374//7883
f 7378//7710 4371//7884 7379//7711
f 4374//7883 4370//7881 7389//7739
f 7379//7711 4374//7883 7949//7712
f 4369//7882 4371//7884 4372//7879
f 4372//7879 4375//7885 7435//7862
f 4371//7884 7378//7710 4375//7885
f 4375//7885 7377//7707 7436//7865
f 4376//7889 4379//7886 4377//7888
f 4377//7888 4380//7887 7381//7717
f 4379//7886 7438//7874 4380//7887
f 4380//7887 7437//7871 7382//7718
f 4378//7891 4376//7889 4381//7890
f 7393//7748 4378//7891 7394//7749
f 4381//7890 4377//7888 7380//7726
f 7394//7749 4381//7890 7950//7728
f 4376//7889 4378//7891 4379//7886
f 7438//7874 4379//7886 7439//7875
f 4378//7891 7393//7748 4382//7892
f 4382//7892 7392//7758 7439//7875
f 4383//7898 4387//7893 4384//7895
f 6613//5648 4384//7895 6614//5649
f 4387//7893 7441//7896 4388//7894
f 4388//7894 7442//7897 6614//5649
f 4385//7900 4383//7898 4389//7899
f 4385//7900 4389//7899 6943//6510
f 4384//7895 6613//5648 4389//7899
f 4389//7899 6612//5656 6944//6511
f 4383//7898 4385//7900 4386//7902
f 4386//7902 4390//7901 7411//7796
f 4390//7901 4385//7900 6942//6523
f 7412//7797 4390//7901 7839//5974
f 4387//7893 4383//7898 4391//7903
f 7441//7896 4387//7893 7440//7904
f 4391//7903 4386//7902 7410//7805
f 7440//7904 4391//7903 7957//7808
f 4392//7908 4396//7905 4393//7907
f 6958//6541 4393//7907 6959//6542
f 4396//7905 7420//7820 4397//7906
f 6959//6542 4397//7906 7840//5999
f 4394//7910 4392//7908 4398//7909
f 4394//7910 4398//7909 6616//5666
f 4393//7907 6958//6541 4398//7909
f 4398//7909 6957//6538 6617//5668
f 4392//7908 4394//7910 4395//7912
f 4395//7912 4399//7911 7444//7914
f 4399//7911 4394//7910 6615//5665
f 4399//7911 6615//5665 7443//7913
f 4396//7905 4392//7908 4400//7915
f 7420//7820 4396//7905 7421//7823
f 4400//7915 4395//7912 7445//7916
f 7421//7823 4400//7915 7958//7824
f 4402//7920 4401//7917 4406//7919
f 7441//7896 4402//7920 7442//7897
f 4406//7919 4405//7918 6672//5832
f 7442//7897 4406//7919 7765//5296
f 4401//7917 4402//7920 4403//7922
f 4403//7922 4407//7921 7426//7837
f 4402//7920 7441//7896 4407//7921
f 4407//7921 7440//7904 7427//7839
f 4404//7926 4401//7917 4408//7923
f 4404//7926 4408//7923 7447//7925
f 4408//7923 4403//7922 7425//7836
f 7446//7924 4408//7923 7955//7639
f 4401//7917 4404//7926 4405//7918
f 4405//7918 4409//7927 6673//5833
f 4409//7927 4404//7926 7448//7928
f 6674//5838 4409//7927 7773//5839
f 4411//7932 4410//7929 4415//7931
f 7429//7843 4411//7932 7430//7844
f 4414//7930 7450//7933 4415//7931
f 7430//7844 4415//7931 7956//7652
f 4410//7929 4411//7932 4412//7936
f 4412//7936 4416//7935 7444//7914
f 4411//7932 7429//7843 4416//7935
f 4416//7935 7428//7854 7445//7916
f 4413//7938 4410//7929 4417//7937
f 6688//5865 4413//7938 6689//5866
f 4417//7937 4412//7936 7443//7913
f 6689//5866 4417//7937 7766//5326
f 4410//7929 4413//7938 4414//7930
f 7450//7933 4414//7930 7449//7940
f 4413//7938 6688//5865 4418//7939
f 7449//7940 4418//7939 7774//5862
f 4420//7944 4419//7941 4424//7943
f 6697//5896 4420//7944 6698//5897
f 4424//7943 4423//7942 6924//6454
f 6698//5897 4424//7943 7771//5727
f 4419//7941 4420//7944 4421//7946
f 4421//7946 4425//7945 7447//7925
f 4420//7944 6697//5896 4425//7945
f 4425//7945 6696//5907 7448//7928
f 4422//7948 4419//7941 4426//7947
f 4422//7948 4426//7947 7348//7634
f 4426//7947 4421//7946 7446//7924
f 4426//7947 7446//7924 7349//7638
f 4419//7941 4422//7948 4423//7942
f 4423//7942 4427//7949 6925//6455
f 4427//7949 4422//7948 7347//7633
f 6926//6459 4427//7949 7841//6190
f 4429//7953 4428//7950 4433//7952
f 7450//7933 4429//7953 7451//7934
f 4432//7951 7357//7655 4433//7952
f 4433//7952 7356//7649 7451//7934
f 4428//7950 4429//7953 4430//7955
f 4430//7955 4434//7954 6706//5920
f 4429//7953 7450//7933 4434//7954
f 4434//7954 7449//7940 6707//5922
f 4431//7957 4428//7950 4435//7956
f 6934//6477 4431//7957 6935//6478
f 4435//7956 4430//7955 6705//5919
f 6935//6478 4435//7956 7772//5746
f 4428//7950 4431//7957 4432//7951
f 7357//7655 4432//7951 7358//7656
f 4431//7957 6934//6477 4436//7958
f 7358//7656 4436//7958 7842//6210
o floor
v -2.000000 0.000000 2.000000
v 2.000000 0.000000 2.000000
v -2.000000 0.000000 -2.000000
v 2.000000 0.000000 -2.000000
vn -0.0000 1.0000 -0.0000
s 0
f 7959//7959 7960//7959 7962//7959 7961//7959
