# Blender 4.2.9 LTS
# www.blender.org
o subject
v 0.377426 0.500057 -0.158215
v 0.394652 0.537428 -0.195892
v 0.386841 0.564769 -0.243896
v 0.356085 0.574755 -0.289363
v 0.310626 0.564709 -0.320111
v 0.262644 0.537324 -0.327901
v 0.224996 0.499938 -0.310645
v 0.207769 0.462567 -0.272968
v 0.215581 0.435226 -0.224964
v 0.246336 0.425240 -0.179497
v 0.291796 0.435286 -0.148749
v 0.339778 0.462671 -0.140959
v 0.393927 0.483518 -0.173636
v 0.412483 0.513563 -0.216832
v 0.405661 0.532905 -0.268719
v 0.375290 0.536360 -0.315395
v 0.329508 0.523003 -0.344351
v 0.280582 0.496414 -0.347831
v 0.241621 0.463716 -0.324900
v 0.223066 0.433670 -0.281705
v 0.229887 0.414329 -0.229818
v 0.260258 0.410873 -0.183142
v 0.306040 0.424230 -0.154186
v 0.354966 0.450820 -0.150706
v 0.409571 0.462269 -0.185365
v 0.430395 0.482573 -0.232978
v 0.425272 0.492351 -0.287668
v 0.395576 0.488984 -0.334782
v 0.349262 0.473373 -0.361695
v 0.298742 0.449702 -0.361195
v 0.257551 0.424313 -0.333417
v 0.236727 0.404009 -0.285804
v 0.241849 0.394231 -0.231113
v 0.271546 0.397598 -0.184000
v 0.317859 0.413209 -0.157087
v 0.368380 0.436880 -0.157587
v 0.423593 0.435469 -0.191472
v 0.447255 0.443780 -0.241310
v 0.444245 0.442696 -0.297012
v 0.415368 0.432508 -0.343651
v 0.368362 0.415944 -0.368731
v 0.315822 0.397444 -0.365531
v 0.271827 0.381965 -0.334910
v 0.248164 0.373654 -0.285071
v 0.251175 0.374738 -0.229369
v 0.280052 0.384927 -0.182730
v 0.327057 0.401490 -0.157650
v 0.379597 0.419990 -0.160850
v 0.434893 0.402839 -0.189702
v 0.461152 0.397848 -0.238676
v 0.460046 0.385364 -0.293043
v 0.431871 0.368731 -0.338236
v 0.384177 0.352406 -0.362145
v 0.329743 0.340764 -0.358364
v 0.283155 0.336923 -0.327906
v 0.256896 0.341914 -0.278932
v 0.258002 0.354398 -0.224565
v 0.286177 0.371031 -0.179372
v 0.333871 0.387356 -0.155462
v 0.388305 0.398999 -0.159244
v 0.441986 0.364872 -0.177771
v 0.469732 0.346863 -0.222702
v 0.469674 0.323602 -0.273415
v 0.441827 0.301321 -0.316322
v 0.393653 0.285991 -0.339926
v 0.338060 0.281719 -0.337902
v 0.289944 0.289650 -0.310794
v 0.262199 0.307659 -0.265863
v 0.262257 0.330921 -0.215150
v 0.290104 0.353202 -0.172243
v 0.338278 0.368532 -0.148639
v 0.393870 0.372804 -0.150662
v 0.443079 0.322923 -0.153742
v 0.470797 0.293632 -0.192300
v 0.470635 0.261240 -0.237727
v 0.442636 0.234426 -0.277852
v 0.394303 0.220374 -0.301923
v 0.338587 0.222850 -0.303489
v 0.290416 0.241191 -0.282133
v 0.262698 0.270481 -0.243575
v 0.262860 0.302873 -0.198148
v 0.290859 0.329687 -0.158023
v 0.339191 0.343739 -0.133952
v 0.394908 0.341263 -0.132386
v 0.436330 0.279325 -0.116575
v 0.462622 0.241133 -0.147608
v 0.461305 0.201661 -0.187017
v 0.432731 0.171485 -0.224244
v 0.384557 0.158691 -0.249314
v 0.329691 0.166707 -0.255509
v 0.282834 0.193385 -0.241169
v 0.256542 0.231577 -0.210137
v 0.257860 0.271049 -0.170727
v 0.286433 0.301225 -0.133500
v 0.334607 0.314019 -0.108430
v 0.389473 0.306003 -0.102235
v 0.420276 0.237279 -0.066694
v 0.444073 0.192475 -0.089914
v 0.440814 0.147842 -0.123233
v 0.411371 0.115340 -0.157724
v 0.363634 0.103677 -0.184144
v 0.310394 0.115979 -0.195416
v 0.265916 0.148950 -0.188517
v 0.242119 0.193755 -0.165298
v 0.245378 0.238388 -0.131979
v 0.274821 0.270890 -0.097488
v 0.322558 0.282552 -0.071067
v 0.375798 0.270250 -0.059796
v 0.394364 0.200529 -0.006480
v 0.414864 0.151010 -0.021991
v 0.409098 0.102780 -0.049441
v 0.378611 0.068761 -0.081474
v 0.331572 0.058069 -0.109509
v 0.280586 0.073569 -0.126032
v 0.239313 0.111107 -0.126617
v 0.218813 0.160626 -0.111106
v 0.224579 0.208856 -0.083656
v 0.255066 0.242875 -0.051622
v 0.302105 0.253567 -0.023588
v 0.353092 0.238067 -0.007064
v 0.359342 0.172626 0.059792
v 0.375856 0.119931 0.051828
v 0.367134 0.069340 0.029977
v 0.335514 0.034410 0.000096
v 0.289467 0.024499 -0.029811
v 0.241333 0.042264 -0.051729
v 0.204008 0.082944 -0.059785
v 0.187494 0.135639 -0.051821
v 0.196215 0.186229 -0.029971
v 0.227836 0.221160 -0.000089
v 0.273882 0.231070 0.029818
v 0.322017 0.213306 0.051735
v 0.317295 0.156132 0.126629
v 0.329107 0.101605 0.126133
v 0.316994 0.049690 0.109673
v 0.284200 0.014295 0.081660
v 0.239514 0.004906 0.049600
v 0.194908 0.024039 0.022082
v 0.162335 0.066565 0.006482
v 0.150523 0.121092 0.006978
v 0.162637 0.173007 0.023437
v 0.195430 0.208402 0.051450
v 0.240117 0.217791 0.083511
v 0.284722 0.198658 0.111028
v 0.271216 0.152015 0.188534
v 0.277457 0.097014 0.195523
v 0.261440 0.044758 0.184315
v 0.227456 0.009248 0.157913
v 0.184611 0.000000 0.123392
v 0.144385 0.019491 0.090003
v 0.117557 0.062499 0.066690
v 0.111316 0.117500 0.059702
v 0.127333 0.169757 0.070910
v 0.161317 0.205266 0.097312
v 0.204162 0.214515 0.131832
v 0.244388 0.195023 0.165222
v 0.224258 0.159587 0.241201
v 0.223848 0.105693 0.255628
v 0.203301 0.054185 0.249489
v 0.168123 0.018866 0.224431
v 0.127739 0.009198 0.187167
v 0.092971 0.027773 0.147682
v 0.073134 0.069613 0.116557
v 0.073544 0.123508 0.102130
v 0.094091 0.175015 0.108269
v 0.129270 0.210335 0.133327
v 0.169653 0.220002 0.170591
v 0.204422 0.201427 0.210075
v 0.179064 0.176928 0.282163
v 0.170762 0.126090 0.303597
v 0.144982 0.076633 0.302080
v 0.108632 0.041809 0.278020
v 0.071453 0.030950 0.237862
v 0.043405 0.046965 0.192367
v 0.032005 0.085563 0.153726
v 0.040308 0.136401 0.132292
v 0.066088 0.185858 0.133808
v 0.102437 0.220682 0.157869
v 0.139617 0.231541 0.198026
v 0.167665 0.215526 0.243521
v 0.137320 0.201576 0.310829
v 0.120021 0.156016 0.337993
v 0.088456 0.110056 0.340049
v 0.051082 0.076012 0.316447
v 0.017913 0.063005 0.273509
v -0.002162 0.074521 0.222743
v -0.003765 0.107475 0.177749
v 0.013534 0.153035 0.150585
v 0.045100 0.198995 0.148529
v 0.082473 0.233039 0.172131
v 0.115642 0.246046 0.215069
v 0.135717 0.234529 0.265835
v 0.099761 0.231103 0.327943
v 0.073030 0.192771 0.358423
v 0.035664 0.151512 0.362212
v -0.002326 0.118381 0.338295
v -0.030759 0.102256 0.293080
v -0.042017 0.107457 0.238682
v -0.033084 0.132590 0.189678
v -0.006353 0.170922 0.159198
v 0.031013 0.212181 0.155409
v 0.069003 0.245312 0.179326
v 0.097436 0.261437 0.224541
v 0.108694 0.256236 0.278939
v 0.066398 0.263447 0.334947
v 0.030900 0.233178 0.365551
v -0.011440 0.196983 0.368729
v -0.049279 0.164561 0.343630
v -0.072476 0.144599 0.296979
v -0.074816 0.142446 0.241276
v -0.055673 0.158679 0.191448
v -0.020175 0.188948 0.160844
v 0.022165 0.225143 0.157666
v 0.060004 0.257565 0.182765
v 0.083201 0.277527 0.229416
v 0.085541 0.279680 0.285118
v 0.036845 0.296995 0.333449
v -0.005814 0.274097 0.361177
v -0.051605 0.242225 0.361633
v -0.088259 0.209917 0.334695
v -0.105954 0.185833 0.287582
v -0.099950 0.176423 0.232916
v -0.071854 0.184211 0.185347
v -0.029196 0.207109 0.157619
v 0.016595 0.238982 0.157162
v 0.053249 0.271289 0.184100
v 0.070945 0.295374 0.231214
v 0.064940 0.304783 0.285879
v 0.010682 0.330494 0.324920
v -0.037166 0.313156 0.347787
v -0.084668 0.284105 0.344257
v -0.119095 0.251123 0.315277
v -0.131224 0.223049 0.268612
v -0.117804 0.207404 0.216766
v -0.082431 0.208382 0.173630
v -0.034583 0.225719 0.150764
v 0.012919 0.254771 0.154293
v 0.047347 0.287753 0.183273
v 0.059476 0.315827 0.229938
v 0.046056 0.331471 0.281784
v -0.012386 0.363008 0.310652
v -0.063619 0.349126 0.327838
v -0.111321 0.321270 0.319997
v -0.142709 0.286903 0.289230
v -0.149374 0.255234 0.243781
v -0.129529 0.234749 0.195829
v -0.088492 0.230937 0.158221
v -0.037259 0.244818 0.141036
v 0.010443 0.272675 0.148876
v 0.041831 0.307042 0.179643
v 0.048496 0.338711 0.225092
v 0.028651 0.359196 0.273044
v -0.032370 0.393829 0.291811
v -0.085555 0.381613 0.303429
v -0.132394 0.353671 0.291669
v -0.160337 0.317493 0.259682
v -0.161895 0.282770 0.216037
v -0.136652 0.258808 0.172431
v -0.091372 0.252026 0.140547
v -0.038187 0.264243 0.128928
v 0.008652 0.292184 0.140688
v 0.036594 0.328363 0.172676
v 0.038153 0.363086 0.216320
v 0.012910 0.387048 0.259926
v -0.049201 0.422553 0.269528
v -0.103322 0.410780 0.276249
v -0.148721 0.381982 0.261334
v -0.173233 0.343873 0.228779
v -0.170289 0.306666 0.187308
v -0.140679 0.280329 0.148032
v -0.092337 0.271921 0.121477
v -0.038215 0.283693 0.114756
v 0.007183 0.312492 0.129671
v 0.031695 0.350601 0.162226
v 0.028752 0.387808 0.203697
v -0.000858 0.414144 0.242972
v -0.062861 0.449055 0.244875
v -0.117283 0.437069 0.247604
v -0.161083 0.407103 0.230384
v -0.182524 0.367186 0.197829
v -0.175861 0.328013 0.158663
v -0.142879 0.300081 0.123379
v -0.092417 0.290875 0.101433
v -0.037994 0.302860 0.098704
v 0.005806 0.332826 0.115923
v 0.027247 0.372743 0.148478
v 0.020584 0.411916 0.187644
v -0.012398 0.439848 0.222928
v -0.073507 0.473441 0.218775
v -0.127898 0.461014 0.218420
v -0.170230 0.429894 0.199645
v -0.189160 0.388421 0.167481
v -0.179617 0.347708 0.130546
v -0.144157 0.318662 0.098736
v -0.092282 0.309068 0.080576
v -0.037891 0.321495 0.080930
v 0.004441 0.352615 0.099705
v 0.023372 0.394087 0.131869
v 0.013828 0.434801 0.168804
v -0.021632 0.463847 0.200614
v -0.081423 0.495931 0.191966
v -0.135657 0.483102 0.189327
v -0.176818 0.451032 0.169574
v -0.193875 0.408313 0.137997
v -0.182260 0.366393 0.103060
v -0.145083 0.336503 0.074122
v -0.092307 0.326653 0.058938
v -0.038073 0.339481 0.061577
v 0.003088 0.371552 0.081331
v 0.020146 0.414270 0.112907
v 0.008530 0.456191 0.147844
v -0.028647 0.486081 0.176782
v -0.087040 0.516826 0.164938
v -0.141113 0.503769 0.160624
v -0.181437 0.471021 0.140268
v -0.197210 0.427357 0.109323
v -0.184203 0.384477 0.076082
v -0.145904 0.353870 0.049450
v -0.092573 0.343737 0.036565
v -0.038500 0.356794 0.040878
v 0.001825 0.389542 0.061235
v 0.017597 0.433206 0.092180
v 0.004591 0.476087 0.125421
v -0.033709 0.506694 0.152053
v -0.090748 0.536383 0.138056
v -0.144707 0.523321 0.132520
v -0.184521 0.490194 0.111774
v -0.199519 0.445878 0.081377
v -0.185685 0.402247 0.049473
v -0.146724 0.370992 0.024611
v -0.093076 0.360489 0.013453
v -0.039116 0.373551 0.018989
v 0.000697 0.406678 0.039735
v 0.015695 0.450994 0.070132
v 0.001861 0.494625 0.102036
v -0.037100 0.525880 0.126898
v -0.092979 0.554888 0.111496
v -0.146882 0.542028 0.105021
v -0.186434 0.508787 0.083959
v -0.201037 0.464073 0.053955
v -0.186777 0.419866 0.023046
v -0.147477 0.388012 -0.000484
v -0.093665 0.377046 -0.010331
v -0.039761 0.389907 -0.003856
v -0.000209 0.423147 0.017205
v 0.014393 0.467862 0.047210
v 0.000134 0.512068 0.078118
v -0.039167 0.543922 0.101649
v -0.094089 0.572578 0.085385
v -0.147978 0.560086 0.078124
v -0.187440 0.526961 0.056712
v -0.201900 0.482080 0.026888
v -0.187483 0.437468 -0.003359
v -0.148053 0.405080 -0.025922
v -0.094174 0.393592 -0.034757
v -0.040284 0.406084 -0.027496
v -0.000823 0.439209 -0.006084
v 0.013637 0.484090 0.023740
v -0.000780 0.528702 0.053987
v -0.040210 0.561091 0.076550
v -0.094395 0.589685 0.059784
v -0.148288 0.577672 0.051770
v -0.187739 0.544847 0.029885
v -0.202180 0.500004 -0.000007
v -0.187739 0.455160 -0.029895
v -0.148288 0.422329 -0.051773
v -0.094395 0.410310 -0.059777
v -0.040503 0.422322 -0.051762
v -0.001051 0.455148 -0.029878
v 0.013389 0.499990 0.000014
v -0.001051 0.544835 0.029903
v -0.040503 0.577665 0.051780
v -0.094176 0.606398 0.034771
v -0.148054 0.594918 0.025924
v -0.187483 0.562535 0.003351
v -0.201899 0.517927 -0.026902
v -0.187439 0.473046 -0.056727
v -0.147977 0.439919 -0.078133
v -0.094087 0.427421 -0.085384
v -0.040209 0.438901 -0.076538
v -0.000780 0.471284 -0.053964
v 0.013636 0.515892 -0.023712
v -0.000824 0.560773 0.006113
v -0.040286 0.593900 0.027519
v -0.093671 0.622939 0.010352
v -0.147481 0.611979 0.000491
v -0.186780 0.580132 -0.023052
v -0.201036 0.535931 -0.053971
v -0.186431 0.491220 -0.083979
v -0.146877 0.457979 -0.105037
v -0.092973 0.445116 -0.111502
v -0.039162 0.456076 -0.101641
v 0.000136 0.487923 -0.078098
v 0.014392 0.532124 -0.047180
v -0.000213 0.576835 -0.017171
v -0.039767 0.610075 0.003887
v -0.093090 0.639492 -0.013427
v -0.146735 0.628993 -0.024602
v -0.185690 0.597746 -0.049481
v -0.199518 0.554123 -0.081399
v -0.184512 0.509812 -0.111802
v -0.144695 0.476688 -0.132544
v -0.090734 0.463625 -0.138068
v -0.037089 0.474124 -0.126893
v 0.001866 0.505372 -0.102013
v 0.015694 0.548995 -0.070096
v 0.000688 0.593305 -0.039693
v -0.039129 0.626429 -0.018950
v -0.092598 0.656237 -0.036532
v -0.145924 0.646109 -0.049442
v -0.184213 0.615511 -0.076098
v -0.197206 0.572641 -0.109359
v -0.181421 0.528986 -0.140311
v -0.141089 0.496245 -0.160661
v -0.087015 0.483189 -0.164957
v -0.033689 0.493317 -0.152046
v 0.004600 0.523915 -0.125390
v 0.017593 0.566785 -0.092129
v 0.001809 0.610439 -0.061177
v -0.038524 0.643181 -0.040827
v -0.092346 0.673316 -0.058902
v -0.145114 0.663467 -0.074114
v -0.182274 0.633585 -0.103081
v -0.193870 0.591677 -0.138039
v -0.176794 0.548971 -0.169624
v -0.135621 0.516912 -0.189370
v -0.081384 0.504089 -0.191988
v -0.028616 0.513938 -0.176776
v 0.008544 0.543820 -0.147809
v 0.020140 0.585729 -0.112850
v 0.003064 0.628434 -0.081266
v -0.038109 0.660493 -0.061519
v -0.092342 0.690891 -0.080534
v -0.144203 0.681301 -0.098739
v -0.179636 0.652268 -0.130591
v -0.189147 0.611572 -0.167554
v -0.170188 0.570117 -0.199725
v -0.127838 0.539012 -0.218483
v -0.073446 0.526589 -0.218802
v -0.021586 0.536179 -0.200597
v 0.013847 0.565212 -0.168745
v 0.023358 0.605908 -0.131782
v 0.004399 0.647363 -0.099612
v -0.037950 0.678469 -0.080853
v -0.092488 0.709080 -0.101396
v -0.142930 0.699880 -0.123393
v -0.175878 0.671964 -0.158720
v -0.182502 0.632812 -0.197914
v -0.161029 0.592914 -0.230470
v -0.117211 0.562962 -0.247667
v -0.062790 0.550980 -0.244897
v -0.012347 0.560180 -0.222901
v 0.020600 0.588096 -0.187573
v 0.027225 0.627248 -0.148380
v 0.005751 0.667146 -0.115823
v -0.038067 0.697098 -0.098626
v -0.092421 0.728027 -0.121447
v -0.140734 0.719632 -0.148060
v -0.170301 0.693318 -0.187383
v -0.173197 0.656136 -0.228880
v -0.148648 0.618048 -0.261431
v -0.103232 0.589261 -0.276315
v -0.049117 0.577488 -0.269544
v -0.000803 0.585883 -0.242931
v 0.028763 0.612197 -0.203608
v 0.031659 0.649380 -0.162111
v 0.007111 0.687467 -0.129559
v -0.038306 0.716254 -0.114675
v -0.091482 0.747907 -0.140525
v -0.136716 0.741150 -0.172479
v -0.161896 0.717222 -0.216141
v -0.160275 0.682535 -0.259810
v -0.132286 0.646382 -0.291787
v -0.085430 0.618451 -0.303503
v -0.032261 0.606227 -0.291818
v 0.012974 0.612983 -0.259864
v 0.038154 0.636911 -0.216203
v 0.036532 0.671598 -0.172533
v 0.008544 0.707751 -0.140556
v -0.038313 0.735682 -0.128840
v -0.088595 0.768998 -0.158214
v -0.129573 0.765232 -0.195891
v -0.149348 0.744796 -0.243894
v -0.142619 0.713167 -0.289361
v -0.111191 0.678820 -0.320109
v -0.063485 0.650958 -0.327899
v -0.012283 0.637046 -0.310645
v 0.028695 0.640812 -0.272968
v 0.048469 0.661248 -0.224965
v 0.041741 0.692877 -0.179498
v 0.010313 0.727224 -0.148750
v -0.037393 0.755086 -0.140960
v -0.082524 0.791557 -0.173636
v -0.117822 0.792605 -0.216832
v -0.131162 0.777027 -0.268719
v -0.118970 0.748998 -0.315394
v -0.084512 0.716026 -0.344351
v -0.037023 0.686949 -0.347831
v 0.010775 0.669556 -0.324900
v 0.046072 0.668508 -0.281705
v 0.059413 0.684086 -0.229818
v 0.047221 0.712116 -0.183142
v 0.012763 0.745087 -0.154185
v -0.034727 0.774164 -0.150706
v -0.071950 0.815726 -0.185366
v -0.099944 0.823608 -0.232980
v -0.105849 0.814283 -0.287670
v -0.088083 0.790250 -0.334784
v -0.051405 0.757948 -0.361695
v -0.005644 0.726033 -0.361195
v 0.036939 0.703056 -0.333416
v 0.064934 0.695174 -0.285802
v 0.070839 0.704499 -0.231111
v 0.053072 0.728533 -0.183998
v 0.016394 0.760834 -0.157086
v -0.029367 0.792749 -0.157587
v -0.055740 0.841276 -0.191468
v -0.074771 0.857614 -0.241306
v -0.072330 0.855549 -0.297008
v -0.049072 0.835633 -0.343648
v -0.011228 0.803203 -0.368730
v 0.031061 0.766950 -0.365533
v 0.066464 0.736586 -0.334913
v 0.085495 0.720249 -0.285075
v 0.083054 0.722314 -0.229374
v 0.059796 0.742230 -0.182733
v 0.021952 0.774659 -0.157651
v -0.020337 0.810913 -0.160849
v -0.033135 0.867376 -0.189699
v -0.041949 0.892607 -0.238675
v -0.030590 0.897887 -0.293044
v -0.002102 0.881801 -0.338238
v 0.035883 0.848659 -0.362149
v 0.073185 0.807341 -0.358368
v 0.099811 0.768919 -0.327909
v 0.108625 0.743688 -0.278933
v 0.097265 0.738408 -0.224564
v 0.068777 0.754494 -0.179370
v 0.030793 0.787636 -0.155460
v -0.006510 0.828954 -0.159241
v -0.003809 0.892498 -0.177774
v -0.002081 0.925534 -0.222702
v 0.018097 0.937116 -0.273413
v 0.051319 0.924142 -0.316318
v 0.088683 0.890087 -0.339922
v 0.120177 0.844077 -0.337899
v 0.137362 0.798440 -0.310792
v 0.135634 0.765404 -0.265864
v 0.115456 0.753821 -0.215153
v 0.082234 0.766796 -0.172248
v 0.044871 0.800850 -0.148644
v 0.013377 0.846861 -0.150667
v 0.031970 0.914418 -0.153750
v 0.043482 0.953069 -0.192304
v 0.071621 0.969127 -0.237727
v 0.108847 0.958289 -0.277848
v 0.145185 0.923458 -0.301916
v 0.170898 0.873968 -0.303482
v 0.179098 0.823080 -0.282127
v 0.167586 0.784428 -0.243573
v 0.139447 0.768370 -0.198150
v 0.102221 0.779209 -0.158029
v 0.065883 0.814039 -0.133961
v 0.040169 0.863529 -0.132395
v 0.073115 0.930377 -0.116570
v 0.093042 0.972242 -0.147604
v 0.127882 0.990836 -0.187016
v 0.168298 0.981178 -0.224247
v 0.203461 0.945854 -0.249320
v 0.223950 0.894330 -0.255517
v 0.224275 0.840412 -0.241178
v 0.204348 0.798547 -0.210144
v 0.169508 0.779953 -0.170731
v 0.129092 0.789611 -0.133500
v 0.093929 0.824935 -0.108427
v 0.073440 0.876459 -0.102230
v 0.117551 0.937495 -0.066691
v 0.144453 0.980506 -0.089912
v 0.184735 1.000000 -0.123233
v 0.227602 0.990753 -0.157726
v 0.261569 0.955242 -0.184149
v 0.277534 0.902984 -0.195422
v 0.271219 0.847980 -0.188523
v 0.244317 0.804969 -0.165303
v 0.204035 0.785475 -0.131982
v 0.161168 0.794722 -0.097488
v 0.127201 0.830233 -0.071065
v 0.111236 0.882491 -0.059793
v 0.162327 0.933431 -0.006487
v 0.194962 0.975944 -0.021997
v 0.239615 0.995065 -0.049444
v 0.284321 0.985672 -0.081476
v 0.317102 0.950281 -0.109508
v 0.329173 0.898375 -0.126030
v 0.317301 0.843862 -0.126614
v 0.284666 0.801350 -0.111105
v 0.240013 0.782229 -0.083657
v 0.195306 0.791622 -0.051625
v 0.162526 0.827013 -0.023593
v 0.150455 0.878919 -0.007071
v 0.204003 0.917054 0.059784
v 0.241381 0.957703 0.051819
v 0.289555 0.975445 0.029969
v 0.335617 0.965525 0.000090
v 0.367225 0.930602 -0.029814
v 0.375909 0.880033 -0.051728
v 0.359343 0.827368 -0.059782
v 0.321966 0.786719 -0.051817
v 0.273792 0.768977 -0.029967
v 0.227730 0.778896 -0.000088
v 0.196122 0.813819 0.029816
v 0.187438 0.864389 0.051730
v 0.239318 0.888882 0.126634
v 0.280633 0.926375 0.126139
v 0.331650 0.941843 0.109678
v 0.378697 0.931141 0.081662
v 0.409170 0.897138 0.049598
v 0.414902 0.848945 0.022076
v 0.394358 0.799474 0.006472
v 0.353042 0.761982 0.006967
v 0.302025 0.746514 0.023428
v 0.254978 0.757215 0.051444
v 0.224505 0.791218 0.083508
v 0.218773 0.839412 0.111030
v 0.265922 0.851033 0.188539
v 0.310433 0.883940 0.195528
v 0.363696 0.896198 0.184317
v 0.411439 0.884524 0.157913
v 0.440870 0.852046 0.123388
v 0.444102 0.807467 0.089995
v 0.420269 0.762730 0.066681
v 0.375758 0.729824 0.059693
v 0.322495 0.717565 0.070904
v 0.274751 0.729239 0.097308
v 0.245321 0.761717 0.131833
v 0.242089 0.806297 0.165225
v 0.282836 0.806604 0.241182
v 0.329714 0.833199 0.255605
v 0.384595 0.841157 0.249469
v 0.432774 0.828344 0.224418
v 0.461341 0.798194 0.187164
v 0.462641 0.758786 0.147690
v 0.436327 0.720679 0.116573
v 0.389449 0.694084 0.102149
v 0.334568 0.686126 0.108285
v 0.286389 0.698939 0.133336
v 0.257823 0.729088 0.170590
v 0.256522 0.768497 0.210064
v 0.290421 0.758772 0.282165
v 0.338600 0.776998 0.303601
v 0.394321 0.779400 0.302085
v 0.442654 0.765333 0.278023
v 0.470647 0.738568 0.237863
v 0.470801 0.706275 0.192365
v 0.443074 0.677108 0.153721
v 0.394895 0.658882 0.132285
v 0.339174 0.656480 0.133801
v 0.290841 0.670547 0.157863
v 0.262847 0.697312 0.198023
v 0.262693 0.729605 0.243521
v 0.289948 0.710295 0.310832
v 0.338053 0.718086 0.337999
v 0.393638 0.713725 0.340057
v 0.441808 0.698381 0.316453
v 0.469656 0.676165 0.273513
v 0.469720 0.653030 0.222742
v 0.441983 0.635175 0.177745
v 0.393878 0.627384 0.150578
v 0.338293 0.631745 0.148520
v 0.290123 0.647089 0.172123
v 0.262275 0.669305 0.215063
v 0.262211 0.692440 0.265834
v 0.283156 0.663006 0.327945
v 0.329717 0.659018 0.358426
v 0.384131 0.647285 0.362214
v 0.431818 0.630952 0.338296
v 0.460000 0.614395 0.293079
v 0.461125 0.602049 0.238680
v 0.434893 0.597225 0.189675
v 0.388332 0.601213 0.159195
v 0.333918 0.612946 0.155407
v 0.286231 0.629279 0.179325
v 0.258049 0.645837 0.224541
v 0.256923 0.658182 0.278940
v 0.271826 0.617939 0.334950
v 0.315788 0.602326 0.365552
v 0.368303 0.583752 0.368728
v 0.415300 0.567196 0.343628
v 0.444187 0.557092 0.296976
v 0.447223 0.556149 0.241274
v 0.423594 0.564620 0.191445
v 0.379633 0.580233 0.160843
v 0.327118 0.598807 0.157666
v 0.280120 0.615363 0.182767
v 0.251234 0.625466 0.229419
v 0.248198 0.626409 0.285121
v 0.257550 0.575593 0.333445
v 0.298712 0.550108 0.361179
v 0.349211 0.526392 0.361641
v 0.395517 0.510797 0.334707
v 0.425222 0.507504 0.287594
v 0.430367 0.517394 0.232925
v 0.409573 0.537818 0.185350
v 0.368411 0.563302 0.157616
v 0.317912 0.587019 0.157155
v 0.271606 0.602613 0.184089
v 0.241900 0.605907 0.231202
v 0.236756 0.596017 0.285870
v 0.241620 0.536162 0.324922
v 0.280560 0.503392 0.347785
v 0.329471 0.476781 0.344253
v 0.375248 0.463461 0.315272
v 0.405625 0.466999 0.268607
v 0.412463 0.486448 0.216762
v 0.393929 0.516597 0.173630
v 0.354990 0.549367 0.150766
v 0.306078 0.575978 0.154298
v 0.260301 0.589298 0.183279
v 0.229924 0.585760 0.229944
v 0.223086 0.566311 0.281789
v 0.224996 0.499939 0.310652
v 0.262634 0.462510 0.327839
v 0.310609 0.435126 0.319999
v 0.356066 0.425125 0.289232
v 0.386824 0.435186 0.243784
v 0.394643 0.462614 0.195831
v 0.377427 0.500059 0.158222
v 0.339789 0.537487 0.141035
v 0.291814 0.564871 0.148876
v 0.246358 0.574872 0.179642
v 0.215599 0.564811 0.225091
v 0.207780 0.537383 0.273044
v 0.208297 0.467212 0.291811
v 0.245470 0.427261 0.303428
v 0.293088 0.400670 0.291666
v 0.338391 0.394563 0.259678
v 0.369241 0.410578 0.216035
v 0.377371 0.444423 0.172431
v 0.360602 0.487028 0.140549
v 0.323429 0.526979 0.128932
v 0.275811 0.553571 0.140693
v 0.230507 0.559677 0.172681
v 0.199658 0.543663 0.216324
v 0.191528 0.509818 0.259929
v 0.191836 0.438286 0.269530
v 0.229091 0.397301 0.276253
v 0.276731 0.372382 0.261338
v 0.321990 0.370206 0.228784
v 0.352741 0.391356 0.187311
v 0.360744 0.430165 0.148034
v 0.343856 0.476234 0.121476
v 0.306601 0.517219 0.114754
v 0.258961 0.542138 0.129668
v 0.213703 0.544314 0.162223
v 0.182952 0.523164 0.203695
v 0.174948 0.484355 0.242972
v 0.175715 0.413202 0.244876
v 0.213305 0.372062 0.247605
v 0.261155 0.349112 0.230384
v 0.306445 0.350501 0.197829
v 0.337038 0.375857 0.158663
v 0.344738 0.418386 0.123379
v 0.327481 0.466692 0.101433
v 0.289892 0.507831 0.098705
v 0.242041 0.530781 0.115925
v 0.196752 0.529392 0.148480
v 0.166158 0.504036 0.187647
v 0.158458 0.461507 0.222930
v 0.159919 0.391797 0.218781
v 0.197875 0.350906 0.218431
v 0.245990 0.329801 0.199657
v 0.291372 0.334138 0.167492
v 0.321860 0.362754 0.130553
v 0.329285 0.407982 0.098738
v 0.311658 0.457703 0.080572
v 0.273701 0.498594 0.080922
v 0.225587 0.519699 0.099695
v 0.180205 0.515363 0.131861
v 0.149717 0.486746 0.168800
v 0.142292 0.441518 0.200615
v 0.144400 0.373688 0.191969
v 0.182626 0.333133 0.189329
v 0.230979 0.313520 0.169574
v 0.276502 0.320106 0.137997
v 0.306999 0.351125 0.103058
v 0.314297 0.398265 0.074121
v 0.296441 0.448897 0.058938
v 0.258216 0.489452 0.061577
v 0.209863 0.509065 0.081332
v 0.164339 0.502479 0.112909
v 0.133843 0.471461 0.147848
v 0.126544 0.424320 0.176785
v 0.129112 0.358366 0.164933
v 0.167459 0.318069 0.160620
v 0.215984 0.299525 0.140265
v 0.261686 0.307702 0.109323
v 0.292318 0.340409 0.076085
v 0.299673 0.388883 0.049456
v 0.281780 0.440135 0.036572
v 0.243433 0.480431 0.040885
v 0.194908 0.498976 0.061240
v 0.149206 0.490799 0.092182
v 0.118574 0.458091 0.125420
v 0.111219 0.409617 0.152049
v 0.114031 0.345387 0.138060
v 0.152323 0.305187 0.132525
v 0.200918 0.287271 0.111779
v 0.246796 0.296438 0.081381
v 0.277664 0.330234 0.049476
v 0.285250 0.379601 0.024612
v 0.267522 0.431313 0.013452
v 0.229231 0.471512 0.018986
v 0.180635 0.489428 0.039732
v 0.134757 0.480261 0.070130
v 0.103889 0.446466 0.102036
v 0.096303 0.397098 0.126900
v 0.099121 0.334201 0.111499
v 0.137208 0.293948 0.105021
v 0.185769 0.276314 0.083957
v 0.231794 0.286024 0.053951
v 0.262948 0.320476 0.023042
v 0.270885 0.370438 -0.000487
v 0.253478 0.422525 -0.010332
v 0.215390 0.462778 -0.003855
v 0.166829 0.480412 0.017209
v 0.120805 0.470702 0.047216
v 0.089650 0.436250 0.078125
v 0.081713 0.386287 0.101654
v 0.084346 0.324384 0.085368
v 0.122112 0.283962 0.078108
v 0.170533 0.266353 0.056702
v 0.216636 0.276276 0.026886
v 0.248066 0.311072 -0.003351
v 0.256403 0.361417 -0.025907
v 0.239412 0.413822 -0.034738
v 0.201646 0.454244 -0.027478
v 0.153225 0.471852 -0.006072
v 0.107123 0.461929 0.023744
v 0.075692 0.427134 0.053981
v 0.067356 0.376788 0.076537
v 0.069701 0.315579 0.059798
v 0.107050 0.274913 0.051783
v 0.155201 0.257158 0.029894
v 0.201252 0.267071 -0.000004
v 0.232865 0.301997 -0.029899
v 0.241567 0.352577 -0.051782
v 0.225029 0.405257 -0.059789
v 0.187680 0.445924 -0.051774
v 0.139529 0.463679 -0.029885
v 0.093477 0.453765 0.000013
v 0.061865 0.418839 0.029909
v 0.053162 0.368260 0.051792
v 0.055111 0.307408 0.034774
v 0.091992 0.266489 0.025928
v 0.139751 0.248533 0.003353
v 0.185590 0.258352 -0.026901
v 0.217226 0.293316 -0.056727
v 0.226184 0.344054 -0.078134
v 0.210062 0.396973 -0.085386
v 0.173181 0.437892 -0.076539
v 0.125422 0.455848 -0.053964
v 0.079583 0.446029 -0.023710
v 0.047947 0.411066 0.006116
v 0.038989 0.360327 0.027523
v 0.040534 0.299574 0.010356
v 0.076932 0.258453 0.000495
v 0.124161 0.240344 -0.023050
v 0.169567 0.250098 -0.053969
v 0.200984 0.285103 -0.083979
v 0.209993 0.335977 -0.105038
v 0.194180 0.389091 -0.111504
v 0.157783 0.430212 -0.101643
v 0.110554 0.448321 -0.078098
v 0.065147 0.438567 -0.047179
v 0.033731 0.403563 -0.017169
v 0.024722 0.352688 0.003890
v 0.025908 0.291801 -0.013424
v 0.061823 0.250592 -0.024600
v 0.108361 0.232480 -0.049481
v 0.153052 0.242317 -0.081400
v 0.183922 0.277467 -0.111804
v 0.192699 0.328512 -0.132546
v 0.177031 0.381775 -0.138069
v 0.141117 0.422984 -0.126892
v 0.094579 0.441096 -0.102011
v 0.049888 0.431259 -0.070092
v 0.019018 0.396109 -0.039689
v 0.010241 0.345064 -0.018946
v 0.011150 0.283858 -0.036538
v 0.046584 0.242739 -0.049445
v 0.092229 0.224876 -0.076097
v 0.135855 0.235057 -0.109354
v 0.165773 0.270553 -0.140303
v 0.173967 0.321853 -0.160652
v 0.158240 0.375211 -0.164948
v 0.122807 0.416330 -0.152041
v 0.077161 0.434193 -0.125389
v 0.033535 0.424012 -0.092132
v 0.003617 0.388516 -0.061183
v -0.004577 0.337216 -0.040834
v -0.003756 0.275533 -0.058899
v 0.031158 0.234759 -0.074112
v 0.075616 0.217519 -0.103080
v 0.117707 0.228432 -0.138040
v 0.146151 0.264573 -0.169624
v 0.153328 0.316260 -0.189371
v 0.137314 0.369641 -0.191989
v 0.102400 0.410415 -0.176775
v 0.057941 0.427655 -0.147808
v 0.015851 0.416742 -0.112848
v -0.012594 0.380600 -0.081263
v -0.019770 0.328914 -0.061516
v -0.018978 0.266748 -0.080532
v 0.015256 0.226631 -0.098739
v 0.058115 0.210462 -0.130592
v 0.098113 0.222574 -0.167556
v 0.124534 0.259721 -0.199726
v 0.130298 0.311949 -0.218484
v 0.113860 0.365265 -0.218802
v 0.079625 0.405382 -0.200595
v 0.036766 0.421551 -0.168742
v -0.003232 0.409440 -0.131778
v -0.029653 0.372293 -0.099608
v -0.035416 0.320064 -0.080850
v -0.034680 0.257541 -0.101404
v -0.001491 0.218451 -0.123390
v 0.039165 0.203869 -0.158708
v 0.076394 0.217701 -0.197894
v 0.100220 0.256241 -0.230449
v 0.104260 0.309163 -0.247650
v 0.087431 0.362286 -0.244887
v 0.054242 0.401376 -0.222901
v 0.013586 0.415958 -0.187583
v -0.023643 0.402126 -0.148397
v -0.047470 0.363586 -0.115842
v -0.051510 0.310664 -0.098641
v -0.051095 0.248109 -0.121444
v -0.019668 0.210467 -0.148060
v 0.017901 0.198022 -0.187386
v 0.051547 0.214107 -0.228885
v 0.072253 0.254412 -0.261437
v 0.074473 0.308138 -0.276319
v 0.057610 0.360889 -0.269545
v 0.026183 0.398530 -0.242929
v -0.011386 0.410976 -0.203602
v -0.045032 0.394891 -0.162104
v -0.065738 0.354586 -0.129552
v -0.067958 0.300859 -0.114669
v -0.068784 0.238985 -0.140524
v -0.040316 0.203189 -0.172480
v -0.007005 0.193348 -0.216142
v 0.022223 0.212097 -0.259813
v 0.039536 0.254413 -0.291789
v 0.040295 0.308958 -0.303504
v 0.024297 0.361115 -0.291818
v -0.004171 0.396910 -0.259862
v -0.037482 0.406752 -0.216200
v -0.066710 0.388003 -0.172529
v -0.084023 0.345686 -0.140553
v -0.084782 0.291142 -0.128838
v -0.088495 0.230940 -0.158214
v -0.064743 0.197335 -0.195890
v -0.037158 0.190429 -0.243892
v -0.013131 0.212070 -0.289359
v 0.000900 0.256462 -0.320108
v 0.001175 0.311708 -0.327898
v -0.012380 0.363005 -0.310644
v -0.036132 0.396610 -0.272968
v -0.063717 0.403516 -0.224965
v -0.087744 0.381875 -0.179499
v -0.101775 0.337483 -0.148750
v -0.102050 0.282237 -0.140959
v -0.111061 0.224914 -0.173637
v -0.094321 0.193824 -0.216835
v -0.074164 0.190063 -0.268724
v -0.055990 0.214640 -0.315399
v -0.044669 0.260968 -0.344355
v -0.043234 0.316634 -0.347832
v -0.052070 0.366723 -0.324899
v -0.068810 0.397813 -0.281700
v -0.088967 0.401574 -0.229812
v -0.107141 0.376998 -0.183136
v -0.118462 0.330669 -0.154181
v -0.119897 0.275003 -0.150704
v -0.137294 0.221996 -0.185364
v -0.130123 0.193809 -0.232977
v -0.119093 0.193355 -0.287667
v -0.107160 0.220756 -0.334781
v -0.097521 0.268669 -0.361694
v -0.092759 0.324256 -0.361195
v -0.094150 0.372624 -0.333417
v -0.101321 0.400810 -0.285805
v -0.112350 0.401264 -0.231114
v -0.124283 0.373864 -0.184000
v -0.133922 0.325950 -0.157087
v -0.138684 0.270363 -0.157586
v -0.167531 0.223261 -0.191464
v -0.172156 0.198607 -0.241300
v -0.171578 0.201748 -0.297002
v -0.165952 0.231844 -0.343644
v -0.156785 0.280830 -0.368729
v -0.146534 0.335580 -0.365535
v -0.137945 0.381425 -0.334918
v -0.133320 0.406079 -0.285081
v -0.133898 0.402938 -0.229380
v -0.139524 0.372842 -0.182737
v -0.148691 0.323856 -0.157653
v -0.158942 0.269106 -0.160847
v -0.201420 0.229778 -0.189702
v -0.218870 0.209533 -0.238677
v -0.229128 0.216733 -0.293044
v -0.229446 0.249450 -0.338237
v -0.219737 0.298917 -0.362146
v -0.202604 0.351880 -0.358365
v -0.182637 0.394147 -0.327906
v -0.165186 0.414392 -0.278932
v -0.154928 0.407192 -0.224564
v -0.154611 0.374475 -0.179371
v -0.164319 0.325008 -0.155462
v -0.181453 0.272045 -0.159244
v -0.237827 0.242606 -0.177787
v -0.267311 0.227592 -0.222711
v -0.287443 0.239283 -0.273415
v -0.292828 0.274548 -0.316313
v -0.282024 0.323938 -0.339911
v -0.257926 0.374218 -0.337886
v -0.226990 0.411915 -0.310779
v -0.197506 0.426930 -0.265856
v -0.177374 0.415238 -0.215151
v -0.171989 0.379973 -0.172253
v -0.182793 0.330584 -0.148655
v -0.206891 0.280304 -0.150681
v -0.274722 0.262647 -0.153745
v -0.313947 0.253288 -0.192302
v -0.341919 0.269624 -0.237729
v -0.351142 0.307280 -0.277853
v -0.339145 0.356163 -0.301923
v -0.309143 0.403177 -0.303489
v -0.269175 0.435724 -0.282132
v -0.229950 0.445083 -0.243575
v -0.201978 0.428747 -0.198148
v -0.192755 0.391092 -0.158024
v -0.204751 0.342208 -0.133954
v -0.234753 0.295194 -0.132388
v -0.309121 0.290307 -0.116555
v -0.355336 0.286627 -0.147596
v -0.388852 0.307495 -0.187017
v -0.400690 0.347319 -0.224257
v -0.387676 0.395430 -0.249336
v -0.353299 0.438935 -0.255534
v -0.306769 0.466177 -0.241192
v -0.260554 0.469857 -0.210151
v -0.227037 0.448988 -0.170729
v -0.215199 0.409164 -0.133490
v -0.228213 0.361054 -0.108411
v -0.262590 0.317549 -0.102213
v -0.337491 0.325216 -0.066697
v -0.388191 0.327009 -0.089916
v -0.425215 0.352149 -0.123235
v -0.438642 0.393899 -0.157725
v -0.424874 0.441072 -0.184145
v -0.387600 0.481029 -0.195416
v -0.336808 0.503062 -0.188517
v -0.286107 0.501269 -0.165298
v -0.249083 0.476129 -0.131979
v -0.235657 0.434379 -0.097489
v -0.249425 0.387206 -0.071069
v -0.286699 0.347250 -0.059798
v -0.356359 0.366019 -0.006502
v -0.409494 0.373028 -0.022007
v -0.448382 0.402144 -0.049446
v -0.462602 0.445563 -0.081469
v -0.448344 0.491652 -0.109494
v -0.409429 0.528062 -0.126012
v -0.356283 0.545036 -0.126598
v -0.303148 0.538026 -0.111093
v -0.264260 0.508910 -0.083654
v -0.250040 0.465491 -0.051631
v -0.264298 0.419402 -0.023606
v -0.303213 0.382992 -0.007088
v -0.363017 0.410315 0.059790
v -0.416909 0.422359 0.051825
v -0.456361 0.455207 0.029973
v -0.470801 0.500056 0.000091
v -0.456361 0.544889 -0.029815
v -0.416909 0.577693 -0.051731
v -0.363017 0.589679 -0.059786
v -0.309124 0.577634 -0.051820
v -0.269673 0.544786 -0.029969
v -0.255232 0.499937 -0.000087
v -0.269672 0.455104 0.029819
v -0.309124 0.422300 0.051736
v -0.356273 0.454990 0.126650
v -0.409400 0.472023 0.126154
v -0.448305 0.508467 0.109688
v -0.462563 0.554557 0.081665
v -0.448354 0.597944 0.049592
v -0.409484 0.627001 0.022065
v -0.356370 0.633943 0.006459
v -0.303242 0.616910 0.006955
v -0.264337 0.580466 0.023421
v -0.250079 0.534375 0.051444
v -0.264289 0.490989 0.083516
v -0.303158 0.461932 0.111044
v -0.336802 0.496941 0.188536
v -0.387555 0.519036 0.195525
v -0.424802 0.559036 0.184317
v -0.438562 0.606221 0.157915
v -0.425150 0.647950 0.123393
v -0.388158 0.673039 0.090002
v -0.337498 0.674768 0.066688
v -0.286746 0.652673 0.059698
v -0.249499 0.612673 0.070906
v -0.235738 0.565488 0.097309
v -0.249151 0.523759 0.131830
v -0.286143 0.498670 0.165222
v -0.306783 0.533804 0.241178
v -0.353255 0.561104 0.255601
v -0.387586 0.604654 0.249466
v -0.400577 0.652786 0.224418
v -0.388748 0.692603 0.187167
v -0.355268 0.713435 0.147695
v -0.309109 0.709701 0.116579
v -0.262637 0.682401 0.102156
v -0.228306 0.638850 0.108290
v -0.215315 0.590718 0.133339
v -0.227144 0.550902 0.170590
v -0.260623 0.530070 0.210061
v -0.269151 0.564289 0.282163
v -0.309026 0.596900 0.303599
v -0.338965 0.643955 0.302084
v -0.350948 0.692847 0.278023
v -0.341764 0.730475 0.237865
v -0.313872 0.746756 0.192368
v -0.274748 0.737328 0.153725
v -0.234874 0.704717 0.132289
v -0.204934 0.657662 0.133804
v -0.192951 0.608770 0.157865
v -0.202136 0.571142 0.198023
v -0.230027 0.554861 0.243520
v -0.226912 0.588132 0.310846
v -0.257707 0.625900 0.338013
v -0.281723 0.676218 0.340068
v -0.292527 0.725602 0.316458
v -0.287222 0.760820 0.273511
v -0.267230 0.772435 0.222734
v -0.237908 0.757336 0.177733
v -0.207113 0.719567 0.150565
v -0.183097 0.669249 0.148510
v -0.172294 0.619865 0.172120
v -0.177599 0.584647 0.215067
v -0.197590 0.573032 0.265844
v -0.182584 0.605880 0.327943
v -0.202413 0.648196 0.358424
v -0.219460 0.701186 0.362213
v -0.229157 0.750652 0.338296
v -0.228906 0.783338 0.293080
v -0.218774 0.790487 0.238682
v -0.201475 0.770184 0.189678
v -0.181646 0.727868 0.159197
v -0.164600 0.674878 0.155408
v -0.154903 0.625412 0.179326
v -0.155154 0.592726 0.224541
v -0.165286 0.585577 0.278939
v -0.137908 0.618592 0.334940
v -0.146378 0.664464 0.365548
v -0.156552 0.719230 0.368731
v -0.165705 0.768213 0.343636
v -0.171384 0.798290 0.296988
v -0.172066 0.801401 0.241286
v -0.167571 0.776712 0.191455
v -0.159101 0.730839 0.160847
v -0.148926 0.676074 0.157664
v -0.139774 0.627090 0.182758
v -0.134095 0.597013 0.229406
v -0.133413 0.593903 0.285109
v -0.094065 0.627419 0.333448
v -0.092574 0.675810 0.361178
v -0.097286 0.731402 0.361637
v -0.106937 0.779300 0.334701
v -0.118943 0.806668 0.287587
v -0.130086 0.806175 0.232920
v -0.137381 0.777952 0.185348
v -0.138872 0.729561 0.157617
v -0.134160 0.673969 0.157158
v -0.124509 0.626071 0.184094
v -0.112503 0.598702 0.231208
v -0.101360 0.599196 0.285875
v -0.051954 0.633337 0.324922
v -0.043044 0.683446 0.347783
v -0.044455 0.739110 0.344248
v -0.055811 0.785413 0.315266
v -0.074068 0.809949 0.268601
v -0.094334 0.806143 0.216758
v -0.111179 0.775015 0.173628
v -0.120090 0.724906 0.150767
v -0.118678 0.669243 0.154302
v -0.107322 0.622940 0.183284
v -0.089066 0.598404 0.229949
v -0.068799 0.602210 0.281792
v -0.012278 0.637049 0.310651
v 0.001318 0.688359 0.327837
v 0.001045 0.743598 0.319997
v -0.013022 0.787965 0.289230
v -0.037115 0.809571 0.243781
v -0.064778 0.802629 0.195829
v -0.088599 0.768996 0.158221
v -0.102195 0.717687 0.141035
v -0.101922 0.662448 0.148876
v -0.087855 0.618081 0.179642
v -0.063762 0.596474 0.225091
v -0.036099 0.603417 0.273044
v 0.024413 0.638949 0.291809
v 0.040423 0.691118 0.303427
v 0.039642 0.745652 0.291666
v 0.022278 0.787939 0.259679
v -0.007015 0.806648 0.216035
v -0.040389 0.796766 0.172430
v -0.068902 0.760941 0.140547
v -0.084912 0.708772 0.128930
v -0.084131 0.654238 0.140690
v -0.066767 0.611951 0.172678
v -0.037474 0.593242 0.216321
v -0.004099 0.603124 0.259927
v 0.057716 0.639170 0.269523
v 0.074577 0.691929 0.276237
v 0.072328 0.745644 0.261319
v 0.051571 0.785922 0.228765
v 0.017869 0.801970 0.187298
v -0.019749 0.789489 0.148029
v -0.051202 0.751823 0.121481
v -0.068063 0.699064 0.114766
v -0.065814 0.645349 0.129685
v -0.045058 0.605071 0.162239
v -0.011355 0.589023 0.203706
v 0.026262 0.601504 0.242974
v 0.087462 0.637729 0.244881
v 0.104300 0.690850 0.247614
v 0.100258 0.743766 0.230396
v 0.076419 0.782297 0.197839
v 0.039170 0.796119 0.158668
v -0.001507 0.781529 0.123378
v -0.034713 0.742435 0.101425
v -0.051551 0.689313 0.098692
v -0.047509 0.636398 0.115910
v -0.023670 0.597867 0.148467
v 0.013579 0.584044 0.187638
v 0.054256 0.598635 0.222928
v 0.113939 0.634775 0.218764
v 0.130366 0.688094 0.218405
v 0.124574 0.740313 0.199629
v 0.098113 0.777440 0.167468
v 0.058075 0.789526 0.130539
v 0.015187 0.773334 0.098738
v -0.019059 0.733202 0.080584
v -0.035486 0.679883 0.080944
v -0.029694 0.627664 0.099720
v -0.003233 0.590537 0.131881
v 0.036805 0.578451 0.168810
v 0.079693 0.594643 0.200611
v 0.137381 0.630388 0.191948
v 0.153380 0.683773 0.189303
v 0.146174 0.735452 0.169549
v 0.117695 0.771579 0.137979
v 0.075572 0.782472 0.103053
v 0.031093 0.765214 0.074127
v -0.003825 0.724429 0.058954
v -0.019824 0.671044 0.061599
v -0.012618 0.619365 0.081353
v 0.015862 0.583238 0.112923
v 0.057985 0.572344 0.147850
v 0.102464 0.589602 0.176775
v 0.158234 0.624782 0.164960
v 0.173971 0.678136 0.160653
v 0.165786 0.729434 0.140295
v 0.135874 0.764930 0.109341
v 0.092248 0.775113 0.076085
v 0.046598 0.757254 0.049438
v 0.011156 0.716140 0.036540
v -0.004581 0.662785 0.040847
v 0.003603 0.611488 0.061205
v 0.033516 0.575992 0.092160
v 0.077142 0.565809 0.125416
v 0.122792 0.583667 0.152063
v 0.177036 0.618221 0.138071
v 0.192710 0.671480 0.132535
v 0.183937 0.722523 0.111784
v 0.153067 0.757672 0.081379
v 0.108371 0.767509 0.049466
v 0.061826 0.749398 0.024597
v 0.025903 0.708193 0.013435
v 0.010229 0.654934 0.018971
v 0.019002 0.603891 0.039722
v 0.049872 0.568742 0.070128
v 0.094568 0.558905 0.102040
v 0.141113 0.577016 0.126909
v 0.194179 0.610904 0.111512
v 0.209998 0.664014 0.105036
v 0.200994 0.714887 0.083969
v 0.169580 0.749890 0.053956
v 0.124172 0.759645 0.023038
v 0.076939 0.741538 -0.000499
v 0.040535 0.700421 -0.010350
v 0.024716 0.647311 -0.003874
v 0.033719 0.596438 0.017193
v 0.065134 0.561435 0.047206
v 0.110541 0.551680 0.078124
v 0.157775 0.569787 0.101661
v 0.210085 0.603018 0.085359
v 0.226208 0.655935 0.078099
v 0.217245 0.706674 0.056695
v 0.185598 0.741639 0.026882
v 0.139746 0.751461 -0.003352
v 0.091976 0.733508 -0.025904
v 0.055088 0.692591 -0.034734
v 0.038965 0.639674 -0.027474
v 0.047928 0.588935 -0.006070
v 0.079575 0.553970 0.023743
v 0.125427 0.544148 0.053977
v 0.173196 0.562101 0.076530
v 0.225043 0.594729 0.059770
v 0.241585 0.647408 0.051758
v 0.232881 0.697988 0.029877
v 0.201263 0.732918 -0.000008
v 0.155203 0.742836 -0.029890
v 0.107042 0.725087 -0.051763
v 0.069686 0.684425 -0.059766
v 0.053144 0.631746 -0.051753
v 0.061848 0.581165 -0.029873
v 0.093467 0.546236 0.000012
v 0.139527 0.536317 0.029895
v 0.187687 0.554067 0.051768
v 0.239392 0.586196 0.034787
v 0.256388 0.638596 0.025939
v 0.248060 0.688932 0.003359
v 0.216640 0.723716 -0.026903
v 0.170547 0.733628 -0.056737
v 0.122131 0.716012 -0.078150
v 0.084366 0.675588 -0.085404
v 0.067371 0.623188 -0.076556
v 0.075699 0.572853 -0.053976
v 0.107119 0.538069 -0.023714
v 0.153212 0.528156 0.006120
v 0.201627 0.545772 0.027533
v 0.253482 0.577462 0.010327
v 0.270898 0.629543 0.000473
v 0.262966 0.679505 -0.023060
v 0.231811 0.713960 -0.053966
v 0.185783 0.723675 -0.083964
v 0.137213 0.706049 -0.105016
v 0.099116 0.665803 -0.111481
v 0.081701 0.613721 -0.101626
v 0.089633 0.563759 -0.078093
v 0.120787 0.529304 -0.047187
v 0.166816 0.519589 -0.017190
v 0.215385 0.537215 0.003862
v 0.267524 0.568678 -0.013450
v 0.285258 0.620385 -0.024618
v 0.277676 0.669751 -0.049486
v 0.246809 0.703547 -0.081392
v 0.200929 0.712719 -0.111785
v 0.152328 0.694807 -0.132523
v 0.114030 0.654613 -0.138048
v 0.096295 0.602905 -0.126880
v 0.103877 0.553540 -0.102012
v 0.134744 0.519743 -0.070106
v 0.180624 0.510572 -0.039713
v 0.229225 0.528483 -0.018975
v 0.281770 0.559931 -0.036509
v 0.299657 0.611175 -0.049433
v 0.292300 0.659624 -0.076106
v 0.261670 0.692297 -0.109381
v 0.215976 0.700438 -0.140343
v 0.167460 0.681866 -0.160695
v 0.129122 0.641558 -0.164983
v 0.111236 0.590314 -0.152060
v 0.118593 0.541865 -0.125387
v 0.149222 0.509193 -0.092111
v 0.194916 0.501051 -0.061150
v 0.243432 0.519623 -0.040798
v 0.296438 0.551161 -0.058892
v 0.314288 0.601783 -0.074112
v 0.306987 0.648900 -0.103087
v 0.276491 0.679888 -0.138053
v 0.230971 0.686442 -0.169642
v 0.182624 0.666807 -0.189389
v 0.144404 0.626244 -0.192002
v 0.126554 0.575621 -0.176782
v 0.133855 0.528504 -0.147807
v 0.164351 0.497517 -0.112841
v 0.209872 0.490963 -0.081252
v 0.258219 0.510598 -0.061505
v 0.311657 0.542371 -0.080526
v 0.329277 0.592078 -0.098738
v 0.321847 0.637275 -0.130597
v 0.291357 0.665850 -0.167567
v 0.245979 0.670148 -0.199741
v 0.197869 0.649016 -0.218499
v 0.159920 0.608118 -0.218814
v 0.142301 0.558411 -0.200602
v 0.149731 0.513215 -0.168743
v 0.180220 0.484639 -0.131774
v 0.225599 0.480341 -0.099600
v 0.273708 0.501473 -0.080842
v 0.327482 0.533360 -0.101407
v 0.344741 0.581647 -0.123394
v 0.337041 0.624146 -0.158712
v 0.306448 0.649471 -0.197899
v 0.261158 0.650834 -0.230454
v 0.213306 0.627872 -0.247654
v 0.175715 0.586736 -0.244891
v 0.158457 0.538449 -0.222904
v 0.166156 0.495949 -0.187585
v 0.196749 0.470625 -0.148398
v 0.242040 0.469261 -0.115843
v 0.289891 0.492224 -0.098643
v 0.343858 0.523836 -0.121452
v 0.360748 0.569875 -0.148060
v 0.352745 0.608643 -0.187379
v 0.321993 0.629750 -0.228873
v 0.276734 0.627541 -0.261424
v 0.229092 0.602609 -0.276310
v 0.191836 0.561633 -0.269542
v 0.174946 0.515593 -0.242934
v 0.182949 0.476826 -0.203616
v 0.213700 0.455719 -0.162122
v 0.258960 0.457927 -0.129571
v 0.306601 0.482860 -0.114685
v 0.360604 0.513098 -0.140527
v 0.377371 0.555649 -0.172483
v 0.369240 0.589418 -0.216145
v 0.338389 0.605357 -0.259816
v 0.293086 0.599194 -0.291792
v 0.245468 0.572582 -0.303507
v 0.208296 0.532650 -0.291820
v 0.191529 0.490099 -0.259865
v 0.199660 0.456330 -0.216202
v 0.230511 0.440391 -0.172532
v 0.275814 0.446554 -0.140555
v 0.323432 0.473166 -0.128841
vn 0.7916 0.2867 0.5395
vn 0.8320 0.1539 0.5330
vn 0.8349 0.5426 0.0925
vn 0.8904 0.4424 0.1071
vn 0.6447 0.6690 -0.3700
vn 0.7180 0.5992 -0.3541
vn 0.2754 0.6300 -0.7261
vn 0.3615 0.5854 -0.7257
vn -0.1736 0.4350 -0.8836
vn -0.0842 0.4063 -0.9098
vn -0.5838 0.1341 -0.8007
vn -0.5009 0.1081 -0.8587
vn -0.8459 -0.1925 -0.4973
vn -0.7758 -0.2334 -0.5862
vn -0.8891 -0.4547 -0.0526
vn -0.8312 -0.5303 -0.1668
vn -0.7031 -0.5777 0.4147
vn -0.6509 -0.7033 0.2859
vn -0.3393 -0.5266 0.7794
vn -0.2900 -0.6965 0.6564
vn 0.1085 -0.3226 0.9403
vn 0.1507 -0.5056 0.8495
vn 0.5243 -0.0280 0.8510
vn 0.5602 -0.1923 0.8057
vn 0.8084 0.3238 0.4916
vn 0.8333 0.2166 0.5086
vn 0.8675 0.4974 0.0077
vn 0.9064 0.4207 0.0377
vn 0.6866 0.5527 -0.4723
vn 0.7422 0.5003 -0.4459
vn 0.3183 0.4726 -0.8218
vn 0.3861 0.4375 -0.8122
vn -0.1391 0.2769 -0.9508
vn -0.0673 0.2502 -0.9659
vn -0.5658 0.0159 -0.8244
vn -0.4983 -0.0141 -0.8669
vn -0.8475 -0.2404 -0.4732
vn -0.7901 -0.2892 -0.5405
vn -0.9077 -0.4195 0.0100
vn -0.8590 -0.5064 -0.0758
vn -0.7323 -0.4678 0.4950
vn -0.6851 -0.6084 0.4007
vn -0.3704 -0.3700 0.8520
vn -0.3252 -0.5511 0.7684
vn 0.0871 -0.1652 0.9824
vn 0.1206 -0.3437 0.9313
vn 0.5216 0.0828 0.8492
vn 0.5440 -0.0614 0.8368
vn 0.8296 0.3317 0.4492
vn 0.8383 0.2617 0.4782
vn 0.9111 0.4083 -0.0572
vn 0.9324 0.3606 -0.0229
vn 0.7439 0.3868 -0.5451
vn 0.7795 0.3543 -0.5166
vn 0.3770 0.2712 -0.8856
vn 0.4231 0.2475 -0.8716
vn -0.0924 0.0908 -0.9916
vn -0.0422 0.0689 -0.9967
vn -0.5420 -0.1080 -0.8334
vn -0.4947 -0.1365 -0.8583
vn -0.8512 -0.2711 -0.4494
vn -0.8116 -0.3176 -0.4904
vn -0.9347 -0.3508 0.0573
vn -0.9023 -0.4310 0.0075
vn -0.7725 -0.3205 0.5483
vn -0.7416 -0.4478 0.4995
vn -0.4106 -0.1862 0.8926
vn -0.3833 -0.3421 0.8580
vn 0.0609 -0.0002 0.9981
vn 0.0756 -0.1405 0.9872
vn 0.5177 0.1823 0.8359
vn 0.5229 0.0802 0.8486
vn 0.8489 0.3169 0.4229
vn 0.8475 0.2822 0.4495
vn 0.9550 0.2841 -0.0847
vn 0.9635 0.2616 -0.0572
vn 0.8030 0.1820 -0.5676
vn 0.8217 0.1663 -0.5451
vn 0.4377 0.0370 -0.8984
vn 0.4641 0.0237 -0.8855
vn -0.0446 -0.1140 -0.9925
vn -0.0149 -0.1290 -0.9915
vn -0.5189 -0.2315 -0.8229
vn -0.4911 -0.2531 -0.8335
vn -0.8571 -0.2825 -0.4308
vn -0.8353 -0.3167 -0.4494
vn -0.9650 -0.2505 0.0772
vn -0.9505 -0.3055 0.0573
vn -0.8159 -0.1414 0.5607
vn -0.8063 -0.2230 0.5479
vn -0.4525 0.0161 0.8916
vn -0.4478 -0.0780 0.8907
vn 0.0325 0.1682 0.9852
vn 0.0295 0.0884 0.9956
vn 0.5103 0.2741 0.8151
vn 0.5040 0.2199 0.8353
vn 0.8617 0.2915 0.4153
vn 0.8578 0.2795 0.4314
vn 0.9871 0.1449 -0.0676
vn 0.9891 0.1377 -0.0518
vn 0.8468 -0.0366 -0.5306
vn 0.8547 -0.0420 -0.5174
vn 0.4826 -0.2055 -0.8514
vn 0.4949 -0.2114 -0.8429
vn -0.0100 -0.3185 -0.9479
vn 0.0043 -0.3269 -0.9450
vn -0.5032 -0.3454 -0.7921
vn -0.4901 -0.3581 -0.7947
vn -0.8632 -0.2768 -0.4221
vn -0.8542 -0.2955 -0.4279
vn -0.9896 -0.1300 0.0608
vn -0.9861 -0.1563 0.0560
vn -0.8505 0.0556 0.5231
vn -0.8519 0.0215 0.5232
vn -0.4862 0.2300 0.8430
vn -0.4917 0.1927 0.8492
vn 0.0079 0.3424 0.9395
vn -0.0005 0.3112 0.9503
vn 0.5020 0.3637 0.7847
vn 0.4940 0.3433 0.7988
vn 0.8670 0.2645 0.4223
vn 0.8645 0.2622 0.4288
vn 0.9998 0.0128 -0.0127
vn 0.9999 0.0117 -0.0065
vn 0.8640 -0.2399 -0.4426
vn 0.8665 -0.2410 -0.4372
vn 0.4995 -0.4273 -0.7536
vn 0.5039 -0.4292 -0.7496
vn 0.0021 -0.5012 -0.8653
vn 0.0074 -0.5046 -0.8633
vn -0.4987 -0.4408 -0.7463
vn -0.4940 -0.4462 -0.7463
vn -0.8668 -0.2601 -0.4255
vn -0.8641 -0.2673 -0.4265
vn -0.9999 -0.0079 0.0092
vn -0.9998 -0.0163 0.0086
vn -0.8643 0.2470 0.4381
vn -0.8665 0.2376 0.4390
vn -0.4996 0.4365 0.7483
vn -0.5038 0.4264 0.7512
vn -0.0015 0.5096 0.8604
vn -0.0070 0.5012 0.8653
vn 0.4992 0.4467 0.7425
vn 0.4946 0.4417 0.7486
vn 0.8661 0.2398 0.4386
vn 0.8654 0.2398 0.4400
vn 0.9929 -0.0987 0.0657
vn 0.9929 -0.0986 0.0668
vn 0.8533 -0.4089 -0.3235
vn 0.8537 -0.4090 -0.3224
vn 0.4873 -0.6094 -0.6254
vn 0.4882 -0.6097 -0.6244
vn -0.0087 -0.6481 -0.7615
vn -0.0074 -0.6490 -0.7608
vn -0.5047 -0.5133 -0.6942
vn -0.5036 -0.5147 -0.6939
vn -0.8659 -0.2391 -0.4393
vn -0.8655 -0.2407 -0.4393
vn -0.9928 0.0997 -0.0667
vn -0.9929 0.0985 -0.0667
vn -0.8530 0.4111 0.3215
vn -0.8535 0.4099 0.3217
vn -0.4868 0.6124 0.6229
vn -0.4881 0.6107 0.6235
vn 0.0093 0.6506 0.7593
vn 0.0075 0.6492 0.7606
vn 0.5051 0.5146 0.6929
vn 0.5036 0.5140 0.6944
vn 0.8603 0.2182 0.4608
vn 0.8604 0.2181 0.4606
vn 0.9702 -0.1864 0.1547
vn 0.9703 -0.1865 0.1543
vn 0.8200 -0.5394 -0.1917
vn 0.8198 -0.5394 -0.1920
vn 0.4518 -0.7480 -0.4862
vn 0.4517 -0.7479 -0.4863
vn -0.0371 -0.7577 -0.6515
vn -0.5180 -0.5644 -0.6428
vn -0.8603 -0.2182 -0.4606
vn -0.8604 -0.2180 -0.4607
vn -0.9702 0.1864 -0.1548
vn -0.9701 0.1870 -0.1549
vn -0.8198 0.5399 0.1910
vn -0.8195 0.5404 0.1910
vn -0.4515 0.7488 0.4852
vn -0.4514 0.7489 0.4852
vn 0.0375 0.7584 0.6508
vn 0.0373 0.7583 0.6508
vn 0.5181 0.5645 0.6425
vn 0.5181 0.5645 0.6426
vn 0.8501 0.1993 0.4874
vn 0.8503 0.1991 0.4872
vn 0.9352 -0.2529 0.2478
vn 0.9353 -0.2530 0.2475
vn 0.7697 -0.6358 -0.0574
vn 0.7696 -0.6359 -0.0578
vn 0.3995 -0.8486 -0.3467
vn 0.3994 -0.8486 -0.3470
vn -0.0777 -0.8355 -0.5439
vn -0.0779 -0.8354 -0.5441
vn -0.5357 -0.5983 -0.5959
vn -0.5358 -0.5981 -0.5959
vn -0.8502 -0.1993 -0.4873
vn -0.8502 -0.1990 -0.4873
vn -0.9353 0.2528 -0.2477
vn -0.9351 0.2532 -0.2477
vn -0.7697 0.6358 0.0573
vn -0.7694 0.6362 0.0572
vn -0.3994 0.8488 0.3464
vn -0.3991 0.8490 0.3464
vn 0.0778 0.8357 0.5437
vn 0.0780 0.8357 0.5436
vn 0.5357 0.5983 0.5958
vn 0.5359 0.5983 0.5957
vn 0.8352 0.1834 0.5186
vn 0.8352 0.1833 0.5185
vn 0.8896 -0.3016 0.3431
vn 0.7058 -0.7043 0.0764
vn 0.7058 -0.7043 0.0763
vn 0.3343 -0.9187 -0.2103
vn 0.3342 -0.9187 -0.2104
vn -0.1269 -0.8884 -0.4413
vn -0.1270 -0.8883 -0.4414
vn -0.5556 -0.6196 -0.5545
vn -0.5556 -0.6195 -0.5546
vn -0.8352 -0.1834 -0.5185
vn -0.8352 -0.1833 -0.5185
vn -0.8897 0.3015 -0.3429
vn -0.8896 0.3015 -0.3429
vn -0.7059 0.7042 -0.0762
vn -0.7058 0.7043 -0.0762
vn -0.3344 0.9186 0.2104
vn -0.3342 0.9187 0.2104
vn 0.1269 0.8883 0.4413
vn 0.1271 0.8883 0.4412
vn 0.5556 0.6196 0.5545
vn 0.5556 0.6195 0.5545
vn 0.8143 0.1714 0.5546
vn 0.8327 -0.3343 0.4414
vn 0.8327 -0.3342 0.4415
vn 0.6283 -0.7489 0.2107
vn 0.6283 -0.7489 0.2106
vn 0.2569 -0.9634 -0.0760
vn 0.2568 -0.9635 -0.0762
vn -0.1837 -0.9213 -0.3428
vn -0.1838 -0.9212 -0.3430
vn -0.5764 -0.6317 -0.5185
vn -0.5764 -0.6316 -0.5186
vn -0.8144 -0.1714 -0.5545
vn -0.8329 0.3342 -0.4410
vn -0.8330 0.3341 -0.4410
vn -0.6288 0.7487 -0.2100
vn -0.6287 0.7488 -0.2100
vn -0.2574 0.9633 0.0766
vn -0.2571 0.9633 0.0766
vn 0.1834 0.9212 0.3432
vn 0.1837 0.9211 0.3431
vn 0.5763 0.6316 0.5185
vn 0.5764 0.6316 0.5185
vn 0.7859 0.1649 0.5960
vn 0.7859 0.1648 0.5959
vn 0.7623 -0.3504 0.5442
vn 0.5350 -0.7702 0.3473
vn 0.5349 -0.7703 0.3471
vn 0.1657 -0.9845 0.0581
vn 0.1655 -0.9845 0.0577
vn -0.2486 -0.9365 -0.2472
vn -0.2488 -0.9363 -0.2477
vn -0.5976 -0.6368 -0.4872
vn -0.5976 -0.6366 -0.4875
vn -0.7861 -0.1649 -0.5957
vn -0.7861 -0.1649 -0.5958
vn -0.7628 0.3504 -0.5434
vn -0.7629 0.3503 -0.5434
vn -0.5360 0.7701 -0.3459
vn -0.5358 0.7702 -0.3459
vn -0.1668 0.9844 -0.0567
vn -0.1661 0.9845 -0.0568
vn 0.2479 0.9365 0.2480
vn 0.2487 0.9363 0.2479
vn 0.5974 0.6368 0.4874
vn 0.5978 0.6366 0.4873
vn 0.7478 0.1664 0.6428
vn 0.7477 0.1665 0.6428
vn 0.6746 -0.3468 0.6517
vn 0.6745 -0.3466 0.6518
vn 0.4215 -0.7651 0.4867
vn 0.4215 -0.7652 0.4866
vn 0.0569 -0.9797 0.1924
vn 0.0568 -0.9798 0.1920
vn -0.3238 -0.9335 -0.1541
vn -0.3239 -0.9334 -0.1547
vn -0.6191 -0.6361 -0.4605
vn -0.6191 -0.6359 -0.4608
vn -0.7479 -0.1663 -0.6426
vn -0.7481 -0.1665 -0.6424
vn -0.6756 0.3470 -0.6505
vn -0.6760 0.3467 -0.6503
vn -0.4234 0.7655 -0.4845
vn -0.0589 0.9799 -0.1904
vn -0.0581 0.9800 -0.1905
vn 0.3227 0.9337 0.1551
vn 0.3236 0.9334 0.1551
vn 0.6189 0.6361 0.4607
vn 0.6192 0.6359 0.4606
vn 0.6975 0.1787 0.6939
vn 0.6967 0.1805 0.6943
vn 0.5654 -0.3181 0.7610
vn 0.5653 -0.3163 0.7619
vn 0.2834 -0.7275 0.6248
vn 0.2836 -0.7265 0.6259
vn -0.0731 -0.9436 0.3229
vn -0.0729 -0.9433 0.3238
vn -0.4112 -0.9091 -0.0665
vn -0.4112 -0.9092 -0.0656
vn -0.6404 -0.6296 -0.4399
vn -0.6408 -0.6301 -0.4386
vn -0.6970 -0.1790 -0.6944
vn -0.6984 -0.1801 -0.6927
vn -0.5663 0.3185 -0.7602
vn -0.5690 0.3174 -0.7586
vn -0.2858 0.7285 -0.6226
vn -0.2881 0.7282 -0.6219
vn 0.0707 0.9445 -0.3209
vn 0.0699 0.9446 -0.3208
vn 0.4106 0.9094 0.0670
vn 0.4099 0.9097 0.0670
vn 0.6411 0.6292 0.4394
vn 0.6401 0.6303 0.4394
vn 0.6333 0.2045 0.7464
vn 0.6309 0.2117 0.7465
vn 0.4328 -0.2586 0.8636
vn 0.4325 -0.2520 0.8657
vn 0.1191 -0.6507 0.7500
vn 0.1196 -0.6459 0.7540
vn -0.2251 -0.8705 0.4376
vn -0.2248 -0.8680 0.4428
vn -0.5104 -0.8599 0.0067
vn -0.5112 -0.8593 0.0127
vn -0.6593 -0.6176 -0.4288
vn -0.6626 -0.6185 -0.4224
vn -0.6298 -0.2072 -0.7486
vn -0.6369 -0.2089 -0.7421
vn -0.4310 0.2573 -0.8649
vn -0.4421 0.2568 -0.8594
vn -0.1189 0.6506 -0.7501
vn -0.1301 0.6520 -0.7470
vn 0.2257 0.8702 -0.4380
vn 0.2173 0.8728 -0.4372
vn 0.5133 0.8582 -0.0083
vn 0.5066 0.8621 -0.0089
vn 0.6635 0.6147 0.4265
vn 0.6586 0.6206 0.4256
vn 0.5549 0.2451 0.7950
vn 0.5504 0.2634 0.7922
vn 0.2803 -0.1671 0.9453
vn 0.2802 -0.1500 0.9481
vn -0.0652 -0.5338 0.8431
vn -0.0642 -0.5201 0.8517
vn -0.3917 -0.7607 0.5176
vn -0.3924 -0.7512 0.5307
vn -0.6142 -0.7875 0.0518
vn -0.6194 -0.7822 0.0675
vn -0.6709 -0.6030 -0.4316
vn -0.6833 -0.6004 -0.4154
vn -0.5442 -0.2558 -0.7990
vn -0.5667 -0.2524 -0.7843
vn -0.2700 0.1573 -0.9499
vn -0.3029 0.1661 -0.9384
vn 0.0766 0.5244 -0.8480
vn 0.0410 0.5385 -0.8416
vn 0.4048 0.7506 -0.5223
vn 0.3756 0.7657 -0.5221
vn 0.6276 0.7766 -0.0556
vn 0.6072 0.7923 -0.0604
vn 0.6830 0.5918 0.4281
vn 0.6713 0.6092 0.4222
vn 0.4644 0.2984 0.8338
vn 0.4595 0.3340 0.8230
vn 0.1184 -0.0514 0.9916
vn 0.1202 -0.0177 0.9926
vn -0.2535 -0.3895 0.8854
vn -0.2518 -0.3598 0.8984
vn -0.5556 -0.6279 0.5450
vn -0.5599 -0.6038 0.5674
vn -0.7086 -0.7033 0.0570
vn -0.7238 -0.6848 0.0843
vn -0.6680 -0.5928 -0.4498
vn -0.6990 -0.5765 -0.4231
vn -0.4422 -0.3262 -0.8355
vn -0.4934 -0.3039 -0.8150
vn -0.0921 0.0203 -0.9955
vn -0.1649 0.0589 -0.9846
vn 0.2888 0.3521 -0.8903
vn 0.2090 0.4035 -0.8908
vn 0.5937 0.5897 -0.5475
vn 0.5290 0.6376 -0.5600
vn 0.7391 0.6712 -0.0570
vn 0.6992 0.7108 -0.0768
vn 0.6919 0.5648 0.4498
vn 0.6731 0.6010 0.4309
vn 0.3650 0.3599 0.8587
vn 0.3640 0.4157 0.8335
vn -0.0395 0.0711 0.9967
vn -0.0333 0.1260 0.9915
vn -0.4268 -0.2422 0.8713
vn -0.4243 -0.1902 0.8853
vn -0.6972 -0.4975 0.5162
vn -0.7076 -0.4504 0.5445
vn -0.7786 -0.6271 0.0224
vn -0.8093 -0.5847 0.0566
vn -0.6454 -0.5952 -0.4787
vn -0.7020 -0.5523 -0.4496
vn -0.3305 -0.4123 -0.8490
vn -0.4174 -0.3558 -0.8361
vn 0.0834 -0.1339 -0.9875
vn -0.0327 -0.0494 -0.9982
vn 0.4860 0.1644 -0.8584
vn 0.3641 0.2660 -0.8926
vn 0.7570 0.4212 -0.4996
vn 0.6628 0.5104 -0.5480
vn 0.8240 0.5666 -0.0070
vn 0.7709 0.6344 -0.0569
vn 0.6806 0.5437 0.4910
vn 0.6602 0.6017 0.4496
vn 0.2607 0.4244 0.8672
vn 0.2685 0.4982 0.8245
vn -0.1839 0.1834 0.9657
vn -0.1710 0.2593 0.9505
vn -0.5727 -0.1154 0.8116
vn -0.5692 -0.0390 0.8213
vn -0.8048 -0.3924 0.4453
vn -0.8225 -0.3181 0.4715
vn -0.8175 -0.5746 -0.0382
vn -0.8645 -0.5026 -0.0084
vn -0.6038 -0.6134 -0.5091
vn -0.6843 -0.5380 -0.4922
vn -0.2184 -0.5014 -0.8372
vn -0.3326 -0.4092 -0.8496
vn 0.2372 -0.2746 -0.9319
vn 0.0986 -0.1557 -0.9829
vn 0.6389 0.0090 -0.7692
vn 0.5046 0.1381 -0.8522
vn 0.8686 0.2912 -0.4010
vn 0.7708 0.4014 -0.4947
vn 0.8676 0.4913 0.0763
vn 0.8170 0.5766 -0.0095
vn 0.6450 0.5395 0.5412
vn 0.6316 0.6139 0.4735
vn 0.1560 0.4876 0.8590
vn 0.1751 0.5729 0.8007
vn -0.3107 0.2760 0.9096
vn -0.2907 0.3680 0.8832
vn -0.6884 -0.0204 0.7251
vn -0.6840 0.0766 0.7254
vn -0.8782 -0.3223 0.3534
vn -0.9020 -0.2239 0.3691
vn -0.8281 -0.5501 -0.1077
vn -0.8872 -0.4519 -0.0933
vn -0.5487 -0.6437 -0.5335
vn -0.6437 -0.5420 -0.5402
vn -0.1129 -0.5810 -0.8060
vn -0.2378 -0.4671 -0.8516
vn 0.3628 -0.3821 -0.8499
vn 0.2250 -0.2535 -0.9408
vn 0.7480 -0.0952 -0.6568
vn 0.6254 0.0321 -0.7796
vn 0.9343 0.2134 -0.2857
vn 0.8517 0.3209 -0.4144
vn 0.8745 0.4551 0.1675
vn 0.8381 0.5429 0.0531
vn 0.5894 0.5551 0.5869
vn 0.5893 0.6365 0.4977
vn 0.0567 0.5472 0.8350
vn 0.0856 0.6348 0.7679
vn -0.4182 0.3480 0.8390
vn -0.3931 0.4469 0.8036
vn -0.7766 0.0443 0.6284
vn -0.7717 0.1519 0.6176
vn -0.9237 -0.2830 0.2581
vn -0.9506 -0.1714 0.2589
vn -0.8189 -0.5471 -0.1734
vn -0.8822 -0.4354 -0.1791
vn -0.4882 -0.6784 -0.5490
vn -0.5848 -0.5665 -0.5807
vn -0.0193 -0.6437 -0.7650
vn -0.1377 -0.5287 -0.8376
vn 0.4618 -0.4532 -0.7625
vn 0.3411 -0.3370 -0.8776
vn 0.8237 -0.1535 -0.5459
vn 0.7248 -0.0466 -0.6874
vn 0.9676 0.1796 -0.1775
vn 0.9079 0.2697 -0.3210
vn 0.8568 0.4525 0.2473
vn 0.8389 0.5308 0.1204
vn 0.5231 0.5868 0.6181
vn 0.5371 0.6653 0.5186
vn -0.0316 0.6010 0.7986
vn 0.0028 0.6827 0.7307
vn -0.5060 0.4026 0.7628
vn -0.4788 0.4984 0.7228
vn -0.8416 0.0859 0.5331
vn -0.8365 0.1923 0.5132
vn -0.9492 -0.2647 0.1701
vn -0.9755 -0.1537 0.1572
vn -0.7988 -0.5562 -0.2292
vn -0.8587 -0.4462 -0.2519
vn -0.4294 -0.7113 -0.5565
vn -0.5169 -0.6053 -0.6053
vn 0.0603 -0.6892 -0.7220
vn -0.0412 -0.5884 -0.8075
vn 0.5384 -0.4958 -0.6815
vn 0.4416 -0.4029 -0.8016
vn 0.8755 -0.1800 -0.4485
vn 0.8025 -0.0997 -0.5883
vn 0.9807 0.1750 -0.0874
vn 0.9432 0.2428 -0.2269
vn 0.8267 0.4713 0.3073
vn 0.8250 0.5343 0.1840
vn 0.4560 0.6269 0.6316
vn 0.4803 0.6958 0.5341
vn -0.1048 0.6479 0.7545
vn -0.0701 0.7177 0.6928
vn -0.5743 0.4443 0.6876
vn -0.5482 0.5286 0.6481
vn -0.8878 0.1129 0.4462
vn -0.8827 0.2077 0.4215
vn -0.9615 -0.2579 0.0944
vn -0.9846 -0.1591 0.0729
vn -0.7751 -0.5695 -0.2737
vn -0.8262 -0.4733 -0.3055
vn -0.3776 -0.7388 -0.5582
vn -0.4496 -0.6499 -0.6128
vn 0.1245 -0.7207 -0.6820
vn 0.0445 -0.6417 -0.7656
vn 0.5961 -0.5195 -0.6121
vn 0.5240 -0.4524 -0.7216
vn 0.9102 -0.1879 -0.3691
vn 0.8603 -0.1328 -0.4923
vn 0.9824 0.1858 -0.0187
vn 0.9624 0.2326 -0.1404
vn 0.7939 0.4997 0.3465
vn 0.8027 0.5465 0.2387
vn 0.3958 0.6686 0.6295
vn 0.4245 0.7243 0.5434
vn -0.1617 0.6873 0.7081
vn -0.1306 0.7426 0.6568
vn -0.6247 0.4768 0.6184
vn -0.6022 0.5450 0.5833
vn -0.9192 0.1317 0.3712
vn -0.9146 0.2089 0.3462
vn -0.9662 -0.2558 0.0323
vn -0.9844 -0.1758 0.0084
vn -0.7527 -0.5823 -0.3073
vn -0.7926 -0.5059 -0.3404
vn -0.3353 -0.7605 -0.5560
vn -0.3902 -0.6926 -0.6067
vn 0.1739 -0.7427 -0.6467
vn 0.1150 -0.6859 -0.7185
vn 0.6382 -0.5332 -0.5553
vn 0.5877 -0.4882 -0.6452
vn 0.9330 -0.1875 -0.3073
vn 0.9009 -0.1526 -0.4063
vn 0.9790 0.2016 0.0307
vn 0.9705 0.2317 -0.0666
vn 0.7642 0.5291 0.3688
vn 0.7777 0.5617 0.2823
vn 0.3466 0.7068 0.6167
vn 0.3745 0.7488 0.5469
vn -0.2026 0.7200 0.6638
vn -0.1778 0.7603 0.6247
vn -0.6599 0.5032 0.5580
vn -0.6422 0.5538 0.5300
vn -0.9397 0.1468 0.3090
vn -0.9358 0.2042 0.2874
vn -0.9671 -0.2540 -0.0167
vn -0.9801 -0.1950 -0.0383
vn -0.7344 -0.5921 -0.3319
vn -0.7629 -0.5368 -0.3603
vn -0.3037 -0.7768 -0.5516
vn -0.3423 -0.7294 -0.5924
vn 0.2095 -0.7587 -0.6168
vn 0.1692 -0.7212 -0.6718
vn 0.6675 -0.5423 -0.5103
vn 0.6342 -0.5146 -0.5770
vn 0.9474 -0.1855 -0.2609
vn 0.9282 -0.1650 -0.3335
vn 0.9742 0.2162 0.0644
vn 0.9722 0.2341 -0.0069
vn 0.7408 0.5547 0.3788
vn 0.7544 0.5758 0.3152
vn 0.3100 0.7390 0.5982
vn 0.3333 0.7685 0.5462
vn -0.2300 0.7462 0.6247
vn -0.2120 0.7735 0.5973
vn -0.6828 0.5251 0.5079
vn -0.6701 0.5598 0.4875
vn -0.9524 0.1602 0.2594
vn -0.9493 0.1995 0.2429
vn -0.9665 -0.2510 -0.0543
vn -0.9749 -0.2109 -0.0711
vn -0.7211 -0.5984 -0.3492
vn -0.7399 -0.5615 -0.3706
vn -0.2818 -0.7890 -0.5460
vn -0.3070 -0.7581 -0.5753
vn 0.2335 -0.7715 -0.5919
vn 0.2076 -0.7482 -0.6301
vn 0.6867 -0.5505 -0.4747
vn 0.6661 -0.5344 -0.5203
vn 0.9563 -0.1853 -0.2260
vn 0.9455 -0.1741 -0.2753
vn 0.9701 0.2264 0.0875
vn 0.9709 0.2364 0.0392
vn 0.7243 0.5740 0.3820
vn 0.7354 0.5869 0.3386
vn 0.2850 0.7642 0.5786
vn 0.3024 0.7835 0.5429
vn -0.2465 0.7672 0.5921
vn -0.2351 0.7835 0.5752
vn -0.6965 0.5442 0.4677
vn -0.6884 0.5651 0.4547
vn -0.9598 0.1735 0.2206
vn -0.9576 0.1972 0.2098
vn -0.9658 -0.2456 -0.0829
vn -0.9706 -0.2216 -0.0939
vn -0.7128 -0.6009 -0.3616
vn -0.7237 -0.5791 -0.3753
vn -0.2685 -0.7972 -0.5407
vn -0.2831 -0.7795 -0.5588
vn 0.2479 -0.7818 -0.5721
vn 0.2332 -0.7690 -0.5952
vn 0.6982 -0.5589 -0.4475
vn 0.6867 -0.5505 -0.4748
vn 0.9615 -0.1880 -0.2003
vn 0.9560 -0.1825 -0.2297
vn 0.9674 0.2313 0.1032
vn 0.9688 0.2363 0.0742
vn 0.7142 0.5867 0.3817
vn 0.7218 0.5938 0.3556
vn 0.2699 0.7828 0.5607
vn 0.2811 0.7941 0.5389
vn -0.2550 0.7832 0.5671
vn -0.2489 0.7915 0.5581
vn -0.7036 0.5604 0.4369
vn -0.6993 0.5712 0.4299
vn -0.9637 0.1865 0.1910
vn -0.9624 0.1987 0.1851
vn -0.9655 -0.2383 -0.1047
vn -0.9678 -0.2260 -0.1106
vn -0.7086 -0.6003 -0.3709
vn -0.7140 -0.5892 -0.3782
vn -0.2617 -0.8024 -0.5363
vn -0.2689 -0.7936 -0.5458
vn 0.2555 -0.7905 -0.5566
vn 0.2482 -0.7843 -0.5685
vn 0.7042 -0.5677 -0.4264
vn 0.6987 -0.5639 -0.4403
vn 0.9643 -0.1938 -0.1805
vn 0.9618 -0.1914 -0.1955
vn 0.9661 0.2311 0.1152
vn 0.9672 0.2333 0.1003
vn 0.7091 0.5931 0.3814
vn 0.7133 0.5965 0.3679
vn 0.2621 0.7952 0.5468
vn 0.2682 0.8009 0.5355
vn -0.2582 0.7947 0.5494
vn -0.2559 0.7977 0.5460
vn -0.7065 0.5739 0.4141
vn -0.7048 0.5779 0.4115
vn -0.9654 0.1991 0.1684
vn -0.9649 0.2036 0.1662
vn -0.9657 -0.2294 -0.1219
vn -0.9664 -0.2249 -0.1241
vn -0.7072 -0.5969 -0.3790
vn -0.7091 -0.5929 -0.3817
vn -0.2592 -0.8047 -0.5341
vn -0.2617 -0.8016 -0.5375
vn 0.2583 -0.7973 -0.5455
vn 0.2558 -0.7952 -0.5498
vn 0.7066 -0.5766 -0.4102
vn 0.7047 -0.5753 -0.4153
vn 0.9655 -0.2017 -0.1645
vn 0.9647 -0.2010 -0.1700
vn 0.9658 0.2269 0.1257
vn 0.9663 0.2276 0.1203
vn 0.7073 0.5943 0.3829
vn 0.7089 0.5955 0.3779
vn 0.2592 0.8021 0.5379
vn 0.2615 0.8042 0.5337
vn -0.2588 0.8017 0.5388
vn -0.2585 0.8021 0.5383
vn -0.7071 0.5843 0.3982
vn -0.7068 0.5849 0.3978
vn -0.9659 0.2104 0.1510
vn -0.9658 0.2110 0.1507
vn -0.9659 -0.2200 -0.1366
vn -0.9660 -0.2194 -0.1369
vn -0.7071 -0.5915 -0.3875
vn -0.7074 -0.5909 -0.3879
vn -0.2588 -0.8046 -0.5345
vn -0.2592 -0.8041 -0.5350
vn 0.2588 -0.8021 -0.5382
vn 0.2585 -0.8018 -0.5388
vn 0.7071 -0.5847 -0.3976
vn 0.7068 -0.5845 -0.3984
vn 0.9659 -0.2108 -0.1505
vn 0.9658 -0.2106 -0.1513
vn 0.9659 0.2196 0.1371
vn 0.9660 0.2197 0.1363
vn 0.7071 0.5911 0.3880
vn 0.7073 0.5913 0.3873
vn 0.2588 0.8042 0.5351
vn 0.2592 0.8045 0.5345
vn -0.2592 0.8041 0.5350
vn -0.2588 0.8046 0.5345
vn -0.7074 0.5909 0.3879
vn -0.7071 0.5915 0.3875
vn -0.9660 0.2193 0.1369
vn -0.9659 0.2200 0.1365
vn -0.9658 -0.2110 -0.1507
vn -0.9659 -0.2104 -0.1510
vn -0.7068 -0.5849 -0.3978
vn -0.7071 -0.5843 -0.3982
vn -0.2585 -0.8021 -0.5383
vn -0.2588 -0.8017 -0.5388
vn 0.2592 -0.8045 -0.5344
vn 0.2588 -0.8042 -0.5351
vn 0.7074 -0.5913 -0.3873
vn 0.7071 -0.5911 -0.3880
vn 0.9660 -0.2197 -0.1363
vn 0.9659 -0.2196 -0.1371
vn 0.9658 0.2107 0.1513
vn 0.9659 0.2108 0.1504
vn 0.7068 0.5846 0.3984
vn 0.7071 0.5847 0.3976
vn 0.2585 0.8018 0.5388
vn 0.2588 0.8021 0.5382
vn -0.2618 0.8016 0.5376
vn -0.2592 0.8048 0.5340
vn -0.7091 0.5928 0.3817
vn -0.7072 0.5969 0.3790
vn -0.9664 0.2249 0.1241
vn -0.9657 0.2295 0.1218
vn -0.9648 -0.2036 -0.1662
vn -0.9654 -0.1991 -0.1685
vn -0.7048 -0.5779 -0.4115
vn -0.7065 -0.5739 -0.4142
vn -0.2559 -0.7978 -0.5460
vn -0.2582 -0.7947 -0.5494
vn 0.2616 -0.8042 -0.5337
vn 0.2592 -0.8021 -0.5380
vn 0.7090 -0.5955 -0.3778
vn 0.7073 -0.5943 -0.3829
vn 0.9663 -0.2276 -0.1202
vn 0.9658 -0.2268 -0.1258
vn 0.9647 0.2010 0.1701
vn 0.9655 0.2018 0.1645
vn 0.7046 0.5753 0.4153
vn 0.7066 0.5766 0.4102
vn 0.2557 0.7952 0.5499
vn 0.2583 0.7973 0.5455
vn -0.2690 0.7935 0.5458
vn -0.2617 0.8024 0.5363
vn -0.7141 0.5891 0.3782
vn -0.7086 0.6003 0.3708
vn -0.9679 0.2259 0.1106
vn -0.9656 0.2383 0.1046
vn -0.9624 -0.1989 -0.1852
vn -0.9637 -0.1865 -0.1911
vn -0.6992 -0.5712 -0.4299
vn -0.7036 -0.5604 -0.4370
vn -0.2488 -0.7916 -0.5581
vn -0.2549 -0.7832 -0.5671
vn 0.2683 -0.8009 -0.5354
vn 0.2622 -0.7952 -0.5468
vn 0.7134 -0.5965 -0.3678
vn 0.7091 -0.5931 -0.3814
vn 0.9672 -0.2333 -0.1002
vn 0.9661 -0.2310 -0.1152
vn 0.9618 0.1915 0.1956
vn 0.9643 0.1939 0.1804
vn 0.6986 0.5640 0.4404
vn 0.7042 0.5678 0.4263
vn 0.2481 0.7843 0.5686
vn 0.2554 0.7906 0.5566
vn -0.2833 0.7794 0.5588
vn -0.2686 0.7972 0.5406
vn -0.7239 0.5789 0.3753
vn -0.7129 0.6009 0.3615
vn -0.9707 0.2214 0.0939
vn -0.9658 0.2456 0.0828
vn -0.9576 -0.1974 -0.2099
vn -0.9598 -0.1735 -0.2208
vn -0.6883 -0.5652 -0.4548
vn -0.6964 -0.5442 -0.4678
vn -0.2349 -0.7836 -0.5752
vn -0.2463 -0.7672 -0.5922
vn 0.2813 -0.7941 -0.5388
vn 0.2700 -0.7827 -0.5607
vn 0.7219 -0.5937 -0.3554
vn 0.7143 -0.5866 -0.3817
vn 0.9689 -0.2362 -0.0740
vn 0.9674 -0.2311 -0.1032
vn 0.9559 0.1826 0.2299
vn 0.9615 0.1882 0.2002
vn 0.6866 0.5506 0.4749
vn 0.6981 0.5590 0.4474
vn 0.2330 0.7690 0.5953
vn 0.2478 0.7819 0.5720
vn -0.3073 0.7580 0.5753
vn -0.2820 0.7890 0.5458
vn -0.7401 0.5612 0.3705
vn -0.7212 0.5984 0.3490
vn -0.9750 0.2106 0.0710
vn -0.9665 0.2509 0.0541
vn -0.9492 -0.1998 -0.2430
vn -0.9523 -0.1603 -0.2596
vn -0.6699 -0.5600 -0.4875
vn -0.6827 -0.5252 -0.5081
vn -0.2117 -0.7736 -0.5972
vn -0.2298 -0.7462 -0.6248
vn 0.3027 -0.7835 -0.5427
vn 0.2852 -0.7641 -0.5787
vn 0.7356 -0.5868 -0.3384
vn 0.7245 -0.5738 -0.3820
vn 0.9709 -0.2362 -0.0389
vn 0.9702 -0.2261 -0.0875
vn 0.9454 0.1743 0.2755
vn 0.9563 0.1856 0.2260
vn 0.6659 0.5346 0.5204
vn 0.6866 0.5508 0.4746
vn 0.2073 0.7483 0.6302
vn 0.2333 0.7716 0.5918
vn -0.3428 0.7292 0.5923
vn -0.3040 0.7769 0.5514
vn -0.7633 0.5364 0.3602
vn -0.7345 0.5920 0.3316
vn -0.9802 0.1945 0.0381
vn -0.9671 0.2539 0.0164
vn -0.9356 -0.2047 -0.2877
vn -0.9395 -0.1469 -0.3094
vn -0.6418 -0.5541 -0.5301
vn -0.6596 -0.5032 -0.5583
vn -0.1773 -0.7605 -0.6247
vn -0.2023 -0.7199 -0.6640
vn 0.3338 -0.7684 -0.5460
vn 0.3104 -0.7388 -0.5982
vn 0.7547 -0.5757 -0.3148
vn 0.7411 -0.5544 -0.3788
vn 0.9722 -0.2339 0.0073
vn 0.9743 -0.2158 -0.0644
vn 0.9280 0.1653 0.3339
vn 0.9473 0.1859 0.2608
vn 0.6338 0.5148 0.5773
vn 0.6673 0.5428 0.5101
vn 0.1687 0.7212 0.6719
vn 0.2092 0.7590 0.6166
vn -0.3908 0.6925 0.6065
vn -0.3357 0.7605 0.5558
vn -0.7930 0.5055 0.3401
vn -0.7529 0.5821 0.3070
vn -0.9845 0.1753 -0.0088
vn -0.9662 0.2555 -0.0327
vn -0.9144 -0.2093 -0.3466
vn -0.9190 -0.1319 -0.3716
vn -0.6018 -0.5453 -0.5836
vn -0.6243 -0.4769 -0.6187
vn -0.1301 -0.7427 -0.6569
vn -0.1611 -0.6873 -0.7082
vn 0.3749 -0.7487 -0.5467
vn 0.3471 -0.7066 -0.6166
vn 0.7780 -0.5615 -0.2819
vn 0.7646 -0.5288 -0.3685
vn 0.9706 -0.2313 0.0670
vn 0.9791 -0.2011 -0.0305
vn 0.9007 0.1530 0.4066
vn 0.9328 0.1881 0.3074
vn 0.5873 0.4886 0.6453
vn 0.6379 0.5337 0.5552
vn 0.1145 0.6861 0.7185
vn 0.1735 0.7429 0.6465
vn -0.4503 0.6497 0.6125
vn -0.3780 0.7388 0.5579
vn -0.8266 0.4729 0.3051
vn -0.7754 0.5693 0.2733
vn -0.9846 0.1586 -0.0734
vn -0.9616 0.2577 -0.0949
vn -0.8824 -0.2081 -0.4219
vn -0.8875 -0.1131 -0.4467
vn -0.5477 -0.5289 -0.6483
vn -0.5738 -0.4444 -0.6880
vn -0.0695 -0.7178 -0.6928
vn -0.1042 -0.6479 -0.7546
vn 0.4250 -0.7242 -0.5431
vn 0.3964 -0.6684 -0.6294
vn 0.8030 -0.5463 -0.2382
vn 0.7943 -0.4993 -0.3462
vn 0.9624 -0.2322 0.1409
vn 0.9825 -0.1852 0.0189
vn 0.8600 0.1333 0.4926
vn 0.9101 0.1886 0.3691
vn 0.5235 0.4528 0.7217
vn 0.5958 0.5202 0.6120
vn 0.0439 0.6419 0.7655
vn 0.1240 0.7210 0.6817
vn -0.5177 0.6050 0.6049
vn -0.4299 0.7113 0.5561
vn -0.8592 0.4456 0.2513
vn -0.7991 0.5561 0.2287
vn -0.9755 0.1531 -0.1578
vn -0.9491 0.2645 -0.1708
vn -0.8360 -0.1928 -0.5138
vn -0.8413 -0.0860 -0.5338
vn -0.4780 -0.4986 -0.7231
vn -0.5053 -0.4027 -0.7632
vn 0.0036 -0.6827 -0.7307
vn -0.0308 -0.6010 -0.7987
vn 0.4809 -0.6957 -0.5336
vn 0.4567 -0.6267 -0.6314
vn 0.8253 -0.5341 -0.1833
vn 0.8272 -0.4707 -0.3069
vn 0.9431 -0.2424 0.2276
vn 0.9808 -0.1741 0.0875
vn 0.8021 0.1002 0.5887
vn 0.8754 0.1812 0.4482
vn 0.4410 0.4035 0.8017
vn 0.5380 0.4967 0.6810
vn -0.0421 0.5886 0.8073
vn 0.0598 0.6897 0.7216
vn -0.5853 0.5665 0.5800
vn -0.4888 0.6783 0.5486
vn -0.8825 0.4351 0.1783
vn -0.8192 0.5468 0.1728
vn -0.9504 0.1711 -0.2597
vn -0.9236 0.2827 -0.2588
vn -0.7711 -0.1520 -0.6183
vn -0.7761 -0.0445 -0.6290
vn -0.3923 -0.4469 -0.8040
vn -0.4174 -0.3482 -0.8394
vn 0.0864 -0.6347 -0.7680
vn 0.0576 -0.5474 -0.8349
vn 0.5376 -0.6651 -0.5183
vn 0.5239 -0.5867 -0.6175
vn 0.8392 -0.5305 -0.1198
vn 0.8572 -0.4521 -0.2466
vn 0.9079 -0.2690 0.3215
vn 0.9677 -0.1787 0.1778
vn 0.7247 0.0477 0.6874
vn 0.8235 0.1548 0.5458
vn 0.3408 0.3382 0.8772
vn 0.4613 0.4542 0.7622
vn -0.1383 0.5293 0.8371
vn -0.0200 0.6441 0.7647
vn -0.6442 0.5422 0.5395
vn -0.5492 0.6436 0.5330
vn -0.8873 0.4517 0.0925
vn -0.8283 0.5499 0.1071
vn -0.9017 0.2238 -0.3699
vn -0.8780 0.3222 -0.3541
vn -0.6834 -0.0765 -0.7261
vn -0.6877 0.0203 -0.7257
vn -0.2899 -0.3678 -0.8836
vn -0.3098 -0.2761 -0.9098
vn 0.1758 -0.5727 -0.8007
vn 0.1568 -0.4878 -0.8587
vn 0.5897 -0.6363 -0.4973
vn 0.5900 -0.5551 -0.5862
vn 0.8383 -0.5426 -0.0526
vn 0.8749 -0.4547 -0.1668
vn 0.8518 -0.3201 0.4147
vn 0.9345 -0.2121 0.2858
vn 0.6257 -0.0306 0.7794
vn 0.7482 0.0971 0.6563
vn 0.2252 0.2552 0.9403
vn 0.3626 0.3833 0.8495
vn -0.2380 0.4680 0.8511
vn -0.1136 0.5813 0.8057
vn -0.6846 0.5381 0.4916
vn -0.6042 0.6134 0.5086
vn -0.8645 0.5025 0.0077
vn -0.8175 0.5746 0.0377
vn -0.8220 0.3182 -0.4723
vn -0.8044 0.3927 -0.4459
vn -0.5684 0.0393 -0.8218
vn -0.5719 0.1156 -0.8122
vn -0.1702 -0.2590 -0.9508
vn -0.1830 -0.1833 -0.9659
vn 0.2691 -0.4979 -0.8244
vn 0.2614 -0.4245 -0.8669
vn 0.6319 -0.6138 -0.4732
vn 0.6455 -0.5396 -0.5405
vn 0.8171 -0.5764 0.0101
vn 0.8680 -0.4907 -0.0759
vn 0.7712 -0.4003 0.4950
vn 0.8694 -0.2890 0.4007
vn 0.5056 -0.1358 0.8520
vn 0.6400 -0.0060 0.7684
vn 0.0995 0.1580 0.9824
vn 0.2374 0.2763 0.9313
vn -0.3326 0.4103 0.8492
vn -0.2188 0.5019 0.8368
vn -0.7020 0.5526 0.4492
vn -0.6458 0.5952 0.4782
vn -0.8091 0.5849 -0.0571
vn -0.7785 0.6272 -0.0229
vn -0.7069 0.4509 -0.5450
vn -0.6966 0.4979 -0.5166
vn -0.4234 0.1909 -0.8856
vn -0.4259 0.2426 -0.8716
vn -0.0325 -0.1253 -0.9916
vn -0.0386 -0.0710 -0.9967
vn 0.3646 -0.4154 -0.8334
vn 0.3655 -0.3602 -0.8583
vn 0.6604 -0.6016 -0.4494
vn 0.6808 -0.5441 -0.4904
vn 0.7712 -0.6340 0.0573
vn 0.8244 -0.5660 0.0075
vn 0.6638 -0.5087 0.5482
vn 0.7585 -0.4185 0.4995
vn 0.3667 -0.2624 0.8926
vn 0.4877 -0.1610 0.8580
vn -0.0301 0.0529 0.9981
vn 0.0838 0.1356 0.9872
vn -0.4166 0.3572 0.8359
vn -0.3309 0.4127 0.8486
vn -0.6990 0.5767 0.4229
vn -0.6682 0.5929 0.4495
vn -0.7236 0.6850 -0.0846
vn -0.7083 0.7036 -0.0571
vn -0.5591 0.6044 -0.5676
vn -0.5549 0.6284 -0.5451
vn -0.2509 0.3605 -0.8984
vn -0.2526 0.3900 -0.8855
vn 0.1209 0.0184 -0.9925
vn 0.1192 0.0516 -0.9915
vn 0.4599 -0.3337 -0.8229
vn 0.4647 -0.2987 -0.8335
vn 0.6732 -0.6010 -0.4308
vn 0.6919 -0.5650 -0.4494
vn 0.6995 -0.7105 0.0771
vn 0.7398 -0.6704 0.0573
vn 0.5304 -0.6359 0.5607
vn 0.5962 -0.5868 0.5479
vn 0.2123 -0.4000 0.8916
vn 0.2914 -0.3489 0.8907
vn -0.1620 -0.0561 0.9852
vn -0.0913 -0.0187 0.9956
vn -0.4926 0.3049 0.8151
vn -0.4424 0.3265 0.8353
vn -0.6833 0.6005 0.4153
vn -0.6709 0.6031 0.4314
vn -0.6191 0.7824 -0.0676
vn -0.6138 0.7877 -0.0517
vn -0.3917 0.7517 -0.5306
vn -0.3910 0.7612 -0.5174
vn -0.0633 0.5207 -0.8514
vn -0.0644 0.5343 -0.8429
vn 0.2809 0.1506 -0.9479
vn 0.2810 0.1672 -0.9450
vn 0.5507 -0.2631 -0.7921
vn 0.5551 -0.2453 -0.7948
vn 0.6713 -0.6092 -0.4221
vn 0.6830 -0.5920 -0.4279
vn 0.6074 -0.7921 0.0608
vn 0.6284 -0.7758 0.0560
vn 0.3770 -0.7644 0.5231
vn 0.4073 -0.7485 0.5232
vn 0.0439 -0.5361 0.8430
vn 0.0790 -0.5221 0.8492
vn -0.3005 -0.1644 0.9395
vn -0.2692 -0.1561 0.9504
vn -0.5660 0.2529 0.7846
vn -0.5443 0.2561 0.7989
vn -0.6626 0.6186 0.4223
vn -0.6593 0.6176 0.4288
vn -0.5110 0.8595 -0.0127
vn -0.5101 0.8601 -0.0065
vn -0.2242 0.8683 -0.4426
vn -0.2245 0.8709 -0.4372
vn 0.1203 0.6463 -0.7536
vn 0.1198 0.6510 -0.7496
vn 0.4330 0.2524 -0.8653
vn 0.4333 0.2587 -0.8633
vn 0.6311 -0.2115 -0.7463
vn 0.6334 -0.2047 -0.7462
vn 0.6586 -0.6206 -0.4255
vn 0.6635 -0.6147 -0.4265
vn 0.5068 -0.8620 0.0092
vn 0.5140 -0.8577 0.0086
vn 0.2183 -0.8720 0.4381
vn 0.2275 -0.8692 0.4390
vn -0.1282 -0.6508 0.7483
vn -0.1173 -0.6495 0.7513
vn -0.4405 -0.2561 0.8604
vn -0.4305 -0.2566 0.8653
vn -0.6364 0.2090 0.7425
vn -0.6298 0.2075 0.7486
vn -0.6408 0.6301 0.4386
vn -0.6404 0.6296 0.4400
vn -0.4110 0.9093 0.0657
vn -0.4110 0.9092 0.0668
vn -0.0725 0.9435 -0.3235
vn -0.0727 0.9438 -0.3224
vn 0.2841 0.7267 -0.6254
vn 0.2839 0.7277 -0.6244
vn 0.5656 0.3165 -0.7615
vn 0.5658 0.3180 -0.7608
vn 0.6968 -0.1804 -0.6942
vn 0.6975 -0.1788 -0.6939
vn 0.6401 -0.6303 -0.4393
vn 0.6412 -0.6292 -0.4393
vn 0.4100 -0.9096 -0.0667
vn 0.4111 -0.9091 -0.0667
vn 0.0705 -0.9443 0.3215
vn 0.0718 -0.9441 0.3217
vn -0.2869 -0.7278 0.6229
vn -0.2849 -0.7281 0.6235
vn -0.5681 -0.3172 0.7593
vn -0.5660 -0.3181 0.7606
vn -0.6982 0.1801 0.6929
vn -0.6969 0.1791 0.6944
vn -0.6191 0.6360 0.4608
vn -0.6191 0.6361 0.4606
vn -0.3237 0.9334 0.1547
vn -0.3236 0.9335 0.1543
vn 0.0571 0.9798 -0.1917
vn 0.0572 0.9797 -0.1920
vn 0.4218 0.7653 -0.4862
vn 0.4219 0.7652 -0.4864
vn 0.6747 0.3467 -0.6516
vn 0.7478 -0.1665 -0.6428
vn 0.7478 -0.1664 -0.6428
vn 0.6192 -0.6360 -0.4606
vn 0.6190 -0.6361 -0.4607
vn 0.3237 -0.9334 -0.1548
vn 0.3231 -0.9336 -0.1548
vn -0.0577 -0.9799 0.1910
vn -0.0583 -0.9799 0.1910
vn -0.4228 -0.7654 0.4852
vn -0.4229 -0.7654 0.4852
vn -0.6755 -0.3467 0.6507
vn -0.6754 -0.3468 0.6508
vn -0.7480 0.1665 0.6425
vn -0.7479 0.1664 0.6426
vn -0.5976 0.6366 0.4874
vn -0.5976 0.6368 0.4872
vn -0.2486 0.9364 0.2478
vn -0.2485 0.9365 0.2475
vn 0.1657 0.9845 -0.0574
vn 0.1659 0.9845 -0.0578
vn 0.5351 0.7703 -0.3467
vn 0.5352 0.7702 -0.3470
vn 0.7624 0.3505 -0.5440
vn 0.7624 0.3503 -0.5441
vn 0.7860 -0.1648 -0.5959
vn 0.7859 -0.1650 -0.5959
vn 0.5977 -0.6366 -0.4873
vn 0.5975 -0.6368 -0.4873
vn 0.2487 -0.9364 -0.2477
vn 0.2483 -0.9365 -0.2477
vn -0.1658 -0.9845 0.0573
vn -0.1663 -0.9844 0.0572
vn -0.5354 -0.7703 0.3464
vn -0.5357 -0.7701 0.3464
vn -0.7626 -0.3504 0.5437
vn -0.7627 -0.3503 0.5436
vn -0.7860 0.1648 0.5959
vn -0.7860 0.1650 0.5957
vn -0.5764 0.6316 0.5186
vn -0.5764 0.6316 0.5185
vn -0.1836 0.9212 0.3431
vn 0.2570 0.9634 0.0764
vn 0.2571 0.9634 0.0763
vn 0.6285 0.7489 -0.2103
vn 0.6285 0.7488 -0.2104
vn 0.8328 0.3342 -0.4413
vn 0.8143 -0.1714 -0.5545
vn 0.8143 -0.1714 -0.5546
vn 0.5764 -0.6316 -0.5185
vn 0.1837 -0.9212 -0.3429
vn -0.2569 -0.9634 -0.0762
vn -0.2570 -0.9634 -0.0762
vn -0.6284 -0.7489 0.2104
vn -0.6285 -0.7488 0.2104
vn -0.8328 -0.3343 0.4413
vn -0.8329 -0.3341 0.4413
vn -0.8143 0.1714 0.5545
vn -0.5556 0.6195 0.5546
vn -0.1269 0.8883 0.4414
vn -0.1269 0.8883 0.4415
vn 0.3344 0.9186 0.2107
vn 0.3344 0.9186 0.2106
vn 0.7059 0.7042 -0.0760
vn 0.7060 0.7041 -0.0762
vn 0.8897 0.3016 -0.3428
vn 0.8896 0.3014 -0.3430
vn 0.8352 -0.1833 -0.5185
vn 0.8351 -0.1834 -0.5186
vn 0.5556 -0.6196 -0.5545
vn 0.1271 -0.8884 -0.4410
vn 0.1272 -0.8884 -0.4410
vn -0.3340 -0.9189 -0.2099
vn -0.3341 -0.9189 -0.2100
vn -0.7055 -0.7045 0.0766
vn -0.7057 -0.7043 0.0766
vn -0.8895 -0.3018 0.3432
vn -0.8896 -0.3015 0.3431
vn -0.8352 0.1833 0.5185
vn -0.8352 0.1834 0.5185
vn -0.5358 0.5982 0.5960
vn -0.5357 0.5982 0.5959
vn -0.0777 0.8353 0.5442
vn -0.0777 0.8354 0.5442
vn 0.3995 0.8484 0.3473
vn 0.3997 0.8484 0.3471
vn 0.7697 0.6357 0.0581
vn 0.7699 0.6356 0.0577
vn 0.9353 0.2530 -0.2472
vn 0.9353 0.2527 -0.2478
vn 0.8503 -0.1991 -0.4872
vn 0.8501 -0.1993 -0.4875
vn 0.5358 -0.5983 -0.5957
vn 0.5358 -0.5983 -0.5958
vn 0.0780 -0.8358 -0.5434
vn 0.0781 -0.8359 -0.5434
vn -0.3989 -0.8493 -0.3458
vn -0.3991 -0.8492 -0.3459
vn -0.7691 -0.6366 -0.0567
vn -0.7695 -0.6361 -0.0568
vn -0.9350 -0.2535 0.2480
vn -0.9352 -0.2528 0.2479
vn -0.8502 0.1990 0.4874
vn -0.8502 0.1994 0.4873
vn -0.5180 0.5644 0.6428
vn -0.5181 0.5643 0.6428
vn -0.0370 0.7576 0.6517
vn -0.0371 0.7575 0.6518
vn 0.4519 0.7476 0.4867
vn 0.4519 0.7477 0.4866
vn 0.8199 0.5391 0.1924
vn 0.8201 0.5391 0.1920
vn 0.9703 0.1864 -0.1541
vn 0.9703 0.1862 -0.1547
vn 0.8604 -0.2181 -0.4605
vn 0.8603 -0.2182 -0.4608
vn 0.5180 -0.5646 -0.6426
vn 0.5182 -0.5646 -0.6424
vn 0.0373 -0.7585 -0.6506
vn 0.0378 -0.7587 -0.6503
vn -0.4512 -0.7494 -0.4845
vn -0.8192 -0.5410 -0.1904
vn -0.8196 -0.5403 -0.1905
vn -0.9700 -0.1874 0.1551
vn -0.9701 -0.1865 0.1551
vn -0.8604 0.2179 0.4607
vn -0.8603 0.2183 0.4606
vn -0.5035 0.5147 0.6939
vn -0.5047 0.5131 0.6943
vn -0.0073 0.6487 0.7610
vn -0.0087 0.6477 0.7618
vn 0.4884 0.6092 0.6248
vn 0.4874 0.6089 0.6259
vn 0.8537 0.4085 0.3228
vn 0.8534 0.4085 0.3238
vn 0.9929 0.0984 -0.0665
vn 0.9930 0.0985 -0.0656
vn 0.8654 -0.2398 -0.4399
vn 0.8661 -0.2399 -0.4386
vn 0.5035 -0.5141 -0.6944
vn 0.5052 -0.5148 -0.6927
vn 0.0073 -0.6497 -0.7602
vn 0.0096 -0.6514 -0.7586
vn -0.4880 -0.6117 -0.6226
vn -0.4866 -0.6136 -0.6219
vn -0.8533 -0.4110 -0.3209
vn -0.8529 -0.4118 -0.3208
vn -0.9928 -0.0991 0.0670
vn -0.9927 -0.0999 0.0670
vn -0.8655 0.2406 0.4394
vn -0.8659 0.2392 0.4394
vn -0.4938 0.4462 0.7464
vn -0.4988 0.4405 0.7465
vn 0.0076 0.5042 0.8636
vn 0.0020 0.5005 0.8657
vn 0.5040 0.4284 0.7500
vn 0.4995 0.4265 0.7540
vn 0.8665 0.2402 0.4376
vn 0.8641 0.2393 0.4428
vn 0.9999 -0.0120 0.0068
vn 0.9998 -0.0131 0.0127
vn 0.8645 -0.2622 -0.4288
vn 0.8670 -0.2645 -0.4224
vn 0.4943 -0.4418 -0.7486
vn 0.4993 -0.4471 -0.7421
vn -0.0074 -0.5020 -0.8648
vn -0.0013 -0.5113 -0.8594
vn -0.5040 -0.4284 -0.7500
vn -0.4996 -0.4388 -0.7469
vn -0.8665 -0.2397 -0.4379
vn -0.8645 -0.2483 -0.4371
vn -0.9998 0.0154 -0.0083
vn -0.9999 0.0077 -0.0088
vn -0.8641 0.2673 0.4265
vn -0.8667 0.2601 0.4256
vn -0.4897 0.3580 0.7950
vn -0.5033 0.3450 0.7923
vn 0.0045 0.3263 0.9453
vn -0.0102 0.3177 0.9481
vn 0.4949 0.2104 0.8431
vn 0.4825 0.2044 0.8517
vn 0.8546 0.0411 0.5176
vn 0.8468 0.0357 0.5307
vn 0.9890 -0.1382 0.0518
vn 0.9871 -0.1453 0.0675
vn 0.8577 -0.2795 -0.4316
vn 0.8616 -0.2916 -0.4154
vn 0.4936 -0.3434 -0.7990
vn 0.5020 -0.3646 -0.7843
vn -0.0012 -0.3125 -0.9499
vn 0.0076 -0.3455 -0.9384
vn -0.4925 -0.1960 -0.8480
vn -0.4869 -0.2339 -0.8416
vn -0.8525 -0.0248 -0.5222
vn -0.8510 -0.0576 -0.5221
vn -0.9863 0.1552 -0.0556
vn -0.9897 0.1297 -0.0603
vn -0.8540 0.2956 0.4281
vn -0.8632 0.2768 0.4222
vn -0.4906 0.2529 0.8339
vn -0.5190 0.2310 0.8230
vn -0.0146 0.1282 0.9916
vn -0.0448 0.1129 0.9926
vn 0.4641 -0.0248 0.8854
vn 0.4375 -0.0382 0.8984
vn 0.8216 -0.1673 0.5450
vn 0.8029 -0.1830 0.5674
vn 0.9634 -0.2620 0.0569
vn 0.9550 -0.2845 0.0843
vn 0.8474 -0.2821 -0.4498
vn 0.8488 -0.3171 -0.4231
vn 0.5035 -0.2198 -0.8355
vn 0.5099 -0.2754 -0.8149
vn 0.0284 -0.0900 -0.9955
vn 0.0314 -0.1724 -0.9845
vn -0.4494 0.0739 -0.8902
vn -0.4540 -0.0210 -0.8908
vn -0.8076 0.2192 -0.5475
vn -0.8167 0.1392 -0.5600
vn -0.9508 0.3045 -0.0570
vn -0.9652 0.2501 -0.0767
vn -0.8350 0.3168 0.4498
vn -0.8570 0.2824 0.4310
vn -0.4942 0.1361 0.8586
vn -0.5420 0.1075 0.8335
vn -0.0419 -0.0698 0.9967
vn -0.0924 -0.0917 0.9915
vn 0.4231 -0.2485 0.8713
vn 0.3769 -0.2723 0.8853
vn 0.7794 -0.3550 0.5162
vn 0.7439 -0.3875 0.5445
vn 0.9324 -0.3608 0.0225
vn 0.9110 -0.4084 0.0566
vn 0.8382 -0.2615 -0.4786
vn 0.8294 -0.3316 -0.4497
vn 0.5223 -0.0802 -0.8490
vn 0.5170 -0.1833 -0.8362
vn 0.0743 0.1390 -0.9875
vn 0.0593 -0.0030 -0.9982
vn -0.3854 0.3383 -0.8585
vn -0.4123 0.1828 -0.8925
vn -0.7433 0.4446 -0.4998
vn -0.7733 0.3190 -0.5479
vn -0.9027 0.4301 -0.0071
vn -0.9348 0.3505 -0.0569
vn -0.8113 0.3175 0.4909
vn -0.8511 0.2710 0.4497
vn -0.4977 0.0136 0.8672
vn -0.5657 -0.0166 0.8244
vn -0.0668 -0.2509 0.9657
vn -0.1391 -0.2778 0.9505
vn 0.3863 -0.4382 0.8116
vn 0.3183 -0.4735 0.8213
vn 0.7423 -0.5007 0.4453
vn 0.6866 -0.5533 0.4716
vn 0.9064 -0.4206 -0.0382
vn 0.8674 -0.4975 -0.0084
vn 0.8331 -0.2161 -0.5091
vn 0.8080 -0.3238 -0.4922
vn 0.5435 0.0617 -0.8371
vn 0.5206 -0.0838 -0.8497
vn 0.1194 0.3431 -0.9317
vn 0.0854 0.1627 -0.9830
vn -0.3270 0.5494 -0.7690
vn -0.3720 0.3676 -0.8523
vn -0.6863 0.6070 -0.4007
vn -0.7331 0.4667 -0.4948
vn -0.8592 0.5060 0.0765
vn -0.9079 0.4191 -0.0096
vn -0.7896 0.2890 0.5413
vn -0.8475 0.2400 0.4735
vn -0.5004 -0.1087 0.8590
vn -0.5836 -0.1348 0.8008
vn -0.0837 -0.4071 0.9096
vn -0.1733 -0.4358 0.8832
vn 0.3618 -0.5860 0.7250
vn 0.2757 -0.6307 0.7254
vn 0.7182 -0.5994 0.3534
vn 0.6450 -0.6692 0.3691
vn 0.8904 -0.4422 -0.1077
vn 0.8350 -0.5423 -0.0933
vn 0.8318 -0.1534 -0.5335
vn 0.7913 -0.2864 -0.5402
vn 0.5596 0.1926 -0.8061
vn 0.5234 0.0278 -0.8516
vn 0.1494 0.5051 -0.8500
vn 0.1071 0.3217 -0.9408
vn -0.2917 0.6953 -0.6569
vn -0.3405 0.5257 -0.7795
vn -0.6520 0.7023 -0.2858
vn -0.7037 0.5772 -0.4143
vn -0.8315 0.5298 0.1674
vn -0.8892 0.4544 0.0532
vn -0.7755 0.2329 0.5869
vn -0.8458 0.1921 0.4977
vn -0.5022 -0.2245 0.8351
vn -0.5926 -0.2433 0.7679
vn -0.0922 -0.5362 0.8390
vn -0.1905 -0.5639 0.8036
vn 0.3500 -0.6947 0.6284
vn 0.2543 -0.7443 0.6176
vn 0.7070 -0.6585 0.2581
vn 0.6237 -0.7375 0.2588
vn 0.8833 -0.4356 -0.1734
vn 0.8181 -0.5464 -0.1791
vn 0.8317 -0.0835 -0.5490
vn 0.7829 -0.2233 -0.5807
vn 0.5671 0.3053 -0.7650
vn 0.5266 0.1449 -0.8376
vn 0.1616 0.6266 -0.7624
vn 0.1213 0.4637 -0.8776
vn -0.2789 0.7902 -0.5458
vn -0.3221 0.6509 -0.6875
vn -0.6393 0.7482 -0.1774
vn -0.6875 0.6513 -0.3211
vn -0.8203 0.5157 0.2474
vn -0.8792 0.4611 0.1204
vn -0.7697 0.1597 0.6182
vn -0.8447 0.1325 0.5186
vn -0.5048 -0.3279 0.7986
vn -0.5926 -0.3389 0.7308
vn -0.0957 -0.6395 0.7628
vn -0.1922 -0.6638 0.7228
vn 0.3464 -0.7719 0.5331
vn 0.2518 -0.8205 0.5132
vn 0.7038 -0.6897 0.1701
vn 0.6210 -0.7679 0.1572
vn 0.8811 -0.4137 -0.2293
vn 0.8159 -0.5205 -0.2519
vn 0.8307 -0.0163 -0.5566
vn 0.7827 -0.1449 -0.6053
vn 0.5667 0.3967 -0.7221
vn 0.5303 0.2586 -0.8074
vn 0.1601 0.7140 -0.6816
vn 0.1282 0.5841 -0.8015
vn -0.2819 0.8481 -0.4486
vn -0.3149 0.7449 -0.5882
vn -0.6419 0.7617 -0.0875
vn -0.6819 0.6954 -0.2268
vn -0.8216 0.4803 0.3072
vn -0.8752 0.4473 0.1840
vn -0.7710 0.0815 0.6316
vn -0.8426 0.0681 0.5342
vn -0.5086 -0.4147 0.7545
vn -0.5865 -0.4195 0.6928
vn -0.0976 -0.7195 0.6876
vn -0.1837 -0.7391 0.6481
vn 0.3461 -0.8253 0.4463
vn 0.2614 -0.8683 0.4215
vn 0.7041 -0.7038 0.0944
vn 0.6301 -0.7731 0.0729
vn 0.8808 -0.3865 -0.2737
vn 0.8230 -0.4789 -0.3055
vn 0.8286 0.0424 -0.5582
vn 0.7876 -0.0645 -0.6128
vn 0.5619 0.4682 -0.6820
vn 0.5335 0.3594 -0.7657
vn 0.1519 0.7760 -0.6121
vn 0.1297 0.6800 -0.7217
vn -0.2924 0.8822 -0.3691
vn -0.3151 0.8114 -0.4923
vn -0.6521 0.7579 -0.0187
vn -0.6826 0.7171 -0.1404
vn -0.8297 0.4377 0.3465
vn -0.8747 0.4219 0.2387
vn -0.7769 0.0085 0.6295
vn -0.8395 0.0055 0.5434
vn -0.5145 -0.4836 0.7081
vn -0.5778 -0.4844 0.6569
vn -0.1006 -0.7794 0.6184
vn -0.1709 -0.7940 0.5834
vn 0.3455 -0.8619 0.3712
vn 0.2764 -0.8965 0.3462
vn 0.7046 -0.7089 0.0323
vn 0.6445 -0.7646 0.0084
vn 0.8806 -0.3608 -0.3073
vn 0.8345 -0.4334 -0.3403
vn 0.8263 0.0898 -0.5561
vn 0.7950 0.0084 -0.6066
vn 0.5562 0.5218 -0.6468
vn 0.5366 0.4426 -0.7184
vn 0.1426 0.8192 -0.5554
vn 0.1291 0.7531 -0.6451
vn -0.3041 0.9017 -0.3074
vn -0.3183 0.8566 -0.4062
vn -0.6641 0.7470 0.0306
vn -0.6858 0.7247 -0.0666
vn -0.8404 0.3973 0.3686
vn -0.8753 0.3927 0.2823
vn -0.7854 -0.0532 0.6166
vn -0.8357 -0.0501 0.5469
vn -0.5222 -0.5354 0.6638
vn -0.5696 -0.5341 0.6247
vn -0.1058 -0.8230 0.5581
vn -0.1586 -0.8330 0.5300
vn 0.3427 -0.8871 0.3091
vn 0.2909 -0.9125 0.2875
vn 0.7035 -0.7105 -0.0167
vn 0.6588 -0.7513 -0.0383
vn 0.8800 -0.3399 -0.3318
vn 0.8463 -0.3924 -0.3603
vn 0.8246 0.1254 -0.5516
vn 0.8028 0.0682 -0.5924
vn 0.5524 0.5608 -0.6168
vn 0.5400 0.5070 -0.6719
vn 0.1360 0.8492 -0.5102
vn 0.1286 0.8065 -0.5771
vn -0.3130 0.9132 -0.2608
vn -0.3212 0.8863 -0.3336
vn -0.6743 0.7356 0.0645
vn -0.6888 0.7249 -0.0070
vn -0.8508 0.3643 0.3788
vn -0.8759 0.3654 0.3151
vn -0.7950 -0.1010 0.5982
vn -0.8322 -0.0955 0.5462
vn -0.5312 -0.5723 0.6247
vn -0.5639 -0.5704 0.5972
vn -0.1133 -0.8539 0.5079
vn -0.1498 -0.8602 0.4874
vn 0.3375 -0.9049 0.2594
vn 0.3018 -0.9219 0.2429
vn 0.7007 -0.7114 -0.0543
vn 0.6700 -0.7389 -0.0712
vn 0.8788 -0.3252 -0.3492
vn 0.8561 -0.3601 -0.3707
vn 0.8242 0.1505 -0.5459
vn 0.8100 0.1131 -0.5754
vn 0.5514 0.5880 -0.5918
vn 0.5441 0.5539 -0.6302
vn 0.1334 0.8700 -0.4746
vn 0.1297 0.8440 -0.5204
vn -0.3177 0.9209 -0.2259
vn -0.3220 0.9058 -0.2753
vn -0.6811 0.7269 0.0876
vn -0.6902 0.7226 0.0391
vn -0.8592 0.3403 0.3821
vn -0.8760 0.3435 0.3386
vn -0.8042 -0.1353 0.5787
vn -0.8298 -0.1299 0.5428
vn -0.5412 -0.5971 0.5921
vn -0.5610 -0.5954 0.5752
vn -0.1231 -0.8753 0.4677
vn -0.1451 -0.8787 0.4547
vn 0.3296 -0.9180 0.2206
vn 0.3081 -0.9279 0.2099
vn 0.6956 -0.7137 -0.0830
vn 0.6773 -0.7297 -0.0939
vn 0.8768 -0.3169 -0.3617
vn 0.8634 -0.3372 -0.3753
vn 0.8246 0.1660 -0.5407
vn 0.8166 0.1446 -0.5588
vn 0.5531 0.6056 -0.5721
vn 0.5494 0.5865 -0.5952
vn 0.1349 0.8840 -0.4475
vn 0.1334 0.8700 -0.4747
vn -0.3179 0.9267 -0.2004
vn -0.3199 0.9192 -0.2296
vn -0.6840 0.7221 0.1031
vn -0.6891 0.7209 0.0743
vn -0.8652 0.3252 0.3817
vn -0.8751 0.3282 0.3557
vn -0.8129 -0.1577 0.5606
vn -0.8282 -0.1536 0.5390
vn -0.5508 -0.6124 0.5671
vn -0.5611 -0.6113 0.5581
vn -0.1335 -0.8896 0.4369
vn -0.1450 -0.8911 0.4299
vn 0.3203 -0.9279 0.1910
vn 0.3091 -0.9328 0.1851
vn 0.6891 -0.7170 -0.1047
vn 0.6796 -0.7252 -0.1106
vn 0.8741 -0.3135 -0.3709
vn 0.8673 -0.3237 -0.3782
vn 0.8257 0.1746 -0.5363
vn 0.8217 0.1639 -0.5458
vn 0.5569 0.6165 -0.5566
vn 0.5552 0.6071 -0.5685
vn 0.1396 0.8937 -0.4264
vn 0.1390 0.8870 -0.4403
vn -0.3143 0.9320 -0.1805
vn -0.3151 0.9287 -0.1955
vn -0.6832 0.7211 0.1152
vn -0.6857 0.7210 0.1003
vn -0.8682 0.3175 0.3814
vn -0.8733 0.3195 0.3679
vn -0.8197 -0.1706 0.5468
vn -0.8277 -0.1682 0.5354
vn -0.5591 -0.6210 0.5494
vn -0.5629 -0.6205 0.5460
vn -0.1438 -0.8988 0.4141
vn -0.1481 -0.8993 0.4115
vn 0.3103 -0.9356 0.1684
vn 0.3061 -0.9374 0.1662
vn 0.6816 -0.7215 -0.1219
vn 0.6780 -0.7245 -0.1242
vn 0.8705 -0.3139 -0.3790
vn 0.8680 -0.3177 -0.3818
vn 0.8265 0.1780 -0.5340
vn 0.8250 0.1741 -0.5376
vn 0.5613 0.6224 -0.5455
vn 0.5607 0.6190 -0.5499
vn 0.1460 0.9002 -0.4102
vn 0.1459 0.8979 -0.4154
vn -0.3081 0.9370 -0.1645
vn -0.3083 0.9359 -0.1701
vn -0.6793 0.7230 0.1258
vn -0.6803 0.7230 0.1203
vn -0.8683 0.3153 0.3829
vn -0.8702 0.3162 0.3779
vn -0.8243 -0.1766 0.5380
vn -0.8272 -0.1756 0.5337
vn -0.5649 -0.6250 0.5388
vn -0.5654 -0.6249 0.5383
vn -0.1525 -0.9045 0.3982
vn -0.1531 -0.9046 0.3978
vn 0.3007 -0.9417 0.1510
vn 0.3002 -0.9419 0.1507
vn 0.6735 -0.7265 -0.1366
vn 0.6730 -0.7269 -0.1369
vn 0.8658 -0.3166 -0.3875
vn 0.8655 -0.3171 -0.3879
vn 0.8262 0.1781 -0.5345
vn 0.8260 0.1776 -0.5350
vn 0.5652 0.6252 -0.5383
vn 0.5651 0.6248 -0.5388
vn 0.1528 0.9047 -0.3977
vn 0.1528 0.9044 -0.3983
vn -0.3004 0.9419 -0.1505
vn -0.3005 0.9417 -0.1512
vn -0.6732 0.7267 0.1371
vn -0.6733 0.7267 0.1364
vn -0.8655 0.3168 0.3880
vn -0.8658 0.3169 0.3873
vn -0.8259 -0.1780 0.5350
vn -0.8263 -0.1778 0.5345
vn -0.5668 -0.6265 0.5350
vn -0.5674 -0.6264 0.5345
vn -0.1580 -0.9081 0.3879
vn -0.1587 -0.9081 0.3875
vn 0.2930 -0.9462 0.1369
vn 0.2924 -0.9465 0.1365
vn 0.6657 -0.7309 -0.1507
vn 0.6651 -0.7313 -0.1510
vn 0.8600 -0.3197 -0.3978
vn 0.8596 -0.3202 -0.3982
vn 0.8239 0.1772 -0.5383
vn 0.8237 0.1767 -0.5388
vn 0.5671 0.6267 -0.5344
vn 0.5670 0.6262 -0.5351
vn 0.1584 0.9082 -0.3873
vn 0.1584 0.9079 -0.3880
vn -0.2927 0.9464 -0.1363
vn -0.2927 0.9463 -0.1371
vn -0.6653 0.7311 0.1513
vn -0.6655 0.7311 0.1504
vn -0.8596 0.3198 0.3984
vn -0.8599 0.3200 0.3976
vn -0.8236 -0.1771 0.5388
vn -0.8240 -0.1769 0.5382
vn -0.5633 -0.6275 0.5376
vn -0.5674 -0.6268 0.5340
vn -0.1588 -0.9105 0.3817
vn -0.1633 -0.9109 0.3790
vn 0.2885 -0.9494 0.1241
vn 0.2841 -0.9510 0.1218
vn 0.6588 -0.7338 -0.1662
vn 0.6551 -0.7365 -0.1685
vn 0.8529 -0.3214 -0.4115
vn 0.8503 -0.3248 -0.4142
vn 0.8188 0.1773 -0.5460
vn 0.8173 0.1737 -0.5494
vn 0.5657 0.6287 -0.5337
vn 0.5650 0.6256 -0.5380
vn 0.1612 0.9117 -0.3778
vn 0.1610 0.9097 -0.3829
vn -0.2861 0.9506 -0.1202
vn -0.2865 0.9498 -0.1258
vn -0.6564 0.7350 0.1701
vn -0.6575 0.7353 0.1645
vn -0.8506 0.3225 0.4154
vn -0.8527 0.3236 0.4102
vn -0.8165 -0.1761 0.5499
vn -0.8197 -0.1750 0.5454
vn -0.5527 -0.6297 0.5458
vn -0.5641 -0.6279 0.5363
vn -0.1531 -0.9130 0.3782
vn -0.1655 -0.9138 0.3708
vn 0.2883 -0.9511 0.1106
vn 0.2764 -0.9553 0.1046
vn 0.6534 -0.7340 -0.1852
vn 0.6434 -0.7413 -0.1911
vn 0.8443 -0.3199 -0.4299
vn 0.8371 -0.3291 -0.4370
vn 0.8099 0.1804 -0.5581
vn 0.8057 0.1708 -0.5671
vn 0.5594 0.6328 -0.5354
vn 0.5575 0.6246 -0.5468
vn 0.1599 0.9161 -0.3678
vn 0.1590 0.9106 -0.3814
vn -0.2816 0.9543 -0.1002
vn -0.2830 0.9522 -0.1152
vn -0.6468 0.7372 0.1956
vn -0.6501 0.7381 0.1804
vn -0.8377 0.3230 0.4404
vn -0.8438 0.3259 0.4263
vn -0.8033 -0.1773 0.5686
vn -0.8124 -0.1741 0.5566
vn -0.5334 -0.6350 0.5588
vn -0.5561 -0.6313 0.5406
vn -0.1395 -0.9164 0.3752
vn -0.1639 -0.9178 0.3616
vn 0.2936 -0.9513 0.0939
vn 0.2703 -0.9592 0.0828
vn 0.6497 -0.7306 -0.2099
vn 0.6302 -0.7444 -0.2207
vn 0.8336 -0.3135 -0.4548
vn 0.8195 -0.3310 -0.4678
vn 0.7960 0.1883 -0.5752
vn 0.7876 0.1703 -0.5922
vn 0.5471 0.6406 -0.5389
vn 0.5429 0.6252 -0.5607
vn 0.1532 0.9220 -0.3555
vn 0.1508 0.9119 -0.3817
vn -0.2799 0.9572 -0.0741
vn -0.2835 0.9534 -0.1032
vn -0.6362 0.7365 0.2298
vn -0.6437 0.7386 0.2003
vn -0.8201 0.3193 0.4748
vn -0.8331 0.3251 0.4474
vn -0.7825 -0.1827 0.5952
vn -0.8010 -0.1763 0.5720
vn -0.5027 -0.6452 0.5753
vn -0.5424 -0.6387 0.5458
vn -0.1159 -0.9215 0.3706
vn -0.1577 -0.9238 0.3490
vn 0.3052 -0.9496 0.0710
vn 0.2659 -0.9625 0.0541
vn 0.6477 -0.7221 -0.2430
vn 0.6149 -0.7446 -0.2596
vn 0.8199 -0.3001 -0.4875
vn 0.7961 -0.3287 -0.5081
vn 0.7759 0.2035 -0.5972
vn 0.7611 0.1740 -0.6249
vn 0.5272 0.6539 -0.5427
vn 0.5191 0.6290 -0.5787
vn 0.1404 0.9305 -0.3384
vn 0.1347 0.9143 -0.3821
vn -0.2809 0.9590 -0.0388
vn -0.2892 0.9532 -0.0876
vn -0.6236 0.7316 0.2756
vn -0.6389 0.7354 0.2259
vn -0.7958 0.3094 0.5205
vn -0.8203 0.3192 0.4745
vn -0.7516 -0.1946 0.6303
vn -0.7850 -0.1837 0.5917
vn -0.4601 -0.6614 0.5923
vn -0.5208 -0.6517 0.5514
vn -0.0829 -0.9292 0.3602
vn -0.1454 -0.9321 0.3316
vn 0.3217 -0.9461 0.0381
vn 0.2637 -0.9645 0.0164
vn 0.6450 -0.7079 -0.2877
vn 0.5970 -0.7402 -0.3094
vn 0.8008 -0.2788 -0.5301
vn 0.7656 -0.3196 -0.5583
vn 0.7473 0.2267 -0.6247
vn 0.7246 0.1848 -0.6640
vn 0.4986 0.6733 -0.5460
vn 0.4846 0.6382 -0.5982
vn 0.1212 0.9414 -0.3148
vn 0.1096 0.9190 -0.3788
vn -0.2836 0.9589 0.0073
vn -0.3002 0.9517 -0.0644
vn -0.6071 0.7210 0.3339
vn -0.6347 0.7274 0.2608
vn -0.7627 0.2915 0.5773
vn -0.8037 0.3065 0.5101
vn -0.7089 -0.2146 0.6719
vn -0.7619 -0.1983 0.6166
vn -0.4046 -0.6846 0.6064
vn -0.4906 -0.6710 0.5560
vn -0.0416 -0.9395 0.3400
vn -0.1275 -0.9431 0.3071
vn 0.3402 -0.9403 -0.0088
vn 0.2619 -0.9645 -0.0326
vn 0.6383 -0.6874 -0.3466
vn 0.5738 -0.7299 -0.3715
vn 0.7730 -0.2487 -0.5836
vn 0.7253 -0.3022 -0.6186
vn 0.7082 0.2585 -0.6570
vn 0.6759 0.2042 -0.7081
vn 0.4609 0.6989 -0.5468
vn 0.4385 0.6540 -0.6165
vn 0.0973 0.9544 -0.2821
vn 0.0758 0.9266 -0.3684
vn -0.2850 0.9562 0.0668
vn -0.3152 0.9485 -0.0303
vn -0.5830 0.7036 0.4063
vn -0.6291 0.7139 0.3076
vn -0.7170 0.2644 0.6450
vn -0.7809 0.2857 0.5555
vn -0.6516 -0.2438 0.7183
vn -0.7299 -0.2212 0.6467
vn -0.3372 -0.7148 0.6127
vn -0.4511 -0.6967 0.5578
vn 0.0040 -0.9523 0.3052
vn -0.1056 -0.9561 0.2732
vn 0.3551 -0.9319 -0.0733
vn 0.2574 -0.9616 -0.0949
vn 0.6216 -0.6600 -0.4218
vn 0.5415 -0.7122 -0.4467
vn 0.7320 -0.2098 -0.6482
vn 0.6716 -0.2749 -0.6880
vn 0.6564 0.2988 -0.6927
vn 0.6131 0.2335 -0.7547
vn 0.4147 0.7302 -0.5430
vn 0.3807 0.6773 -0.6296
vn 0.0717 0.9686 -0.2380
vn 0.0352 0.9374 -0.3465
vn -0.2800 0.9496 0.1411
vn -0.3310 0.9434 0.0185
vn -0.5452 0.6781 0.4928
vn -0.6185 0.6939 0.3687
vn -0.6536 0.2270 0.7220
vn -0.7486 0.2559 0.6116
vn -0.5775 -0.2830 0.7658
vn -0.6867 -0.2530 0.6815
vn -0.2651 -0.7509 0.6049
vn -0.4010 -0.7280 0.5561
vn 0.0437 -0.9669 0.2513
vn -0.0820 -0.9700 0.2287
vn 0.3552 -0.9214 -0.1579
vn 0.2455 -0.9542 -0.1708
vn 0.5849 -0.6276 -0.5138
vn 0.4952 -0.6855 -0.5338
vn 0.6708 -0.1646 -0.7231
vn 0.6014 -0.2363 -0.7632
vn 0.5894 0.3445 -0.7307
vn 0.5359 0.2739 -0.7987
vn 0.3620 0.7643 -0.5337
vn 0.3144 0.7089 -0.6314
vn 0.0498 0.9818 -0.1833
vn -0.0059 0.9517 -0.3069
vn -0.2617 0.9379 0.2276
vn -0.3397 0.9365 0.0876
vn -0.4879 0.6445 0.5887
vn -0.5946 0.6675 0.4483
vn -0.5700 0.1801 0.8017
vn -0.6992 0.2175 0.6810
vn -0.4888 -0.3308 0.8073
vn -0.6271 -0.2932 0.7216
vn -0.1980 -0.7902 0.5800
vn -0.3430 -0.7625 0.5486
vn 0.0644 -0.9819 0.1783
vn -0.0639 -0.9829 0.1728
vn 0.3270 -0.9086 -0.2597
vn 0.2170 -0.9412 -0.2588
vn 0.5172 -0.5918 -0.6183
vn 0.4266 -0.6499 -0.6290
vn 0.5831 -0.1163 -0.8040
vn 0.5102 -0.1874 -0.8394
vn 0.5064 0.3921 -0.7680
vn 0.4452 0.3236 -0.8349
vn 0.3072 0.7982 -0.5183
vn 0.2462 0.7471 -0.6175
vn 0.0398 0.9920 -0.1198
vn -0.0371 0.9684 -0.2465
vn -0.2210 0.9208 0.3215
vn -0.3291 0.9274 0.1779
vn -0.4037 0.6037 0.6874
vn -0.5458 0.6358 0.5458
vn -0.4633 0.1260 0.8772
vn -0.6239 0.1724 0.7622
vn -0.3893 -0.3844 0.8370
vn -0.5478 -0.3394 0.7647
vn -0.1474 -0.8290 0.5395
vn -0.2828 -0.7975 0.5330
vn 0.0526 -0.9943 0.0925
vn -0.0621 -0.9923 0.1071
vn 0.2571 -0.8928 -0.3700
vn 0.1599 -0.9214 -0.3541
vn 0.4080 -0.5535 -0.7261
vn 0.3262 -0.6058 -0.7257
vn 0.4635 -0.0671 -0.8835
vn 0.3940 -0.1303 -0.9099
vn 0.4081 0.4386 -0.8007
vn 0.3440 0.3797 -0.8588
vn 0.2562 0.8289 -0.4973
vn 0.1857 0.7886 -0.5863
vn 0.0508 0.9973 -0.0526
vn -0.0437 0.9850 -0.1669
vn -0.1487 0.8977 0.4148
vn -0.2837 0.9153 0.2857
vn -0.2863 0.5572 0.7795
vn -0.4583 0.5994 0.6562
vn -0.3335 0.0673 0.9403
vn -0.5134 0.1223 0.8494
vn -0.2862 -0.4402 0.8511
vn -0.4468 -0.3890 0.8056
vn -0.1239 -0.8620 0.4916
vn -0.2290 -0.8300 0.5086
vn -0.0030 -1.0000 0.0077
vn -0.0888 -0.9953 0.0376
vn 0.1353 -0.8710 -0.4723
vn 0.0622 -0.8929 -0.4459
vn 0.2501 -0.5119 -0.8218
vn 0.1859 -0.5530 -0.8122
vn 0.3093 -0.0180 -0.9508
vn 0.2503 -0.0668 -0.9659
vn 0.2966 0.4820 -0.8244
vn 0.2370 0.4387 -0.8668
vn 0.2156 0.8542 -0.4732
vn 0.1446 0.8288 -0.5405
vn 0.0905 0.9958 0.0100
vn -0.0090 0.9971 -0.0758
vn -0.0391 0.8680 0.4949
vn -0.1843 0.8974 0.4008
vn -0.1354 0.5058 0.8520
vn -0.3146 0.5572 0.7685
vn -0.1869 0.0072 0.9824
vn -0.3578 0.0674 0.9313
vn -0.1893 -0.4931 0.8491
vn -0.3251 -0.4405 0.8368
vn -0.1277 -0.8842 0.4493
vn -0.1925 -0.8569 0.4783
vn -0.1021 -0.9931 -0.0571
vn -0.1539 -0.9878 -0.0228
vn -0.0370 -0.8376 -0.5450
vn -0.0828 -0.8522 -0.5166
vn 0.0463 -0.4622 -0.8856
vn 0.0029 -0.4902 -0.8716
vn 0.1248 0.0345 -0.9916
vn 0.0809 0.0020 -0.9967
vn 0.1775 0.5234 -0.8334
vn 0.1292 0.4966 -0.8583
vn 0.1908 0.8727 -0.4494
vn 0.1308 0.8616 -0.4904
vn 0.1635 0.9849 0.0572
vn 0.0780 0.9969 0.0075
vn 0.1085 0.8293 0.5482
vn -0.0166 0.8661 0.4995
vn 0.0439 0.4488 0.8925
vn -0.1041 0.5029 0.8580
vn -0.0308 -0.0525 0.9981
vn -0.1592 0.0048 0.9872
vn -0.1011 -0.5394 0.8360
vn -0.1918 -0.4929 0.8487
vn -0.1499 -0.8937 0.4229
vn -0.1794 -0.8750 0.4496
vn -0.2314 -0.9692 -0.0847
vn -0.2552 -0.9652 -0.0571
vn -0.2438 -0.7864 -0.5676
vn -0.2668 -0.7948 -0.5450
vn -0.1867 -0.3976 -0.8984
vn -0.2115 -0.4138 -0.8854
vn -0.0763 0.0956 -0.9925
vn -0.1043 0.0774 -0.9915
vn 0.0590 0.5651 -0.8229
vn 0.0263 0.5518 -0.8336
vn 0.1839 0.8835 -0.4308
vn 0.1433 0.8817 -0.4495
vn 0.2656 0.9610 0.0772
vn 0.2105 0.9759 0.0572
vn 0.2856 0.7772 0.5607
vn 0.2099 0.8098 0.5478
vn 0.2405 0.3837 0.8916
vn 0.1563 0.4269 0.8907
vn 0.1298 -0.1123 0.9852
vn 0.0618 -0.0697 0.9957
vn -0.0176 -0.5791 0.8151
vn -0.0616 -0.5463 0.8353
vn -0.1784 -0.8920 0.4152
vn -0.1868 -0.8826 0.4314
vn -0.3680 -0.9273 -0.0677
vn -0.3753 -0.9255 -0.0518
vn -0.4551 -0.7150 -0.5307
vn -0.4638 -0.7192 -0.5174
vn -0.4193 -0.3151 -0.8514
vn -0.4306 -0.3229 -0.8428
vn -0.2709 0.1680 -0.9478
vn -0.2853 0.1598 -0.9450
vn -0.0475 0.6085 -0.7921
vn -0.0651 0.6035 -0.7947
vn 0.1920 0.8860 -0.4221
vn 0.1712 0.8875 -0.4279
vn 0.3823 0.9220 0.0608
vn 0.3576 0.9322 0.0560
vn 0.4734 0.7087 0.5231
vn 0.4444 0.7271 0.5233
vn 0.4422 0.3061 0.8431
vn 0.4124 0.3295 0.8493
vn 0.2925 -0.1780 0.9396
vn 0.2696 -0.1551 0.9504
vn 0.0639 -0.6167 0.7846
vn 0.0503 -0.5994 0.7989
vn -0.2045 -0.8831 0.4223
vn -0.2052 -0.8798 0.4287
vn -0.4889 -0.8723 -0.0127
vn -0.4898 -0.8718 -0.0065
vn -0.6398 -0.6283 -0.4426
vn -0.6419 -0.6299 -0.4372
vn -0.6199 -0.2189 -0.7535
vn -0.6236 -0.2217 -0.7496
vn -0.4351 0.2488 -0.8653
vn -0.4407 0.2460 -0.8633
vn -0.1324 0.6523 -0.7463
vn -0.1394 0.6509 -0.7462
vn 0.2081 0.8807 -0.4255
vn 0.2006 0.8820 -0.4265
vn 0.4931 0.8699 0.0092
vn 0.4858 0.8740 0.0086
vn 0.6460 0.6251 0.4381
vn 0.6390 0.6316 0.4390
vn 0.6276 0.2145 0.7484
vn 0.6211 0.2231 0.7513
vn 0.4420 -0.2534 0.8605
vn 0.4375 -0.2445 0.8653
vn 0.1371 -0.6556 0.7425
vn 0.1352 -0.6492 0.7485
vn -0.2253 -0.8700 0.4386
vn -0.2250 -0.8694 0.4400
vn -0.5819 -0.8106 0.0657
vn -0.5819 -0.8105 0.0668
vn -0.7808 -0.5345 -0.3234
vn -0.7810 -0.5349 -0.3224
vn -0.7714 -0.1174 -0.6254
vn -0.7721 -0.1180 -0.6244
vn -0.5569 0.3316 -0.7615
vn -0.5583 0.3309 -0.7608
vn -0.1922 0.6937 -0.6942
vn -0.1939 0.6935 -0.6939
vn 0.2258 0.8695 -0.4393
vn 0.2243 0.8699 -0.4393
vn 0.5827 0.8099 -0.0667
vn 0.5818 0.8106 -0.0667
vn 0.7825 0.5332 0.3215
vn 0.7818 0.5342 0.3217
vn 0.7738 0.1154 0.6229
vn 0.7730 0.1173 0.6235
vn 0.5588 -0.3334 0.7593
vn 0.5585 -0.3311 0.7605
vn 0.1932 -0.6947 0.6929
vn 0.1934 -0.6931 0.6944
vn -0.2412 -0.8541 0.4608
vn -0.2413 -0.8542 0.4606
vn -0.6465 -0.7470 0.1548
vn -0.6466 -0.7470 0.1543
vn -0.8771 -0.4404 -0.1917
vn -0.8771 -0.4403 -0.1921
vn -0.8737 -0.0173 -0.4862
vn -0.8736 -0.0172 -0.4864
vn -0.6376 0.4110 -0.6516
vn -0.2297 0.7308 -0.6428
vn 0.2412 0.8542 -0.4606
vn 0.2414 0.8541 -0.4607
vn 0.6465 0.7470 -0.1548
vn 0.6470 0.7466 -0.1548
vn 0.8774 0.4400 0.1910
vn 0.8777 0.4395 0.1910
vn 0.8743 0.0166 0.4852
vn 0.8743 0.0164 0.4851
vn 0.6380 -0.4116 0.6507
vn 0.6381 -0.4115 0.6508
vn 0.2298 -0.7310 0.6425
vn 0.2299 -0.7309 0.6426
vn -0.2525 -0.8359 0.4874
vn -0.2527 -0.8359 0.4872
vn -0.6866 -0.6835 0.2478
vn -0.6868 -0.6835 0.2475
vn -0.9355 -0.3487 -0.0574
vn -0.9355 -0.3486 -0.0578
vn -0.9347 0.0783 -0.3467
vn -0.9346 0.0784 -0.3470
vn -0.6847 0.4851 -0.5439
vn -0.6846 0.4851 -0.5441
vn -0.2503 0.7631 -0.5959
vn -0.2501 0.7631 -0.5959
vn 0.2525 0.8360 -0.4873
vn 0.2528 0.8358 -0.4873
vn 0.6866 0.6836 -0.2477
vn 0.6869 0.6832 -0.2477
vn 0.9355 0.3486 0.0573
vn 0.9357 0.3482 0.0572
vn 0.9348 -0.0785 0.3465
vn 0.9348 -0.0788 0.3464
vn 0.6848 -0.4852 0.5437
vn 0.6847 -0.4854 0.5437
vn 0.2503 -0.7631 0.5959
vn 0.2502 -0.7632 0.5958
vn -0.2588 -0.8149 0.5185
vn -0.2588 -0.8150 0.5185
vn -0.7059 -0.6196 0.3431
vn -0.7060 -0.6196 0.3431
vn -0.9628 -0.2591 0.0764
vn -0.9628 -0.2591 0.0763
vn -0.9628 0.1698 -0.2103
vn -0.9627 0.1699 -0.2104
vn -0.7059 0.5541 -0.4412
vn -0.7058 0.5541 -0.4413
vn -0.2588 0.7909 -0.5545
vn -0.2587 0.7909 -0.5546
vn 0.2588 0.8150 -0.5185
vn 0.7059 0.6197 -0.3429
vn 0.7060 0.6197 -0.3430
vn 0.9628 0.2592 -0.0762
vn 0.9628 0.2591 -0.0762
vn 0.9628 -0.1697 0.2104
vn 0.9627 -0.1699 0.2104
vn 0.7059 -0.5541 0.4413
vn 0.7058 -0.5542 0.4413
vn 0.2588 -0.7909 0.5545
vn 0.2587 -0.7910 0.5545
vn -0.2587 -0.7909 0.5546
vn -0.7058 -0.5540 0.4415
vn -0.9627 -0.1697 0.2107
vn -0.9627 -0.1697 0.2106
vn -0.9628 0.2592 -0.0759
vn -0.9628 0.2593 -0.0762
vn -0.7060 0.6197 -0.3428
vn -0.7059 0.6197 -0.3431
vn -0.2589 0.8150 -0.5185
vn -0.2587 0.8149 -0.5186
vn 0.2588 0.7910 -0.5545
vn 0.2587 0.7910 -0.5544
vn 0.7059 0.5543 -0.4410
vn 0.7058 0.5544 -0.4410
vn 0.9628 0.1702 -0.2099
vn 0.9628 0.1701 -0.2100
vn 0.9629 -0.2587 0.0766
vn 0.9628 -0.2590 0.0766
vn 0.7061 -0.6194 0.3432
vn 0.7059 -0.6197 0.3431
vn 0.2589 -0.8149 0.5185
vn 0.2587 -0.8150 0.5185
vn -0.2501 -0.7631 0.5960
vn -0.2502 -0.7631 0.5959
vn -0.6846 -0.4850 0.5442
vn -0.6846 -0.4849 0.5442
vn -0.9345 -0.0782 0.3473
vn -0.9346 -0.0781 0.3471
vn -0.9354 0.3488 0.0581
vn -0.9354 0.3490 0.0576
vn -0.6868 0.6835 -0.2472
vn -0.6865 0.6836 -0.2478
vn -0.2527 0.8359 -0.4872
vn -0.2525 0.8358 -0.4875
vn 0.2502 0.7632 -0.5957
vn 0.2502 0.7632 -0.5958
vn 0.6849 0.4855 -0.5434
vn 0.6848 0.4856 -0.5433
vn 0.9349 0.0791 -0.3458
vn 0.9350 0.0789 -0.3459
vn 0.9359 -0.3478 -0.0567
vn 0.9356 -0.3484 -0.0568
vn 0.6871 -0.6830 0.2480
vn 0.6865 -0.6835 0.2479
vn 0.2528 -0.8358 0.4874
vn 0.2524 -0.8360 0.4873
vn -0.2298 -0.7308 0.6428
vn -0.2296 -0.7308 0.6428
vn -0.6376 -0.4108 0.6517
vn -0.6374 -0.4109 0.6518
vn -0.8734 0.0175 0.4867
vn -0.8734 0.0176 0.4866
vn -0.8769 0.4405 0.1924
vn -0.8769 0.4407 0.1920
vn -0.6466 0.7471 -0.1541
vn -0.6464 0.7472 -0.1547
vn -0.2413 0.8542 -0.4605
vn -0.2412 0.8541 -0.4608
vn 0.2299 0.7309 -0.6426
vn 0.2298 0.7311 -0.6424
vn 0.6383 0.4115 -0.6506
vn 0.6382 0.4121 -0.6503
vn 0.8746 -0.0161 -0.4845
vn 0.8746 -0.0160 -0.4845
vn 0.8781 -0.4390 -0.1904
vn 0.8777 -0.4397 -0.1905
vn 0.6473 -0.7463 0.1551
vn 0.6466 -0.7469 0.1551
vn 0.2415 -0.8541 0.4607
vn 0.2411 -0.8542 0.4606
vn -0.1940 -0.6934 0.6939
vn -0.1920 -0.6936 0.6943
vn -0.5582 -0.3307 0.7610
vn -0.5566 -0.3314 0.7618
vn -0.7718 0.1183 0.6248
vn -0.7710 0.1176 0.6259
vn -0.7807 0.5351 0.3228
vn -0.7805 0.5348 0.3238
vn -0.5817 0.8107 -0.0665
vn -0.5818 0.8107 -0.0656
vn -0.2250 0.8694 -0.4399
vn -0.2253 0.8700 -0.4386
vn 0.1935 0.6931 -0.6944
vn 0.1932 0.6949 -0.6927
vn 0.5589 0.3312 -0.7602
vn 0.5593 0.3341 -0.7587
vn 0.7737 -0.1168 -0.6227
vn 0.7746 -0.1146 -0.6220
vn 0.7826 -0.5335 -0.3209
vn 0.7831 -0.5328 -0.3208
vn 0.5823 -0.8102 0.0670
vn 0.5829 -0.8098 0.0670
vn 0.2244 -0.8698 0.4394
vn 0.2258 -0.8695 0.4394
vn -0.1396 -0.6507 0.7464
vn -0.1321 -0.6522 0.7465
vn -0.4404 -0.2455 0.8636
vn -0.4344 -0.2485 0.8657
vn -0.6230 0.2223 0.7500
vn -0.6191 0.2194 0.7541
vn -0.6413 0.6303 0.4376
vn -0.6392 0.6287 0.4429
vn -0.4895 0.8720 0.0067
vn -0.4886 0.8724 0.0127
vn -0.2052 0.8798 -0.4289
vn -0.2044 0.8831 -0.4224
vn 0.1354 0.6490 -0.7487
vn 0.1376 0.6560 -0.7421
vn 0.4385 0.2446 -0.8648
vn 0.4436 0.2546 -0.8593
vn 0.6230 -0.2223 -0.7500
vn 0.6299 -0.2132 -0.7469
vn 0.6408 -0.6305 -0.4379
vn 0.6473 -0.6245 -0.4371
vn 0.4866 -0.8736 -0.0083
vn 0.4933 -0.8698 -0.0088
vn 0.2005 -0.8820 0.4266
vn 0.2081 -0.8807 0.4256
vn -0.0651 -0.6031 0.7950
vn -0.0472 -0.6083 0.7923
vn -0.2847 -0.1592 0.9453
vn -0.2700 -0.1676 0.9482
vn -0.4296 0.3234 0.8431
vn -0.4183 0.3157 0.8517
vn -0.4628 0.7196 0.5176
vn -0.4544 0.7155 0.5306
vn -0.3748 0.9256 0.0518
vn -0.3677 0.9275 0.0674
vn -0.1867 0.8825 -0.4316
vn -0.1783 0.8919 -0.4155
vn 0.0506 0.5992 -0.7990
vn 0.0648 0.6170 -0.7843
vn 0.2714 0.1552 -0.9499
vn 0.2954 0.1793 -0.9384
vn 0.4161 -0.3284 -0.8479
vn 0.4459 -0.3048 -0.8416
vn 0.4479 -0.7258 -0.5222
vn 0.4753 -0.7082 -0.5221
vn 0.3589 -0.9317 -0.0556
vn 0.3825 -0.9220 -0.0603
vn 0.1711 -0.8874 0.4281
vn 0.1918 -0.8859 0.4223
vn 0.0263 -0.5515 0.8338
vn 0.0594 -0.5650 0.8230
vn -0.1037 -0.0769 0.9916
vn -0.0755 -0.0953 0.9926
vn -0.2106 0.4143 0.8855
vn -0.1858 0.3980 0.8984
vn -0.2659 0.7951 0.5450
vn -0.2431 0.7868 0.5674
vn -0.2548 0.9653 0.0570
vn -0.2312 0.9693 0.0843
vn -0.1794 0.8750 -0.4497
vn -0.1499 0.8936 -0.4231
vn -0.0614 0.5461 -0.8355
vn -0.0167 0.5792 -0.8150
vn 0.0636 0.0697 -0.9955
vn 0.1331 0.1132 -0.9846
vn 0.1606 -0.4261 -0.8903
vn 0.2446 -0.3828 -0.8909
vn 0.2139 -0.8089 -0.5476
vn 0.2876 -0.7769 -0.5601
vn 0.2118 -0.9756 -0.0571
vn 0.2659 -0.9609 -0.0768
vn 0.1432 -0.8816 0.4497
vn 0.1839 -0.8834 0.4309
vn 0.1291 -0.4960 0.8587
vn 0.1780 -0.5232 0.8334
vn 0.0812 -0.0013 0.9967
vn 0.1257 -0.0343 0.9915
vn 0.0035 0.4907 0.8713
vn 0.0474 0.4624 0.8854
vn -0.0823 0.8525 0.5162
vn -0.0362 0.8379 0.5446
vn -0.1538 0.9878 0.0224
vn -0.1017 0.9932 0.0567
vn -0.1928 0.8566 -0.4786
vn -0.1272 0.8842 -0.4495
vn -0.1920 0.4924 -0.8489
vn -0.0994 0.5395 -0.8361
vn -0.1580 -0.0052 -0.9874
vn -0.0266 0.0531 -0.9982
vn -0.1011 -0.5031 -0.8583
vn 0.0482 -0.4483 -0.8926
vn -0.0141 -0.8662 -0.4996
vn 0.1106 -0.8291 -0.5480
vn 0.0786 -0.9969 -0.0070
vn 0.1640 -0.9848 -0.0570
vn 0.1305 -0.8613 0.4910
vn 0.1910 -0.8726 0.4496
vn 0.2371 -0.4378 0.8672
vn 0.2972 -0.4816 0.8244
vn 0.2507 0.0677 0.9657
vn 0.3102 0.0184 0.9505
vn 0.1864 0.5537 0.8116
vn 0.2509 0.5124 0.8213
vn 0.0624 0.8932 0.4452
vn 0.1358 0.8713 0.4715
vn -0.0890 0.9953 -0.0383
vn -0.0029 1.0000 -0.0084
vn -0.2294 0.8296 -0.5091
vn -0.1236 0.8616 -0.4922
vn -0.3252 0.4398 -0.8372
vn -0.1878 0.4927 -0.8497
vn -0.3567 -0.0682 -0.9317
vn -0.1836 -0.0075 -0.9830
vn -0.3121 -0.5579 -0.7690
vn -0.1324 -0.5060 -0.8523
vn -0.1825 -0.8979 -0.4007
vn -0.0376 -0.8682 -0.4948
vn -0.0086 -0.9970 0.0765
vn 0.0910 -0.9958 -0.0096
vn 0.1446 -0.8283 0.5413
vn 0.2159 -0.8539 0.4735
vn 0.3444 -0.3790 0.8589
vn 0.4085 -0.4380 0.8008
vn 0.3944 0.1310 0.9095
vn 0.4641 0.0678 0.8832
vn 0.3266 0.6063 0.7250
vn 0.4083 0.5542 0.7254
vn 0.1600 0.9217 0.3534
vn 0.2570 0.8932 0.3691
vn -0.0622 0.9922 -0.1078
vn 0.0521 0.9943 -0.0934
vn -0.2830 0.7970 -0.5335
vn -0.1478 0.8285 -0.5402
vn -0.4465 0.3883 -0.8061
vn -0.2859 0.4394 -0.8516
vn -0.5120 -0.1232 -0.8501
vn -0.3323 -0.0682 -0.9407
vn -0.4562 -0.6002 -0.6570
vn -0.2851 -0.5578 -0.7795
vn -0.2821 -0.9158 -0.2859
vn -0.1480 -0.8980 -0.4143
vn -0.0430 -0.9849 0.1674
vn 0.0510 -0.9973 0.0533
vn 0.1861 -0.7880 0.5869
vn 0.2565 -0.8285 0.4978
vn 0.4455 -0.3227 0.8351
vn 0.5070 -0.3915 0.7679
vn 0.5105 0.1883 0.8390
vn 0.5836 0.1169 0.8036
vn 0.4266 0.6505 0.6284
vn 0.5174 0.5923 0.6176
vn 0.2168 0.9415 0.2581
vn 0.3269 0.9089 0.2588
vn -0.0644 0.9827 -0.1734
vn 0.0641 0.9817 -0.1791
vn -0.3435 0.7620 -0.5490
vn -0.1981 0.7897 -0.5807
vn -0.5479 0.3385 -0.7650
vn -0.3889 0.3836 -0.8376
vn -0.6234 -0.1734 -0.7624
vn -0.4623 -0.1268 -0.8776
vn -0.5448 -0.6366 -0.5458
vn -0.4027 -0.6044 -0.6874
vn -0.3283 -0.9278 -0.1774
vn -0.2203 -0.9211 -0.3211
vn -0.0365 -0.9682 0.2474
vn 0.0403 -0.9919 0.1204
vn 0.2466 -0.7464 0.6182
vn 0.3076 -0.7978 0.5186
vn 0.5363 -0.2730 0.7987
vn 0.5899 -0.3437 0.7307
vn 0.6016 0.2370 0.7628
vn 0.6711 0.1655 0.7227
vn 0.4951 0.6860 0.5331
vn 0.5848 0.6283 0.5131
vn 0.2452 0.9544 0.1701
vn 0.3547 0.9217 0.1571
vn -0.0825 0.9699 -0.2293
vn 0.0430 0.9668 -0.2520
vn -0.4014 0.7274 -0.5565
vn -0.2657 0.7502 -0.6054
vn -0.6271 0.2923 -0.7220
vn -0.4888 0.3299 -0.8076
vn -0.6986 -0.2185 -0.6813
vn -0.5696 -0.1811 -0.8017
vn -0.5937 -0.6683 -0.4483
vn -0.4874 -0.6452 -0.5884
vn -0.3388 -0.9368 -0.0872
vn -0.2612 -0.9382 -0.2269
vn -0.0052 -0.9516 0.3074
vn 0.0503 -0.9816 0.1839
vn 0.3149 -0.7083 0.6318
vn 0.3625 -0.7638 0.5341
vn 0.6136 -0.2333 0.7544
vn 0.6565 -0.2980 0.6930
vn 0.6721 0.2751 0.6875
vn 0.7318 0.2107 0.6482
vn 0.5419 0.7123 0.4462
vn 0.6211 0.6608 0.4215
vn 0.2577 0.9616 0.0943
vn 0.3542 0.9323 0.0730
vn -0.1054 0.9560 -0.2738
vn 0.0028 0.9522 -0.3054
vn -0.4507 0.6964 -0.5584
vn -0.3384 0.7143 -0.6126
vn -0.6861 0.2526 -0.6823
vn -0.5784 0.2823 -0.7654
vn -0.7477 -0.2564 -0.6125
vn -0.6541 -0.2277 -0.7213
vn -0.6176 -0.6943 -0.3695
vn -0.5454 -0.6787 -0.4919
vn -0.3302 -0.9437 -0.0191
vn -0.2799 -0.9498 -0.1401
vn 0.0359 -0.9375 0.3462
vn 0.0719 -0.9684 0.2389
vn 0.3812 -0.6772 0.6293
vn 0.4149 -0.7296 0.5436
vn 0.6760 -0.2035 0.7083
vn 0.7085 -0.2584 0.6567
vn 0.7251 0.3028 0.6185
vn 0.7733 0.2488 0.5832
vn 0.5735 0.7303 0.3712
vn 0.6385 0.6875 0.3461
vn 0.2614 0.9647 0.0324
vn 0.3402 0.9403 0.0083
vn -0.1282 0.9430 -0.3072
vn -0.0415 0.9393 -0.3405
vn -0.4912 0.6706 -0.5558
vn -0.4044 0.6842 -0.6069
vn -0.7304 0.2207 -0.6464
vn -0.6512 0.2434 -0.7188
vn -0.7811 -0.2862 -0.5550
vn -0.7164 -0.2648 -0.6455
vn -0.6291 -0.7142 -0.3069
vn -0.5824 -0.7039 -0.4066
vn -0.3150 -0.9486 0.0310
vn -0.2845 -0.9563 -0.0669
vn 0.0761 -0.9263 0.3690
vn 0.0977 -0.9544 0.2820
vn 0.4387 -0.6534 0.6169
vn 0.4613 -0.6988 0.5467
vn 0.7248 -0.1843 0.6638
vn 0.7475 -0.2261 0.6247
vn 0.7657 0.3200 0.5580
vn 0.8007 0.2794 0.5299
vn 0.5968 0.7405 0.3089
vn 0.6447 0.7084 0.2873
vn 0.2634 0.9645 -0.0168
vn 0.3211 0.9463 -0.0384
vn -0.1457 0.9320 -0.3319
vn -0.0835 0.9290 -0.3605
vn -0.5211 0.6513 -0.5516
vn -0.4605 0.6610 -0.5925
vn -0.7619 0.1978 -0.6168
vn -0.7091 0.2139 -0.6719
vn -0.8034 -0.3070 -0.5102
vn -0.7627 -0.2921 -0.5771
vn -0.6342 -0.7278 -0.2608
vn -0.6069 -0.7214 -0.3335
vn -0.2997 -0.9518 0.0646
vn -0.2832 -0.9590 -0.0068
vn 0.1101 -0.9189 0.3789
vn 0.1216 -0.9412 0.3152
vn 0.4851 -0.6378 0.5982
vn 0.4989 -0.6728 0.5462
vn 0.7614 -0.1742 0.6245
vn 0.7758 -0.2029 0.5975
vn 0.7964 0.3286 0.5077
vn 0.8196 0.3007 0.4876
vn 0.6152 0.7445 0.2593
vn 0.6472 0.7226 0.2430
vn 0.2662 0.9624 -0.0545
vn 0.3045 0.9499 -0.0709
vn -0.1574 0.9237 -0.3494
vn -0.1167 0.9215 -0.3704
vn -0.5420 0.6386 -0.5463
vn -0.5035 0.6449 -0.5750
vn -0.7846 0.1836 -0.5922
vn -0.7521 0.1942 -0.6297
vn -0.8199 -0.3194 -0.4751
vn -0.7961 -0.3097 -0.5199
vn -0.6385 -0.7356 -0.2265
vn -0.6236 -0.7318 -0.2748
vn -0.2889 -0.9534 0.0871
vn -0.2808 -0.9589 0.0396
vn 0.1350 -0.9144 0.3816
vn 0.1405 -0.9302 0.3390
vn 0.5194 -0.6291 0.5783
vn 0.5273 -0.6535 0.5431
vn 0.7876 -0.1702 0.5922
vn 0.7961 -0.1884 0.5751
vn 0.8195 0.3310 0.4678
vn 0.8336 0.3135 0.4547
vn 0.6302 0.7444 0.2207
vn 0.6498 0.7306 0.2099
vn 0.2702 0.9592 -0.0828
vn 0.2936 0.9513 -0.0939
vn -0.1640 0.9178 -0.3615
vn -0.1394 0.9164 -0.3753
vn -0.5561 0.6313 -0.5406
vn -0.5333 0.6350 -0.5588
vn -0.8011 0.1763 -0.5720
vn -0.7824 0.1827 -0.5953
vn -0.8332 -0.3251 -0.4474
vn -0.8201 -0.3193 -0.4749
vn -0.6437 -0.7386 -0.2003
vn -0.6361 -0.7365 -0.2299
vn -0.2835 -0.9534 0.1032
vn -0.2799 -0.9572 0.0740
vn 0.1508 -0.9119 0.3818
vn 0.1532 -0.9221 0.3554
vn 0.5429 -0.6252 0.5607
vn 0.5471 -0.6406 0.5388
vn 0.8057 -0.1708 0.5671
vn 0.8099 -0.1803 0.5581
vn 0.8371 0.3291 0.4369
vn 0.8443 0.3199 0.4299
vn 0.6434 0.7413 0.1911
vn 0.6534 0.7340 0.1852
vn 0.2765 0.9553 -0.1046
vn 0.2883 0.9511 -0.1106
vn -0.1655 0.9138 -0.3709
vn -0.1532 0.9130 -0.3782
vn -0.5641 0.6279 -0.5363
vn -0.5528 0.6297 -0.5458
vn -0.8123 0.1741 -0.5566
vn -0.8033 0.1773 -0.5686
vn -0.8438 -0.3259 -0.4263
vn -0.8377 -0.3230 -0.4404
vn -0.6501 -0.7381 -0.1805
vn -0.6467 -0.7372 -0.1956
vn -0.2830 -0.9522 0.1152
vn -0.2816 -0.9543 0.1002
vn 0.1591 -0.9106 0.3814
vn 0.1599 -0.9160 0.3678
vn 0.5575 -0.6246 0.5468
vn 0.5594 -0.6327 0.5354
vn 0.8173 -0.1736 0.5494
vn 0.8188 -0.1773 0.5459
vn 0.8502 0.3249 0.4142
vn 0.8529 0.3213 0.4114
vn 0.6551 0.7366 0.1685
vn 0.6588 0.7337 0.1661
vn 0.2840 0.9510 -0.1218
vn 0.2885 0.9494 -0.1242
vn -0.1634 0.9109 -0.3789
vn -0.1588 0.9105 -0.3818
vn -0.5674 0.6268 -0.5340
vn -0.5632 0.6275 -0.5376
vn -0.8197 0.1749 -0.5454
vn -0.8164 0.1761 -0.5499
vn -0.8527 -0.3236 -0.4101
vn -0.8505 -0.3226 -0.4154
vn -0.6575 -0.7353 -0.1644
vn -0.6564 -0.7350 -0.1702
vn -0.2864 -0.9498 0.1259
vn -0.2861 -0.9506 0.1202
vn 0.1610 -0.9096 0.3830
vn 0.1613 -0.9117 0.3778
vn 0.5650 -0.6255 0.5380
vn 0.5657 -0.6287 0.5336
vn 0.8237 -0.1767 0.5388
vn 0.8239 -0.1772 0.5383
vn 0.8596 0.3202 0.3982
vn 0.8599 0.3197 0.3978
vn 0.6652 0.7313 0.1510
vn 0.6656 0.7309 0.1507
vn 0.2924 0.9465 -0.1366
vn 0.2930 0.9463 -0.1369
vn -0.1587 0.9081 -0.3875
vn -0.1581 0.9080 -0.3879
vn -0.5673 0.6264 -0.5345
vn -0.5668 0.6265 -0.5350
vn -0.8240 0.1769 -0.5383
vn -0.8236 0.1770 -0.5388
vn -0.8599 -0.3200 -0.3977
vn -0.8597 -0.3199 -0.3983
vn -0.6654 -0.7311 -0.1505
vn -0.6653 -0.7311 -0.1512
vn -0.2927 -0.9463 0.1371
vn -0.2927 -0.9464 0.1364
vn 0.1584 -0.9079 0.3880
vn 0.1584 -0.9082 0.3874
vn 0.5671 -0.6263 0.5350
vn 0.5671 -0.6266 0.5345
vn 0.8260 -0.1775 0.5350
vn 0.8262 -0.1781 0.5345
vn 0.8654 0.3172 0.3879
vn 0.8658 0.3166 0.3875
vn 0.6729 0.7269 0.1369
vn 0.6735 0.7265 0.1365
vn 0.3001 0.9419 -0.1507
vn 0.3008 0.9417 -0.1511
vn -0.1532 0.9046 -0.3978
vn -0.1525 0.9045 -0.3983
vn -0.5655 0.6249 -0.5383
vn -0.5649 0.6250 -0.5388
vn -0.8263 0.1778 -0.5344
vn -0.8258 0.1779 -0.5351
vn -0.8658 -0.3170 -0.3873
vn -0.8655 -0.3168 -0.3881
vn -0.6733 -0.7267 -0.1363
vn -0.6731 -0.7267 -0.1372
vn -0.3004 -0.9417 0.1513
vn -0.3004 -0.9419 0.1504
vn 0.1528 -0.9044 0.3984
vn 0.1529 -0.9047 0.3976
vn 0.5651 -0.6247 0.5389
vn 0.5652 -0.6252 0.5382
vn 0.8251 -0.1742 0.5375
vn 0.8265 -0.1779 0.5341
vn 0.8680 0.3176 0.3817
vn 0.8705 0.3141 0.3791
vn 0.6781 0.7244 0.1241
vn 0.6815 0.7216 0.1219
vn 0.3062 0.9373 -0.1662
vn 0.3102 0.9356 -0.1684
vn -0.1480 0.8993 -0.4115
vn -0.1439 0.8988 -0.4141
vn -0.5628 0.6205 -0.5461
vn -0.5592 0.6210 -0.5493
vn -0.8272 0.1756 -0.5338
vn -0.8243 0.1765 -0.5379
vn -0.8702 -0.3162 -0.3780
vn -0.8683 -0.3154 -0.3828
vn -0.6802 -0.7230 -0.1204
vn -0.6794 -0.7230 -0.1257
vn -0.3083 -0.9360 0.1699
vn -0.3081 -0.9370 0.1646
vn 0.1459 -0.8979 0.4152
vn 0.1461 -0.9002 0.4103
vn 0.5608 -0.6191 0.5497
vn 0.5613 -0.6223 0.5456
vn 0.8217 -0.1639 0.5458
vn 0.8257 -0.1746 0.5363
vn 0.8673 0.3237 0.3782
vn 0.8742 0.3135 0.3709
vn 0.6796 0.7252 0.1107
vn 0.6892 0.7170 0.1047
vn 0.3091 0.9328 -0.1851
vn 0.3203 0.9278 -0.1910
vn -0.1450 0.8912 -0.4299
vn -0.1335 0.8896 -0.4369
vn -0.5611 0.6113 -0.5581
vn -0.5508 0.6124 -0.5671
vn -0.8277 0.1682 -0.5354
vn -0.8197 0.1706 -0.5468
vn -0.8733 -0.3194 -0.3679
vn -0.8682 -0.3175 -0.3814
vn -0.6857 -0.7210 -0.1003
vn -0.6832 -0.7211 -0.1152
vn -0.3152 -0.9287 0.1955
vn -0.3143 -0.9320 0.1804
vn 0.1390 -0.8870 0.4403
vn 0.1396 -0.8937 0.4263
vn 0.5551 -0.6071 0.5686
vn 0.5569 -0.6165 0.5566
vn 0.8165 -0.1440 0.5591
vn 0.8249 -0.1662 0.5403
vn 0.8631 0.3378 0.3755
vn 0.8770 0.3167 0.3613
vn 0.6768 0.7302 0.0940
vn 0.6958 0.7135 0.0826
vn 0.3075 0.9281 -0.2098
vn 0.3298 0.9178 -0.2209
vn -0.1457 0.8787 -0.4546
vn -0.1228 0.8752 -0.4680
vn -0.5614 0.5952 -0.5750
vn -0.5410 0.5969 -0.5925
vn -0.8285 0.1534 -0.5386
vn -0.8127 0.1576 -0.5610
vn -0.8752 -0.3284 -0.3551
vn -0.8650 -0.3253 -0.3821
vn -0.6890 -0.7210 -0.0737
vn -0.6838 -0.7223 -0.1036
vn -0.3198 -0.9191 0.2303
vn -0.3177 -0.9269 0.1999
vn 0.1335 -0.8697 0.4753
vn 0.1351 -0.8843 0.4470
vn 0.5494 -0.5860 0.5956
vn 0.5533 -0.6058 0.5717
vn 0.8102 -0.1128 0.5752
vn 0.8243 -0.1501 0.5458
vn 0.8561 0.3604 0.3704
vn 0.8788 0.3256 0.3490
vn 0.6698 0.7391 0.0708
vn 0.7004 0.7117 0.0540
vn 0.3015 0.9219 -0.2432
vn 0.3372 0.9049 -0.2597
vn -0.1501 0.8600 -0.4877
vn -0.1137 0.8537 -0.5081
vn -0.5642 0.5700 -0.5973
vn -0.5315 0.5720 -0.6248
vn -0.8299 0.1294 -0.5428
vn -0.8044 0.1349 -0.5786
vn -0.8759 -0.3438 -0.3384
vn -0.8592 -0.3407 -0.3818
vn -0.6899 -0.7229 -0.0389
vn -0.6808 -0.7272 -0.0873
vn -0.3216 -0.9059 0.2755
vn -0.3173 -0.9210 0.2261
vn 0.1302 -0.8439 0.5204
vn 0.1339 -0.8699 0.4747
vn 0.5445 -0.5536 0.6301
vn 0.5517 -0.5877 0.5918
vn 0.8029 -0.0676 0.5923
vn 0.8249 -0.1251 0.5513
vn 0.8461 0.3929 0.3601
vn 0.8800 0.3402 0.3315
vn 0.6584 0.7517 0.0380
vn 0.7034 0.7106 0.0163
vn 0.2905 0.9126 -0.2878
vn 0.3425 0.8871 -0.3095
vn -0.1591 0.8328 -0.5302
vn -0.1061 0.8228 -0.5584
vn -0.5700 0.5337 -0.6247
vn -0.5224 0.5350 -0.6640
vn -0.8324 0.0950 -0.5460
vn -0.7950 0.1005 -0.5982
vn -0.8759 -0.3658 -0.3147
vn -0.8506 -0.3647 -0.3787
vn -0.6886 -0.7251 0.0074
vn -0.6740 -0.7359 -0.0644
vn -0.3208 -0.8863 0.3340
vn -0.3125 -0.9134 0.2609
vn 0.1290 -0.8062 0.5773
vn 0.1365 -0.8492 0.5101
vn 0.5403 -0.5066 0.6719
vn 0.5528 -0.5606 0.6166
vn 0.7952 -0.0082 0.6062
vn 0.8264 -0.0892 0.5560
vn 0.8345 0.4337 0.3399
vn 0.8804 0.3612 0.3071
vn 0.6443 0.7647 -0.0088
vn 0.7042 0.7092 -0.0326
vn 0.2762 0.8964 -0.3467
vn 0.3450 0.8619 -0.3715
vn -0.1711 0.7937 -0.5837
vn -0.1011 0.7792 -0.6186
vn -0.5780 0.4840 -0.6570
vn -0.5149 0.4832 -0.7081
vn -0.8357 0.0497 -0.5469
vn -0.7857 0.0527 -0.6164
vn -0.8751 -0.3930 -0.2822
vn -0.8404 -0.3977 -0.3682
vn -0.6855 -0.7250 0.0667
vn -0.6638 -0.7473 -0.0301
vn -0.3178 -0.8567 0.4062
vn -0.3036 -0.9017 0.3078
vn 0.1296 -0.7532 0.6449
vn 0.1431 -0.8190 0.5556
vn 0.5371 -0.4425 0.7182
vn 0.5565 -0.5214 0.6468
vn 0.7877 0.0651 0.6126
vn 0.8288 -0.0422 0.5580
vn 0.8228 0.4794 0.3052
vn 0.8808 0.3867 0.2733
vn 0.6297 0.7734 -0.0733
vn 0.7040 0.7038 -0.0948
vn 0.2610 0.8683 -0.4218
vn 0.3459 0.8251 -0.4466
vn -0.1841 0.7388 -0.6483
vn -0.0978 0.7192 -0.6879
vn -0.5868 0.4191 -0.6928
vn -0.5088 0.4143 -0.7546
vn -0.8396 -0.0059 -0.5431
vn -0.7770 -0.0089 -0.6294
vn -0.8746 -0.4222 -0.2382
vn -0.8295 -0.4381 -0.3463
vn -0.6824 -0.7173 0.1408
vn -0.6517 -0.7583 0.0187
vn -0.3147 -0.8114 0.4926
vn -0.2918 -0.8825 0.3690
vn 0.1302 -0.6798 0.7218
vn 0.1525 -0.7761 0.6119
vn 0.5339 -0.3590 0.7656
vn 0.5623 -0.4680 0.6817
vn 0.7827 0.1460 0.6050
vn 0.8310 0.0165 0.5560
vn 0.8155 0.5214 0.2514
vn 0.8812 0.4138 0.2287
vn 0.6203 0.7683 -0.1578
vn 0.7037 0.6896 -0.1708
vn 0.2510 0.8204 -0.5137
vn 0.3462 0.7715 -0.5337
vn -0.1929 0.6633 -0.7230
vn -0.0959 0.6390 -0.7632
vn -0.5931 0.3383 -0.7306
vn -0.5049 0.3272 -0.7987
vn -0.8430 -0.0686 -0.5336
vn -0.7710 -0.0821 -0.6315
vn -0.8752 -0.4476 -0.1832
vn -0.8212 -0.4810 -0.3071
vn -0.6815 -0.6955 0.2276
vn -0.6411 -0.7625 0.0873
vn -0.3143 -0.7446 0.5888
vn -0.2808 -0.8488 0.4480
vn 0.1288 -0.5835 0.8018
vn 0.1612 -0.7145 0.6809
vn 0.5307 -0.2577 0.8074
vn 0.5674 -0.3968 0.7215
vn 0.7833 0.2237 0.5800
vn 0.8319 0.0842 0.5486
vn 0.8181 0.5468 0.1783
vn 0.8832 0.4361 0.1728
vn 0.6234 0.7375 -0.2597
vn 0.7066 0.6585 -0.2588
vn 0.2539 0.7438 -0.6183
vn 0.3495 0.6944 -0.6290
vn -0.1909 0.5632 -0.8040
vn -0.0928 0.5355 -0.8394
vn -0.5928 0.2425 -0.7679
vn -0.5028 0.2238 -0.8349
vn -0.8448 -0.1331 -0.5182
vn -0.7700 -0.1603 -0.6175
vn -0.8790 -0.4615 -0.1198
vn -0.8201 -0.5163 -0.2466
vn -0.6869 -0.6517 0.3215
vn -0.6386 -0.7487 0.1778
vn -0.3211 -0.6514 0.6875
vn -0.2776 -0.7906 0.5457
vn 0.1225 -0.4642 0.8772
vn 0.1627 -0.6266 0.7622
vn 0.5276 -0.1449 0.8371
vn 0.5678 -0.3048 0.7647
s 0
f 1//1 13//1 14//1
f 1//2 14//2 2//2
f 2//3 14//3 15//3
f 2//4 15//4 3//4
f 3//5 15//5 16//5
f 3//6 16//6 4//6
f 4//7 16//7 17//7
f 4//8 17//8 5//8
f 5//9 17//9 18//9
f 5//10 18//10 6//10
f 6//11 18//11 19//11
f 6//12 19//12 7//12
f 7//13 19//13 20//13
f 7//14 20//14 8//14
f 8//15 20//15 21//15
f 8//16 21//16 9//16
f 9//17 21//17 22//17
f 9//18 22//18 10//18
f 10//19 22//19 23//19
f 10//20 23//20 11//20
f 11//21 23//21 24//21
f 11//22 24//22 12//22
f 12//23 24//23 13//23
f 12//24 13//24 1//24
f 13//25 25//25 26//25
f 13//26 26//26 14//26
f 14//27 26//27 27//27
f 14//28 27//28 15//28
f 15//29 27//29 28//29
f 15//30 28//30 16//30
f 16//31 28//31 29//31
f 16//32 29//32 17//32
f 17//33 29//33 30//33
f 17//34 30//34 18//34
f 18//35 30//35 31//35
f 18//36 31//36 19//36
f 19//37 31//37 32//37
f 19//38 32//38 20//38
f 20//39 32//39 33//39
f 20//40 33//40 21//40
f 21//41 33//41 34//41
f 21//42 34//42 22//42
f 22//43 34//43 35//43
f 22//44 35//44 23//44
f 23//45 35//45 36//45
f 23//46 36//46 24//46
f 24//47 36//47 25//47
f 24//48 25//48 13//48
f 25//49 37//49 38//49
f 25//50 38//50 26//50
f 26//51 38//51 39//51
f 26//52 39//52 27//52
f 27//53 39//53 40//53
f 27//54 40//54 28//54
f 28//55 40//55 41//55
f 28//56 41//56 29//56
f 29//57 41//57 42//57
f 29//58 42//58 30//58
f 30//59 42//59 43//59
f 30//60 43//60 31//60
f 31//61 43//61 44//61
f 31//62 44//62 32//62
f 32//63 44//63 45//63
f 32//64 45//64 33//64
f 33//65 45//65 46//65
f 33//66 46//66 34//66
f 34//67 46//67 47//67
f 34//68 47//68 35//68
f 35//69 47//69 48//69
f 35//70 48//70 36//70
f 36//71 48//71 37//71
f 36//72 37//72 25//72
f 37//73 49//73 50//73
f 37//74 50//74 38//74
f 38//75 50//75 51//75
f 38//76 51//76 39//76
f 39//77 51//77 52//77
f 39//78 52//78 40//78
f 40//79 52//79 53//79
f 40//80 53//80 41//80
f 41//81 53//81 54//81
f 41//82 54//82 42//82
f 42//83 54//83 55//83
f 42//84 55//84 43//84
f 43//85 55//85 56//85
f 43//86 56//86 44//86
f 44//87 56//87 57//87
f 44//88 57//88 45//88
f 45//89 57//89 58//89
f 45//90 58//90 46//90
f 46//91 58//91 59//91
f 46//92 59//92 47//92
f 47//93 59//93 60//93
f 47//94 60//94 48//94
f 48//95 60//95 49//95
f 48//96 49//96 37//96
f 49//97 61//97 62//97
f 49//98 62//98 50//98
f 50//99 62//99 63//99
f 50//100 63//100 51//100
f 51//101 63//101 64//101
f 51//102 64//102 52//102
f 52//103 64//103 65//103
f 52//104 65//104 53//104
f 53//105 65//105 66//105
f 53//106 66//106 54//106
f 54//107 66//107 67//107
f 54//108 67//108 55//108
f 55//109 67//109 68//109
f 55//110 68//110 56//110
f 56//111 68//111 69//111
f 56//112 69//112 57//112
f 57//113 69//113 70//113
f 57//114 70//114 58//114
f 58//115 70//115 71//115
f 58//116 71//116 59//116
f 59//117 71//117 72//117
f 59//118 72//118 60//118
f 60//119 72//119 61//119
f 60//120 61//120 49//120
f 61//121 73//121 74//121
f 61//122 74//122 62//122
f 62//123 74//123 75//123
f 62//124 75//124 63//124
f 63//125 75//125 76//125
f 63//126 76//126 64//126
f 64//127 76//127 77//127
f 64//128 77//128 65//128
f 65//129 77//129 78//129
f 65//130 78//130 66//130
f 66//131 78//131 79//131
f 66//132 79//132 67//132
f 67//133 79//133 80//133
f 67//134 80//134 68//134
f 68//135 80//135 81//135
f 68//136 81//136 69//136
f 69//137 81//137 82//137
f 69//138 82//138 70//138
f 70//139 82//139 83//139
f 70//140 83//140 71//140
f 71//141 83//141 84//141
f 71//142 84//142 72//142
f 72//143 84//143 73//143
f 72//144 73//144 61//144
f 73//145 85//145 86//145
f 73//146 86//146 74//146
f 74//147 86//147 87//147
f 74//148 87//148 75//148
f 75//149 87//149 88//149
f 75//150 88//150 76//150
f 76//151 88//151 89//151
f 76//152 89//152 77//152
f 77//153 89//153 90//153
f 77//154 90//154 78//154
f 78//155 90//155 91//155
f 78//156 91//156 79//156
f 79//157 91//157 92//157
f 79//158 92//158 80//158
f 80//159 92//159 93//159
f 80//160 93//160 81//160
f 81//161 93//161 94//161
f 81//162 94//162 82//162
f 82//163 94//163 95//163
f 82//164 95//164 83//164
f 83//165 95//165 96//165
f 83//166 96//166 84//166
f 84//167 96//167 85//167
f 84//168 85//168 73//168
f 85//169 97//169 98//169
f 85//170 98//170 86//170
f 86//171 98//171 99//171
f 86//172 99//172 87//172
f 87//173 99//173 100//173
f 87//174 100//174 88//174
f 88//175 100//175 101//175
f 88//176 101//176 89//176
f 89//177 101//177 102//177
f 89//177 102//177 90//177
f 90//178 102//178 103//178
f 90//178 103//178 91//178
f 91//179 103//179 104//179
f 91//180 104//180 92//180
f 92//181 104//181 105//181
f 92//182 105//182 93//182
f 93//183 105//183 106//183
f 93//184 106//184 94//184
f 94//185 106//185 107//185
f 94//186 107//186 95//186
f 95//187 107//187 108//187
f 95//188 108//188 96//188
f 96//189 108//189 97//189
f 96//190 97//190 85//190
f 97//191 109//191 110//191
f 97//192 110//192 98//192
f 98//193 110//193 111//193
f 98//194 111//194 99//194
f 99//195 111//195 112//195
f 99//196 112//196 100//196
f 100//197 112//197 113//197
f 100//198 113//198 101//198
f 101//199 113//199 114//199
f 101//200 114//200 102//200
f 102//201 114//201 115//201
f 102//202 115//202 103//202
f 103//203 115//203 116//203
f 103//204 116//204 104//204
f 104//205 116//205 117//205
f 104//206 117//206 105//206
f 105//207 117//207 118//207
f 105//208 118//208 106//208
f 106//209 118//209 119//209
f 106//210 119//210 107//210
f 107//211 119//211 120//211
f 107//212 120//212 108//212
f 108//213 120//213 109//213
f 108//214 109//214 97//214
f 109//215 121//215 122//215
f 109//216 122//216 110//216
f 110//217 122//217 123//217
f 110//217 123//217 111//217
f 111//218 123//218 124//218
f 111//219 124//219 112//219
f 112//220 124//220 125//220
f 112//221 125//221 113//221
f 113//222 125//222 126//222
f 113//223 126//223 114//223
f 114//224 126//224 127//224
f 114//225 127//225 115//225
f 115//226 127//226 128//226
f 115//227 128//227 116//227
f 116//228 128//228 129//228
f 116//229 129//229 117//229
f 117//230 129//230 130//230
f 117//231 130//231 118//231
f 118//232 130//232 131//232
f 118//233 131//233 119//233
f 119//234 131//234 132//234
f 119//235 132//235 120//235
f 120//236 132//236 121//236
f 120//237 121//237 109//237
f 121//238 133//238 134//238
f 121//238 134//238 122//238
f 122//239 134//239 135//239
f 122//240 135//240 123//240
f 123//241 135//241 136//241
f 123//242 136//242 124//242
f 124//243 136//243 137//243
f 124//244 137//244 125//244
f 125//245 137//245 138//245
f 125//246 138//246 126//246
f 126//247 138//247 139//247
f 126//248 139//248 127//248
f 127//249 139//249 140//249
f 127//249 140//249 128//249
f 128//250 140//250 141//250
f 128//251 141//251 129//251
f 129//252 141//252 142//252
f 129//253 142//253 130//253
f 130//254 142//254 143//254
f 130//255 143//255 131//255
f 131//256 143//256 144//256
f 131//257 144//257 132//257
f 132//258 144//258 133//258
f 132//259 133//259 121//259
f 133//260 145//260 146//260
f 133//261 146//261 134//261
f 134//262 146//262 147//262
f 134//262 147//262 135//262
f 135//263 147//263 148//263
f 135//264 148//264 136//264
f 136//265 148//265 149//265
f 136//266 149//266 137//266
f 137//267 149//267 150//267
f 137//268 150//268 138//268
f 138//269 150//269 151//269
f 138//270 151//270 139//270
f 139//271 151//271 152//271
f 139//272 152//272 140//272
f 140//273 152//273 153//273
f 140//274 153//274 141//274
f 141//275 153//275 154//275
f 141//276 154//276 142//276
f 142//277 154//277 155//277
f 142//278 155//278 143//278
f 143//279 155//279 156//279
f 143//280 156//280 144//280
f 144//281 156//281 145//281
f 144//282 145//282 133//282
f 145//283 157//283 158//283
f 145//284 158//284 146//284
f 146//285 158//285 159//285
f 146//286 159//286 147//286
f 147//287 159//287 160//287
f 147//288 160//288 148//288
f 148//289 160//289 161//289
f 148//290 161//290 149//290
f 149//291 161//291 162//291
f 149//292 162//292 150//292
f 150//293 162//293 163//293
f 150//294 163//294 151//294
f 151//295 163//295 164//295
f 151//296 164//296 152//296
f 152//297 164//297 165//297
f 152//298 165//298 153//298
f 153//299 165//299 166//299
f 153//299 166//299 154//299
f 154//300 166//300 167//300
f 154//301 167//301 155//301
f 155//302 167//302 168//302
f 155//303 168//303 156//303
f 156//304 168//304 157//304
f 156//305 157//305 145//305
f 157//306 169//306 170//306
f 157//307 170//307 158//307
f 158//308 170//308 171//308
f 158//309 171//309 159//309
f 159//310 171//310 172//310
f 159//311 172//311 160//311
f 160//312 172//312 173//312
f 160//313 173//313 161//313
f 161//314 173//314 174//314
f 161//315 174//315 162//315
f 162//316 174//316 175//316
f 162//317 175//317 163//317
f 163//318 175//318 176//318
f 163//319 176//319 164//319
f 164//320 176//320 177//320
f 164//321 177//321 165//321
f 165//322 177//322 178//322
f 165//323 178//323 166//323
f 166//324 178//324 179//324
f 166//325 179//325 167//325
f 167//326 179//326 180//326
f 167//327 180//327 168//327
f 168//328 180//328 169//328
f 168//329 169//329 157//329
f 169//330 181//330 182//330
f 169//331 182//331 170//331
f 170//332 182//332 183//332
f 170//333 183//333 171//333
f 171//334 183//334 184//334
f 171//335 184//335 172//335
f 172//336 184//336 185//336
f 172//337 185//337 173//337
f 173//338 185//338 186//338
f 173//339 186//339 174//339
f 174//340 186//340 187//340
f 174//341 187//341 175//341
f 175//342 187//342 188//342
f 175//343 188//343 176//343
f 176//344 188//344 189//344
f 176//345 189//345 177//345
f 177//346 189//346 190//346
f 177//347 190//347 178//347
f 178//348 190//348 191//348
f 178//349 191//349 179//349
f 179//350 191//350 192//350
f 179//351 192//351 180//351
f 180//352 192//352 181//352
f 180//353 181//353 169//353
f 181//354 193//354 194//354
f 181//355 194//355 182//355
f 182//356 194//356 195//356
f 182//357 195//357 183//357
f 183//358 195//358 196//358
f 183//359 196//359 184//359
f 184//360 196//360 197//360
f 184//361 197//361 185//361
f 185//362 197//362 198//362
f 185//363 198//363 186//363
f 186//364 198//364 199//364
f 186//365 199//365 187//365
f 187//366 199//366 200//366
f 187//367 200//367 188//367
f 188//368 200//368 201//368
f 188//369 201//369 189//369
f 189//370 201//370 202//370
f 189//371 202//371 190//371
f 190//372 202//372 203//372
f 190//373 203//373 191//373
f 191//374 203//374 204//374
f 191//375 204//375 192//375
f 192//376 204//376 193//376
f 192//377 193//377 181//377
f 193//378 205//378 206//378
f 193//379 206//379 194//379
f 194//380 206//380 207//380
f 194//381 207//381 195//381
f 195//382 207//382 208//382
f 195//383 208//383 196//383
f 196//384 208//384 209//384
f 196//385 209//385 197//385
f 197//386 209//386 210//386
f 197//387 210//387 198//387
f 198//388 210//388 211//388
f 198//389 211//389 199//389
f 199//390 211//390 212//390
f 199//391 212//391 200//391
f 200//392 212//392 213//392
f 200//393 213//393 201//393
f 201//394 213//394 214//394
f 201//395 214//395 202//395
f 202//396 214//396 215//396
f 202//397 215//397 203//397
f 203//398 215//398 216//398
f 203//399 216//399 204//399
f 204//400 216//400 205//400
f 204//401 205//401 193//401
f 205//402 217//402 218//402
f 205//403 218//403 206//403
f 206//404 218//404 219//404
f 206//405 219//405 207//405
f 207//406 219//406 220//406
f 207//407 220//407 208//407
f 208//408 220//408 221//408
f 208//409 221//409 209//409
f 209//410 221//410 222//410
f 209//411 222//411 210//411
f 210//412 222//412 223//412
f 210//413 223//413 211//413
f 211//414 223//414 224//414
f 211//415 224//415 212//415
f 212//416 224//416 225//416
f 212//417 225//417 213//417
f 213//418 225//418 226//418
f 213//419 226//419 214//419
f 214//420 226//420 227//420
f 214//421 227//421 215//421
f 215//422 227//422 228//422
f 215//423 228//423 216//423
f 216//424 228//424 217//424
f 216//425 217//425 205//425
f 217//426 229//426 230//426
f 217//427 230//427 218//427
f 218//428 230//428 231//428
f 218//429 231//429 219//429
f 219//430 231//430 232//430
f 219//431 232//431 220//431
f 220//432 232//432 233//432
f 220//433 233//433 221//433
f 221//434 233//434 234//434
f 221//435 234//435 222//435
f 222//436 234//436 235//436
f 222//437 235//437 223//437
f 223//438 235//438 236//438
f 223//439 236//439 224//439
f 224//440 236//440 237//440
f 224//441 237//441 225//441
f 225//442 237//442 238//442
f 225//443 238//443 226//443
f 226//444 238//444 239//444
f 226//445 239//445 227//445
f 227//446 239//446 240//446
f 227//447 240//447 228//447
f 228//448 240//448 229//448
f 228//449 229//449 217//449
f 229//450 241//450 242//450
f 229//451 242//451 230//451
f 230//452 242//452 243//452
f 230//453 243//453 231//453
f 231//454 243//454 244//454
f 231//455 244//455 232//455
f 232//456 244//456 245//456
f 232//457 245//457 233//457
f 233//458 245//458 246//458
f 233//459 246//459 234//459
f 234//460 246//460 247//460
f 234//461 247//461 235//461
f 235//462 247//462 248//462
f 235//463 248//463 236//463
f 236//464 248//464 249//464
f 236//465 249//465 237//465
f 237//466 249//466 250//466
f 237//467 250//467 238//467
f 238//468 250//468 251//468
f 238//469 251//469 239//469
f 239//470 251//470 252//470
f 239//471 252//471 240//471
f 240//472 252//472 241//472
f 240//473 241//473 229//473
f 241//474 253//474 254//474
f 241//475 254//475 242//475
f 242//476 254//476 255//476
f 242//477 255//477 243//477
f 243//478 255//478 256//478
f 243//479 256//479 244//479
f 244//480 256//480 257//480
f 244//481 257//481 245//481
f 245//482 257//482 258//482
f 245//483 258//483 246//483
f 246//484 258//484 259//484
f 246//485 259//485 247//485
f 247//486 259//486 260//486
f 247//487 260//487 248//487
f 248//488 260//488 261//488
f 248//489 261//489 249//489
f 249//490 261//490 262//490
f 249//491 262//491 250//491
f 250//492 262//492 263//492
f 250//493 263//493 251//493
f 251//494 263//494 264//494
f 251//495 264//495 252//495
f 252//496 264//496 253//496
f 252//497 253//497 241//497
f 253//498 265//498 266//498
f 253//499 266//499 254//499
f 254//500 266//500 267//500
f 254//501 267//501 255//501
f 255//502 267//502 268//502
f 255//503 268//503 256//503
f 256//504 268//504 269//504
f 256//505 269//505 257//505
f 257//506 269//506 270//506
f 257//507 270//507 258//507
f 258//508 270//508 271//508
f 258//509 271//509 259//509
f 259//510 271//510 272//510
f 259//511 272//511 260//511
f 260//512 272//512 273//512
f 260//513 273//513 261//513
f 261//514 273//514 274//514
f 261//515 274//515 262//515
f 262//516 274//516 275//516
f 262//517 275//517 263//517
f 263//518 275//518 276//518
f 263//519 276//519 264//519
f 264//520 276//520 265//520
f 264//521 265//521 253//521
f 265//522 277//522 278//522
f 265//523 278//523 266//523
f 266//524 278//524 279//524
f 266//525 279//525 267//525
f 267//526 279//526 280//526
f 267//527 280//527 268//527
f 268//528 280//528 281//528
f 268//529 281//529 269//529
f 269//530 281//530 282//530
f 269//531 282//531 270//531
f 270//532 282//532 283//532
f 270//533 283//533 271//533
f 271//534 283//534 284//534
f 271//535 284//535 272//535
f 272//536 284//536 285//536
f 272//537 285//537 273//537
f 273//538 285//538 286//538
f 273//539 286//539 274//539
f 274//540 286//540 287//540
f 274//541 287//541 275//541
f 275//542 287//542 288//542
f 275//543 288//543 276//543
f 276//544 288//544 277//544
f 276//545 277//545 265//545
f 277//546 289//546 290//546
f 277//547 290//547 278//547
f 278//548 290//548 291//548
f 278//549 291//549 279//549
f 279//550 291//550 292//550
f 279//551 292//551 280//551
f 280//552 292//552 293//552
f 280//553 293//553 281//553
f 281//554 293//554 294//554
f 281//555 294//555 282//555
f 282//556 294//556 295//556
f 282//557 295//557 283//557
f 283//558 295//558 296//558
f 283//559 296//559 284//559
f 284//560 296//560 297//560
f 284//561 297//561 285//561
f 285//562 297//562 298//562
f 285//563 298//563 286//563
f 286//564 298//564 299//564
f 286//565 299//565 287//565
f 287//566 299//566 300//566
f 287//567 300//567 288//567
f 288//568 300//568 289//568
f 288//569 289//569 277//569
f 289//570 301//570 302//570
f 289//571 302//571 290//571
f 290//572 302//572 303//572
f 290//573 303//573 291//573
f 291//574 303//574 304//574
f 291//575 304//575 292//575
f 292//576 304//576 305//576
f 292//577 305//577 293//577
f 293//578 305//578 306//578
f 293//579 306//579 294//579
f 294//580 306//580 307//580
f 294//581 307//581 295//581
f 295//582 307//582 308//582
f 295//583 308//583 296//583
f 296//584 308//584 309//584
f 296//585 309//585 297//585
f 297//586 309//586 310//586
f 297//587 310//587 298//587
f 298//588 310//588 311//588
f 298//589 311//589 299//589
f 299//590 311//590 312//590
f 299//591 312//591 300//591
f 300//592 312//592 301//592
f 300//593 301//593 289//593
f 301//594 313//594 314//594
f 301//595 314//595 302//595
f 302//596 314//596 315//596
f 302//597 315//597 303//597
f 303//598 315//598 316//598
f 303//599 316//599 304//599
f 304//600 316//600 317//600
f 304//601 317//601 305//601
f 305//602 317//602 318//602
f 305//603 318//603 306//603
f 306//604 318//604 319//604
f 306//605 319//605 307//605
f 307//606 319//606 320//606
f 307//607 320//607 308//607
f 308//608 320//608 321//608
f 308//609 321//609 309//609
f 309//610 321//610 322//610
f 309//611 322//611 310//611
f 310//612 322//612 323//612
f 310//613 323//613 311//613
f 311//614 323//614 324//614
f 311//615 324//615 312//615
f 312//616 324//616 313//616
f 312//617 313//617 301//617
f 313//618 325//618 326//618
f 313//619 326//619 314//619
f 314//620 326//620 327//620
f 314//621 327//621 315//621
f 315//622 327//622 328//622
f 315//623 328//623 316//623
f 316//624 328//624 329//624
f 316//625 329//625 317//625
f 317//626 329//626 330//626
f 317//627 330//627 318//627
f 318//628 330//628 331//628
f 318//629 331//629 319//629
f 319//630 331//630 332//630
f 319//631 332//631 320//631
f 320//632 332//632 333//632
f 320//633 333//633 321//633
f 321//634 333//634 334//634
f 321//635 334//635 322//635
f 322//636 334//636 335//636
f 322//637 335//637 323//637
f 323//638 335//638 336//638
f 323//639 336//639 324//639
f 324//640 336//640 325//640
f 324//641 325//641 313//641
f 325//642 337//642 338//642
f 325//643 338//643 326//643
f 326//644 338//644 339//644
f 326//645 339//645 327//645
f 327//646 339//646 340//646
f 327//647 340//647 328//647
f 328//648 340//648 341//648
f 328//649 341//649 329//649
f 329//650 341//650 342//650
f 329//651 342//651 330//651
f 330//652 342//652 343//652
f 330//653 343//653 331//653
f 331//654 343//654 344//654
f 331//655 344//655 332//655
f 332//656 344//656 345//656
f 332//657 345//657 333//657
f 333//658 345//658 346//658
f 333//659 346//659 334//659
f 334//660 346//660 347//660
f 334//661 347//661 335//661
f 335//662 347//662 348//662
f 335//663 348//663 336//663
f 336//664 348//664 337//664
f 336//665 337//665 325//665
f 337//666 349//666 350//666
f 337//667 350//667 338//667
f 338//668 350//668 351//668
f 338//669 351//669 339//669
f 339//670 351//670 352//670
f 339//671 352//671 340//671
f 340//672 352//672 353//672
f 340//673 353//673 341//673
f 341//674 353//674 354//674
f 341//675 354//675 342//675
f 342//676 354//676 355//676
f 342//677 355//677 343//677
f 343//678 355//678 356//678
f 343//679 356//679 344//679
f 344//680 356//680 357//680
f 344//681 357//681 345//681
f 345//682 357//682 358//682
f 345//683 358//683 346//683
f 346//684 358//684 359//684
f 346//685 359//685 347//685
f 347//686 359//686 360//686
f 347//687 360//687 348//687
f 348//688 360//688 349//688
f 348//689 349//689 337//689
f 349//690 361//690 362//690
f 349//691 362//691 350//691
f 350//692 362//692 363//692
f 350//693 363//693 351//693
f 351//694 363//694 364//694
f 351//695 364//695 352//695
f 352//696 364//696 365//696
f 352//697 365//697 353//697
f 353//698 365//698 366//698
f 353//699 366//699 354//699
f 354//700 366//700 367//700
f 354//701 367//701 355//701
f 355//702 367//702 368//702
f 355//703 368//703 356//703
f 356//704 368//704 369//704
f 356//705 369//705 357//705
f 357//706 369//706 370//706
f 357//707 370//707 358//707
f 358//708 370//708 371//708
f 358//709 371//709 359//709
f 359//710 371//710 372//710
f 359//711 372//711 360//711
f 360//712 372//712 361//712
f 360//713 361//713 349//713
f 361//714 373//714 374//714
f 361//715 374//715 362//715
f 362//716 374//716 375//716
f 362//717 375//717 363//717
f 363//718 375//718 376//718
f 363//719 376//719 364//719
f 364//720 376//720 377//720
f 364//721 377//721 365//721
f 365//722 377//722 378//722
f 365//723 378//723 366//723
f 366//724 378//724 379//724
f 366//725 379//725 367//725
f 367//726 379//726 380//726
f 367//727 380//727 368//727
f 368//728 380//728 381//728
f 368//729 381//729 369//729
f 369//730 381//730 382//730
f 369//731 382//731 370//731
f 370//732 382//732 383//732
f 370//733 383//733 371//733
f 371//734 383//734 384//734
f 371//735 384//735 372//735
f 372//736 384//736 373//736
f 372//737 373//737 361//737
f 373//738 385//738 386//738
f 373//739 386//739 374//739
f 374//740 386//740 387//740
f 374//741 387//741 375//741
f 375//742 387//742 388//742
f 375//743 388//743 376//743
f 376//744 388//744 389//744
f 376//745 389//745 377//745
f 377//746 389//746 390//746
f 377//747 390//747 378//747
f 378//748 390//748 391//748
f 378//749 391//749 379//749
f 379//750 391//750 392//750
f 379//751 392//751 380//751
f 380//752 392//752 393//752
f 380//753 393//753 381//753
f 381//754 393//754 394//754
f 381//755 394//755 382//755
f 382//756 394//756 395//756
f 382//757 395//757 383//757
f 383//758 395//758 396//758
f 383//759 396//759 384//759
f 384//760 396//760 385//760
f 384//761 385//761 373//761
f 385//762 397//762 398//762
f 385//763 398//763 386//763
f 386//764 398//764 399//764
f 386//765 399//765 387//765
f 387//766 399//766 400//766
f 387//767 400//767 388//767
f 388//768 400//768 401//768
f 388//769 401//769 389//769
f 389//770 401//770 402//770
f 389//771 402//771 390//771
f 390//772 402//772 403//772
f 390//773 403//773 391//773
f 391//774 403//774 404//774
f 391//775 404//775 392//775
f 392//776 404//776 405//776
f 392//777 405//777 393//777
f 393//778 405//778 406//778
f 393//779 406//779 394//779
f 394//780 406//780 407//780
f 394//781 407//781 395//781
f 395//782 407//782 408//782
f 395//783 408//783 396//783
f 396//784 408//784 397//784
f 396//785 397//785 385//785
f 397//786 409//786 410//786
f 397//787 410//787 398//787
f 398//788 410//788 411//788
f 398//789 411//789 399//789
f 399//790 411//790 412//790
f 399//791 412//791 400//791
f 400//792 412//792 413//792
f 400//793 413//793 401//793
f 401//794 413//794 414//794
f 401//795 414//795 402//795
f 402//796 414//796 415//796
f 402//797 415//797 403//797
f 403//798 415//798 416//798
f 403//799 416//799 404//799
f 404//800 416//800 417//800
f 404//801 417//801 405//801
f 405//802 417//802 418//802
f 405//803 418//803 406//803
f 406//804 418//804 419//804
f 406//805 419//805 407//805
f 407//806 419//806 420//806
f 407//807 420//807 408//807
f 408//808 420//808 409//808
f 408//809 409//809 397//809
f 409//810 421//810 422//810
f 409//811 422//811 410//811
f 410//812 422//812 423//812
f 410//813 423//813 411//813
f 411//814 423//814 424//814
f 411//815 424//815 412//815
f 412//816 424//816 425//816
f 412//817 425//817 413//817
f 413//818 425//818 426//818
f 413//819 426//819 414//819
f 414//820 426//820 427//820
f 414//821 427//821 415//821
f 415//822 427//822 428//822
f 415//823 428//823 416//823
f 416//824 428//824 429//824
f 416//825 429//825 417//825
f 417//826 429//826 430//826
f 417//827 430//827 418//827
f 418//828 430//828 431//828
f 418//829 431//829 419//829
f 419//830 431//830 432//830
f 419//831 432//831 420//831
f 420//832 432//832 421//832
f 420//833 421//833 409//833
f 421//834 433//834 434//834
f 421//835 434//835 422//835
f 422//836 434//836 435//836
f 422//837 435//837 423//837
f 423//838 435//838 436//838
f 423//839 436//839 424//839
f 424//840 436//840 437//840
f 424//841 437//841 425//841
f 425//842 437//842 438//842
f 425//843 438//843 426//843
f 426//844 438//844 439//844
f 426//845 439//845 427//845
f 427//846 439//846 440//846
f 427//847 440//847 428//847
f 428//848 440//848 441//848
f 428//849 441//849 429//849
f 429//850 441//850 442//850
f 429//851 442//851 430//851
f 430//852 442//852 443//852
f 430//853 443//853 431//853
f 431//854 443//854 444//854
f 431//855 444//855 432//855
f 432//856 444//856 433//856
f 432//857 433//857 421//857
f 433//858 445//858 446//858
f 433//859 446//859 434//859
f 434//860 446//860 447//860
f 434//861 447//861 435//861
f 435//862 447//862 448//862
f 435//863 448//863 436//863
f 436//864 448//864 449//864
f 436//865 449//865 437//865
f 437//866 449//866 450//866
f 437//867 450//867 438//867
f 438//868 450//868 451//868
f 438//869 451//869 439//869
f 439//870 451//870 452//870
f 439//871 452//871 440//871
f 440//872 452//872 453//872
f 440//873 453//873 441//873
f 441//874 453//874 454//874
f 441//875 454//875 442//875
f 442//876 454//876 455//876
f 442//877 455//877 443//877
f 443//878 455//878 456//878
f 443//879 456//879 444//879
f 444//880 456//880 445//880
f 444//881 445//881 433//881
f 445//882 457//882 458//882
f 445//883 458//883 446//883
f 446//884 458//884 459//884
f 446//885 459//885 447//885
f 447//886 459//886 460//886
f 447//887 460//887 448//887
f 448//888 460//888 461//888
f 448//889 461//889 449//889
f 449//890 461//890 462//890
f 449//891 462//891 450//891
f 450//892 462//892 463//892
f 450//893 463//893 451//893
f 451//894 463//894 464//894
f 451//895 464//895 452//895
f 452//896 464//896 465//896
f 452//897 465//897 453//897
f 453//898 465//898 466//898
f 453//899 466//899 454//899
f 454//900 466//900 467//900
f 454//901 467//901 455//901
f 455//902 467//902 468//902
f 455//903 468//903 456//903
f 456//904 468//904 457//904
f 456//905 457//905 445//905
f 457//906 469//906 470//906
f 457//907 470//907 458//907
f 458//908 470//908 471//908
f 458//909 471//909 459//909
f 459//910 471//910 472//910
f 459//911 472//911 460//911
f 460//912 472//912 473//912
f 460//913 473//913 461//913
f 461//914 473//914 474//914
f 461//915 474//915 462//915
f 462//916 474//916 475//916
f 462//917 475//917 463//917
f 463//918 475//918 476//918
f 463//919 476//919 464//919
f 464//920 476//920 477//920
f 464//921 477//921 465//921
f 465//922 477//922 478//922
f 465//923 478//923 466//923
f 466//924 478//924 479//924
f 466//925 479//925 467//925
f 467//926 479//926 480//926
f 467//927 480//927 468//927
f 468//928 480//928 469//928
f 468//929 469//929 457//929
f 469//930 481//930 482//930
f 469//931 482//931 470//931
f 470//932 482//932 483//932
f 470//933 483//933 471//933
f 471//934 483//934 484//934
f 471//935 484//935 472//935
f 472//936 484//936 485//936
f 472//937 485//937 473//937
f 473//938 485//938 486//938
f 473//939 486//939 474//939
f 474//940 486//940 487//940
f 474//941 487//941 475//941
f 475//942 487//942 488//942
f 475//943 488//943 476//943
f 476//944 488//944 489//944
f 476//945 489//945 477//945
f 477//946 489//946 490//946
f 477//947 490//947 478//947
f 478//948 490//948 491//948
f 478//949 491//949 479//949
f 479//950 491//950 492//950
f 479//951 492//951 480//951
f 480//952 492//952 481//952
f 480//953 481//953 469//953
f 481//954 493//954 494//954
f 481//955 494//955 482//955
f 482//956 494//956 495//956
f 482//957 495//957 483//957
f 483//958 495//958 496//958
f 483//959 496//959 484//959
f 484//960 496//960 497//960
f 484//961 497//961 485//961
f 485//962 497//962 498//962
f 485//963 498//963 486//963
f 486//964 498//964 499//964
f 486//965 499//965 487//965
f 487//966 499//966 500//966
f 487//967 500//967 488//967
f 488//968 500//968 501//968
f 488//969 501//969 489//969
f 489//970 501//970 502//970
f 489//971 502//971 490//971
f 490//972 502//972 503//972
f 490//973 503//973 491//973
f 491//974 503//974 504//974
f 491//975 504//975 492//975
f 492//976 504//976 493//976
f 492//977 493//977 481//977
f 493//978 505//978 506//978
f 493//979 506//979 494//979
f 494//980 506//980 507//980
f 494//981 507//981 495//981
f 495//982 507//982 508//982
f 495//983 508//983 496//983
f 496//984 508//984 509//984
f 496//985 509//985 497//985
f 497//986 509//986 510//986
f 497//987 510//987 498//987
f 498//988 510//988 511//988
f 498//989 511//989 499//989
f 499//990 511//990 512//990
f 499//991 512//991 500//991
f 500//992 512//992 513//992
f 500//993 513//993 501//993
f 501//994 513//994 514//994
f 501//995 514//995 502//995
f 502//996 514//996 515//996
f 502//997 515//997 503//997
f 503//998 515//998 516//998
f 503//999 516//999 504//999
f 504//1000 516//1000 505//1000
f 504//1001 505//1001 493//1001
f 505//1002 517//1002 518//1002
f 505//1003 518//1003 506//1003
f 506//1004 518//1004 519//1004
f 506//1005 519//1005 507//1005
f 507//1006 519//1006 520//1006
f 507//1007 520//1007 508//1007
f 508//1008 520//1008 521//1008
f 508//1009 521//1009 509//1009
f 509//1010 521//1010 522//1010
f 509//1011 522//1011 510//1011
f 510//1012 522//1012 523//1012
f 510//1013 523//1013 511//1013
f 511//1014 523//1014 524//1014
f 511//1015 524//1015 512//1015
f 512//1016 524//1016 525//1016
f 512//1017 525//1017 513//1017
f 513//1018 525//1018 526//1018
f 513//1019 526//1019 514//1019
f 514//1020 526//1020 527//1020
f 514//1021 527//1021 515//1021
f 515//1022 527//1022 528//1022
f 515//1023 528//1023 516//1023
f 516//1024 528//1024 517//1024
f 516//1025 517//1025 505//1025
f 517//1026 529//1026 530//1026
f 517//1027 530//1027 518//1027
f 518//1028 530//1028 531//1028
f 518//1029 531//1029 519//1029
f 519//1030 531//1030 532//1030
f 519//1031 532//1031 520//1031
f 520//1032 532//1032 533//1032
f 520//1033 533//1033 521//1033
f 521//1034 533//1034 534//1034
f 521//1035 534//1035 522//1035
f 522//1036 534//1036 535//1036
f 522//1037 535//1037 523//1037
f 523//1038 535//1038 536//1038
f 523//1039 536//1039 524//1039
f 524//1040 536//1040 537//1040
f 524//1041 537//1041 525//1041
f 525//1042 537//1042 538//1042
f 525//1043 538//1043 526//1043
f 526//1044 538//1044 539//1044
f 526//1045 539//1045 527//1045
f 527//1046 539//1046 540//1046
f 527//1047 540//1047 528//1047
f 528//1048 540//1048 529//1048
f 528//1049 529//1049 517//1049
f 529//1050 541//1050 542//1050
f 529//1051 542//1051 530//1051
f 530//1052 542//1052 543//1052
f 530//1053 543//1053 531//1053
f 531//1054 543//1054 544//1054
f 531//1055 544//1055 532//1055
f 532//1056 544//1056 545//1056
f 532//1057 545//1057 533//1057
f 533//1058 545//1058 546//1058
f 533//1059 546//1059 534//1059
f 534//1060 546//1060 547//1060
f 534//1061 547//1061 535//1061
f 535//1062 547//1062 548//1062
f 535//1063 548//1063 536//1063
f 536//1064 548//1064 549//1064
f 536//1065 549//1065 537//1065
f 537//1066 549//1066 550//1066
f 537//1067 550//1067 538//1067
f 538//1068 550//1068 551//1068
f 538//1069 551//1069 539//1069
f 539//1070 551//1070 552//1070
f 539//1071 552//1071 540//1071
f 540//1072 552//1072 541//1072
f 540//1073 541//1073 529//1073
f 541//1074 553//1074 554//1074
f 541//1075 554//1075 542//1075
f 542//1076 554//1076 555//1076
f 542//1077 555//1077 543//1077
f 543//1078 555//1078 556//1078
f 543//1079 556//1079 544//1079
f 544//1080 556//1080 557//1080
f 544//1081 557//1081 545//1081
f 545//1082 557//1082 558//1082
f 545//1083 558//1083 546//1083
f 546//1084 558//1084 559//1084
f 546//1085 559//1085 547//1085
f 547//1086 559//1086 560//1086
f 547//1087 560//1087 548//1087
f 548//1088 560//1088 561//1088
f 548//1089 561//1089 549//1089
f 549//1090 561//1090 562//1090
f 549//1091 562//1091 550//1091
f 550//1092 562//1092 563//1092
f 550//1093 563//1093 551//1093
f 551//1094 563//1094 564//1094
f 551//1095 564//1095 552//1095
f 552//1096 564//1096 553//1096
f 552//1097 553//1097 541//1097
f 553//1098 565//1098 566//1098
f 553//1099 566//1099 554//1099
f 554//1100 566//1100 567//1100
f 554//1101 567//1101 555//1101
f 555//1102 567//1102 568//1102
f 555//1103 568//1103 556//1103
f 556//1104 568//1104 569//1104
f 556//1105 569//1105 557//1105
f 557//1106 569//1106 570//1106
f 557//1107 570//1107 558//1107
f 558//1108 570//1108 571//1108
f 558//1109 571//1109 559//1109
f 559//1110 571//1110 572//1110
f 559//1111 572//1111 560//1111
f 560//1112 572//1112 573//1112
f 560//1113 573//1113 561//1113
f 561//1114 573//1114 574//1114
f 561//1115 574//1115 562//1115
f 562//1116 574//1116 575//1116
f 562//1117 575//1117 563//1117
f 563//1118 575//1118 576//1118
f 563//1119 576//1119 564//1119
f 564//1120 576//1120 565//1120
f 564//1121 565//1121 553//1121
f 565//1122 577//1122 578//1122
f 565//1123 578//1123 566//1123
f 566//1124 578//1124 579//1124
f 566//1125 579//1125 567//1125
f 567//1126 579//1126 580//1126
f 567//1127 580//1127 568//1127
f 568//1128 580//1128 581//1128
f 568//1129 581//1129 569//1129
f 569//1130 581//1130 582//1130
f 569//1130 582//1130 570//1130
f 570//1131 582//1131 583//1131
f 570//1132 583//1132 571//1132
f 571//1133 583//1133 584//1133
f 571//1134 584//1134 572//1134
f 572//1135 584//1135 585//1135
f 572//1136 585//1136 573//1136
f 573//1137 585//1137 586//1137
f 573//1138 586//1138 574//1138
f 574//1139 586//1139 587//1139
f 574//1140 587//1140 575//1140
f 575//1141 587//1141 588//1141
f 575//1142 588//1142 576//1142
f 576//1143 588//1143 577//1143
f 576//1144 577//1144 565//1144
f 577//1145 589//1145 590//1145
f 577//1146 590//1146 578//1146
f 578//1147 590//1147 591//1147
f 578//1148 591//1148 579//1148
f 579//1149 591//1149 592//1149
f 579//1150 592//1150 580//1150
f 580//1151 592//1151 593//1151
f 580//1152 593//1152 581//1152
f 581//1153 593//1153 594//1153
f 581//1154 594//1154 582//1154
f 582//1155 594//1155 595//1155
f 582//1156 595//1156 583//1156
f 583//1157 595//1157 596//1157
f 583//1158 596//1158 584//1158
f 584//1159 596//1159 597//1159
f 584//1160 597//1160 585//1160
f 585//1161 597//1161 598//1161
f 585//1162 598//1162 586//1162
f 586//1163 598//1163 599//1163
f 586//1164 599//1164 587//1164
f 587//1165 599//1165 600//1165
f 587//1166 600//1166 588//1166
f 588//1167 600//1167 589//1167
f 588//1168 589//1168 577//1168
f 589//1169 601//1169 602//1169
f 589//1170 602//1170 590//1170
f 590//1171 602//1171 603//1171
f 590//1171 603//1171 591//1171
f 591//1172 603//1172 604//1172
f 591//1173 604//1173 592//1173
f 592//1174 604//1174 605//1174
f 592//1175 605//1175 593//1175
f 593//1176 605//1176 606//1176
f 593//1176 606//1176 594//1176
f 594//1177 606//1177 607//1177
f 594//1178 607//1178 595//1178
f 595//1179 607//1179 608//1179
f 595//1179 608//1179 596//1179
f 596//1180 608//1180 609//1180
f 596//1180 609//1180 597//1180
f 597//1181 609//1181 610//1181
f 597//1182 610//1182 598//1182
f 598//1183 610//1183 611//1183
f 598//1184 611//1184 599//1184
f 599//1185 611//1185 612//1185
f 599//1186 612//1186 600//1186
f 600//1187 612//1187 601//1187
f 600//1187 601//1187 589//1187
f 601//1188 613//1188 614//1188
f 601//1188 614//1188 602//1188
f 602//1189 614//1189 615//1189
f 602//1190 615//1190 603//1190
f 603//1191 615//1191 616//1191
f 603//1192 616//1192 604//1192
f 604//1193 616//1193 617//1193
f 604//1194 617//1194 605//1194
f 605//1195 617//1195 618//1195
f 605//1196 618//1196 606//1196
f 606//1197 618//1197 619//1197
f 606//1198 619//1198 607//1198
f 607//1199 619//1199 620//1199
f 607//1199 620//1199 608//1199
f 608//1200 620//1200 621//1200
f 608//1201 621//1201 609//1201
f 609//1202 621//1202 622//1202
f 609//1203 622//1203 610//1203
f 610//1204 622//1204 623//1204
f 610//1205 623//1205 611//1205
f 611//1206 623//1206 624//1206
f 611//1207 624//1207 612//1207
f 612//1208 624//1208 613//1208
f 612//1209 613//1209 601//1209
f 613//1210 625//1210 626//1210
f 613//1211 626//1211 614//1211
f 614//1212 626//1212 627//1212
f 614//1213 627//1213 615//1213
f 615//1214 627//1214 628//1214
f 615//1215 628//1215 616//1215
f 616//1216 628//1216 629//1216
f 616//1217 629//1217 617//1217
f 617//1218 629//1218 630//1218
f 617//1219 630//1219 618//1219
f 618//1220 630//1220 631//1220
f 618//1221 631//1221 619//1221
f 619//1222 631//1222 632//1222
f 619//1223 632//1223 620//1223
f 620//1224 632//1224 633//1224
f 620//1225 633//1225 621//1225
f 621//1226 633//1226 634//1226
f 621//1227 634//1227 622//1227
f 622//1228 634//1228 635//1228
f 622//1229 635//1229 623//1229
f 623//1230 635//1230 636//1230
f 623//1231 636//1231 624//1231
f 624//1232 636//1232 625//1232
f 624//1233 625//1233 613//1233
f 625//1234 637//1234 638//1234
f 625//1235 638//1235 626//1235
f 626//1236 638//1236 639//1236
f 626//1237 639//1237 627//1237
f 627//1238 639//1238 640//1238
f 627//1239 640//1239 628//1239
f 628//1240 640//1240 641//1240
f 628//1241 641//1241 629//1241
f 629//1242 641//1242 642//1242
f 629//1243 642//1243 630//1243
f 630//1244 642//1244 643//1244
f 630//1245 643//1245 631//1245
f 631//1246 643//1246 644//1246
f 631//1247 644//1247 632//1247
f 632//1248 644//1248 645//1248
f 632//1249 645//1249 633//1249
f 633//1250 645//1250 646//1250
f 633//1250 646//1250 634//1250
f 634//1251 646//1251 647//1251
f 634//1252 647//1252 635//1252
f 635//1253 647//1253 648//1253
f 635//1254 648//1254 636//1254
f 636//1255 648//1255 637//1255
f 636//1256 637//1256 625//1256
f 637//1257 649//1257 650//1257
f 637//1258 650//1258 638//1258
f 638//1259 650//1259 651//1259
f 638//1260 651//1260 639//1260
f 639//1261 651//1261 652//1261
f 639//1262 652//1262 640//1262
f 640//1263 652//1263 653//1263
f 640//1264 653//1264 641//1264
f 641//1265 653//1265 654//1265
f 641//1266 654//1266 642//1266
f 642//1267 654//1267 655//1267
f 642//1268 655//1268 643//1268
f 643//1269 655//1269 656//1269
f 643//1270 656//1270 644//1270
f 644//1271 656//1271 657//1271
f 644//1272 657//1272 645//1272
f 645//1273 657//1273 658//1273
f 645//1274 658//1274 646//1274
f 646//1275 658//1275 659//1275
f 646//1276 659//1276 647//1276
f 647//1277 659//1277 660//1277
f 647//1278 660//1278 648//1278
f 648//1279 660//1279 649//1279
f 648//1280 649//1280 637//1280
f 649//1281 661//1281 662//1281
f 649//1282 662//1282 650//1282
f 650//1283 662//1283 663//1283
f 650//1284 663//1284 651//1284
f 651//1285 663//1285 664//1285
f 651//1286 664//1286 652//1286
f 652//1287 664//1287 665//1287
f 652//1288 665//1288 653//1288
f 653//1289 665//1289 666//1289
f 653//1290 666//1290 654//1290
f 654//1291 666//1291 667//1291
f 654//1292 667//1292 655//1292
f 655//1293 667//1293 668//1293
f 655//1294 668//1294 656//1294
f 656//1295 668//1295 669//1295
f 656//1296 669//1296 657//1296
f 657//1297 669//1297 670//1297
f 657//1298 670//1298 658//1298
f 658//1299 670//1299 671//1299
f 658//1300 671//1300 659//1300
f 659//1301 671//1301 672//1301
f 659//1302 672//1302 660//1302
f 660//1303 672//1303 661//1303
f 660//1304 661//1304 649//1304
f 661//1305 673//1305 674//1305
f 661//1306 674//1306 662//1306
f 662//1307 674//1307 675//1307
f 662//1308 675//1308 663//1308
f 663//1309 675//1309 676//1309
f 663//1310 676//1310 664//1310
f 664//1311 676//1311 677//1311
f 664//1312 677//1312 665//1312
f 665//1313 677//1313 678//1313
f 665//1314 678//1314 666//1314
f 666//1315 678//1315 679//1315
f 666//1316 679//1316 667//1316
f 667//1317 679//1317 680//1317
f 667//1318 680//1318 668//1318
f 668//1319 680//1319 681//1319
f 668//1320 681//1320 669//1320
f 669//1321 681//1321 682//1321
f 669//1322 682//1322 670//1322
f 670//1323 682//1323 683//1323
f 670//1324 683//1324 671//1324
f 671//1325 683//1325 684//1325
f 671//1326 684//1326 672//1326
f 672//1327 684//1327 673//1327
f 672//1328 673//1328 661//1328
f 673//1329 685//1329 686//1329
f 673//1330 686//1330 674//1330
f 674//1331 686//1331 687//1331
f 674//1332 687//1332 675//1332
f 675//1333 687//1333 688//1333
f 675//1334 688//1334 676//1334
f 676//1335 688//1335 689//1335
f 676//1336 689//1336 677//1336
f 677//1337 689//1337 690//1337
f 677//1338 690//1338 678//1338
f 678//1339 690//1339 691//1339
f 678//1340 691//1340 679//1340
f 679//1341 691//1341 692//1341
f 679//1342 692//1342 680//1342
f 680//1343 692//1343 693//1343
f 680//1344 693//1344 681//1344
f 681//1345 693//1345 694//1345
f 681//1346 694//1346 682//1346
f 682//1347 694//1347 695//1347
f 682//1348 695//1348 683//1348
f 683//1349 695//1349 696//1349
f 683//1350 696//1350 684//1350
f 684//1351 696//1351 685//1351
f 684//1352 685//1352 673//1352
f 685//1353 697//1353 698//1353
f 685//1354 698//1354 686//1354
f 686//1355 698//1355 699//1355
f 686//1356 699//1356 687//1356
f 687//1357 699//1357 700//1357
f 687//1358 700//1358 688//1358
f 688//1359 700//1359 701//1359
f 688//1360 701//1360 689//1360
f 689//1361 701//1361 702//1361
f 689//1362 702//1362 690//1362
f 690//1363 702//1363 703//1363
f 690//1364 703//1364 691//1364
f 691//1365 703//1365 704//1365
f 691//1366 704//1366 692//1366
f 692//1367 704//1367 705//1367
f 692//1368 705//1368 693//1368
f 693//1369 705//1369 706//1369
f 693//1370 706//1370 694//1370
f 694//1371 706//1371 707//1371
f 694//1372 707//1372 695//1372
f 695//1373 707//1373 708//1373
f 695//1374 708//1374 696//1374
f 696//1375 708//1375 697//1375
f 696//1376 697//1376 685//1376
f 697//1377 709//1377 710//1377
f 697//1378 710//1378 698//1378
f 698//1379 710//1379 711//1379
f 698//1380 711//1380 699//1380
f 699//1381 711//1381 712//1381
f 699//1382 712//1382 700//1382
f 700//1383 712//1383 713//1383
f 700//1384 713//1384 701//1384
f 701//1385 713//1385 714//1385
f 701//1386 714//1386 702//1386
f 702//1387 714//1387 715//1387
f 702//1388 715//1388 703//1388
f 703//1389 715//1389 716//1389
f 703//1390 716//1390 704//1390
f 704//1391 716//1391 717//1391
f 704//1392 717//1392 705//1392
f 705//1393 717//1393 718//1393
f 705//1394 718//1394 706//1394
f 706//1395 718//1395 719//1395
f 706//1396 719//1396 707//1396
f 707//1397 719//1397 720//1397
f 707//1398 720//1398 708//1398
f 708//1399 720//1399 709//1399
f 708//1400 709//1400 697//1400
f 709//1401 721//1401 722//1401
f 709//1402 722//1402 710//1402
f 710//1403 722//1403 723//1403
f 710//1404 723//1404 711//1404
f 711//1405 723//1405 724//1405
f 711//1406 724//1406 712//1406
f 712//1407 724//1407 725//1407
f 712//1408 725//1408 713//1408
f 713//1409 725//1409 726//1409
f 713//1410 726//1410 714//1410
f 714//1411 726//1411 727//1411
f 714//1412 727//1412 715//1412
f 715//1413 727//1413 728//1413
f 715//1414 728//1414 716//1414
f 716//1415 728//1415 729//1415
f 716//1416 729//1416 717//1416
f 717//1417 729//1417 730//1417
f 717//1418 730//1418 718//1418
f 718//1419 730//1419 731//1419
f 718//1420 731//1420 719//1420
f 719//1421 731//1421 732//1421
f 719//1422 732//1422 720//1422
f 720//1423 732//1423 721//1423
f 720//1424 721//1424 709//1424
f 721//1425 733//1425 734//1425
f 721//1426 734//1426 722//1426
f 722//1427 734//1427 735//1427
f 722//1428 735//1428 723//1428
f 723//1429 735//1429 736//1429
f 723//1430 736//1430 724//1430
f 724//1431 736//1431 737//1431
f 724//1432 737//1432 725//1432
f 725//1433 737//1433 738//1433
f 725//1434 738//1434 726//1434
f 726//1435 738//1435 739//1435
f 726//1436 739//1436 727//1436
f 727//1437 739//1437 740//1437
f 727//1438 740//1438 728//1438
f 728//1439 740//1439 741//1439
f 728//1440 741//1440 729//1440
f 729//1441 741//1441 742//1441
f 729//1442 742//1442 730//1442
f 730//1443 742//1443 743//1443
f 730//1444 743//1444 731//1444
f 731//1445 743//1445 744//1445
f 731//1446 744//1446 732//1446
f 732//1447 744//1447 733//1447
f 732//1448 733//1448 721//1448
f 733//1449 745//1449 746//1449
f 733//1450 746//1450 734//1450
f 734//1451 746//1451 747//1451
f 734//1452 747//1452 735//1452
f 735//1453 747//1453 748//1453
f 735//1454 748//1454 736//1454
f 736//1455 748//1455 749//1455
f 736//1456 749//1456 737//1456
f 737//1457 749//1457 750//1457
f 737//1458 750//1458 738//1458
f 738//1459 750//1459 751//1459
f 738//1460 751//1460 739//1460
f 739//1461 751//1461 752//1461
f 739//1462 752//1462 740//1462
f 740//1463 752//1463 753//1463
f 740//1464 753//1464 741//1464
f 741//1465 753//1465 754//1465
f 741//1466 754//1466 742//1466
f 742//1467 754//1467 755//1467
f 742//1468 755//1468 743//1468
f 743//1469 755//1469 756//1469
f 743//1470 756//1470 744//1470
f 744//1471 756//1471 745//1471
f 744//1472 745//1472 733//1472
f 745//1473 757//1473 758//1473
f 745//1474 758//1474 746//1474
f 746//1475 758//1475 759//1475
f 746//1476 759//1476 747//1476
f 747//1477 759//1477 760//1477
f 747//1478 760//1478 748//1478
f 748//1479 760//1479 761//1479
f 748//1480 761//1480 749//1480
f 749//1481 761//1481 762//1481
f 749//1482 762//1482 750//1482
f 750//1483 762//1483 763//1483
f 750//1484 763//1484 751//1484
f 751//1485 763//1485 764//1485
f 751//1486 764//1486 752//1486
f 752//1487 764//1487 765//1487
f 752//1488 765//1488 753//1488
f 753//1489 765//1489 766//1489
f 753//1490 766//1490 754//1490
f 754//1491 766//1491 767//1491
f 754//1492 767//1492 755//1492
f 755//1493 767//1493 768//1493
f 755//1494 768//1494 756//1494
f 756//1495 768//1495 757//1495
f 756//1496 757//1496 745//1496
f 757//1497 769//1497 770//1497
f 757//1498 770//1498 758//1498
f 758//1499 770//1499 771//1499
f 758//1500 771//1500 759//1500
f 759//1501 771//1501 772//1501
f 759//1502 772//1502 760//1502
f 760//1503 772//1503 773//1503
f 760//1504 773//1504 761//1504
f 761//1505 773//1505 774//1505
f 761//1506 774//1506 762//1506
f 762//1507 774//1507 775//1507
f 762//1508 775//1508 763//1508
f 763//1509 775//1509 776//1509
f 763//1510 776//1510 764//1510
f 764//1511 776//1511 777//1511
f 764//1512 777//1512 765//1512
f 765//1513 777//1513 778//1513
f 765//1514 778//1514 766//1514
f 766//1515 778//1515 779//1515
f 766//1516 779//1516 767//1516
f 767//1517 779//1517 780//1517
f 767//1518 780//1518 768//1518
f 768//1519 780//1519 769//1519
f 768//1520 769//1520 757//1520
f 769//1521 781//1521 782//1521
f 769//1522 782//1522 770//1522
f 770//1523 782//1523 783//1523
f 770//1524 783//1524 771//1524
f 771//1525 783//1525 784//1525
f 771//1526 784//1526 772//1526
f 772//1527 784//1527 785//1527
f 772//1528 785//1528 773//1528
f 773//1529 785//1529 786//1529
f 773//1530 786//1530 774//1530
f 774//1531 786//1531 787//1531
f 774//1532 787//1532 775//1532
f 775//1533 787//1533 788//1533
f 775//1534 788//1534 776//1534
f 776//1535 788//1535 789//1535
f 776//1536 789//1536 777//1536
f 777//1537 789//1537 790//1537
f 777//1538 790//1538 778//1538
f 778//1539 790//1539 791//1539
f 778//1540 791//1540 779//1540
f 779//1541 791//1541 792//1541
f 779//1542 792//1542 780//1542
f 780//1543 792//1543 781//1543
f 780//1544 781//1544 769//1544
f 781//1545 793//1545 794//1545
f 781//1546 794//1546 782//1546
f 782//1547 794//1547 795//1547
f 782//1548 795//1548 783//1548
f 783//1549 795//1549 796//1549
f 783//1550 796//1550 784//1550
f 784//1551 796//1551 797//1551
f 784//1552 797//1552 785//1552
f 785//1553 797//1553 798//1553
f 785//1554 798//1554 786//1554
f 786//1555 798//1555 799//1555
f 786//1556 799//1556 787//1556
f 787//1557 799//1557 800//1557
f 787//1558 800//1558 788//1558
f 788//1559 800//1559 801//1559
f 788//1560 801//1560 789//1560
f 789//1561 801//1561 802//1561
f 789//1562 802//1562 790//1562
f 790//1563 802//1563 803//1563
f 790//1564 803//1564 791//1564
f 791//1565 803//1565 804//1565
f 791//1566 804//1566 792//1566
f 792//1567 804//1567 793//1567
f 792//1568 793//1568 781//1568
f 793//1569 805//1569 806//1569
f 793//1570 806//1570 794//1570
f 794//1571 806//1571 807//1571
f 794//1572 807//1572 795//1572
f 795//1573 807//1573 808//1573
f 795//1574 808//1574 796//1574
f 796//1575 808//1575 809//1575
f 796//1576 809//1576 797//1576
f 797//1577 809//1577 810//1577
f 797//1578 810//1578 798//1578
f 798//1579 810//1579 811//1579
f 798//1580 811//1580 799//1580
f 799//1581 811//1581 812//1581
f 799//1582 812//1582 800//1582
f 800//1583 812//1583 813//1583
f 800//1584 813//1584 801//1584
f 801//1585 813//1585 814//1585
f 801//1586 814//1586 802//1586
f 802//1587 814//1587 815//1587
f 802//1588 815//1588 803//1588
f 803//1589 815//1589 816//1589
f 803//1590 816//1590 804//1590
f 804//1591 816//1591 805//1591
f 804//1592 805//1592 793//1592
f 805//1593 817//1593 818//1593
f 805//1594 818//1594 806//1594
f 806//1595 818//1595 819//1595
f 806//1596 819//1596 807//1596
f 807//1597 819//1597 820//1597
f 807//1598 820//1598 808//1598
f 808//1599 820//1599 821//1599
f 808//1600 821//1600 809//1600
f 809//1601 821//1601 822//1601
f 809//1602 822//1602 810//1602
f 810//1603 822//1603 823//1603
f 810//1604 823//1604 811//1604
f 811//1605 823//1605 824//1605
f 811//1606 824//1606 812//1606
f 812//1607 824//1607 825//1607
f 812//1608 825//1608 813//1608
f 813//1609 825//1609 826//1609
f 813//1610 826//1610 814//1610
f 814//1611 826//1611 827//1611
f 814//1612 827//1612 815//1612
f 815//1613 827//1613 828//1613
f 815//1614 828//1614 816//1614
f 816//1615 828//1615 817//1615
f 816//1616 817//1616 805//1616
f 817//1617 829//1617 830//1617
f 817//1618 830//1618 818//1618
f 818//1619 830//1619 831//1619
f 818//1620 831//1620 819//1620
f 819//1621 831//1621 832//1621
f 819//1622 832//1622 820//1622
f 820//1623 832//1623 833//1623
f 820//1624 833//1624 821//1624
f 821//1625 833//1625 834//1625
f 821//1626 834//1626 822//1626
f 822//1627 834//1627 835//1627
f 822//1628 835//1628 823//1628
f 823//1629 835//1629 836//1629
f 823//1630 836//1630 824//1630
f 824//1631 836//1631 837//1631
f 824//1632 837//1632 825//1632
f 825//1633 837//1633 838//1633
f 825//1634 838//1634 826//1634
f 826//1635 838//1635 839//1635
f 826//1636 839//1636 827//1636
f 827//1637 839//1637 840//1637
f 827//1638 840//1638 828//1638
f 828//1639 840//1639 829//1639
f 828//1640 829//1640 817//1640
f 829//1641 841//1641 842//1641
f 829//1642 842//1642 830//1642
f 830//1643 842//1643 843//1643
f 830//1644 843//1644 831//1644
f 831//1645 843//1645 844//1645
f 831//1646 844//1646 832//1646
f 832//1647 844//1647 845//1647
f 832//1648 845//1648 833//1648
f 833//1649 845//1649 846//1649
f 833//1650 846//1650 834//1650
f 834//1651 846//1651 847//1651
f 834//1652 847//1652 835//1652
f 835//1653 847//1653 848//1653
f 835//1654 848//1654 836//1654
f 836//1655 848//1655 849//1655
f 836//1656 849//1656 837//1656
f 837//1657 849//1657 850//1657
f 837//1658 850//1658 838//1658
f 838//1659 850//1659 851//1659
f 838//1660 851//1660 839//1660
f 839//1661 851//1661 852//1661
f 839//1662 852//1662 840//1662
f 840//1663 852//1663 841//1663
f 840//1664 841//1664 829//1664
f 841//1665 853//1665 854//1665
f 841//1666 854//1666 842//1666
f 842//1667 854//1667 855//1667
f 842//1668 855//1668 843//1668
f 843//1669 855//1669 856//1669
f 843//1670 856//1670 844//1670
f 844//1671 856//1671 857//1671
f 844//1672 857//1672 845//1672
f 845//1673 857//1673 858//1673
f 845//1674 858//1674 846//1674
f 846//1675 858//1675 859//1675
f 846//1676 859//1676 847//1676
f 847//1677 859//1677 860//1677
f 847//1678 860//1678 848//1678
f 848//1679 860//1679 861//1679
f 848//1680 861//1680 849//1680
f 849//1681 861//1681 862//1681
f 849//1682 862//1682 850//1682
f 850//1683 862//1683 863//1683
f 850//1684 863//1684 851//1684
f 851//1685 863//1685 864//1685
f 851//1686 864//1686 852//1686
f 852//1687 864//1687 853//1687
f 852//1688 853//1688 841//1688
f 853//1689 865//1689 866//1689
f 853//1690 866//1690 854//1690
f 854//1691 866//1691 867//1691
f 854//1692 867//1692 855//1692
f 855//1693 867//1693 868//1693
f 855//1694 868//1694 856//1694
f 856//1695 868//1695 869//1695
f 856//1696 869//1696 857//1696
f 857//1697 869//1697 870//1697
f 857//1698 870//1698 858//1698
f 858//1699 870//1699 871//1699
f 858//1700 871//1700 859//1700
f 859//1701 871//1701 872//1701
f 859//1702 872//1702 860//1702
f 860//1703 872//1703 873//1703
f 860//1704 873//1704 861//1704
f 861//1705 873//1705 874//1705
f 861//1706 874//1706 862//1706
f 862//1707 874//1707 875//1707
f 862//1708 875//1708 863//1708
f 863//1709 875//1709 876//1709
f 863//1710 876//1710 864//1710
f 864//1711 876//1711 865//1711
f 864//1712 865//1712 853//1712
f 865//1713 877//1713 878//1713
f 865//1714 878//1714 866//1714
f 866//1715 878//1715 879//1715
f 866//1716 879//1716 867//1716
f 867//1717 879//1717 880//1717
f 867//1718 880//1718 868//1718
f 868//1719 880//1719 881//1719
f 868//1720 881//1720 869//1720
f 869//1721 881//1721 882//1721
f 869//1722 882//1722 870//1722
f 870//1723 882//1723 883//1723
f 870//1724 883//1724 871//1724
f 871//1725 883//1725 884//1725
f 871//1726 884//1726 872//1726
f 872//1727 884//1727 885//1727
f 872//1728 885//1728 873//1728
f 873//1729 885//1729 886//1729
f 873//1730 886//1730 874//1730
f 874//1731 886//1731 887//1731
f 874//1732 887//1732 875//1732
f 875//1733 887//1733 888//1733
f 875//1734 888//1734 876//1734
f 876//1735 888//1735 877//1735
f 876//1736 877//1736 865//1736
f 877//1737 889//1737 890//1737
f 877//1738 890//1738 878//1738
f 878//1739 890//1739 891//1739
f 878//1740 891//1740 879//1740
f 879//1741 891//1741 892//1741
f 879//1742 892//1742 880//1742
f 880//1743 892//1743 893//1743
f 880//1744 893//1744 881//1744
f 881//1745 893//1745 894//1745
f 881//1746 894//1746 882//1746
f 882//1747 894//1747 895//1747
f 882//1748 895//1748 883//1748
f 883//1749 895//1749 896//1749
f 883//1750 896//1750 884//1750
f 884//1751 896//1751 897//1751
f 884//1752 897//1752 885//1752
f 885//1753 897//1753 898//1753
f 885//1754 898//1754 886//1754
f 886//1755 898//1755 899//1755
f 886//1756 899//1756 887//1756
f 887//1757 899//1757 900//1757
f 887//1758 900//1758 888//1758
f 888//1759 900//1759 889//1759
f 888//1760 889//1760 877//1760
f 889//1761 901//1761 902//1761
f 889//1762 902//1762 890//1762
f 890//1763 902//1763 903//1763
f 890//1764 903//1764 891//1764
f 891//1765 903//1765 904//1765
f 891//1766 904//1766 892//1766
f 892//1767 904//1767 905//1767
f 892//1768 905//1768 893//1768
f 893//1769 905//1769 906//1769
f 893//1770 906//1770 894//1770
f 894//1771 906//1771 907//1771
f 894//1772 907//1772 895//1772
f 895//1773 907//1773 908//1773
f 895//1774 908//1774 896//1774
f 896//1775 908//1775 909//1775
f 896//1776 909//1776 897//1776
f 897//1777 909//1777 910//1777
f 897//1778 910//1778 898//1778
f 898//1779 910//1779 911//1779
f 898//1780 911//1780 899//1780
f 899//1781 911//1781 912//1781
f 899//1782 912//1782 900//1782
f 900//1783 912//1783 901//1783
f 900//1784 901//1784 889//1784
f 901//1785 913//1785 914//1785
f 901//1786 914//1786 902//1786
f 902//1787 914//1787 915//1787
f 902//1788 915//1788 903//1788
f 903//1789 915//1789 916//1789
f 903//1790 916//1790 904//1790
f 904//1791 916//1791 917//1791
f 904//1792 917//1792 905//1792
f 905//1793 917//1793 918//1793
f 905//1794 918//1794 906//1794
f 906//1795 918//1795 919//1795
f 906//1796 919//1796 907//1796
f 907//1797 919//1797 920//1797
f 907//1798 920//1798 908//1798
f 908//1799 920//1799 921//1799
f 908//1800 921//1800 909//1800
f 909//1801 921//1801 922//1801
f 909//1802 922//1802 910//1802
f 910//1803 922//1803 923//1803
f 910//1804 923//1804 911//1804
f 911//1805 923//1805 924//1805
f 911//1806 924//1806 912//1806
f 912//1807 924//1807 913//1807
f 912//1808 913//1808 901//1808
f 913//1809 925//1809 926//1809
f 913//1810 926//1810 914//1810
f 914//1811 926//1811 927//1811
f 914//1812 927//1812 915//1812
f 915//1813 927//1813 928//1813
f 915//1814 928//1814 916//1814
f 916//1815 928//1815 929//1815
f 916//1816 929//1816 917//1816
f 917//1817 929//1817 930//1817
f 917//1818 930//1818 918//1818
f 918//1819 930//1819 931//1819
f 918//1820 931//1820 919//1820
f 919//1821 931//1821 932//1821
f 919//1822 932//1822 920//1822
f 920//1823 932//1823 933//1823
f 920//1824 933//1824 921//1824
f 921//1825 933//1825 934//1825
f 921//1826 934//1826 922//1826
f 922//1827 934//1827 935//1827
f 922//1828 935//1828 923//1828
f 923//1829 935//1829 936//1829
f 923//1830 936//1830 924//1830
f 924//1831 936//1831 925//1831
f 924//1832 925//1832 913//1832
f 925//1833 937//1833 938//1833
f 925//1834 938//1834 926//1834
f 926//1835 938//1835 939//1835
f 926//1836 939//1836 927//1836
f 927//1837 939//1837 940//1837
f 927//1838 940//1838 928//1838
f 928//1839 940//1839 941//1839
f 928//1840 941//1840 929//1840
f 929//1841 941//1841 942//1841
f 929//1842 942//1842 930//1842
f 930//1843 942//1843 943//1843
f 930//1844 943//1844 931//1844
f 931//1845 943//1845 944//1845
f 931//1846 944//1846 932//1846
f 932//1847 944//1847 945//1847
f 932//1848 945//1848 933//1848
f 933//1849 945//1849 946//1849
f 933//1850 946//1850 934//1850
f 934//1851 946//1851 947//1851
f 934//1852 947//1852 935//1852
f 935//1853 947//1853 948//1853
f 935//1854 948//1854 936//1854
f 936//1855 948//1855 937//1855
f 936//1856 937//1856 925//1856
f 937//1857 949//1857 950//1857
f 937//1858 950//1858 938//1858
f 938//1859 950//1859 951//1859
f 938//1860 951//1860 939//1860
f 939//1861 951//1861 952//1861
f 939//1862 952//1862 940//1862
f 940//1863 952//1863 953//1863
f 940//1864 953//1864 941//1864
f 941//1865 953//1865 954//1865
f 941//1866 954//1866 942//1866
f 942//1867 954//1867 955//1867
f 942//1868 955//1868 943//1868
f 943//1869 955//1869 956//1869
f 943//1870 956//1870 944//1870
f 944//1871 956//1871 957//1871
f 944//1872 957//1872 945//1872
f 945//1873 957//1873 958//1873
f 945//1874 958//1874 946//1874
f 946//1875 958//1875 959//1875
f 946//1876 959//1876 947//1876
f 947//1877 959//1877 960//1877
f 947//1878 960//1878 948//1878
f 948//1879 960//1879 949//1879
f 948//1880 949//1880 937//1880
f 949//1881 961//1881 962//1881
f 949//1882 962//1882 950//1882
f 950//1883 962//1883 963//1883
f 950//1884 963//1884 951//1884
f 951//1885 963//1885 964//1885
f 951//1886 964//1886 952//1886
f 952//1887 964//1887 965//1887
f 952//1888 965//1888 953//1888
f 953//1889 965//1889 966//1889
f 953//1890 966//1890 954//1890
f 954//1891 966//1891 967//1891
f 954//1892 967//1892 955//1892
f 955//1893 967//1893 968//1893
f 955//1894 968//1894 956//1894
f 956//1895 968//1895 969//1895
f 956//1896 969//1896 957//1896
f 957//1897 969//1897 970//1897
f 957//1898 970//1898 958//1898
f 958//1899 970//1899 971//1899
f 958//1900 971//1900 959//1900
f 959//1901 971//1901 972//1901
f 959//1902 972//1902 960//1902
f 960//1903 972//1903 961//1903
f 960//1904 961//1904 949//1904
f 961//1905 973//1905 974//1905
f 961//1906 974//1906 962//1906
f 962//1907 974//1907 975//1907
f 962//1908 975//1908 963//1908
f 963//1909 975//1909 976//1909
f 963//1910 976//1910 964//1910
f 964//1911 976//1911 977//1911
f 964//1912 977//1912 965//1912
f 965//1913 977//1913 978//1913
f 965//1914 978//1914 966//1914
f 966//1915 978//1915 979//1915
f 966//1916 979//1916 967//1916
f 967//1917 979//1917 980//1917
f 967//1918 980//1918 968//1918
f 968//1919 980//1919 981//1919
f 968//1920 981//1920 969//1920
f 969//1921 981//1921 982//1921
f 969//1922 982//1922 970//1922
f 970//1923 982//1923 983//1923
f 970//1924 983//1924 971//1924
f 971//1925 983//1925 984//1925
f 971//1926 984//1926 972//1926
f 972//1927 984//1927 973//1927
f 972//1928 973//1928 961//1928
f 973//1929 985//1929 986//1929
f 973//1930 986//1930 974//1930
f 974//1931 986//1931 987//1931
f 974//1932 987//1932 975//1932
f 975//1933 987//1933 988//1933
f 975//1934 988//1934 976//1934
f 976//1935 988//1935 989//1935
f 976//1936 989//1936 977//1936
f 977//1937 989//1937 990//1937
f 977//1938 990//1938 978//1938
f 978//1939 990//1939 991//1939
f 978//1940 991//1940 979//1940
f 979//1941 991//1941 992//1941
f 979//1942 992//1942 980//1942
f 980//1943 992//1943 993//1943
f 980//1944 993//1944 981//1944
f 981//1945 993//1945 994//1945
f 981//1946 994//1946 982//1946
f 982//1947 994//1947 995//1947
f 982//1948 995//1948 983//1948
f 983//1949 995//1949 996//1949
f 983//1950 996//1950 984//1950
f 984//1951 996//1951 985//1951
f 984//1952 985//1952 973//1952
f 985//1953 997//1953 998//1953
f 985//1954 998//1954 986//1954
f 986//1955 998//1955 999//1955
f 986//1956 999//1956 987//1956
f 987//1957 999//1957 1000//1957
f 987//1958 1000//1958 988//1958
f 988//1959 1000//1959 1001//1959
f 988//1960 1001//1960 989//1960
f 989//1961 1001//1961 1002//1961
f 989//1962 1002//1962 990//1962
f 990//1963 1002//1963 1003//1963
f 990//1964 1003//1964 991//1964
f 991//1965 1003//1965 1004//1965
f 991//1966 1004//1966 992//1966
f 992//1967 1004//1967 1005//1967
f 992//1968 1005//1968 993//1968
f 993//1969 1005//1969 1006//1969
f 993//1970 1006//1970 994//1970
f 994//1971 1006//1971 1007//1971
f 994//1972 1007//1972 995//1972
f 995//1973 1007//1973 1008//1973
f 995//1974 1008//1974 996//1974
f 996//1975 1008//1975 997//1975
f 996//1976 997//1976 985//1976
f 997//1977 1009//1977 1010//1977
f 997//1978 1010//1978 998//1978
f 998//1979 1010//1979 1011//1979
f 998//1980 1011//1980 999//1980
f 999//1981 1011//1981 1012//1981
f 999//1982 1012//1982 1000//1982
f 1000//1983 1012//1983 1013//1983
f 1000//1984 1013//1984 1001//1984
f 1001//1985 1013//1985 1014//1985
f 1001//1986 1014//1986 1002//1986
f 1002//1987 1014//1987 1015//1987
f 1002//1988 1015//1988 1003//1988
f 1003//1989 1015//1989 1016//1989
f 1003//1990 1016//1990 1004//1990
f 1004//1991 1016//1991 1017//1991
f 1004//1992 1017//1992 1005//1992
f 1005//1993 1017//1993 1018//1993
f 1005//1994 1018//1994 1006//1994
f 1006//1995 1018//1995 1019//1995
f 1006//1996 1019//1996 1007//1996
f 1007//1997 1019//1997 1020//1997
f 1007//1998 1020//1998 1008//1998
f 1008//1999 1020//1999 1009//1999
f 1008//2000 1009//2000 997//2000
f 1009//2001 1021//2001 1022//2001
f 1009//2002 1022//2002 1010//2002
f 1010//2003 1022//2003 1023//2003
f 1010//2004 1023//2004 1011//2004
f 1011//2005 1023//2005 1024//2005
f 1011//2006 1024//2006 1012//2006
f 1012//2007 1024//2007 1025//2007
f 1012//2008 1025//2008 1013//2008
f 1013//2009 1025//2009 1026//2009
f 1013//2010 1026//2010 1014//2010
f 1014//2011 1026//2011 1027//2011
f 1014//2012 1027//2012 1015//2012
f 1015//2013 1027//2013 1028//2013
f 1015//2014 1028//2014 1016//2014
f 1016//2015 1028//2015 1029//2015
f 1016//2016 1029//2016 1017//2016
f 1017//2017 1029//2017 1030//2017
f 1017//2018 1030//2018 1018//2018
f 1018//2019 1030//2019 1031//2019
f 1018//2020 1031//2020 1019//2020
f 1019//2021 1031//2021 1032//2021
f 1019//2022 1032//2022 1020//2022
f 1020//2023 1032//2023 1021//2023
f 1020//2024 1021//2024 1009//2024
f 1021//2025 1033//2025 1034//2025
f 1021//2026 1034//2026 1022//2026
f 1022//2027 1034//2027 1035//2027
f 1022//2028 1035//2028 1023//2028
f 1023//2029 1035//2029 1036//2029
f 1023//2030 1036//2030 1024//2030
f 1024//2031 1036//2031 1037//2031
f 1024//2032 1037//2032 1025//2032
f 1025//2033 1037//2033 1038//2033
f 1025//2034 1038//2034 1026//2034
f 1026//2035 1038//2035 1039//2035
f 1026//2036 1039//2036 1027//2036
f 1027//2037 1039//2037 1040//2037
f 1027//2038 1040//2038 1028//2038
f 1028//2039 1040//2039 1041//2039
f 1028//2040 1041//2040 1029//2040
f 1029//2041 1041//2041 1042//2041
f 1029//2042 1042//2042 1030//2042
f 1030//2043 1042//2043 1043//2043
f 1030//2044 1043//2044 1031//2044
f 1031//2045 1043//2045 1044//2045
f 1031//2046 1044//2046 1032//2046
f 1032//2047 1044//2047 1033//2047
f 1032//2048 1033//2048 1021//2048
f 1033//2049 1045//2049 1046//2049
f 1033//2050 1046//2050 1034//2050
f 1034//2051 1046//2051 1047//2051
f 1034//2052 1047//2052 1035//2052
f 1035//2053 1047//2053 1048//2053
f 1035//2054 1048//2054 1036//2054
f 1036//2055 1048//2055 1049//2055
f 1036//2056 1049//2056 1037//2056
f 1037//2057 1049//2057 1050//2057
f 1037//2058 1050//2058 1038//2058
f 1038//2059 1050//2059 1051//2059
f 1038//2060 1051//2060 1039//2060
f 1039//2061 1051//2061 1052//2061
f 1039//2062 1052//2062 1040//2062
f 1040//2063 1052//2063 1053//2063
f 1040//2064 1053//2064 1041//2064
f 1041//2065 1053//2065 1054//2065
f 1041//2066 1054//2066 1042//2066
f 1042//2067 1054//2067 1055//2067
f 1042//2068 1055//2068 1043//2068
f 1043//2069 1055//2069 1056//2069
f 1043//2070 1056//2070 1044//2070
f 1044//2071 1056//2071 1045//2071
f 1044//2072 1045//2072 1033//2072
f 1045//2073 1057//2073 1058//2073
f 1045//2074 1058//2074 1046//2074
f 1046//2075 1058//2075 1059//2075
f 1046//2076 1059//2076 1047//2076
f 1047//2077 1059//2077 1060//2077
f 1047//2078 1060//2078 1048//2078
f 1048//2079 1060//2079 1061//2079
f 1048//2080 1061//2080 1049//2080
f 1049//2081 1061//2081 1062//2081
f 1049//2081 1062//2081 1050//2081
f 1050//2082 1062//2082 1063//2082
f 1050//2082 1063//2082 1051//2082
f 1051//2083 1063//2083 1064//2083
f 1051//2084 1064//2084 1052//2084
f 1052//2085 1064//2085 1065//2085
f 1052//2086 1065//2086 1053//2086
f 1053//2087 1065//2087 1066//2087
f 1053//2088 1066//2088 1054//2088
f 1054//2089 1066//2089 1067//2089
f 1054//2090 1067//2090 1055//2090
f 1055//2091 1067//2091 1068//2091
f 1055//2092 1068//2092 1056//2092
f 1056//2093 1068//2093 1057//2093
f 1056//2094 1057//2094 1045//2094
f 1057//2095 1069//2095 1070//2095
f 1057//2096 1070//2096 1058//2096
f 1058//2097 1070//2097 1071//2097
f 1058//2098 1071//2098 1059//2098
f 1059//2099 1071//2099 1072//2099
f 1059//2100 1072//2100 1060//2100
f 1060//2101 1072//2101 1073//2101
f 1060//2102 1073//2102 1061//2102
f 1061//2103 1073//2103 1074//2103
f 1061//2104 1074//2104 1062//2104
f 1062//2105 1074//2105 1075//2105
f 1062//2106 1075//2106 1063//2106
f 1063//2107 1075//2107 1076//2107
f 1063//2108 1076//2108 1064//2108
f 1064//2109 1076//2109 1077//2109
f 1064//2110 1077//2110 1065//2110
f 1065//2111 1077//2111 1078//2111
f 1065//2112 1078//2112 1066//2112
f 1066//2113 1078//2113 1079//2113
f 1066//2114 1079//2114 1067//2114
f 1067//2115 1079//2115 1080//2115
f 1067//2116 1080//2116 1068//2116
f 1068//2117 1080//2117 1069//2117
f 1068//2118 1069//2118 1057//2118
f 1069//2119 1081//2119 1082//2119
f 1069//2120 1082//2120 1070//2120
f 1070//2121 1082//2121 1083//2121
f 1070//2122 1083//2122 1071//2122
f 1071//2123 1083//2123 1084//2123
f 1071//2124 1084//2124 1072//2124
f 1072//2125 1084//2125 1085//2125
f 1072//2126 1085//2126 1073//2126
f 1073//2127 1085//2127 1086//2127
f 1073//2128 1086//2128 1074//2128
f 1074//2129 1086//2129 1087//2129
f 1074//2130 1087//2130 1075//2130
f 1075//2131 1087//2131 1088//2131
f 1075//2131 1088//2131 1076//2131
f 1076//2132 1088//2132 1089//2132
f 1076//2133 1089//2133 1077//2133
f 1077//2134 1089//2134 1090//2134
f 1077//2135 1090//2135 1078//2135
f 1078//2136 1090//2136 1091//2136
f 1078//2137 1091//2137 1079//2137
f 1079//2138 1091//2138 1092//2138
f 1079//2139 1092//2139 1080//2139
f 1080//2140 1092//2140 1081//2140
f 1080//2141 1081//2141 1069//2141
f 1081//2142 1093//2142 1094//2142
f 1081//2142 1094//2142 1082//2142
f 1082//2143 1094//2143 1095//2143
f 1082//2143 1095//2143 1083//2143
f 1083//2144 1095//2144 1096//2144
f 1083//2145 1096//2145 1084//2145
f 1084//2146 1096//2146 1097//2146
f 1084//2147 1097//2147 1085//2147
f 1085//2148 1097//2148 1098//2148
f 1085//2149 1098//2149 1086//2149
f 1086//2150 1098//2150 1099//2150
f 1086//2151 1099//2151 1087//2151
f 1087//2152 1099//2152 1100//2152
f 1087//2153 1100//2153 1088//2153
f 1088//2154 1100//2154 1101//2154
f 1088//2155 1101//2155 1089//2155
f 1089//2156 1101//2156 1102//2156
f 1089//2157 1102//2157 1090//2157
f 1090//2158 1102//2158 1103//2158
f 1090//2159 1103//2159 1091//2159
f 1091//2160 1103//2160 1104//2160
f 1091//2161 1104//2161 1092//2161
f 1092//2162 1104//2162 1093//2162
f 1092//2163 1093//2163 1081//2163
f 1093//2164 1105//2164 1106//2164
f 1093//2165 1106//2165 1094//2165
f 1094//2166 1106//2166 1107//2166
f 1094//2167 1107//2167 1095//2167
f 1095//2168 1107//2168 1108//2168
f 1095//2169 1108//2169 1096//2169
f 1096//2170 1108//2170 1109//2170
f 1096//2171 1109//2171 1097//2171
f 1097//2172 1109//2172 1110//2172
f 1097//2173 1110//2173 1098//2173
f 1098//2174 1110//2174 1111//2174
f 1098//2175 1111//2175 1099//2175
f 1099//2176 1111//2176 1112//2176
f 1099//2177 1112//2177 1100//2177
f 1100//2178 1112//2178 1113//2178
f 1100//2179 1113//2179 1101//2179
f 1101//2180 1113//2180 1114//2180
f 1101//2181 1114//2181 1102//2181
f 1102//2182 1114//2182 1115//2182
f 1102//2183 1115//2183 1103//2183
f 1103//2184 1115//2184 1116//2184
f 1103//2185 1116//2185 1104//2185
f 1104//2186 1116//2186 1105//2186
f 1104//2187 1105//2187 1093//2187
f 1105//2188 1117//2188 1118//2188
f 1105//2189 1118//2189 1106//2189
f 1106//2190 1118//2190 1119//2190
f 1106//2191 1119//2191 1107//2191
f 1107//2192 1119//2192 1120//2192
f 1107//2193 1120//2193 1108//2193
f 1108//2194 1120//2194 1121//2194
f 1108//2195 1121//2195 1109//2195
f 1109//2196 1121//2196 1122//2196
f 1109//2197 1122//2197 1110//2197
f 1110//2198 1122//2198 1123//2198
f 1110//2199 1123//2199 1111//2199
f 1111//2200 1123//2200 1124//2200
f 1111//2201 1124//2201 1112//2201
f 1112//2202 1124//2202 1125//2202
f 1112//2203 1125//2203 1113//2203
f 1113//2204 1125//2204 1126//2204
f 1113//2205 1126//2205 1114//2205
f 1114//2206 1126//2206 1127//2206
f 1114//2207 1127//2207 1115//2207
f 1115//2208 1127//2208 1128//2208
f 1115//2209 1128//2209 1116//2209
f 1116//2210 1128//2210 1117//2210
f 1116//2211 1117//2211 1105//2211
f 1117//2212 1129//2212 1130//2212
f 1117//2213 1130//2213 1118//2213
f 1118//2214 1130//2214 1131//2214
f 1118//2215 1131//2215 1119//2215
f 1119//2216 1131//2216 1132//2216
f 1119//2217 1132//2217 1120//2217
f 1120//2218 1132//2218 1133//2218
f 1120//2219 1133//2219 1121//2219
f 1121//2220 1133//2220 1134//2220
f 1121//2221 1134//2221 1122//2221
f 1122//2222 1134//2222 1135//2222
f 1122//2223 1135//2223 1123//2223
f 1123//2224 1135//2224 1136//2224
f 1123//2225 1136//2225 1124//2225
f 1124//2226 1136//2226 1137//2226
f 1124//2227 1137//2227 1125//2227
f 1125//2228 1137//2228 1138//2228
f 1125//2229 1138//2229 1126//2229
f 1126//2230 1138//2230 1139//2230
f 1126//2231 1139//2231 1127//2231
f 1127//2232 1139//2232 1140//2232
f 1127//2233 1140//2233 1128//2233
f 1128//2234 1140//2234 1129//2234
f 1128//2235 1129//2235 1117//2235
f 1129//2236 1141//2236 1142//2236
f 1129//2237 1142//2237 1130//2237
f 1130//2238 1142//2238 1143//2238
f 1130//2239 1143//2239 1131//2239
f 1131//2240 1143//2240 1144//2240
f 1131//2241 1144//2241 1132//2241
f 1132//2242 1144//2242 1145//2242
f 1132//2243 1145//2243 1133//2243
f 1133//2244 1145//2244 1146//2244
f 1133//2245 1146//2245 1134//2245
f 1134//2246 1146//2246 1147//2246
f 1134//2247 1147//2247 1135//2247
f 1135//2248 1147//2248 1148//2248
f 1135//2249 1148//2249 1136//2249
f 1136//2250 1148//2250 1149//2250
f 1136//2251 1149//2251 1137//2251
f 1137//2252 1149//2252 1150//2252
f 1137//2253 1150//2253 1138//2253
f 1138//2254 1150//2254 1151//2254
f 1138//2255 1151//2255 1139//2255
f 1139//2256 1151//2256 1152//2256
f 1139//2257 1152//2257 1140//2257
f 1140//2258 1152//2258 1141//2258
f 1140//2259 1141//2259 1129//2259
f 1141//2260 1153//2260 1154//2260
f 1141//2261 1154//2261 1142//2261
f 1142//2262 1154//2262 1155//2262
f 1142//2263 1155//2263 1143//2263
f 1143//2264 1155//2264 1156//2264
f 1143//2265 1156//2265 1144//2265
f 1144//2266 1156//2266 1157//2266
f 1144//2267 1157//2267 1145//2267
f 1145//2268 1157//2268 1158//2268
f 1145//2269 1158//2269 1146//2269
f 1146//2270 1158//2270 1159//2270
f 1146//2271 1159//2271 1147//2271
f 1147//2272 1159//2272 1160//2272
f 1147//2273 1160//2273 1148//2273
f 1148//2274 1160//2274 1161//2274
f 1148//2275 1161//2275 1149//2275
f 1149//2276 1161//2276 1162//2276
f 1149//2277 1162//2277 1150//2277
f 1150//2278 1162//2278 1163//2278
f 1150//2279 1163//2279 1151//2279
f 1151//2280 1163//2280 1164//2280
f 1151//2281 1164//2281 1152//2281
f 1152//2282 1164//2282 1153//2282
f 1152//2283 1153//2283 1141//2283
f 1153//2284 1165//2284 1166//2284
f 1153//2285 1166//2285 1154//2285
f 1154//2286 1166//2286 1167//2286
f 1154//2287 1167//2287 1155//2287
f 1155//2288 1167//2288 1168//2288
f 1155//2289 1168//2289 1156//2289
f 1156//2290 1168//2290 1169//2290
f 1156//2291 1169//2291 1157//2291
f 1157//2292 1169//2292 1170//2292
f 1157//2293 1170//2293 1158//2293
f 1158//2294 1170//2294 1171//2294
f 1158//2295 1171//2295 1159//2295
f 1159//2296 1171//2296 1172//2296
f 1159//2297 1172//2297 1160//2297
f 1160//2298 1172//2298 1173//2298
f 1160//2299 1173//2299 1161//2299
f 1161//2300 1173//2300 1174//2300
f 1161//2301 1174//2301 1162//2301
f 1162//2302 1174//2302 1175//2302
f 1162//2303 1175//2303 1163//2303
f 1163//2304 1175//2304 1176//2304
f 1163//2305 1176//2305 1164//2305
f 1164//2306 1176//2306 1165//2306
f 1164//2307 1165//2307 1153//2307
f 1165//2308 1177//2308 1178//2308
f 1165//2309 1178//2309 1166//2309
f 1166//2310 1178//2310 1179//2310
f 1166//2311 1179//2311 1167//2311
f 1167//2312 1179//2312 1180//2312
f 1167//2313 1180//2313 1168//2313
f 1168//2314 1180//2314 1181//2314
f 1168//2315 1181//2315 1169//2315
f 1169//2316 1181//2316 1182//2316
f 1169//2317 1182//2317 1170//2317
f 1170//2318 1182//2318 1183//2318
f 1170//2319 1183//2319 1171//2319
f 1171//2320 1183//2320 1184//2320
f 1171//2321 1184//2321 1172//2321
f 1172//2322 1184//2322 1185//2322
f 1172//2323 1185//2323 1173//2323
f 1173//2324 1185//2324 1186//2324
f 1173//2325 1186//2325 1174//2325
f 1174//2326 1186//2326 1187//2326
f 1174//2327 1187//2327 1175//2327
f 1175//2328 1187//2328 1188//2328
f 1175//2329 1188//2329 1176//2329
f 1176//2330 1188//2330 1177//2330
f 1176//2331 1177//2331 1165//2331
f 1177//2332 1189//2332 1190//2332
f 1177//2333 1190//2333 1178//2333
f 1178//2334 1190//2334 1191//2334
f 1178//2335 1191//2335 1179//2335
f 1179//2336 1191//2336 1192//2336
f 1179//2337 1192//2337 1180//2337
f 1180//2338 1192//2338 1193//2338
f 1180//2339 1193//2339 1181//2339
f 1181//2340 1193//2340 1194//2340
f 1181//2341 1194//2341 1182//2341
f 1182//2342 1194//2342 1195//2342
f 1182//2343 1195//2343 1183//2343
f 1183//2344 1195//2344 1196//2344
f 1183//2345 1196//2345 1184//2345
f 1184//2346 1196//2346 1197//2346
f 1184//2347 1197//2347 1185//2347
f 1185//2348 1197//2348 1198//2348
f 1185//2349 1198//2349 1186//2349
f 1186//2350 1198//2350 1199//2350
f 1186//2351 1199//2351 1187//2351
f 1187//2352 1199//2352 1200//2352
f 1187//2353 1200//2353 1188//2353
f 1188//2354 1200//2354 1189//2354
f 1188//2355 1189//2355 1177//2355
f 1189//2356 1201//2356 1202//2356
f 1189//2357 1202//2357 1190//2357
f 1190//2358 1202//2358 1203//2358
f 1190//2359 1203//2359 1191//2359
f 1191//2360 1203//2360 1204//2360
f 1191//2361 1204//2361 1192//2361
f 1192//2362 1204//2362 1205//2362
f 1192//2363 1205//2363 1193//2363
f 1193//2364 1205//2364 1206//2364
f 1193//2365 1206//2365 1194//2365
f 1194//2366 1206//2366 1207//2366
f 1194//2367 1207//2367 1195//2367
f 1195//2368 1207//2368 1208//2368
f 1195//2369 1208//2369 1196//2369
f 1196//2370 1208//2370 1209//2370
f 1196//2371 1209//2371 1197//2371
f 1197//2372 1209//2372 1210//2372
f 1197//2373 1210//2373 1198//2373
f 1198//2374 1210//2374 1211//2374
f 1198//2375 1211//2375 1199//2375
f 1199//2376 1211//2376 1212//2376
f 1199//2377 1212//2377 1200//2377
f 1200//2378 1212//2378 1201//2378
f 1200//2379 1201//2379 1189//2379
f 1201//2380 1213//2380 1214//2380
f 1201//2381 1214//2381 1202//2381
f 1202//2382 1214//2382 1215//2382
f 1202//2383 1215//2383 1203//2383
f 1203//2384 1215//2384 1216//2384
f 1203//2385 1216//2385 1204//2385
f 1204//2386 1216//2386 1217//2386
f 1204//2387 1217//2387 1205//2387
f 1205//2388 1217//2388 1218//2388
f 1205//2389 1218//2389 1206//2389
f 1206//2390 1218//2390 1219//2390
f 1206//2391 1219//2391 1207//2391
f 1207//2392 1219//2392 1220//2392
f 1207//2393 1220//2393 1208//2393
f 1208//2394 1220//2394 1221//2394
f 1208//2395 1221//2395 1209//2395
f 1209//2396 1221//2396 1222//2396
f 1209//2397 1222//2397 1210//2397
f 1210//2398 1222//2398 1223//2398
f 1210//2399 1223//2399 1211//2399
f 1211//2400 1223//2400 1224//2400
f 1211//2401 1224//2401 1212//2401
f 1212//2402 1224//2402 1213//2402
f 1212//2403 1213//2403 1201//2403
f 1213//2404 1225//2404 1226//2404
f 1213//2405 1226//2405 1214//2405
f 1214//2406 1226//2406 1227//2406
f 1214//2407 1227//2407 1215//2407
f 1215//2408 1227//2408 1228//2408
f 1215//2409 1228//2409 1216//2409
f 1216//2410 1228//2410 1229//2410
f 1216//2411 1229//2411 1217//2411
f 1217//2412 1229//2412 1230//2412
f 1217//2413 1230//2413 1218//2413
f 1218//2414 1230//2414 1231//2414
f 1218//2415 1231//2415 1219//2415
f 1219//2416 1231//2416 1232//2416
f 1219//2417 1232//2417 1220//2417
f 1220//2418 1232//2418 1233//2418
f 1220//2419 1233//2419 1221//2419
f 1221//2420 1233//2420 1234//2420
f 1221//2421 1234//2421 1222//2421
f 1222//2422 1234//2422 1235//2422
f 1222//2423 1235//2423 1223//2423
f 1223//2424 1235//2424 1236//2424
f 1223//2425 1236//2425 1224//2425
f 1224//2426 1236//2426 1225//2426
f 1224//2427 1225//2427 1213//2427
f 1225//2428 1237//2428 1238//2428
f 1225//2429 1238//2429 1226//2429
f 1226//2430 1238//2430 1239//2430
f 1226//2431 1239//2431 1227//2431
f 1227//2432 1239//2432 1240//2432
f 1227//2433 1240//2433 1228//2433
f 1228//2434 1240//2434 1241//2434
f 1228//2435 1241//2435 1229//2435
f 1229//2436 1241//2436 1242//2436
f 1229//2437 1242//2437 1230//2437
f 1230//2438 1242//2438 1243//2438
f 1230//2439 1243//2439 1231//2439
f 1231//2440 1243//2440 1244//2440
f 1231//2441 1244//2441 1232//2441
f 1232//2442 1244//2442 1245//2442
f 1232//2443 1245//2443 1233//2443
f 1233//2444 1245//2444 1246//2444
f 1233//2445 1246//2445 1234//2445
f 1234//2446 1246//2446 1247//2446
f 1234//2447 1247//2447 1235//2447
f 1235//2448 1247//2448 1248//2448
f 1235//2449 1248//2449 1236//2449
f 1236//2450 1248//2450 1237//2450
f 1236//2451 1237//2451 1225//2451
f 1237//2452 1249//2452 1250//2452
f 1237//2453 1250//2453 1238//2453
f 1238//2454 1250//2454 1251//2454
f 1238//2455 1251//2455 1239//2455
f 1239//2456 1251//2456 1252//2456
f 1239//2457 1252//2457 1240//2457
f 1240//2458 1252//2458 1253//2458
f 1240//2459 1253//2459 1241//2459
f 1241//2460 1253//2460 1254//2460
f 1241//2461 1254//2461 1242//2461
f 1242//2462 1254//2462 1255//2462
f 1242//2463 1255//2463 1243//2463
f 1243//2464 1255//2464 1256//2464
f 1243//2465 1256//2465 1244//2465
f 1244//2466 1256//2466 1257//2466
f 1244//2467 1257//2467 1245//2467
f 1245//2468 1257//2468 1258//2468
f 1245//2469 1258//2469 1246//2469
f 1246//2470 1258//2470 1259//2470
f 1246//2471 1259//2471 1247//2471
f 1247//2472 1259//2472 1260//2472
f 1247//2473 1260//2473 1248//2473
f 1248//2474 1260//2474 1249//2474
f 1248//2475 1249//2475 1237//2475
f 1249//2476 1261//2476 1262//2476
f 1249//2477 1262//2477 1250//2477
f 1250//2478 1262//2478 1263//2478
f 1250//2479 1263//2479 1251//2479
f 1251//2480 1263//2480 1264//2480
f 1251//2481 1264//2481 1252//2481
f 1252//2482 1264//2482 1265//2482
f 1252//2483 1265//2483 1253//2483
f 1253//2484 1265//2484 1266//2484
f 1253//2485 1266//2485 1254//2485
f 1254//2486 1266//2486 1267//2486
f 1254//2487 1267//2487 1255//2487
f 1255//2488 1267//2488 1268//2488
f 1255//2489 1268//2489 1256//2489
f 1256//2490 1268//2490 1269//2490
f 1256//2491 1269//2491 1257//2491
f 1257//2492 1269//2492 1270//2492
f 1257//2493 1270//2493 1258//2493
f 1258//2494 1270//2494 1271//2494
f 1258//2495 1271//2495 1259//2495
f 1259//2496 1271//2496 1272//2496
f 1259//2497 1272//2497 1260//2497
f 1260//2498 1272//2498 1261//2498
f 1260//2499 1261//2499 1249//2499
f 1261//2500 1273//2500 1274//2500
f 1261//2501 1274//2501 1262//2501
f 1262//2502 1274//2502 1275//2502
f 1262//2503 1275//2503 1263//2503
f 1263//2504 1275//2504 1276//2504
f 1263//2505 1276//2505 1264//2505
f 1264//2506 1276//2506 1277//2506
f 1264//2507 1277//2507 1265//2507
f 1265//2508 1277//2508 1278//2508
f 1265//2509 1278//2509 1266//2509
f 1266//2510 1278//2510 1279//2510
f 1266//2511 1279//2511 1267//2511
f 1267//2512 1279//2512 1280//2512
f 1267//2513 1280//2513 1268//2513
f 1268//2514 1280//2514 1281//2514
f 1268//2515 1281//2515 1269//2515
f 1269//2516 1281//2516 1282//2516
f 1269//2517 1282//2517 1270//2517
f 1270//2518 1282//2518 1283//2518
f 1270//2519 1283//2519 1271//2519
f 1271//2520 1283//2520 1284//2520
f 1271//2521 1284//2521 1272//2521
f 1272//2522 1284//2522 1273//2522
f 1272//2523 1273//2523 1261//2523
f 1273//2524 1285//2524 1286//2524
f 1273//2525 1286//2525 1274//2525
f 1274//2526 1286//2526 1287//2526
f 1274//2527 1287//2527 1275//2527
f 1275//2528 1287//2528 1288//2528
f 1275//2529 1288//2529 1276//2529
f 1276//2530 1288//2530 1289//2530
f 1276//2531 1289//2531 1277//2531
f 1277//2532 1289//2532 1290//2532
f 1277//2533 1290//2533 1278//2533
f 1278//2534 1290//2534 1291//2534
f 1278//2535 1291//2535 1279//2535
f 1279//2536 1291//2536 1292//2536
f 1279//2537 1292//2537 1280//2537
f 1280//2538 1292//2538 1293//2538
f 1280//2539 1293//2539 1281//2539
f 1281//2540 1293//2540 1294//2540
f 1281//2541 1294//2541 1282//2541
f 1282//2542 1294//2542 1295//2542
f 1282//2543 1295//2543 1283//2543
f 1283//2544 1295//2544 1296//2544
f 1283//2545 1296//2545 1284//2545
f 1284//2546 1296//2546 1285//2546
f 1284//2547 1285//2547 1273//2547
f 1285//2548 1297//2548 1298//2548
f 1285//2549 1298//2549 1286//2549
f 1286//2550 1298//2550 1299//2550
f 1286//2551 1299//2551 1287//2551
f 1287//2552 1299//2552 1300//2552
f 1287//2553 1300//2553 1288//2553
f 1288//2554 1300//2554 1301//2554
f 1288//2555 1301//2555 1289//2555
f 1289//2556 1301//2556 1302//2556
f 1289//2557 1302//2557 1290//2557
f 1290//2558 1302//2558 1303//2558
f 1290//2559 1303//2559 1291//2559
f 1291//2560 1303//2560 1304//2560
f 1291//2561 1304//2561 1292//2561
f 1292//2562 1304//2562 1305//2562
f 1292//2563 1305//2563 1293//2563
f 1293//2564 1305//2564 1306//2564
f 1293//2565 1306//2565 1294//2565
f 1294//2566 1306//2566 1307//2566
f 1294//2567 1307//2567 1295//2567
f 1295//2568 1307//2568 1308//2568
f 1295//2569 1308//2569 1296//2569
f 1296//2570 1308//2570 1297//2570
f 1296//2571 1297//2571 1285//2571
f 1297//2572 1309//2572 1310//2572
f 1297//2573 1310//2573 1298//2573
f 1298//2574 1310//2574 1311//2574
f 1298//2575 1311//2575 1299//2575
f 1299//2576 1311//2576 1312//2576
f 1299//2577 1312//2577 1300//2577
f 1300//2578 1312//2578 1313//2578
f 1300//2579 1313//2579 1301//2579
f 1301//2580 1313//2580 1314//2580
f 1301//2581 1314//2581 1302//2581
f 1302//2582 1314//2582 1315//2582
f 1302//2583 1315//2583 1303//2583
f 1303//2584 1315//2584 1316//2584
f 1303//2585 1316//2585 1304//2585
f 1304//2586 1316//2586 1317//2586
f 1304//2587 1317//2587 1305//2587
f 1305//2588 1317//2588 1318//2588
f 1305//2589 1318//2589 1306//2589
f 1306//2590 1318//2590 1319//2590
f 1306//2591 1319//2591 1307//2591
f 1307//2592 1319//2592 1320//2592
f 1307//2593 1320//2593 1308//2593
f 1308//2594 1320//2594 1309//2594
f 1308//2595 1309//2595 1297//2595
f 1309//2596 1321//2596 1322//2596
f 1309//2597 1322//2597 1310//2597
f 1310//2598 1322//2598 1323//2598
f 1310//2599 1323//2599 1311//2599
f 1311//2600 1323//2600 1324//2600
f 1311//2601 1324//2601 1312//2601
f 1312//2602 1324//2602 1325//2602
f 1312//2603 1325//2603 1313//2603
f 1313//2604 1325//2604 1326//2604
f 1313//2605 1326//2605 1314//2605
f 1314//2606 1326//2606 1327//2606
f 1314//2607 1327//2607 1315//2607
f 1315//2608 1327//2608 1328//2608
f 1315//2609 1328//2609 1316//2609
f 1316//2610 1328//2610 1329//2610
f 1316//2611 1329//2611 1317//2611
f 1317//2612 1329//2612 1330//2612
f 1317//2613 1330//2613 1318//2613
f 1318//2614 1330//2614 1331//2614
f 1318//2615 1331//2615 1319//2615
f 1319//2616 1331//2616 1332//2616
f 1319//2617 1332//2617 1320//2617
f 1320//2618 1332//2618 1321//2618
f 1320//2619 1321//2619 1309//2619
f 1321//2620 1333//2620 1334//2620
f 1321//2621 1334//2621 1322//2621
f 1322//2622 1334//2622 1335//2622
f 1322//2623 1335//2623 1323//2623
f 1323//2624 1335//2624 1336//2624
f 1323//2625 1336//2625 1324//2625
f 1324//2626 1336//2626 1337//2626
f 1324//2627 1337//2627 1325//2627
f 1325//2628 1337//2628 1338//2628
f 1325//2629 1338//2629 1326//2629
f 1326//2630 1338//2630 1339//2630
f 1326//2631 1339//2631 1327//2631
f 1327//2632 1339//2632 1340//2632
f 1327//2633 1340//2633 1328//2633
f 1328//2634 1340//2634 1341//2634
f 1328//2635 1341//2635 1329//2635
f 1329//2636 1341//2636 1342//2636
f 1329//2637 1342//2637 1330//2637
f 1330//2638 1342//2638 1343//2638
f 1330//2639 1343//2639 1331//2639
f 1331//2640 1343//2640 1344//2640
f 1331//2641 1344//2641 1332//2641
f 1332//2642 1344//2642 1333//2642
f 1332//2643 1333//2643 1321//2643
f 1333//2644 1345//2644 1346//2644
f 1333//2645 1346//2645 1334//2645
f 1334//2646 1346//2646 1347//2646
f 1334//2647 1347//2647 1335//2647
f 1335//2648 1347//2648 1348//2648
f 1335//2649 1348//2649 1336//2649
f 1336//2650 1348//2650 1349//2650
f 1336//2651 1349//2651 1337//2651
f 1337//2652 1349//2652 1350//2652
f 1337//2653 1350//2653 1338//2653
f 1338//2654 1350//2654 1351//2654
f 1338//2655 1351//2655 1339//2655
f 1339//2656 1351//2656 1352//2656
f 1339//2657 1352//2657 1340//2657
f 1340//2658 1352//2658 1353//2658
f 1340//2659 1353//2659 1341//2659
f 1341//2660 1353//2660 1354//2660
f 1341//2661 1354//2661 1342//2661
f 1342//2662 1354//2662 1355//2662
f 1342//2663 1355//2663 1343//2663
f 1343//2664 1355//2664 1356//2664
f 1343//2665 1356//2665 1344//2665
f 1344//2666 1356//2666 1345//2666
f 1344//2667 1345//2667 1333//2667
f 1345//2668 1357//2668 1358//2668
f 1345//2669 1358//2669 1346//2669
f 1346//2670 1358//2670 1359//2670
f 1346//2671 1359//2671 1347//2671
f 1347//2672 1359//2672 1360//2672
f 1347//2673 1360//2673 1348//2673
f 1348//2674 1360//2674 1361//2674
f 1348//2675 1361//2675 1349//2675
f 1349//2676 1361//2676 1362//2676
f 1349//2677 1362//2677 1350//2677
f 1350//2678 1362//2678 1363//2678
f 1350//2679 1363//2679 1351//2679
f 1351//2680 1363//2680 1364//2680
f 1351//2681 1364//2681 1352//2681
f 1352//2682 1364//2682 1365//2682
f 1352//2683 1365//2683 1353//2683
f 1353//2684 1365//2684 1366//2684
f 1353//2685 1366//2685 1354//2685
f 1354//2686 1366//2686 1367//2686
f 1354//2687 1367//2687 1355//2687
f 1355//2688 1367//2688 1368//2688
f 1355//2689 1368//2689 1356//2689
f 1356//2690 1368//2690 1357//2690
f 1356//2691 1357//2691 1345//2691
f 1357//2692 1369//2692 1370//2692
f 1357//2693 1370//2693 1358//2693
f 1358//2694 1370//2694 1371//2694
f 1358//2695 1371//2695 1359//2695
f 1359//2696 1371//2696 1372//2696
f 1359//2697 1372//2697 1360//2697
f 1360//2698 1372//2698 1373//2698
f 1360//2699 1373//2699 1361//2699
f 1361//2700 1373//2700 1374//2700
f 1361//2701 1374//2701 1362//2701
f 1362//2702 1374//2702 1375//2702
f 1362//2703 1375//2703 1363//2703
f 1363//2704 1375//2704 1376//2704
f 1363//2705 1376//2705 1364//2705
f 1364//2706 1376//2706 1377//2706
f 1364//2707 1377//2707 1365//2707
f 1365//2708 1377//2708 1378//2708
f 1365//2709 1378//2709 1366//2709
f 1366//2710 1378//2710 1379//2710
f 1366//2711 1379//2711 1367//2711
f 1367//2712 1379//2712 1380//2712
f 1367//2713 1380//2713 1368//2713
f 1368//2714 1380//2714 1369//2714
f 1368//2715 1369//2715 1357//2715
f 1369//2716 1381//2716 1382//2716
f 1369//2717 1382//2717 1370//2717
f 1370//2718 1382//2718 1383//2718
f 1370//2719 1383//2719 1371//2719
f 1371//2720 1383//2720 1384//2720
f 1371//2721 1384//2721 1372//2721
f 1372//2722 1384//2722 1385//2722
f 1372//2723 1385//2723 1373//2723
f 1373//2724 1385//2724 1386//2724
f 1373//2725 1386//2725 1374//2725
f 1374//2726 1386//2726 1387//2726
f 1374//2727 1387//2727 1375//2727
f 1375//2728 1387//2728 1388//2728
f 1375//2729 1388//2729 1376//2729
f 1376//2730 1388//2730 1389//2730
f 1376//2731 1389//2731 1377//2731
f 1377//2732 1389//2732 1390//2732
f 1377//2733 1390//2733 1378//2733
f 1378//2734 1390//2734 1391//2734
f 1378//2735 1391//2735 1379//2735
f 1379//2736 1391//2736 1392//2736
f 1379//2737 1392//2737 1380//2737
f 1380//2738 1392//2738 1381//2738
f 1380//2739 1381//2739 1369//2739
f 1381//2740 1393//2740 1394//2740
f 1381//2741 1394//2741 1382//2741
f 1382//2742 1394//2742 1395//2742
f 1382//2743 1395//2743 1383//2743
f 1383//2744 1395//2744 1396//2744
f 1383//2745 1396//2745 1384//2745
f 1384//2746 1396//2746 1397//2746
f 1384//2747 1397//2747 1385//2747
f 1385//2748 1397//2748 1398//2748
f 1385//2749 1398//2749 1386//2749
f 1386//2750 1398//2750 1399//2750
f 1386//2751 1399//2751 1387//2751
f 1387//2752 1399//2752 1400//2752
f 1387//2753 1400//2753 1388//2753
f 1388//2754 1400//2754 1401//2754
f 1388//2755 1401//2755 1389//2755
f 1389//2756 1401//2756 1402//2756
f 1389//2757 1402//2757 1390//2757
f 1390//2758 1402//2758 1403//2758
f 1390//2759 1403//2759 1391//2759
f 1391//2760 1403//2760 1404//2760
f 1391//2761 1404//2761 1392//2761
f 1392//2762 1404//2762 1393//2762
f 1392//2763 1393//2763 1381//2763
f 1393//2764 1405//2764 1406//2764
f 1393//2765 1406//2765 1394//2765
f 1394//2766 1406//2766 1407//2766
f 1394//2767 1407//2767 1395//2767
f 1395//2768 1407//2768 1408//2768
f 1395//2769 1408//2769 1396//2769
f 1396//2770 1408//2770 1409//2770
f 1396//2771 1409//2771 1397//2771
f 1397//2772 1409//2772 1410//2772
f 1397//2773 1410//2773 1398//2773
f 1398//2774 1410//2774 1411//2774
f 1398//2775 1411//2775 1399//2775
f 1399//2776 1411//2776 1412//2776
f 1399//2777 1412//2777 1400//2777
f 1400//2778 1412//2778 1413//2778
f 1400//2779 1413//2779 1401//2779
f 1401//2780 1413//2780 1414//2780
f 1401//2781 1414//2781 1402//2781
f 1402//2782 1414//2782 1415//2782
f 1402//2783 1415//2783 1403//2783
f 1403//2784 1415//2784 1416//2784
f 1403//2785 1416//2785 1404//2785
f 1404//2786 1416//2786 1405//2786
f 1404//2787 1405//2787 1393//2787
f 1405//2788 1417//2788 1418//2788
f 1405//2789 1418//2789 1406//2789
f 1406//2790 1418//2790 1419//2790
f 1406//2791 1419//2791 1407//2791
f 1407//2792 1419//2792 1420//2792
f 1407//2793 1420//2793 1408//2793
f 1408//2794 1420//2794 1421//2794
f 1408//2795 1421//2795 1409//2795
f 1409//2796 1421//2796 1422//2796
f 1409//2797 1422//2797 1410//2797
f 1410//2798 1422//2798 1423//2798
f 1410//2799 1423//2799 1411//2799
f 1411//2800 1423//2800 1424//2800
f 1411//2801 1424//2801 1412//2801
f 1412//2802 1424//2802 1425//2802
f 1412//2803 1425//2803 1413//2803
f 1413//2804 1425//2804 1426//2804
f 1413//2805 1426//2805 1414//2805
f 1414//2806 1426//2806 1427//2806
f 1414//2807 1427//2807 1415//2807
f 1415//2808 1427//2808 1428//2808
f 1415//2809 1428//2809 1416//2809
f 1416//2810 1428//2810 1417//2810
f 1416//2811 1417//2811 1405//2811
f 1417//2812 1429//2812 1430//2812
f 1417//2813 1430//2813 1418//2813
f 1418//2814 1430//2814 1431//2814
f 1418//2815 1431//2815 1419//2815
f 1419//2816 1431//2816 1432//2816
f 1419//2817 1432//2817 1420//2817
f 1420//2818 1432//2818 1433//2818
f 1420//2819 1433//2819 1421//2819
f 1421//2820 1433//2820 1434//2820
f 1421//2821 1434//2821 1422//2821
f 1422//2822 1434//2822 1435//2822
f 1422//2823 1435//2823 1423//2823
f 1423//2824 1435//2824 1436//2824
f 1423//2825 1436//2825 1424//2825
f 1424//2826 1436//2826 1437//2826
f 1424//2827 1437//2827 1425//2827
f 1425//2828 1437//2828 1438//2828
f 1425//2829 1438//2829 1426//2829
f 1426//2830 1438//2830 1439//2830
f 1426//2831 1439//2831 1427//2831
f 1427//2832 1439//2832 1440//2832
f 1427//2833 1440//2833 1428//2833
f 1428//2834 1440//2834 1429//2834
f 1428//2835 1429//2835 1417//2835
f 1429//2836 1//2836 2//2836
f 1429//2837 2//2837 1430//2837
f 1430//2838 2//2838 3//2838
f 1430//2839 3//2839 1431//2839
f 1431//2840 3//2840 4//2840
f 1431//2841 4//2841 1432//2841
f 1432//2842 4//2842 5//2842
f 1432//2843 5//2843 1433//2843
f 1433//2844 5//2844 6//2844
f 1433//2845 6//2845 1434//2845
f 1434//2846 6//2846 7//2846
f 1434//2847 7//2847 1435//2847
f 1435//2848 7//2848 8//2848
f 1435//2849 8//2849 1436//2849
f 1436//2850 8//2850 9//2850
f 1436//2851 9//2851 1437//2851
f 1437//2852 9//2852 10//2852
f 1437//2853 10//2853 1438//2853
f 1438//2854 10//2854 11//2854
f 1438//2855 11//2855 1439//2855
f 1439//2856 11//2856 12//2856
f 1439//2857 12//2857 1440//2857
f 1440//2858 12//2858 1//2858
f 1440//2859 1//2859 1429//2859
o floor
v -2.000000 0.000000 2.000000
v 2.000000 0.000000 2.000000
v -2.000000 0.000000 -2.000000
v 2.000000 0.000000 -2.000000
vn -0.0000 1.0000 -0.0000
s 0
f 1441//2860 1442//2860 1444//2860 1443//2860
